run_kind	arm	method	dataset	key	seed	status	reason	n_poses	top_score	score_function	score_units	box_center_x	box_center_y	box_center_z	box_size	exhaustiveness	conformer_source	receptor	elapsed_s	peak_rss_mb	jobs	pose_archive	pose_archive_bytes	recorded
arm	A0_null	vina	posebusters	6TW5_9M2	20260922	ok		1		vina	kcal/mol (empirical score, not a measured free energy)	4.202	-10.518	89.123	25.0	8	genconf	/home/qasim/vgb_bench_data/prepared/receptors/posebusters/6TW5_9M2/receptor.pdbqt	28.893		10	/home/qasim/vgb_bench_data/poses/A0_null/vina/posebusters/6TW5_9M2.sdf.gz	1214	2026-09-22T17:30:04+08:00
arm	A0_null	vina	posebusters	5SB2_1K2	20260922	ok		1		vina	kcal/mol (empirical score, not a measured free energy)	-22.44	0.413	-2.536	25.0	8	genconf	/home/qasim/vgb_bench_data/prepared/receptors/posebusters/5SB2_1K2/receptor.pdbqt	28.906		10	/home/qasim/vgb_bench_data/poses/A0_null/vina/posebusters/5SB2_1K2.sdf.gz	1081	2026-09-22T17:30:04+08:00
arm	A0_null	vina	posebusters	6M73_FNR	20260922	ok		1		vina	kcal/mol (empirical score, not a measured free energy)	26.928	10.49	37.842	25.0	8	genconf	/home/qasim/vgb_bench_data/prepared/receptors/posebusters/6M73_FNR/receptor.pdbqt	28.902		10	/home/qasim/vgb_bench_data/poses/A0_null/vina/posebusters/6M73_FNR.sdf.gz	1138	2026-09-22T17:30:04+08:00
arm	A0_null	vina	posebusters	5SIS_JSM	20260922	ok		1		vina	kcal/mol (empirical score, not a measured free energy)	32.257	108.568	58.361	25.0	8	genconf	/home/qasim/vgb_bench_data/prepared/receptors/posebusters/5SIS_JSM/receptor.pdbqt	28.926		10	/home/qasim/vgb_bench_data/poses/A0_null/vina/posebusters/5SIS_JSM.sdf.gz	1197	2026-09-22T17:30:04+08:00
arm	A0_null	vina	posebusters	6WTN_RXT	20260922	ok		1		vina	kcal/mol (empirical score, not a measured free energy)	20.837	13.28	9.233	25.0	8	genconf	/home/qasim/vgb_bench_data/prepared/receptors/posebusters/6WTN_RXT/receptor.pdbqt	0.026		10	/home/qasim/vgb_bench_data/poses/A0_null/vina/posebusters/6WTN_RXT.sdf.gz	914	2026-09-22T17:30:32+08:00
arm	A0_null	vina	posebusters	6XBO_5MC	20260922	ok		1		vina	kcal/mol (empirical score, not a measured free energy)	17.328	-11.676	8.999	25.0	8	genconf	/home/qasim/vgb_bench_data/prepared/receptors/posebusters/6XBO_5MC/receptor.pdbqt	0.033		10	/home/qasim/vgb_bench_data/poses/A0_null/vina/posebusters/6XBO_5MC.sdf.gz	885	2026-09-22T17:30:32+08:00
arm	A0_null	vina	posebusters	6XCT_478	20260922	ok		1		vina	kcal/mol (empirical score, not a measured free energy)	12.718	15.878	-10.671	25.0	8	genconf	/home/qasim/vgb_bench_data/prepared/receptors/posebusters/6XCT_478/receptor.pdbqt	0.037		10	/home/qasim/vgb_bench_data/poses/A0_null/vina/posebusters/6XCT_478.sdf.gz	1407	2026-09-22T17:30:32+08:00
arm	A0_null	vina	posebusters	6M2B_EZO	20260922	ok		1		vina	kcal/mol (empirical score, not a measured free energy)	27.402	-22.631	22.529	25.0	8	genconf	/home/qasim/vgb_bench_data/prepared/receptors/posebusters/6M2B_EZO/receptor.pdbqt	28.947		10	/home/qasim/vgb_bench_data/poses/A0_null/vina/posebusters/6M2B_EZO.sdf.gz	889	2026-09-22T17:30:04+08:00
arm	A0_null	vina	posebusters	6XG5_TOP	20260922	ok		1		vina	kcal/mol (empirical score, not a measured free energy)	-8.046	28.262	17.29	25.0	8	genconf	/home/qasim/vgb_bench_data/prepared/receptors/posebusters/6XG5_TOP/receptor.pdbqt	0.022		10	/home/qasim/vgb_bench_data/poses/A0_null/vina/posebusters/6XG5_TOP.sdf.gz	888	2026-09-22T17:30:32+08:00
arm	A0_null	vina	posebusters	6VTA_AKN	20260922	ok		1		vina	kcal/mol (empirical score, not a measured free energy)	92.745	8.791	30.717	25.0	8	genconf	/home/qasim/vgb_bench_data/prepared/receptors/posebusters/6VTA_AKN/receptor.pdbqt	28.947		10	/home/qasim/vgb_bench_data/poses/A0_null/vina/posebusters/6VTA_AKN.sdf.gz	1664	2026-09-22T17:30:04+08:00
arm	A0_null	vina	posebusters	5SAK_ZRY	20260922	ok		1		vina	kcal/mol (empirical score, not a measured free energy)	25.471	5.162	58.03	25.0	8	genconf	/home/qasim/vgb_bench_data/prepared/receptors/posebusters/5SAK_ZRY/receptor.pdbqt	28.958		10	/home/qasim/vgb_bench_data/poses/A0_null/vina/posebusters/5SAK_ZRY.sdf.gz	727	2026-09-22T17:30:04+08:00
arm	A0_null	vina	posebusters	6XM9_V55	20260922	ok		1		vina	kcal/mol (empirical score, not a measured free energy)	22.094	9.874	34.445	25.0	8	genconf	/home/qasim/vgb_bench_data/prepared/receptors/posebusters/6XM9_V55/receptor.pdbqt	0.031		10	/home/qasim/vgb_bench_data/poses/A0_null/vina/posebusters/6XM9_V55.sdf.gz	529	2026-09-22T17:30:32+08:00
arm	A0_null	vina	posebusters	5SD5_HWI	20260922	ok		1		vina	kcal/mol (empirical score, not a measured free energy)	6.051	2.116	14.158	25.0	8	genconf	/home/qasim/vgb_bench_data/prepared/receptors/posebusters/5SD5_HWI/receptor.pdbqt	28.976		10	/home/qasim/vgb_bench_data/poses/A0_null/vina/posebusters/5SD5_HWI.sdf.gz	1150	2026-09-22T17:30:04+08:00
arm	A0_null	vina	posebusters	6XHT_V2V	20260922	ok		1		vina	kcal/mol (empirical score, not a measured free energy)	10.645	-7.429	107.503	25.0	8	genconf	/home/qasim/vgb_bench_data/prepared/receptors/posebusters/6XHT_V2V/receptor.pdbqt	0.045		10	/home/qasim/vgb_bench_data/poses/A0_null/vina/posebusters/6XHT_V2V.sdf.gz	1243	2026-09-22T17:30:32+08:00
arm	A0_null	vina	posebusters	6YQW_82I	20260922	ok		1		vina	kcal/mol (empirical score, not a measured free energy)	-0.156	13.573	11.303	25.0	8	genconf	/home/qasim/vgb_bench_data/prepared/receptors/posebusters/6YQW_82I/receptor.pdbqt	0.028		10	/home/qasim/vgb_bench_data/poses/A0_null/vina/posebusters/6YQW_82I.sdf.gz	521	2026-09-22T17:30:32+08:00
arm	A0_null	vina	posebusters	6YQV_8K2	20260922	ok		1		vina	kcal/mol (empirical score, not a measured free energy)	12.188	-11.05	22.298	25.0	8	genconf	/home/qasim/vgb_bench_data/prepared/receptors/posebusters/6YQV_8K2/receptor.pdbqt	0.029		10	/home/qasim/vgb_bench_data/poses/A0_null/vina/posebusters/6YQV_8K2.sdf.gz	448	2026-09-22T17:30:32+08:00
arm	A0_null	vina	posebusters	6YRV_PJ8	20260922	ok		1		vina	kcal/mol (empirical score, not a measured free energy)	23.416	52.629	20.556	25.0	8	genconf	/home/qasim/vgb_bench_data/prepared/receptors/posebusters/6YRV_PJ8/receptor.pdbqt	0.017		10	/home/qasim/vgb_bench_data/poses/A0_null/vina/posebusters/6YRV_PJ8.sdf.gz	1060	2026-09-22T17:30:32+08:00
arm	A0_null	vina	posebusters	6T88_MWQ	20260922	ok		1		vina	kcal/mol (empirical score, not a measured free energy)	-11.543	-53.215	-6.852	25.0	8	genconf	/home/qasim/vgb_bench_data/prepared/receptors/posebusters/6T88_MWQ/receptor.pdbqt	28.981		10	/home/qasim/vgb_bench_data/poses/A0_null/vina/posebusters/6T88_MWQ.sdf.gz	507	2026-09-22T17:30:04+08:00
arm	A0_null	vina	posebusters	6YMS_OZH	20260922	ok		1		vina	kcal/mol (empirical score, not a measured free energy)	35.979	39.482	-4.885	25.0	8	genconf	/home/qasim/vgb_bench_data/prepared/receptors/posebusters/6YMS_OZH/receptor.pdbqt	0.034		10	/home/qasim/vgb_bench_data/poses/A0_null/vina/posebusters/6YMS_OZH.sdf.gz	1376	2026-09-22T17:30:32+08:00
arm	A0_null	vina	posebusters	6YSP_PAL	20260922	ok		1		vina	kcal/mol (empirical score, not a measured free energy)	21.246	29.544	-33.519	25.0	8	genconf	/home/qasim/vgb_bench_data/prepared/receptors/posebusters/6YSP_PAL/receptor.pdbqt	0.009		10	/home/qasim/vgb_bench_data/poses/A0_null/vina/posebusters/6YSP_PAL.sdf.gz	662	2026-09-22T17:30:33+08:00
arm	A0_null	vina	posebusters	6YJA_2BA	20260922	ok		1		vina	kcal/mol (empirical score, not a measured free energy)	1.763	3.417	15.135	25.0	8	genconf	/home/qasim/vgb_bench_data/prepared/receptors/posebusters/6YJA_2BA/receptor.pdbqt	0.057		10	/home/qasim/vgb_bench_data/poses/A0_null/vina/posebusters/6YJA_2BA.sdf.gz	1434	2026-09-22T17:30:32+08:00
arm	A0_null	vina	posebusters	6YYO_Q1K	20260922	ok		1		vina	kcal/mol (empirical score, not a measured free energy)	13.714	19.724	22.568	25.0	8	genconf	/home/qasim/vgb_bench_data/prepared/receptors/posebusters/6YYO_Q1K/receptor.pdbqt	0.02		10	/home/qasim/vgb_bench_data/poses/A0_null/vina/posebusters/6YYO_Q1K.sdf.gz	761	2026-09-22T17:30:33+08:00
arm	A0_null	vina	posebusters	6Z4N_Q7B	20260922	ok		1		vina	kcal/mol (empirical score, not a measured free energy)	22.93	12.537	64.95	25.0	8	genconf	/home/qasim/vgb_bench_data/prepared/receptors/posebusters/6Z4N_Q7B/receptor.pdbqt	0.013		10	/home/qasim/vgb_bench_data/poses/A0_null/vina/posebusters/6Z4N_Q7B.sdf.gz	854	2026-09-22T17:30:33+08:00
arm	A0_null	vina	posebusters	6Z0R_Q4H	20260922	ok		1		vina	kcal/mol (empirical score, not a measured free energy)	34.603	13.784	54.536	25.0	8	genconf	/home/qasim/vgb_bench_data/prepared/receptors/posebusters/6Z0R_Q4H/receptor.pdbqt	0.022		10	/home/qasim/vgb_bench_data/poses/A0_null/vina/posebusters/6Z0R_Q4H.sdf.gz	421	2026-09-22T17:30:33+08:00
arm	A0_null	vina	posebusters	6Z2C_Q5E	20260922	ok		1		vina	kcal/mol (empirical score, not a measured free energy)	-19.672	5.854	-11.941	25.0	8	genconf	/home/qasim/vgb_bench_data/prepared/receptors/posebusters/6Z2C_Q5E/receptor.pdbqt	0.024		10	/home/qasim/vgb_bench_data/poses/A0_null/vina/posebusters/6Z2C_Q5E.sdf.gz	874	2026-09-22T17:30:33+08:00
arm	A0_null	vina	posebusters	6ZAE_ACV	20260922	ok		1		vina	kcal/mol (empirical score, not a measured free energy)	53.622	78.349	7.904	25.0	8	genconf	/home/qasim/vgb_bench_data/prepared/receptors/posebusters/6ZAE_ACV/receptor.pdbqt	0.017		10	/home/qasim/vgb_bench_data/poses/A0_null/vina/posebusters/6ZAE_ACV.sdf.gz	1034	2026-09-22T17:30:33+08:00
arm	A0_null	vina	posebusters	6ZC3_JOR	20260922	ok		1		vina	kcal/mol (empirical score, not a measured free energy)	-20.217	35.187	4.882	25.0	8	genconf	/home/qasim/vgb_bench_data/prepared/receptors/posebusters/6ZC3_JOR/receptor.pdbqt	0.01		10	/home/qasim/vgb_bench_data/poses/A0_null/vina/posebusters/6ZC3_JOR.sdf.gz	604	2026-09-22T17:30:33+08:00
arm	A0_null	vina	posebusters	7A9E_R4W	20260922	ok		1		vina	kcal/mol (empirical score, not a measured free energy)	20.65	32.141	-8.804	25.0	8	genconf	/home/qasim/vgb_bench_data/prepared/receptors/posebusters/7A9E_R4W/receptor.pdbqt	0.006		10	/home/qasim/vgb_bench_data/poses/A0_null/vina/posebusters/7A9E_R4W.sdf.gz	436	2026-09-22T17:30:33+08:00
arm	A0_null	vina	posebusters	6Z1C_7EY	20260922	ok		1		vina	kcal/mol (empirical score, not a measured free energy)	8.293	-4.518	22.297	25.0	8	genconf	/home/qasim/vgb_bench_data/prepared/receptors/posebusters/6Z1C_7EY/receptor.pdbqt	0.036		10	/home/qasim/vgb_bench_data/poses/A0_null/vina/posebusters/6Z1C_7EY.sdf.gz	846	2026-09-22T17:30:33+08:00
arm	A0_null	vina	posebusters	6ZK5_IMH	20260922	ok		1		vina	kcal/mol (empirical score, not a measured free energy)	-12.611	-9.651	-1.954	25.0	8	genconf	/home/qasim/vgb_bench_data/prepared/receptors/posebusters/6ZK5_IMH/receptor.pdbqt	0.019		10	/home/qasim/vgb_bench_data/poses/A0_null/vina/posebusters/6ZK5_IMH.sdf.gz	786	2026-09-22T17:30:33+08:00
arm	A0_null	vina	posebusters	6YT6_PKE	20260922	ok		1		vina	kcal/mol (empirical score, not a measured free energy)	2.505	6.105	-21.643	25.0	8	genconf	/home/qasim/vgb_bench_data/prepared/receptors/posebusters/6YT6_PKE/receptor.pdbqt	0.043		10	/home/qasim/vgb_bench_data/poses/A0_null/vina/posebusters/6YT6_PKE.sdf.gz	1110	2026-09-22T17:30:33+08:00
arm	A0_null	vina	posebusters	6TW7_NZB	20260922	ok		1		vina	kcal/mol (empirical score, not a measured free energy)	3.995	49.111	60.156	25.0	8	genconf	/home/qasim/vgb_bench_data/prepared/receptors/posebusters/6TW7_NZB/receptor.pdbqt	29.027		10	/home/qasim/vgb_bench_data/poses/A0_null/vina/posebusters/6TW7_NZB.sdf.gz	1115	2026-09-22T17:30:04+08:00
arm	A0_null	vina	posebusters	6YR2_T1C	20260922	ok		1		vina	kcal/mol (empirical score, not a measured free energy)	38.373	13.166	10.108	25.0	8	genconf	/home/qasim/vgb_bench_data/prepared/receptors/posebusters/6YR2_T1C/receptor.pdbqt	0.063		10	/home/qasim/vgb_bench_data/poses/A0_null/vina/posebusters/6YR2_T1C.sdf.gz	1621	2026-09-22T17:30:32+08:00
arm	A0_null	vina	posebusters	7A9H_TPP	20260922	ok		1		vina	kcal/mol (empirical score, not a measured free energy)	1.809	9.853	-18.95	25.0	8	genconf	/home/qasim/vgb_bench_data/prepared/receptors/posebusters/7A9H_TPP/receptor.pdbqt	0.012		10	/home/qasim/vgb_bench_data/poses/A0_null/vina/posebusters/7A9H_TPP.sdf.gz	1000	2026-09-22T17:30:33+08:00
arm	A0_null	vina	posebusters	7A1P_QW2	20260922	ok		1		vina	kcal/mol (empirical score, not a measured free energy)	19.825	-25.135	7.844	25.0	8	genconf	/home/qasim/vgb_bench_data/prepared/receptors/posebusters/7A1P_QW2/receptor.pdbqt	0.023		10	/home/qasim/vgb_bench_data/poses/A0_null/vina/posebusters/7A1P_QW2.sdf.gz	628	2026-09-22T17:30:33+08:00
arm	A0_null	vina	posebusters	6ZPB_3D1	20260922	ok		1		vina	kcal/mol (empirical score, not a measured free energy)	-6.229	17.988	-9.18	25.0	8	genconf	/home/qasim/vgb_bench_data/prepared/receptors/posebusters/6ZPB_3D1/receptor.pdbqt	0.023		10	/home/qasim/vgb_bench_data/poses/A0_null/vina/posebusters/6ZPB_3D1.sdf.gz	747	2026-09-22T17:30:33+08:00
arm	A0_null	vina	posebusters	6Z14_Q4Z	20260922	ok		1		vina	kcal/mol (empirical score, not a measured free energy)	16.59	9.659	11.149	25.0	8	genconf	/home/qasim/vgb_bench_data/prepared/receptors/posebusters/6Z14_Q4Z/receptor.pdbqt	0.052		10	/home/qasim/vgb_bench_data/poses/A0_null/vina/posebusters/6Z14_Q4Z.sdf.gz	735	2026-09-22T17:30:33+08:00
arm	A0_null	vina	posebusters	6ZCY_QF8	20260922	ok		1		vina	kcal/mol (empirical score, not a measured free energy)	1.39	0.927	13.687	25.0	8	genconf	/home/qasim/vgb_bench_data/prepared/receptors/posebusters/6ZCY_QF8/receptor.pdbqt	0.034		10	/home/qasim/vgb_bench_data/poses/A0_null/vina/posebusters/6ZCY_QF8.sdf.gz	1247	2026-09-22T17:30:33+08:00
arm	A0_null	vina	posebusters	7B94_ANP	20260922	ok		1		vina	kcal/mol (empirical score, not a measured free energy)	-30.843	-3.904	16.588	25.0	8	genconf	/home/qasim/vgb_bench_data/prepared/receptors/posebusters/7B94_ANP/receptor.pdbqt	0.01		10	/home/qasim/vgb_bench_data/poses/A0_null/vina/posebusters/7B94_ANP.sdf.gz	1071	2026-09-22T17:30:33+08:00
arm	A0_null	vina	posebusters	7AKL_RK5	20260922	ok		1		vina	kcal/mol (empirical score, not a measured free energy)	42.977	5.463	13.376	25.0	8	genconf	/home/qasim/vgb_bench_data/prepared/receptors/posebusters/7AKL_RK5/receptor.pdbqt	0.014		10	/home/qasim/vgb_bench_data/poses/A0_null/vina/posebusters/7AKL_RK5.sdf.gz	784	2026-09-22T17:30:33+08:00
arm	A0_null	vina	posebusters	7BCP_GCO	20260922	ok		1		vina	kcal/mol (empirical score, not a measured free energy)	-20.363	4.632	-3.678	25.0	8	genconf	/home/qasim/vgb_bench_data/prepared/receptors/posebusters/7BCP_GCO/receptor.pdbqt	0.007		10	/home/qasim/vgb_bench_data/poses/A0_null/vina/posebusters/7BCP_GCO.sdf.gz	626	2026-09-22T17:30:33+08:00
arm	A0_null	vina	posebusters	7BKA_4JC	20260922	ok		1		vina	kcal/mol (empirical score, not a measured free energy)	18.965	52.713	12.854	25.0	8	genconf	/home/qasim/vgb_bench_data/prepared/receptors/posebusters/7BKA_4JC/receptor.pdbqt	0.014		10	/home/qasim/vgb_bench_data/poses/A0_null/vina/posebusters/7BKA_4JC.sdf.gz	597	2026-09-22T17:30:33+08:00
arm	A0_null	vina	posebusters	7BMI_U4B	20260922	ok		1		vina	kcal/mol (empirical score, not a measured free energy)	57.954	17.442	14.831	25.0	8	genconf	/home/qasim/vgb_bench_data/prepared/receptors/posebusters/7BMI_U4B/receptor.pdbqt	0.015		10	/home/qasim/vgb_bench_data/poses/A0_null/vina/posebusters/7BMI_U4B.sdf.gz	485	2026-09-22T17:30:33+08:00
arm	A0_null	vina	posebusters	7B2C_TP7	20260922	ok		1		vina	kcal/mol (empirical score, not a measured free energy)	1.81	1.75	45.652	25.0	8	genconf	/home/qasim/vgb_bench_data/prepared/receptors/posebusters/7B2C_TP7/receptor.pdbqt	0.023		10	/home/qasim/vgb_bench_data/poses/A0_null/vina/posebusters/7B2C_TP7.sdf.gz	933	2026-09-22T17:30:33+08:00
arm	A0_null	vina	posebusters	7BJJ_TVW	20260922	ok		1		vina	kcal/mol (empirical score, not a measured free energy)	5.613	-3.024	19.029	25.0	8	genconf	/home/qasim/vgb_bench_data/prepared/receptors/posebusters/7BJJ_TVW/receptor.pdbqt	0.019		10	/home/qasim/vgb_bench_data/poses/A0_null/vina/posebusters/7BJJ_TVW.sdf.gz	465	2026-09-22T17:30:33+08:00
arm	A0_null	vina	posebusters	7AN5_RDH	20260922	ok		1		vina	kcal/mol (empirical score, not a measured free energy)	5.449	-18.646	26.998	25.0	8	genconf	/home/qasim/vgb_bench_data/prepared/receptors/posebusters/7AN5_RDH/receptor.pdbqt	0.029		10	/home/qasim/vgb_bench_data/poses/A0_null/vina/posebusters/7AN5_RDH.sdf.gz	605	2026-09-22T17:30:33+08:00
arm	A0_null	vina	posebusters	7AFX_R9K	20260922	ok		1		vina	kcal/mol (empirical score, not a measured free energy)	-24.307	0.768	61.87	25.0	8	genconf	/home/qasim/vgb_bench_data/prepared/receptors/posebusters/7AFX_R9K/receptor.pdbqt	0.044		10	/home/qasim/vgb_bench_data/poses/A0_null/vina/posebusters/7AFX_R9K.sdf.gz	765	2026-09-22T17:30:33+08:00
arm	A0_null	vina	posebusters	7C8Q_DSG	20260922	ok		1		vina	kcal/mol (empirical score, not a measured free energy)	-45.884	30.457	11.658	25.0	8	genconf	/home/qasim/vgb_bench_data/prepared/receptors/posebusters/7C8Q_DSG/receptor.pdbqt	0.018		10	/home/qasim/vgb_bench_data/poses/A0_null/vina/posebusters/7C8Q_DSG.sdf.gz	499	2026-09-22T17:30:33+08:00
arm	A0_null	vina	posebusters	7C3U_AZG	20260922	ok		1		vina	kcal/mol (empirical score, not a measured free energy)	32.753	38.576	27.124	25.0	8	genconf	/home/qasim/vgb_bench_data/prepared/receptors/posebusters/7C3U_AZG/receptor.pdbqt	0.023		10	/home/qasim/vgb_bench_data/poses/A0_null/vina/posebusters/7C3U_AZG.sdf.gz	468	2026-09-22T17:30:33+08:00
arm	A0_null	vina	posebusters	7CIJ_G0C	20260922	ok		1		vina	kcal/mol (empirical score, not a measured free energy)	26.721	-11.345	57.953	25.0	8	genconf	/home/qasim/vgb_bench_data/prepared/receptors/posebusters/7CIJ_G0C/receptor.pdbqt	0.03		10	/home/qasim/vgb_bench_data/poses/A0_null/vina/posebusters/7CIJ_G0C.sdf.gz	892	2026-09-22T17:30:33+08:00
arm	A0_null	vina	posebusters	7BNH_BEZ	20260922	ok		1		vina	kcal/mol (empirical score, not a measured free energy)	-9.21	2.666	8.903	25.0	8	genconf	/home/qasim/vgb_bench_data/prepared/receptors/posebusters/7BNH_BEZ/receptor.pdbqt	0.037		10	/home/qasim/vgb_bench_data/poses/A0_null/vina/posebusters/7BNH_BEZ.sdf.gz	465	2026-09-22T17:30:33+08:00
arm	A0_null	vina	posebusters	7CL8_TES	20260922	ok		1		vina	kcal/mol (empirical score, not a measured free energy)	17.879	-6.196	-23.977	25.0	8	genconf	/home/qasim/vgb_bench_data/prepared/receptors/posebusters/7CL8_TES/receptor.pdbqt	0.018		10	/home/qasim/vgb_bench_data/poses/A0_null/vina/posebusters/7CL8_TES.sdf.gz	1042	2026-09-22T17:30:33+08:00
arm	A0_null	vina	posebusters	7C0U_FGO	20260922	ok		1		vina	kcal/mol (empirical score, not a measured free energy)	41.828	13.674	54.027	25.0	8	genconf	/home/qasim/vgb_bench_data/prepared/receptors/posebusters/7C0U_FGO/receptor.pdbqt	0.037		10	/home/qasim/vgb_bench_data/poses/A0_null/vina/posebusters/7C0U_FGO.sdf.gz	1475	2026-09-22T17:30:33+08:00
arm	A0_null	vina	posebusters	7CTM_BDP	20260922	ok		1		vina	kcal/mol (empirical score, not a measured free energy)	-1.362	-6.082	107.601	25.0	8	genconf	/home/qasim/vgb_bench_data/prepared/receptors/posebusters/7CTM_BDP/receptor.pdbqt	0.02		10	/home/qasim/vgb_bench_data/poses/A0_null/vina/posebusters/7CTM_BDP.sdf.gz	600	2026-09-22T17:30:33+08:00
arm	A0_null	vina	posebusters	7CNQ_G8X	20260922	ok		1		vina	kcal/mol (empirical score, not a measured free energy)	-0.735	12.938	63.532	25.0	8	genconf	/home/qasim/vgb_bench_data/prepared/receptors/posebusters/7CNQ_G8X/receptor.pdbqt	0.019		10	/home/qasim/vgb_bench_data/poses/A0_null/vina/posebusters/7CNQ_G8X.sdf.gz	520	2026-09-22T17:30:33+08:00
arm	A0_null	vina	posebusters	7CD9_FVR	20260922	ok		1		vina	kcal/mol (empirical score, not a measured free energy)	17.485	8.313	13.221	25.0	8	genconf	/home/qasim/vgb_bench_data/prepared/receptors/posebusters/7CD9_FVR/receptor.pdbqt	0.035		10	/home/qasim/vgb_bench_data/poses/A0_null/vina/posebusters/7CD9_FVR.sdf.gz	1268	2026-09-22T17:30:33+08:00
arm	A0_null	vina	posebusters	7BTT_F8R	20260922	ok		1		vina	kcal/mol (empirical score, not a measured free energy)	5.141	18.87	7.298	25.0	8	genconf	/home/qasim/vgb_bench_data/prepared/receptors/posebusters/7BTT_F8R/receptor.pdbqt	0.054		10	/home/qasim/vgb_bench_data/poses/A0_null/vina/posebusters/7BTT_F8R.sdf.gz	1446	2026-09-22T17:30:33+08:00
arm	A0_null	vina	posebusters	7EBG_J0L	20260922	ok		1		vina	kcal/mol (empirical score, not a measured free energy)	-14.65	10.2	24.224	25.0	8	genconf	/home/qasim/vgb_bench_data/prepared/receptors/posebusters/7EBG_J0L/receptor.pdbqt	0.007		10	/home/qasim/vgb_bench_data/poses/A0_null/vina/posebusters/7EBG_J0L.sdf.gz	675	2026-09-22T17:30:33+08:00
arm	A0_null	vina	posebusters	7DUA_HJ0	20260922	ok		1		vina	kcal/mol (empirical score, not a measured free energy)	25.195	13.156	-25.513	25.0	8	genconf	/home/qasim/vgb_bench_data/prepared/receptors/posebusters/7DUA_HJ0/receptor.pdbqt	0.017		10	/home/qasim/vgb_bench_data/poses/A0_null/vina/posebusters/7DUA_HJ0.sdf.gz	899	2026-09-22T17:30:33+08:00
arm	A0_null	vina	posebusters	7E4L_MDN	20260922	ok		1		vina	kcal/mol (empirical score, not a measured free energy)	-3.652	5.191	-5.315	25.0	8	genconf	/home/qasim/vgb_bench_data/prepared/receptors/posebusters/7E4L_MDN/receptor.pdbqt	0.021		10	/home/qasim/vgb_bench_data/poses/A0_null/vina/posebusters/7E4L_MDN.sdf.gz	459	2026-09-22T17:30:33+08:00
arm	A0_null	vina	posebusters	7CUO_PHB	20260922	ok		1		vina	kcal/mol (empirical score, not a measured free energy)	21.572	14.329	62.51	25.0	8	genconf	/home/qasim/vgb_bench_data/prepared/receptors/posebusters/7CUO_PHB/receptor.pdbqt	0.027		10	/home/qasim/vgb_bench_data/poses/A0_null/vina/posebusters/7CUO_PHB.sdf.gz	480	2026-09-22T17:30:33+08:00
arm	A0_null	vina	posebusters	7CNS_PMV	20260922	ok		1		vina	kcal/mol (empirical score, not a measured free energy)	1.683	-20.259	-18.881	25.0	8	genconf	/home/qasim/vgb_bench_data/prepared/receptors/posebusters/7CNS_PMV/receptor.pdbqt	0.049		10	/home/qasim/vgb_bench_data/poses/A0_null/vina/posebusters/7CNS_PMV.sdf.gz	649	2026-09-22T17:30:33+08:00
arm	A0_null	vina	posebusters	7ECR_SIN	20260922	ok		1		vina	kcal/mol (empirical score, not a measured free energy)	-58.561	-27.966	-41.428	25.0	8	genconf	/home/qasim/vgb_bench_data/prepared/receptors/posebusters/7ECR_SIN/receptor.pdbqt	0.015		10	/home/qasim/vgb_bench_data/poses/A0_null/vina/posebusters/7ECR_SIN.sdf.gz	437	2026-09-22T17:30:33+08:00
arm	A0_null	vina	posebusters	7DQL_4CL	20260922	ok		1		vina	kcal/mol (empirical score, not a measured free energy)	-2.259	-9.174	6.37	25.0	8	genconf	/home/qasim/vgb_bench_data/prepared/receptors/posebusters/7DQL_4CL/receptor.pdbqt	0.035		10	/home/qasim/vgb_bench_data/poses/A0_null/vina/posebusters/7DQL_4CL.sdf.gz	445	2026-09-22T17:30:33+08:00
arm	A0_null	vina	posebusters	7D5C_GV6	20260922	ok		1		vina	kcal/mol (empirical score, not a measured free energy)	9.843	6.327	39.057	25.0	8	genconf	/home/qasim/vgb_bench_data/prepared/receptors/posebusters/7D5C_GV6/receptor.pdbqt	0.039		10	/home/qasim/vgb_bench_data/poses/A0_null/vina/posebusters/7D5C_GV6.sdf.gz	1183	2026-09-22T17:30:33+08:00
arm	A0_null	vina	posebusters	7DKT_GLF	20260922	ok		1		vina	kcal/mol (empirical score, not a measured free energy)	58.238	67.0	60.483	25.0	8	genconf	/home/qasim/vgb_bench_data/prepared/receptors/posebusters/7DKT_GLF/receptor.pdbqt	0.047		10	/home/qasim/vgb_bench_data/poses/A0_null/vina/posebusters/7DKT_GLF.sdf.gz	584	2026-09-22T17:30:33+08:00
arm	A0_null	vina	posebusters	7FB7_8NF	20260922	ok		1		vina	kcal/mol (empirical score, not a measured free energy)	15.034	21.773	41.355	25.0	8	genconf	/home/qasim/vgb_bench_data/prepared/receptors/posebusters/7FB7_8NF/receptor.pdbqt	0.01		10	/home/qasim/vgb_bench_data/poses/A0_null/vina/posebusters/7FB7_8NF.sdf.gz	517	2026-09-22T17:30:33+08:00
arm	A0_null	vina	posebusters	7D6O_MTE	20260922	ok		1		vina	kcal/mol (empirical score, not a measured free energy)	64.772	-21.57	48.824	25.0	8	genconf	/home/qasim/vgb_bench_data/prepared/receptors/posebusters/7D6O_MTE/receptor.pdbqt	0.057		10	/home/qasim/vgb_bench_data/poses/A0_null/vina/posebusters/7D6O_MTE.sdf.gz	884	2026-09-22T17:30:33+08:00
arm	A0_null	vina	posebusters	7ES1_UDP	20260922	ok		1		vina	kcal/mol (empirical score, not a measured free energy)	12.637	7.16	19.36	25.0	8	genconf	/home/qasim/vgb_bench_data/prepared/receptors/posebusters/7ES1_UDP/receptor.pdbqt	0.032		10	/home/qasim/vgb_bench_data/poses/A0_null/vina/posebusters/7ES1_UDP.sdf.gz	882	2026-09-22T17:30:33+08:00
arm	A0_null	vina	posebusters	7ELT_TYM	20260922	ok		1		vina	kcal/mol (empirical score, not a measured free energy)	12.718	46.834	13.538	25.0	8	genconf	/home/qasim/vgb_bench_data/prepared/receptors/posebusters/7ELT_TYM/receptor.pdbqt	0.041		10	/home/qasim/vgb_bench_data/poses/A0_null/vina/posebusters/7ELT_TYM.sdf.gz	1288	2026-09-22T17:30:33+08:00
arm	A0_null	vina	posebusters	7FRX_O88	20260922	ok		1		vina	kcal/mol (empirical score, not a measured free energy)	83.384	-43.063	65.725	25.0	8	genconf	/home/qasim/vgb_bench_data/prepared/receptors/posebusters/7FRX_O88/receptor.pdbqt	0.014		10	/home/qasim/vgb_bench_data/poses/A0_null/vina/posebusters/7FRX_O88.sdf.gz	1030	2026-09-22T17:30:33+08:00
arm	A0_null	vina	posebusters	7JG0_GAR	20260922	ok		1		vina	kcal/mol (empirical score, not a measured free energy)	-31.664	19.825	35.195	25.0	8	genconf	/home/qasim/vgb_bench_data/prepared/receptors/posebusters/7JG0_GAR/receptor.pdbqt	0.013		10	/home/qasim/vgb_bench_data/poses/A0_null/vina/posebusters/7JG0_GAR.sdf.gz	751	2026-09-22T17:30:33+08:00
arm	A0_null	vina	posebusters	7F8T_FAD	20260922	ok		1		vina	kcal/mol (empirical score, not a measured free energy)	24.933	23.491	99.914	25.0	8	genconf	/home/qasim/vgb_bench_data/prepared/receptors/posebusters/7F8T_FAD/receptor.pdbqt	0.036		10	/home/qasim/vgb_bench_data/poses/A0_null/vina/posebusters/7F8T_FAD.sdf.gz	1731	2026-09-22T17:30:33+08:00
arm	A0_null	vina	posebusters	7FHA_ADX	20260922	ok		1		vina	kcal/mol (empirical score, not a measured free energy)	-4.043	-0.347	-2.421	25.0	8	genconf	/home/qasim/vgb_bench_data/prepared/receptors/posebusters/7FHA_ADX/receptor.pdbqt	0.032		10	/home/qasim/vgb_bench_data/poses/A0_null/vina/posebusters/7FHA_ADX.sdf.gz	920	2026-09-22T17:30:33+08:00
arm	A0_null	vina	posebusters	7JMV_4NC	20260922	ok		1		vina	kcal/mol (empirical score, not a measured free energy)	33.144	-26.928	-8.617	25.0	8	genconf	/home/qasim/vgb_bench_data/prepared/receptors/posebusters/7JMV_4NC/receptor.pdbqt	0.013		10	/home/qasim/vgb_bench_data/poses/A0_null/vina/posebusters/7JMV_4NC.sdf.gz	493	2026-09-22T17:30:33+08:00
arm	A0_null	vina	posebusters	7JHQ_VAJ	20260922	ok		1		vina	kcal/mol (empirical score, not a measured free energy)	37.676	-39.242	12.94	25.0	8	genconf	/home/qasim/vgb_bench_data/prepared/receptors/posebusters/7JHQ_VAJ/receptor.pdbqt	0.02		10	/home/qasim/vgb_bench_data/poses/A0_null/vina/posebusters/7JHQ_VAJ.sdf.gz	693	2026-09-22T17:30:33+08:00
arm	A0_null	vina	posebusters	7EPV_FDA	20260922	ok		1		vina	kcal/mol (empirical score, not a measured free energy)	5.474	-30.532	-4.519	25.0	8	genconf	/home/qasim/vgb_bench_data/prepared/receptors/posebusters/7EPV_FDA/receptor.pdbqt	0.057		10	/home/qasim/vgb_bench_data/poses/A0_null/vina/posebusters/7EPV_FDA.sdf.gz	1771	2026-09-22T17:30:33+08:00
arm	A0_null	vina	posebusters	7F5D_EUO	20260922	ok		1		vina	kcal/mol (empirical score, not a measured free energy)	7.48	-5.083	29.65	25.0	8	genconf	/home/qasim/vgb_bench_data/prepared/receptors/posebusters/7F5D_EUO/receptor.pdbqt	0.052		10	/home/qasim/vgb_bench_data/poses/A0_null/vina/posebusters/7F5D_EUO.sdf.gz	833	2026-09-22T17:30:33+08:00
arm	A0_null	vina	posebusters	7FT9_4MB	20260922	ok		1		vina	kcal/mol (empirical score, not a measured free energy)	1.097	6.755	-31.534	25.0	8	genconf	/home/qasim/vgb_bench_data/prepared/receptors/posebusters/7FT9_4MB/receptor.pdbqt	0.046		10	/home/qasim/vgb_bench_data/poses/A0_null/vina/posebusters/7FT9_4MB.sdf.gz	607	2026-09-22T17:30:33+08:00
arm	A0_null	vina	posebusters	7K0V_VQP	20260922	ok		1		vina	kcal/mol (empirical score, not a measured free energy)	3.975	1.37	-23.892	25.0	8	genconf	/home/qasim/vgb_bench_data/prepared/receptors/posebusters/7K0V_VQP/receptor.pdbqt	0.021		10	/home/qasim/vgb_bench_data/poses/A0_null/vina/posebusters/7K0V_VQP.sdf.gz	1217	2026-09-22T17:30:33+08:00
arm	A0_null	vina	posebusters	7JXX_VP7	20260922	ok		1		vina	kcal/mol (empirical score, not a measured free energy)	178.931	19.637	46.214	25.0	8	genconf	/home/qasim/vgb_bench_data/prepared/receptors/posebusters/7JXX_VP7/receptor.pdbqt	0.022		10	/home/qasim/vgb_bench_data/poses/A0_null/vina/posebusters/7JXX_VP7.sdf.gz	974	2026-09-22T17:30:33+08:00
arm	A0_null	vina	posebusters	7KB1_WBJ	20260922	ok		1		vina	kcal/mol (empirical score, not a measured free energy)	-1.286	-28.164	16.761	25.0	8	genconf	/home/qasim/vgb_bench_data/prepared/receptors/posebusters/7KB1_WBJ/receptor.pdbqt	0.027		10	/home/qasim/vgb_bench_data/poses/A0_null/vina/posebusters/7KB1_WBJ.sdf.gz	836	2026-09-22T17:30:33+08:00
arm	A0_null	vina	posebusters	7ED2_A3P	20260922	ok		1		vina	kcal/mol (empirical score, not a measured free energy)	-22.241	-19.733	12.747	25.0	8	genconf	/home/qasim/vgb_bench_data/prepared/receptors/posebusters/7ED2_A3P/receptor.pdbqt	0.095		10	/home/qasim/vgb_bench_data/poses/A0_null/vina/posebusters/7ED2_A3P.sdf.gz	935	2026-09-22T17:30:33+08:00
arm	A0_null	vina	posebusters	7KC5_BJZ	20260922	ok		1		vina	kcal/mol (empirical score, not a measured free energy)	-3.099	-18.237	16.805	25.0	8	genconf	/home/qasim/vgb_bench_data/prepared/receptors/posebusters/7KC5_BJZ/receptor.pdbqt	0.028		10	/home/qasim/vgb_bench_data/poses/A0_null/vina/posebusters/7KC5_BJZ.sdf.gz	1202	2026-09-22T17:30:33+08:00
arm	A0_null	vina	posebusters	7KM8_WPD	20260922	ok		1		vina	kcal/mol (empirical score, not a measured free energy)	-21.641	-10.142	-23.129	25.0	8	genconf	/home/qasim/vgb_bench_data/prepared/receptors/posebusters/7KM8_WPD/receptor.pdbqt	0.033		10	/home/qasim/vgb_bench_data/poses/A0_null/vina/posebusters/7KM8_WPD.sdf.gz	1115	2026-09-22T17:30:33+08:00
arm	A0_null	vina	posebusters	7KQU_YOF	20260922	ok		1		vina	kcal/mol (empirical score, not a measured free energy)	69.713	-2.107	75.053	25.0	8	genconf	/home/qasim/vgb_bench_data/prepared/receptors/posebusters/7KQU_YOF/receptor.pdbqt	0.014		10	/home/qasim/vgb_bench_data/poses/A0_null/vina/posebusters/7KQU_YOF.sdf.gz	624	2026-09-22T17:30:33+08:00
arm	A0_null	vina	posebusters	7L03_F9F	20260922	ok		1		vina	kcal/mol (empirical score, not a measured free energy)	-40.818	-4.661	13.909	25.0	8	genconf	/home/qasim/vgb_bench_data/prepared/receptors/posebusters/7L03_F9F/receptor.pdbqt	0.01		10	/home/qasim/vgb_bench_data/poses/A0_null/vina/posebusters/7L03_F9F.sdf.gz	771	2026-09-22T17:30:33+08:00
arm	A0_null	vina	posebusters	7KZ9_XN7	20260922	ok		1		vina	kcal/mol (empirical score, not a measured free energy)	-55.604	47.792	-18.144	25.0	8	genconf	/home/qasim/vgb_bench_data/prepared/receptors/posebusters/7KZ9_XN7/receptor.pdbqt	0.033		10	/home/qasim/vgb_bench_data/poses/A0_null/vina/posebusters/7KZ9_XN7.sdf.gz	616	2026-09-22T17:30:33+08:00
arm	A0_null	vina	posebusters	7L00_XCJ	20260922	ok		1		vina	kcal/mol (empirical score, not a measured free energy)	8.438	15.49	31.671	25.0	8	genconf	/home/qasim/vgb_bench_data/prepared/receptors/posebusters/7L00_XCJ/receptor.pdbqt	0.035		10	/home/qasim/vgb_bench_data/poses/A0_null/vina/posebusters/7L00_XCJ.sdf.gz	946	2026-09-22T17:30:33+08:00
arm	A0_null	vina	posebusters	7LJN_GTP	20260922	ok		1		vina	kcal/mol (empirical score, not a measured free energy)	-63.427	10.373	-24.556	25.0	8	genconf	/home/qasim/vgb_bench_data/prepared/receptors/posebusters/7LJN_GTP/receptor.pdbqt	0.023		10	/home/qasim/vgb_bench_data/poses/A0_null/vina/posebusters/7LJN_GTP.sdf.gz	1056	2026-09-22T17:30:33+08:00
arm	A0_null	vina	posebusters	7LEV_0JO	20260922	ok		1		vina	kcal/mol (empirical score, not a measured free energy)	7.35	-2.396	22.005	25.0	8	genconf	/home/qasim/vgb_bench_data/prepared/receptors/posebusters/7LEV_0JO/receptor.pdbqt	0.028		10	/home/qasim/vgb_bench_data/poses/A0_null/vina/posebusters/7LEV_0JO.sdf.gz	788	2026-09-22T17:30:33+08:00
arm	A0_null	vina	posebusters	7JY3_VUD	20260922	ok		1		vina	kcal/mol (empirical score, not a measured free energy)	4.736	-22.119	44.042	25.0	8	genconf	/home/qasim/vgb_bench_data/prepared/receptors/posebusters/7JY3_VUD/receptor.pdbqt	0.077		10	/home/qasim/vgb_bench_data/poses/A0_null/vina/posebusters/7JY3_VUD.sdf.gz	976	2026-09-22T17:30:33+08:00
arm	A0_null	vina	posebusters	7F51_BA7	20260922	ok		1		vina	kcal/mol (empirical score, not a measured free energy)	-2.288	5.657	9.419	25.0	8	genconf	/home/qasim/vgb_bench_data/prepared/receptors/posebusters/7F51_BA7/receptor.pdbqt	0.13		10	/home/qasim/vgb_bench_data/poses/A0_null/vina/posebusters/7F51_BA7.sdf.gz	1440	2026-09-22T17:30:33+08:00
arm	A0_null	vina	posebusters	7LOU_IFM	20260922	ok		1		vina	kcal/mol (empirical score, not a measured free energy)	-16.971	-0.463	88.269	25.0	8	genconf	/home/qasim/vgb_bench_data/prepared/receptors/posebusters/7LOU_IFM/receptor.pdbqt	0.017		10	/home/qasim/vgb_bench_data/poses/A0_null/vina/posebusters/7LOU_IFM.sdf.gz	594	2026-09-22T17:30:33+08:00
arm	A0_null	vina	posebusters	7LT0_ONJ	20260922	ok		1		vina	kcal/mol (empirical score, not a measured free energy)	-32.385	-10.753	-25.082	25.0	8	genconf	/home/qasim/vgb_bench_data/prepared/receptors/posebusters/7LT0_ONJ/receptor.pdbqt	0.015		10	/home/qasim/vgb_bench_data/poses/A0_null/vina/posebusters/7LT0_ONJ.sdf.gz	1050	2026-09-22T17:30:33+08:00
arm	A0_null	vina	posebusters	7KRU_ATP	20260922	ok		1		vina	kcal/mol (empirical score, not a measured free energy)	46.09	39.899	203.468	25.0	8	genconf	/home/qasim/vgb_bench_data/prepared/receptors/posebusters/7KRU_ATP/receptor.pdbqt	0.061		10	/home/qasim/vgb_bench_data/poses/A0_null/vina/posebusters/7KRU_ATP.sdf.gz	1044	2026-09-22T17:30:33+08:00
arm	A0_null	vina	posebusters	7L7C_XQ1	20260922	ok		1		vina	kcal/mol (empirical score, not a measured free energy)	19.386	-11.719	3.585	25.0	8	genconf	/home/qasim/vgb_bench_data/prepared/receptors/posebusters/7L7C_XQ1/receptor.pdbqt	0.059		10	/home/qasim/vgb_bench_data/poses/A0_null/vina/posebusters/7L7C_XQ1.sdf.gz	817	2026-09-22T17:30:33+08:00
arm	A0_null	vina	posebusters	7M6K_YRJ	20260922	ok		1		vina	kcal/mol (empirical score, not a measured free energy)	26.308	-6.796	-34.909	25.0	8	genconf	/home/qasim/vgb_bench_data/prepared/receptors/posebusters/7M6K_YRJ/receptor.pdbqt	0.018		10	/home/qasim/vgb_bench_data/poses/A0_null/vina/posebusters/7M6K_YRJ.sdf.gz	1195	2026-09-22T17:30:33+08:00
arm	A0_null	vina	posebusters	7M31_TDR	20260922	ok		1		vina	kcal/mol (empirical score, not a measured free energy)	-2.318	103.306	26.987	25.0	8	genconf	/home/qasim/vgb_bench_data/prepared/receptors/posebusters/7M31_TDR/receptor.pdbqt	0.024		10	/home/qasim/vgb_bench_data/poses/A0_null/vina/posebusters/7M31_TDR.sdf.gz	450	2026-09-22T17:30:33+08:00
arm	A0_null	vina	posebusters	7LMO_NYO	20260922	ok		1		vina	kcal/mol (empirical score, not a measured free energy)	-5.026	-18.653	38.253	25.0	8	genconf	/home/qasim/vgb_bench_data/prepared/receptors/posebusters/7LMO_NYO/receptor.pdbqt	0.051		10	/home/qasim/vgb_bench_data/poses/A0_null/vina/posebusters/7LMO_NYO.sdf.gz	1365	2026-09-22T17:30:33+08:00
arm	A0_null	vina	posebusters	7M3H_YPV	20260922	ok		1		vina	kcal/mol (empirical score, not a measured free energy)	0.715	7.945	16.549	25.0	8	genconf	/home/qasim/vgb_bench_data/prepared/receptors/posebusters/7M3H_YPV/receptor.pdbqt	0.035		10	/home/qasim/vgb_bench_data/poses/A0_null/vina/posebusters/7M3H_YPV.sdf.gz	933	2026-09-22T17:30:33+08:00
arm	A0_null	vina	posebusters	7MGT_ZD4	20260922	ok		1		vina	kcal/mol (empirical score, not a measured free energy)	38.562	34.834	19.018	25.0	8	genconf	/home/qasim/vgb_bench_data/prepared/receptors/posebusters/7MGT_ZD4/receptor.pdbqt	0.027		10	/home/qasim/vgb_bench_data/poses/A0_null/vina/posebusters/7MGT_ZD4.sdf.gz	963	2026-09-22T17:30:33+08:00
arm	A0_null	vina	posebusters	7LZD_YHY	20260922	ok		1		vina	kcal/mol (empirical score, not a measured free energy)	-5.133	28.784	10.344	25.0	8	genconf	/home/qasim/vgb_bench_data/prepared/receptors/posebusters/7LZD_YHY/receptor.pdbqt	0.042		10	/home/qasim/vgb_bench_data/poses/A0_null/vina/posebusters/7LZD_YHY.sdf.gz	1187	2026-09-22T17:30:33+08:00
arm	A0_null	vina	posebusters	7MOI_HPS	20260922	ok		1		vina	kcal/mol (empirical score, not a measured free energy)	14.249	8.603	-0.138	25.0	8	genconf	/home/qasim/vgb_bench_data/prepared/receptors/posebusters/7MOI_HPS/receptor.pdbqt	0.017		10	/home/qasim/vgb_bench_data/poses/A0_null/vina/posebusters/7MOI_HPS.sdf.gz	518	2026-09-22T17:30:33+08:00
arm	A0_null	vina	posebusters	7LOE_Y84	20260922	ok		1		vina	kcal/mol (empirical score, not a measured free energy)	40.588	-19.668	12.392	25.0	8	genconf	/home/qasim/vgb_bench_data/prepared/receptors/posebusters/7LOE_Y84/receptor.pdbqt	0.066		10	/home/qasim/vgb_bench_data/poses/A0_null/vina/posebusters/7LOE_Y84.sdf.gz	512	2026-09-22T17:30:33+08:00
arm	A0_null	vina	posebusters	7LCU_XTA	20260922	ok		1		vina	kcal/mol (empirical score, not a measured free energy)	-65.309	-36.33	96.808	25.0	8	genconf	/home/qasim/vgb_bench_data/prepared/receptors/posebusters/7LCU_XTA/receptor.pdbqt	0.091		10	/home/qasim/vgb_bench_data/poses/A0_null/vina/posebusters/7LCU_XTA.sdf.gz	1429	2026-09-22T17:30:33+08:00
arm	A0_null	vina	posebusters	7MWU_ZPM	20260922	ok		1		vina	kcal/mol (empirical score, not a measured free energy)	11.764	49.303	49.006	25.0	8	genconf	/home/qasim/vgb_bench_data/prepared/receptors/posebusters/7MWU_ZPM/receptor.pdbqt	0.008		10	/home/qasim/vgb_bench_data/poses/A0_null/vina/posebusters/7MWU_ZPM.sdf.gz	445	2026-09-22T17:30:33+08:00
arm	A0_null	vina	posebusters	7MGY_ZD1	20260922	ok		1		vina	kcal/mol (empirical score, not a measured free energy)	24.538	-31.463	274.35	25.0	8	genconf	/home/qasim/vgb_bench_data/prepared/receptors/posebusters/7MGY_ZD1/receptor.pdbqt	0.034		10	/home/qasim/vgb_bench_data/poses/A0_null/vina/posebusters/7MGY_ZD1.sdf.gz	994	2026-09-22T17:30:33+08:00
arm	A0_null	vina	posebusters	7MY1_IPE	20260922	ok		1		vina	kcal/mol (empirical score, not a measured free energy)	4.513	13.643	14.252	25.0	8	genconf	/home/qasim/vgb_bench_data/prepared/receptors/posebusters/7MY1_IPE/receptor.pdbqt	0.01		10	/home/qasim/vgb_bench_data/poses/A0_null/vina/posebusters/7MY1_IPE.sdf.gz	632	2026-09-22T17:30:33+08:00
arm	A0_null	vina	posebusters	7L5F_XNG	20260922	ok		1		vina	kcal/mol (empirical score, not a measured free energy)	11.027	36.226	24.089	25.0	8	genconf	/home/qasim/vgb_bench_data/prepared/receptors/posebusters/7L5F_XNG/receptor.pdbqt	0.089		10	/home/qasim/vgb_bench_data/poses/A0_null/vina/posebusters/7L5F_XNG.sdf.gz	943	2026-09-22T17:30:33+08:00
arm	A0_null	vina	posebusters	7MYU_ZR7	20260922	ok		1		vina	kcal/mol (empirical score, not a measured free energy)	23.5	55.545	87.47	25.0	8	genconf	/home/qasim/vgb_bench_data/prepared/receptors/posebusters/7MYU_ZR7/receptor.pdbqt	0.017		10	/home/qasim/vgb_bench_data/poses/A0_null/vina/posebusters/7MYU_ZR7.sdf.gz	1192	2026-09-22T17:30:33+08:00
arm	A0_null	vina	posebusters	7MWN_WI5	20260922	ok		1		vina	kcal/mol (empirical score, not a measured free energy)	20.83	-12.179	-15.026	25.0	8	genconf	/home/qasim/vgb_bench_data/prepared/receptors/posebusters/7MWN_WI5/receptor.pdbqt	0.031		10	/home/qasim/vgb_bench_data/poses/A0_null/vina/posebusters/7MWN_WI5.sdf.gz	1193	2026-09-22T17:30:33+08:00
arm	A0_null	vina	posebusters	7MSR_DCA	20260922	ok		1		vina	kcal/mol (empirical score, not a measured free energy)	15.719	16.669	19.088	25.0	8	genconf	/home/qasim/vgb_bench_data/prepared/receptors/posebusters/7MSR_DCA/receptor.pdbqt	0.04		10	/home/qasim/vgb_bench_data/poses/A0_null/vina/posebusters/7MSR_DCA.sdf.gz	1626	2026-09-22T17:30:33+08:00
arm	A0_null	vina	posebusters	7MFP_Z7P	20260922	ok		1		vina	kcal/mol (empirical score, not a measured free energy)	-76.429	-15.353	18.161	25.0	8	genconf	/home/qasim/vgb_bench_data/prepared/receptors/posebusters/7MFP_Z7P/receptor.pdbqt	0.077		10	/home/qasim/vgb_bench_data/poses/A0_null/vina/posebusters/7MFP_Z7P.sdf.gz	1684	2026-09-22T17:30:33+08:00
arm	A0_null	vina	posebusters	7N4W_P4V	20260922	ok		1		vina	kcal/mol (empirical score, not a measured free energy)	-7.77	-11.385	12.414	25.0	8	genconf	/home/qasim/vgb_bench_data/prepared/receptors/posebusters/7N4W_P4V/receptor.pdbqt	0.027		10	/home/qasim/vgb_bench_data/poses/A0_null/vina/posebusters/7N4W_P4V.sdf.gz	1076	2026-09-22T17:30:33+08:00
arm	A0_null	vina	posebusters	7N7H_CTP	20260922	ok		1		vina	kcal/mol (empirical score, not a measured free energy)	15.366	51.015	156.975	25.0	8	genconf	/home/qasim/vgb_bench_data/prepared/receptors/posebusters/7N7H_CTP/receptor.pdbqt	0.019		10	/home/qasim/vgb_bench_data/poses/A0_null/vina/posebusters/7N7H_CTP.sdf.gz	1010	2026-09-22T17:30:33+08:00
arm	A0_null	vina	posebusters	7MMH_ZJY	20260922	ok		1		vina	kcal/mol (empirical score, not a measured free energy)	-13.913	19.233	-15.399	25.0	8	genconf	/home/qasim/vgb_bench_data/prepared/receptors/posebusters/7MMH_ZJY/receptor.pdbqt	0.071		10	/home/qasim/vgb_bench_data/poses/A0_null/vina/posebusters/7MMH_ZJY.sdf.gz	2014	2026-09-22T17:30:33+08:00
arm	A0_null	vina	posebusters	7N4N_0BK	20260922	ok		1		vina	kcal/mol (empirical score, not a measured free energy)	22.082	-8.22	-17.518	25.0	8	genconf	/home/qasim/vgb_bench_data/prepared/receptors/posebusters/7N4N_0BK/receptor.pdbqt	0.037		10	/home/qasim/vgb_bench_data/poses/A0_null/vina/posebusters/7N4N_0BK.sdf.gz	1154	2026-09-22T17:30:33+08:00
arm	A0_null	vina	posebusters	7N03_ZRP	20260922	ok		1		vina	kcal/mol (empirical score, not a measured free energy)	-43.911	12.065	3.738	25.0	8	genconf	/home/qasim/vgb_bench_data/prepared/receptors/posebusters/7N03_ZRP/receptor.pdbqt	0.044		10	/home/qasim/vgb_bench_data/poses/A0_null/vina/posebusters/7N03_ZRP.sdf.gz	1162	2026-09-22T17:30:33+08:00
arm	A0_null	vina	posebusters	7NGW_UAW	20260922	ok		1		vina	kcal/mol (empirical score, not a measured free energy)	-13.281	-28.69	2.296	25.0	8	genconf	/home/qasim/vgb_bench_data/prepared/receptors/posebusters/7NGW_UAW/receptor.pdbqt	0.016		10	/home/qasim/vgb_bench_data/poses/A0_null/vina/posebusters/7NGW_UAW.sdf.gz	818	2026-09-22T17:30:33+08:00
arm	A0_null	vina	posebusters	7NLV_UJE	20260922	ok		1		vina	kcal/mol (empirical score, not a measured free energy)	-7.297	-9.032	19.791	25.0	8	genconf	/home/qasim/vgb_bench_data/prepared/receptors/posebusters/7NLV_UJE/receptor.pdbqt	0.018		10	/home/qasim/vgb_bench_data/poses/A0_null/vina/posebusters/7NLV_UJE.sdf.gz	993	2026-09-22T17:30:33+08:00
arm	A0_null	vina	posebusters	7NF3_4LU	20260922	ok		1		vina	kcal/mol (empirical score, not a measured free energy)	22.532	9.729	24.041	25.0	8	genconf	/home/qasim/vgb_bench_data/prepared/receptors/posebusters/7NF3_4LU/receptor.pdbqt	0.021		10	/home/qasim/vgb_bench_data/poses/A0_null/vina/posebusters/7NF3_4LU.sdf.gz	1330	2026-09-22T17:30:33+08:00
arm	A0_null	vina	posebusters	7N7B_T3F	20260922	ok		1		vina	kcal/mol (empirical score, not a measured free energy)	46.503	-15.584	8.842	25.0	8	genconf	/home/qasim/vgb_bench_data/prepared/receptors/posebusters/7N7B_T3F/receptor.pdbqt	0.038		10	/home/qasim/vgb_bench_data/poses/A0_null/vina/posebusters/7N7B_T3F.sdf.gz	1288	2026-09-22T17:30:33+08:00
arm	A0_null	vina	posebusters	7NSW_HC4	20260922	ok		1		vina	kcal/mol (empirical score, not a measured free energy)	64.411	44.282	26.768	25.0	8	genconf	/home/qasim/vgb_bench_data/prepared/receptors/posebusters/7NSW_HC4/receptor.pdbqt	0.014		10	/home/qasim/vgb_bench_data/poses/A0_null/vina/posebusters/7NSW_HC4.sdf.gz	548	2026-09-22T17:30:33+08:00
arm	A0_null	vina	posebusters	7NPL_UKZ	20260922	ok		1		vina	kcal/mol (empirical score, not a measured free energy)	-18.778	1.82	8.168	25.0	8	genconf	/home/qasim/vgb_bench_data/prepared/receptors/posebusters/7NPL_UKZ/receptor.pdbqt	0.023		10	/home/qasim/vgb_bench_data/poses/A0_null/vina/posebusters/7NPL_UKZ.sdf.gz	1071	2026-09-22T17:30:33+08:00
arm	A0_null	vina	posebusters	7NF0_BYN	20260922	ok		1		vina	kcal/mol (empirical score, not a measured free energy)	12.251	26.365	42.625	25.0	8	genconf	/home/qasim/vgb_bench_data/prepared/receptors/posebusters/7NF0_BYN/receptor.pdbqt	0.043		10	/home/qasim/vgb_bench_data/poses/A0_null/vina/posebusters/7NF0_BYN.sdf.gz	1393	2026-09-22T17:30:33+08:00
arm	A0_null	vina	posebusters	7NP6_UK8	20260922	ok		1		vina	kcal/mol (empirical score, not a measured free energy)	-1.397	44.195	14.65	25.0	8	genconf	/home/qasim/vgb_bench_data/prepared/receptors/posebusters/7NP6_UK8/receptor.pdbqt	0.029		10	/home/qasim/vgb_bench_data/poses/A0_null/vina/posebusters/7NP6_UK8.sdf.gz	1003	2026-09-22T17:30:33+08:00
arm	A0_null	vina	posebusters	7NUT_GLP	20260922	ok		1		vina	kcal/mol (empirical score, not a measured free energy)	4.02	3.546	-36.639	25.0	8	genconf	/home/qasim/vgb_bench_data/prepared/receptors/posebusters/7NUT_GLP/receptor.pdbqt	0.016		10	/home/qasim/vgb_bench_data/poses/A0_null/vina/posebusters/7NUT_GLP.sdf.gz	713	2026-09-22T17:30:33+08:00
arm	A0_null	vina	posebusters	7NR8_UOE	20260922	ok		1		vina	kcal/mol (empirical score, not a measured free energy)	4.524	9.49	45.41	25.0	8	genconf	/home/qasim/vgb_bench_data/prepared/receptors/posebusters/7NR8_UOE/receptor.pdbqt	0.025		10	/home/qasim/vgb_bench_data/poses/A0_null/vina/posebusters/7NR8_UOE.sdf.gz	1629	2026-09-22T17:30:33+08:00
arm	A0_null	vina	posebusters	7NU0_DCL	20260922	ok		1		vina	kcal/mol (empirical score, not a measured free energy)	22.926	-12.641	-27.169	25.0	8	genconf	/home/qasim/vgb_bench_data/prepared/receptors/posebusters/7NU0_DCL/receptor.pdbqt	0.019		10	/home/qasim/vgb_bench_data/poses/A0_null/vina/posebusters/7NU0_DCL.sdf.gz	581	2026-09-22T17:30:33+08:00
arm	A0_null	vina	posebusters	7NFB_GEN	20260922	ok		1		vina	kcal/mol (empirical score, not a measured free energy)	15.433	-3.563	33.624	25.0	8	genconf	/home/qasim/vgb_bench_data/prepared/receptors/posebusters/7NFB_GEN/receptor.pdbqt	0.047		10	/home/qasim/vgb_bench_data/poses/A0_null/vina/posebusters/7NFB_GEN.sdf.gz	730	2026-09-22T17:30:33+08:00
arm	A0_null	vina	posebusters	7O1T_5X8	20260922	ok		1		vina	kcal/mol (empirical score, not a measured free energy)	-12.927	13.266	-25.113	25.0	8	genconf	/home/qasim/vgb_bench_data/prepared/receptors/posebusters/7O1T_5X8/receptor.pdbqt	0.014		10	/home/qasim/vgb_bench_data/poses/A0_null/vina/posebusters/7O1T_5X8.sdf.gz	979	2026-09-22T17:30:33+08:00
arm	A0_null	vina	posebusters	7N6F_0I1	20260922	ok		1		vina	kcal/mol (empirical score, not a measured free energy)	-17.147	-0.317	22.02	25.0	8	genconf	/home/qasim/vgb_bench_data/prepared/receptors/posebusters/7N6F_0I1/receptor.pdbqt	0.071		10	/home/qasim/vgb_bench_data/poses/A0_null/vina/posebusters/7N6F_0I1.sdf.gz	997	2026-09-22T17:30:33+08:00
arm	A0_null	vina	posebusters	7O0N_CDP	20260922	ok		1		vina	kcal/mol (empirical score, not a measured free energy)	10.419	19.648	29.782	25.0	8	genconf	/home/qasim/vgb_bench_data/prepared/receptors/posebusters/7O0N_CDP/receptor.pdbqt	0.025		10	/home/qasim/vgb_bench_data/poses/A0_null/vina/posebusters/7O0N_CDP.sdf.gz	921	2026-09-22T17:30:33+08:00
arm	A0_null	vina	posebusters	7OEO_V9Z	20260922	ok		1		vina	kcal/mol (empirical score, not a measured free energy)	-16.84	-7.44	-22.139	25.0	8	genconf	/home/qasim/vgb_bench_data/prepared/receptors/posebusters/7OEO_V9Z/receptor.pdbqt	0.026		10	/home/qasim/vgb_bench_data/poses/A0_null/vina/posebusters/7OEO_V9Z.sdf.gz	1249	2026-09-22T17:30:33+08:00
arm	A0_null	vina	posebusters	7ODY_DGI	20260922	ok		1		vina	kcal/mol (empirical score, not a measured free energy)	3.736	-0.645	-29.192	25.0	8	genconf	/home/qasim/vgb_bench_data/prepared/receptors/posebusters/7ODY_DGI/receptor.pdbqt	0.033		10	/home/qasim/vgb_bench_data/poses/A0_null/vina/posebusters/7ODY_DGI.sdf.gz	945	2026-09-22T17:30:33+08:00
arm	A0_null	vina	posebusters	7OFF_VCB	20260922	ok		1		vina	kcal/mol (empirical score, not a measured free energy)	38.893	-26.855	10.487	25.0	8	genconf	/home/qasim/vgb_bench_data/prepared/receptors/posebusters/7OFF_VCB/receptor.pdbqt	0.034		10	/home/qasim/vgb_bench_data/poses/A0_null/vina/posebusters/7OFF_VCB.sdf.gz	947	2026-09-22T17:30:33+08:00
arm	A0_null	vina	posebusters	7OFK_VCH	20260922	ok		1		vina	kcal/mol (empirical score, not a measured free energy)	-27.076	3.304	-14.501	25.0	8	genconf	/home/qasim/vgb_bench_data/prepared/receptors/posebusters/7OFK_VCH/receptor.pdbqt	0.034		10	/home/qasim/vgb_bench_data/poses/A0_null/vina/posebusters/7OFK_VCH.sdf.gz	1112	2026-09-22T17:30:33+08:00
arm	A0_null	vina	posebusters	7OP9_06K	20260922	ok		1		vina	kcal/mol (empirical score, not a measured free energy)	-84.244	-28.109	-34.625	25.0	8	genconf	/home/qasim/vgb_bench_data/prepared/receptors/posebusters/7OP9_06K/receptor.pdbqt	0.02		10	/home/qasim/vgb_bench_data/poses/A0_null/vina/posebusters/7OP9_06K.sdf.gz	433	2026-09-22T17:30:33+08:00
arm	A0_null	vina	posebusters	7OLI_8HG	20260922	ok		1		vina	kcal/mol (empirical score, not a measured free energy)	8.203	23.724	32.454	25.0	8	genconf	/home/qasim/vgb_bench_data/prepared/receptors/posebusters/7OLI_8HG/receptor.pdbqt	0.039		10	/home/qasim/vgb_bench_data/poses/A0_null/vina/posebusters/7OLI_8HG.sdf.gz	790	2026-09-22T17:30:33+08:00
arm	A0_null	vina	posebusters	7OSO_0V1	20260922	ok		1		vina	kcal/mol (empirical score, not a measured free energy)	31.27	8.166	10.51	25.0	8	genconf	/home/qasim/vgb_bench_data/prepared/receptors/posebusters/7OSO_0V1/receptor.pdbqt	0.023		10	/home/qasim/vgb_bench_data/poses/A0_null/vina/posebusters/7OSO_0V1.sdf.gz	473	2026-09-22T17:30:33+08:00
arm	A0_null	vina	posebusters	7NXO_UU8	20260922	ok		1		vina	kcal/mol (empirical score, not a measured free energy)	41.462	-1.105	11.239	25.0	8	genconf	/home/qasim/vgb_bench_data/prepared/receptors/posebusters/7NXO_UU8/receptor.pdbqt	0.056		10	/home/qasim/vgb_bench_data/poses/A0_null/vina/posebusters/7NXO_UU8.sdf.gz	1087	2026-09-22T17:30:33+08:00
arm	A0_null	vina	posebusters	7P2I_MFU	20260922	ok		1		vina	kcal/mol (empirical score, not a measured free energy)	1.161	16.471	44.189	25.0	8	genconf	/home/qasim/vgb_bench_data/prepared/receptors/posebusters/7P2I_MFU/receptor.pdbqt	0.014		10	/home/qasim/vgb_bench_data/poses/A0_null/vina/posebusters/7P2I_MFU.sdf.gz	642	2026-09-22T17:30:33+08:00
arm	A0_null	vina	posebusters	7OPG_06N	20260922	ok		1		vina	kcal/mol (empirical score, not a measured free energy)	55.492	2.581	56.51	25.0	8	genconf	/home/qasim/vgb_bench_data/prepared/receptors/posebusters/7OPG_06N/receptor.pdbqt	0.03		10	/home/qasim/vgb_bench_data/poses/A0_null/vina/posebusters/7OPG_06N.sdf.gz	764	2026-09-22T17:30:33+08:00
arm	A0_null	vina	posebusters	7OMX_CNA	20260922	ok		1		vina	kcal/mol (empirical score, not a measured free energy)	11.696	-12.823	-8.436	25.0	8	genconf	/home/qasim/vgb_bench_data/prepared/receptors/posebusters/7OMX_CNA/receptor.pdbqt	0.048		10	/home/qasim/vgb_bench_data/poses/A0_null/vina/posebusters/7OMX_CNA.sdf.gz	1512	2026-09-22T17:30:33+08:00
arm	A0_null	vina	posebusters	7P4C_5OV	20260922	ok		1		vina	kcal/mol (empirical score, not a measured free energy)	84.073	14.334	35.709	25.0	8	genconf	/home/qasim/vgb_bench_data/prepared/receptors/posebusters/7P4C_5OV/receptor.pdbqt	0.019		10	/home/qasim/vgb_bench_data/poses/A0_null/vina/posebusters/7P4C_5OV.sdf.gz	699	2026-09-22T17:30:33+08:00
arm	A0_null	vina	posebusters	7OZ9_NGK	20260922	ok		1		vina	kcal/mol (empirical score, not a measured free energy)	34.772	39.092	32.248	25.0	8	genconf	/home/qasim/vgb_bench_data/prepared/receptors/posebusters/7OZ9_NGK/receptor.pdbqt	0.039		10	/home/qasim/vgb_bench_data/poses/A0_null/vina/posebusters/7OZ9_NGK.sdf.gz	781	2026-09-22T17:30:33+08:00
arm	A0_null	vina	posebusters	7OZC_G6S	20260922	ok		1		vina	kcal/mol (empirical score, not a measured free energy)	15.565	-1.739	19.878	25.0	8	genconf	/home/qasim/vgb_bench_data/prepared/receptors/posebusters/7OZC_G6S/receptor.pdbqt	0.043		10	/home/qasim/vgb_bench_data/poses/A0_null/vina/posebusters/7OZC_G6S.sdf.gz	688	2026-09-22T17:30:33+08:00
arm	A0_null	vina	posebusters	7P5T_5YG	20260922	ok		1		vina	kcal/mol (empirical score, not a measured free energy)	-21.765	4.041	-13.812	25.0	8	genconf	/home/qasim/vgb_bench_data/prepared/receptors/posebusters/7P5T_5YG/receptor.pdbqt	0.031		10	/home/qasim/vgb_bench_data/poses/A0_null/vina/posebusters/7P5T_5YG.sdf.gz	961	2026-09-22T17:30:33+08:00
arm	A0_null	vina	posebusters	7PIH_7QW	20260922	ok		1		vina	kcal/mol (empirical score, not a measured free energy)	12.966	-24.427	-27.416	25.0	8	genconf	/home/qasim/vgb_bench_data/prepared/receptors/posebusters/7PIH_7QW/receptor.pdbqt	0.029		10	/home/qasim/vgb_bench_data/poses/A0_null/vina/posebusters/7PIH_7QW.sdf.gz	988	2026-09-22T17:30:33+08:00
arm	A0_null	vina	posebusters	7P1M_4IU	20260922	ok		1		vina	kcal/mol (empirical score, not a measured free energy)	39.213	-7.827	-27.673	25.0	8	genconf	/home/qasim/vgb_bench_data/prepared/receptors/posebusters/7P1M_4IU/receptor.pdbqt	0.05		10	/home/qasim/vgb_bench_data/poses/A0_null/vina/posebusters/7P1M_4IU.sdf.gz	938	2026-09-22T17:30:33+08:00
arm	A0_null	vina	posebusters	7PGX_FMN	20260922	ok		1		vina	kcal/mol (empirical score, not a measured free energy)	-20.116	3.101	-7.285	25.0	8	genconf	/home/qasim/vgb_bench_data/prepared/receptors/posebusters/7PGX_FMN/receptor.pdbqt	0.039		10	/home/qasim/vgb_bench_data/poses/A0_null/vina/posebusters/7PGX_FMN.sdf.gz	1124	2026-09-22T17:30:33+08:00
arm	A0_null	vina	posebusters	7P1F_KFN	20260922	ok		1		vina	kcal/mol (empirical score, not a measured free energy)	-20.183	-41.374	29.353	25.0	8	genconf	/home/qasim/vgb_bench_data/prepared/receptors/posebusters/7P1F_KFN/receptor.pdbqt	0.053		10	/home/qasim/vgb_bench_data/poses/A0_null/vina/posebusters/7P1F_KFN.sdf.gz	745	2026-09-22T17:30:33+08:00
arm	A0_null	vina	posebusters	7PJQ_OWH	20260922	ok		1		vina	kcal/mol (empirical score, not a measured free energy)	11.143	25.89	-6.264	25.0	8	genconf	/home/qasim/vgb_bench_data/prepared/receptors/posebusters/7PJQ_OWH/receptor.pdbqt	0.039		10	/home/qasim/vgb_bench_data/poses/A0_null/vina/posebusters/7PJQ_OWH.sdf.gz	517	2026-09-22T17:30:33+08:00
arm	A0_null	vina	posebusters	7POM_7VZ	20260922	ok		1		vina	kcal/mol (empirical score, not a measured free energy)	-42.269	20.375	-61.409	25.0	8	genconf	/home/qasim/vgb_bench_data/prepared/receptors/posebusters/7POM_7VZ/receptor.pdbqt	0.03		10	/home/qasim/vgb_bench_data/poses/A0_null/vina/posebusters/7POM_7VZ.sdf.gz	894	2026-09-22T17:30:33+08:00
arm	A0_null	vina	posebusters	7PT3_3KK	20260922	ok		1		vina	kcal/mol (empirical score, not a measured free energy)	-26.2	-5.194	30.072	25.0	8	genconf	/home/qasim/vgb_bench_data/prepared/receptors/posebusters/7PT3_3KK/receptor.pdbqt	0.024		10	/home/qasim/vgb_bench_data/poses/A0_null/vina/posebusters/7PT3_3KK.sdf.gz	1905	2026-09-22T17:30:33+08:00
arm	A0_null	vina	posebusters	7PL1_SFG	20260922	ok		1		vina	kcal/mol (empirical score, not a measured free energy)	44.268	-16.814	-7.554	25.0	8	genconf	/home/qasim/vgb_bench_data/prepared/receptors/posebusters/7PL1_SFG/receptor.pdbqt	0.047		10	/home/qasim/vgb_bench_data/poses/A0_null/vina/posebusters/7PL1_SFG.sdf.gz	1077	2026-09-22T17:30:33+08:00
arm	A0_null	vina	posebusters	7PRI_7TI	20260922	ok		1		vina	kcal/mol (empirical score, not a measured free energy)	50.492	-44.761	-12.641	25.0	8	genconf	/home/qasim/vgb_bench_data/prepared/receptors/posebusters/7PRI_7TI/receptor.pdbqt	0.034		10	/home/qasim/vgb_bench_data/poses/A0_null/vina/posebusters/7PRI_7TI.sdf.gz	704	2026-09-22T17:30:33+08:00
arm	A0_null	vina	posebusters	7PK0_BYC	20260922	ok		1		vina	kcal/mol (empirical score, not a measured free energy)	-19.926	27.675	-18.748	25.0	8	genconf	/home/qasim/vgb_bench_data/prepared/receptors/posebusters/7PK0_BYC/receptor.pdbqt	0.056		10	/home/qasim/vgb_bench_data/poses/A0_null/vina/posebusters/7PK0_BYC.sdf.gz	1903	2026-09-22T17:30:33+08:00
arm	A0_null	vina	posebusters	7Q2B_M6H	20260922	ok		1		vina	kcal/mol (empirical score, not a measured free energy)	-30.344	-11.896	13.346	25.0	8	genconf	/home/qasim/vgb_bench_data/prepared/receptors/posebusters/7Q2B_M6H/receptor.pdbqt	0.02		10	/home/qasim/vgb_bench_data/poses/A0_null/vina/posebusters/7Q2B_M6H.sdf.gz	643	2026-09-22T17:30:33+08:00
arm	A0_null	vina	posebusters	7QE4_NGA	20260922	ok		1		vina	kcal/mol (empirical score, not a measured free energy)	48.987	19.701	74.98	25.0	8	genconf	/home/qasim/vgb_bench_data/prepared/receptors/posebusters/7QE4_NGA/receptor.pdbqt	0.01		10	/home/qasim/vgb_bench_data/poses/A0_null/vina/posebusters/7QE4_NGA.sdf.gz	718	2026-09-22T17:30:33+08:00
arm	A0_null	vina	posebusters	7Q27_8KC	20260922	ok		1		vina	kcal/mol (empirical score, not a measured free energy)	-13.282	-7.792	21.754	25.0	8	genconf	/home/qasim/vgb_bench_data/prepared/receptors/posebusters/7Q27_8KC/receptor.pdbqt	0.026		10	/home/qasim/vgb_bench_data/poses/A0_null/vina/posebusters/7Q27_8KC.sdf.gz	1386	2026-09-22T17:30:33+08:00
arm	A0_null	vina	posebusters	7PRM_81I	20260922	ok		1		vina	kcal/mol (empirical score, not a measured free energy)	124.362	20.653	-7.531	25.0	8	genconf	/home/qasim/vgb_bench_data/prepared/receptors/posebusters/7PRM_81I/receptor.pdbqt	0.044		10	/home/qasim/vgb_bench_data/poses/A0_null/vina/posebusters/7PRM_81I.sdf.gz	1199	2026-09-22T17:30:33+08:00
arm	A0_null	vina	posebusters	7QHL_D5P	20260922	ok		1		vina	kcal/mol (empirical score, not a measured free energy)	23.866	-14.805	37.988	25.0	8	genconf	/home/qasim/vgb_bench_data/prepared/receptors/posebusters/7QHL_D5P/receptor.pdbqt	0.013		10	/home/qasim/vgb_bench_data/poses/A0_null/vina/posebusters/7QHL_D5P.sdf.gz	1135	2026-09-22T17:30:33+08:00
arm	A0_null	vina	posebusters	7PUV_84Z	20260922	ok		1		vina	kcal/mol (empirical score, not a measured free energy)	25.749	6.487	10.733	25.0	8	genconf	/home/qasim/vgb_bench_data/prepared/receptors/posebusters/7PUV_84Z/receptor.pdbqt	0.044		10	/home/qasim/vgb_bench_data/poses/A0_null/vina/posebusters/7PUV_84Z.sdf.gz	828	2026-09-22T17:30:33+08:00
arm	A0_null	vina	posebusters	7QPP_VDX	20260922	ok		1		vina	kcal/mol (empirical score, not a measured free energy)	11.374	22.414	34.233	25.0	8	genconf	/home/qasim/vgb_bench_data/prepared/receptors/posebusters/7QPP_VDX/receptor.pdbqt	0.016		10	/home/qasim/vgb_bench_data/poses/A0_null/vina/posebusters/7QPP_VDX.sdf.gz	1455	2026-09-22T17:30:33+08:00
arm	A0_null	vina	posebusters	7Q5I_I0F	20260922	ok		1		vina	kcal/mol (empirical score, not a measured free energy)	34.962	23.956	30.26	25.0	8	genconf	/home/qasim/vgb_bench_data/prepared/receptors/posebusters/7Q5I_I0F/receptor.pdbqt	0.035		10	/home/qasim/vgb_bench_data/poses/A0_null/vina/posebusters/7Q5I_I0F.sdf.gz	1073	2026-09-22T17:30:33+08:00
arm	A0_null	vina	posebusters	7QTA_URI	20260922	ok		1		vina	kcal/mol (empirical score, not a measured free energy)	7.106	5.257	-9.162	25.0	8	genconf	/home/qasim/vgb_bench_data/prepared/receptors/posebusters/7QTA_URI/receptor.pdbqt	0.018		10	/home/qasim/vgb_bench_data/poses/A0_null/vina/posebusters/7QTA_URI.sdf.gz	714	2026-09-22T17:30:33+08:00
arm	A0_null	vina	posebusters	7Q25_8J9	20260922	ok		1		vina	kcal/mol (empirical score, not a measured free energy)	-51.816	95.266	24.214	25.0	8	genconf	/home/qasim/vgb_bench_data/prepared/receptors/posebusters/7Q25_8J9/receptor.pdbqt	0.055		10	/home/qasim/vgb_bench_data/poses/A0_null/vina/posebusters/7Q25_8J9.sdf.gz	1336	2026-09-22T17:30:33+08:00
arm	A0_null	vina	posebusters	7QF4_RBF	20260922	ok		1		vina	kcal/mol (empirical score, not a measured free energy)	-0.588	-4.744	-11.573	25.0	8	genconf	/home/qasim/vgb_bench_data/prepared/receptors/posebusters/7QF4_RBF/receptor.pdbqt	0.169		10	/home/qasim/vgb_bench_data/poses/A0_null/vina/posebusters/7QF4_RBF.sdf.gz	1000	2026-09-22T17:30:33+08:00
arm	A0_null	vina	posebusters	7QFM_AY3	20260922	ok		1		vina	kcal/mol (empirical score, not a measured free energy)	-119.262	203.362	-0.569	25.0	8	genconf	/home/qasim/vgb_bench_data/prepared/receptors/posebusters/7QFM_AY3/receptor.pdbqt	0.17		10	/home/qasim/vgb_bench_data/poses/A0_null/vina/posebusters/7QFM_AY3.sdf.gz	751	2026-09-22T17:30:33+08:00
arm	A0_null	vina	posebusters	7QGP_DJ8	20260922	ok		1		vina	kcal/mol (empirical score, not a measured free energy)	-26.649	4.088	11.83	25.0	8	genconf	/home/qasim/vgb_bench_data/prepared/receptors/posebusters/7QGP_DJ8/receptor.pdbqt	0.17		10	/home/qasim/vgb_bench_data/poses/A0_null/vina/posebusters/7QGP_DJ8.sdf.gz	1247	2026-09-22T17:30:33+08:00
arm	A0_null	vina	posebusters	7QHG_T3B	20260922	ok		1		vina	kcal/mol (empirical score, not a measured free energy)	45.736	-10.347	109.978	25.0	8	genconf	/home/qasim/vgb_bench_data/prepared/receptors/posebusters/7QHG_T3B/receptor.pdbqt	0.168		10	/home/qasim/vgb_bench_data/poses/A0_null/vina/posebusters/7QHG_T3B.sdf.gz	1480	2026-09-22T17:30:33+08:00
arm	A0_null	vina	posebusters	7R7R_AWJ	20260922	ok		1		vina	kcal/mol (empirical score, not a measured free energy)	31.097	47.125	8.121	25.0	8	genconf	/home/qasim/vgb_bench_data/prepared/receptors/posebusters/7R7R_AWJ/receptor.pdbqt	0.145		10	/home/qasim/vgb_bench_data/poses/A0_null/vina/posebusters/7R7R_AWJ.sdf.gz	1218	2026-09-22T17:30:33+08:00
arm	A0_null	vina	posebusters	7RH3_59O	20260922	ok		1		vina	kcal/mol (empirical score, not a measured free energy)	17.406	-9.663	0.254	25.0	8	genconf	/home/qasim/vgb_bench_data/prepared/receptors/posebusters/7RH3_59O/receptor.pdbqt	0.019		10	/home/qasim/vgb_bench_data/poses/A0_null/vina/posebusters/7RH3_59O.sdf.gz	1212	2026-09-22T17:30:33+08:00
arm	A0_null	vina	posebusters	7RC3_SAH	20260922	ok		1		vina	kcal/mol (empirical score, not a measured free energy)	-44.603	13.878	7.203	25.0	8	genconf	/home/qasim/vgb_bench_data/prepared/receptors/posebusters/7RC3_SAH/receptor.pdbqt	0.157		10	/home/qasim/vgb_bench_data/poses/A0_null/vina/posebusters/7RC3_SAH.sdf.gz	1009	2026-09-22T17:30:33+08:00
arm	A0_null	vina	posebusters	7R59_I5F	20260922	ok		1		vina	kcal/mol (empirical score, not a measured free energy)	1.633	4.247	10.667	25.0	8	genconf	/home/qasim/vgb_bench_data/prepared/receptors/posebusters/7R59_I5F/receptor.pdbqt	0.165		10	/home/qasim/vgb_bench_data/poses/A0_null/vina/posebusters/7R59_I5F.sdf.gz	523	2026-09-22T17:30:33+08:00
arm	A0_null	vina	posebusters	7R9N_F97	20260922	ok		1		vina	kcal/mol (empirical score, not a measured free energy)	-38.94	-113.872	222.94	25.0	8	genconf	/home/qasim/vgb_bench_data/prepared/receptors/posebusters/7R9N_F97/receptor.pdbqt	0.163		10	/home/qasim/vgb_bench_data/poses/A0_null/vina/posebusters/7R9N_F97.sdf.gz	1177	2026-09-22T17:30:33+08:00
arm	A0_null	vina	posebusters	7R3D_APR	20260922	ok		1		vina	kcal/mol (empirical score, not a measured free energy)	15.159	21.405	-50.689	25.0	8	genconf	/home/qasim/vgb_bench_data/prepared/receptors/posebusters/7R3D_APR/receptor.pdbqt	0.177		10	/home/qasim/vgb_bench_data/poses/A0_null/vina/posebusters/7R3D_APR.sdf.gz	1253	2026-09-22T17:30:33+08:00
arm	A0_null	vina	posebusters	7ROU_66I	20260922	ok		1		vina	kcal/mol (empirical score, not a measured free energy)	62.242	17.754	44.64	25.0	8	genconf	/home/qasim/vgb_bench_data/prepared/receptors/posebusters/7ROU_66I/receptor.pdbqt	0.023		10	/home/qasim/vgb_bench_data/poses/A0_null/vina/posebusters/7ROU_66I.sdf.gz	1295	2026-09-22T17:30:33+08:00
arm	A0_null	vina	posebusters	7R6J_2I7	20260922	ok		1		vina	kcal/mol (empirical score, not a measured free energy)	-7.682	-38.199	-35.543	25.0	8	genconf	/home/qasim/vgb_bench_data/prepared/receptors/posebusters/7R6J_2I7/receptor.pdbqt	0.173		10	/home/qasim/vgb_bench_data/poses/A0_null/vina/posebusters/7R6J_2I7.sdf.gz	1273	2026-09-22T17:30:33+08:00
arm	A0_null	vina	posebusters	7RSV_7IQ	20260922	ok		1		vina	kcal/mol (empirical score, not a measured free energy)	0.764	-38.561	-0.126	25.0	8	genconf	/home/qasim/vgb_bench_data/prepared/receptors/posebusters/7RSV_7IQ/receptor.pdbqt	0.011		10	/home/qasim/vgb_bench_data/poses/A0_null/vina/posebusters/7RSV_7IQ.sdf.gz	894	2026-09-22T17:30:33+08:00
arm	A0_null	vina	posebusters	7RKW_5TV	20260922	ok		1		vina	kcal/mol (empirical score, not a measured free energy)	19.12	-7.568	18.611	25.0	8	genconf	/home/qasim/vgb_bench_data/prepared/receptors/posebusters/7RKW_5TV/receptor.pdbqt	0.035		10	/home/qasim/vgb_bench_data/poses/A0_null/vina/posebusters/7RKW_5TV.sdf.gz	865	2026-09-22T17:30:33+08:00
arm	A0_null	vina	posebusters	7SUC_COM	20260922	ok		1		vina	kcal/mol (empirical score, not a measured free energy)	26.496	33.108	-6.205	25.0	8	genconf	/home/qasim/vgb_bench_data/prepared/receptors/posebusters/7SUC_COM/receptor.pdbqt	0.006		10	/home/qasim/vgb_bench_data/poses/A0_null/vina/posebusters/7SUC_COM.sdf.gz	412	2026-09-22T17:30:33+08:00
arm	A0_null	vina	posebusters	7ROR_69X	20260922	ok		1		vina	kcal/mol (empirical score, not a measured free energy)	9.441	-3.199	55.227	25.0	8	genconf	/home/qasim/vgb_bench_data/prepared/receptors/posebusters/7ROR_69X/receptor.pdbqt	0.03		10	/home/qasim/vgb_bench_data/poses/A0_null/vina/posebusters/7ROR_69X.sdf.gz	1238	2026-09-22T17:30:33+08:00
arm	A0_null	vina	posebusters	7RZL_NPO	20260922	ok		1		vina	kcal/mol (empirical score, not a measured free energy)	30.851	5.606	61.434	25.0	8	genconf	/home/qasim/vgb_bench_data/prepared/receptors/posebusters/7RZL_NPO/receptor.pdbqt	0.015		10	/home/qasim/vgb_bench_data/poses/A0_null/vina/posebusters/7RZL_NPO.sdf.gz	476	2026-09-22T17:30:33+08:00
arm	A0_null	vina	posebusters	7SFO_98L	20260922	ok		1		vina	kcal/mol (empirical score, not a measured free energy)	3.212	4.022	-6.077	25.0	8	genconf	/home/qasim/vgb_bench_data/prepared/receptors/posebusters/7SFO_98L/receptor.pdbqt	0.021		10	/home/qasim/vgb_bench_data/poses/A0_null/vina/posebusters/7SFO_98L.sdf.gz	880	2026-09-22T17:30:33+08:00
arm	A0_null	vina	posebusters	7SDD_4IP	20260922	ok		1		vina	kcal/mol (empirical score, not a measured free energy)	11.2	-2.117	-7.191	25.0	8	genconf	/home/qasim/vgb_bench_data/prepared/receptors/posebusters/7SDD_4IP/receptor.pdbqt	0.022		10	/home/qasim/vgb_bench_data/poses/A0_null/vina/posebusters/7SDD_4IP.sdf.gz	960	2026-09-22T17:30:33+08:00
arm	A0_null	vina	posebusters	7SZA_DUI	20260922	ok		1		vina	kcal/mol (empirical score, not a measured free energy)	-56.499	-14.938	24.342	25.0	8	genconf	/home/qasim/vgb_bench_data/prepared/receptors/posebusters/7SZA_DUI/receptor.pdbqt	0.023		10	/home/qasim/vgb_bench_data/poses/A0_null/vina/posebusters/7SZA_DUI.sdf.gz	751	2026-09-22T17:30:33+08:00
arm	A0_null	vina	posebusters	7T0D_FPP	20260922	ok		1		vina	kcal/mol (empirical score, not a measured free energy)	33.207	-31.624	-1.714	25.0	8	genconf	/home/qasim/vgb_bench_data/prepared/receptors/posebusters/7T0D_FPP/receptor.pdbqt	0.025		10	/home/qasim/vgb_bench_data/poses/A0_null/vina/posebusters/7T0D_FPP.sdf.gz	1080	2026-09-22T17:30:33+08:00
arm	A0_null	vina	posebusters	7RNI_60I	20260922	ok		1		vina	kcal/mol (empirical score, not a measured free energy)	182.593	123.656	30.417	25.0	8	genconf	/home/qasim/vgb_bench_data/prepared/receptors/posebusters/7RNI_60I/receptor.pdbqt	0.057		10	/home/qasim/vgb_bench_data/poses/A0_null/vina/posebusters/7RNI_60I.sdf.gz	1292	2026-09-22T17:30:33+08:00
arm	A0_null	vina	posebusters	7T3E_SLB	20260922	ok		1		vina	kcal/mol (empirical score, not a measured free energy)	15.356	-21.665	-23.257	25.0	8	genconf	/home/qasim/vgb_bench_data/prepared/receptors/posebusters/7T3E_SLB/receptor.pdbqt	0.016		10	/home/qasim/vgb_bench_data/poses/A0_null/vina/posebusters/7T3E_SLB.sdf.gz	873	2026-09-22T17:30:33+08:00
arm	A0_null	vina	posebusters	7SCW_GSP	20260922	ok		1		vina	kcal/mol (empirical score, not a measured free energy)	28.942	22.258	-5.183	25.0	8	genconf	/home/qasim/vgb_bench_data/prepared/receptors/posebusters/7SCW_GSP/receptor.pdbqt	0.038		10	/home/qasim/vgb_bench_data/poses/A0_null/vina/posebusters/7SCW_GSP.sdf.gz	1053	2026-09-22T17:30:33+08:00
arm	A0_null	vina	posebusters	7T1D_E7K	20260922	ok		1		vina	kcal/mol (empirical score, not a measured free energy)	23.826	-8.017	20.99	25.0	8	genconf	/home/qasim/vgb_bench_data/prepared/receptors/posebusters/7T1D_E7K/receptor.pdbqt	0.03		10	/home/qasim/vgb_bench_data/poses/A0_null/vina/posebusters/7T1D_E7K.sdf.gz	1237	2026-09-22T17:30:33+08:00
arm	A0_null	vina	posebusters	7TBU_S3P	20260922	ok		1		vina	kcal/mol (empirical score, not a measured free energy)	26.322	69.36	7.312	25.0	8	genconf	/home/qasim/vgb_bench_data/prepared/receptors/posebusters/7TBU_S3P/receptor.pdbqt	0.022		10	/home/qasim/vgb_bench_data/poses/A0_null/vina/posebusters/7TBU_S3P.sdf.gz	680	2026-09-22T17:30:33+08:00
arm	A0_null	vina	posebusters	7TB0_UD1	20260922	ok		1		vina	kcal/mol (empirical score, not a measured free energy)	27.557	-30.334	39.859	25.0	8	genconf	/home/qasim/vgb_bench_data/prepared/receptors/posebusters/7TB0_UD1/receptor.pdbqt	0.024		10	/home/qasim/vgb_bench_data/poses/A0_null/vina/posebusters/7TB0_UD1.sdf.gz	1384	2026-09-22T17:30:33+08:00
arm	A0_null	vina	posebusters	7THI_PGA	20260922	ok		1		vina	kcal/mol (empirical score, not a measured free energy)	37.848	35.762	114.861	25.0	8	genconf	/home/qasim/vgb_bench_data/prepared/receptors/posebusters/7THI_PGA/receptor.pdbqt	0.012		10	/home/qasim/vgb_bench_data/poses/A0_null/vina/posebusters/7THI_PGA.sdf.gz	438	2026-09-22T17:30:33+08:00
arm	A0_null	vina	posebusters	7TM6_GPJ	20260922	ok		1		vina	kcal/mol (empirical score, not a measured free energy)	-1.814	-0.483	-4.024	25.0	8	genconf	/home/qasim/vgb_bench_data/prepared/receptors/posebusters/7TM6_GPJ/receptor.pdbqt	0.016		10	/home/qasim/vgb_bench_data/poses/A0_null/vina/posebusters/7TM6_GPJ.sdf.gz	530	2026-09-22T17:30:33+08:00
arm	A0_null	vina	posebusters	7TE8_P0T	20260922	ok		1		vina	kcal/mol (empirical score, not a measured free energy)	-61.069	-56.962	35.599	25.0	8	genconf	/home/qasim/vgb_bench_data/prepared/receptors/posebusters/7TE8_P0T/receptor.pdbqt	0.023		10	/home/qasim/vgb_bench_data/poses/A0_null/vina/posebusters/7TE8_P0T.sdf.gz	1105	2026-09-22T17:30:33+08:00
arm	A0_null	vina	posebusters	7TS6_KMI	20260922	ok		1		vina	kcal/mol (empirical score, not a measured free energy)	-14.418	-1.031	-4.038	25.0	8	genconf	/home/qasim/vgb_bench_data/prepared/receptors/posebusters/7TS6_KMI/receptor.pdbqt	0.017		10	/home/qasim/vgb_bench_data/poses/A0_null/vina/posebusters/7TS6_KMI.sdf.gz	770	2026-09-22T17:30:33+08:00
arm	A0_null	vina	posebusters	7TH4_FFO	20260922	ok		1		vina	kcal/mol (empirical score, not a measured free energy)	26.15	10.001	10.003	25.0	8	genconf	/home/qasim/vgb_bench_data/prepared/receptors/posebusters/7TH4_FFO/receptor.pdbqt	0.026		10	/home/qasim/vgb_bench_data/poses/A0_null/vina/posebusters/7TH4_FFO.sdf.gz	1188	2026-09-22T17:30:33+08:00
arm	A0_null	vina	posebusters	7TUO_KL9	20260922	ok		1		vina	kcal/mol (empirical score, not a measured free energy)	-0.488	24.023	-11.155	25.0	8	genconf	/home/qasim/vgb_bench_data/prepared/receptors/posebusters/7TUO_KL9/receptor.pdbqt	0.019		10	/home/qasim/vgb_bench_data/poses/A0_null/vina/posebusters/7TUO_KL9.sdf.gz	1192	2026-09-22T17:30:33+08:00
arm	A0_null	vina	posebusters	7SIU_9ID	20260922	ok		1		vina	kcal/mol (empirical score, not a measured free energy)	-30.454	3.92	-20.946	25.0	8	genconf	/home/qasim/vgb_bench_data/prepared/receptors/posebusters/7SIU_9ID/receptor.pdbqt	0.058		10	/home/qasim/vgb_bench_data/poses/A0_null/vina/posebusters/7SIU_9ID.sdf.gz	1138	2026-09-22T17:30:33+08:00
arm	A0_null	vina	posebusters	7TXK_LW8	20260922	ok		1		vina	kcal/mol (empirical score, not a measured free energy)	29.964	44.209	90.312	25.0	8	genconf	/home/qasim/vgb_bench_data/prepared/receptors/posebusters/7TXK_LW8/receptor.pdbqt	0.015		10	/home/qasim/vgb_bench_data/poses/A0_null/vina/posebusters/7TXK_LW8.sdf.gz	736	2026-09-22T17:30:33+08:00
arm	A0_null	vina	posebusters	7RWS_4UR	20260922	ok		1		vina	kcal/mol (empirical score, not a measured free energy)	15.819	51.453	39.245	25.0	8	genconf	/home/qasim/vgb_bench_data/prepared/receptors/posebusters/7RWS_4UR/receptor.pdbqt	0.062		10	/home/qasim/vgb_bench_data/poses/A0_null/vina/posebusters/7RWS_4UR.sdf.gz	1452	2026-09-22T17:30:33+08:00
arm	A0_null	vina	posebusters	7TSF_H4B	20260922	ok		1		vina	kcal/mol (empirical score, not a measured free energy)	7.112	2.973	34.75	25.0	8	genconf	/home/qasim/vgb_bench_data/prepared/receptors/posebusters/7TSF_H4B/receptor.pdbqt	0.024		10	/home/qasim/vgb_bench_data/poses/A0_null/vina/posebusters/7TSF_H4B.sdf.gz	757	2026-09-22T17:30:33+08:00
arm	A0_null	vina	posebusters	7TOM_5AD	20260922	ok		1		vina	kcal/mol (empirical score, not a measured free energy)	19.107	56.024	30.738	25.0	8	genconf	/home/qasim/vgb_bench_data/prepared/receptors/posebusters/7TOM_5AD/receptor.pdbqt	0.031		10	/home/qasim/vgb_bench_data/poses/A0_null/vina/posebusters/7TOM_5AD.sdf.gz	756	2026-09-22T17:30:33+08:00
arm	A0_null	vina	posebusters	7TYP_KUR	20260922	ok		1		vina	kcal/mol (empirical score, not a measured free energy)	-33.626	8.911	21.193	25.0	8	genconf	/home/qasim/vgb_bench_data/prepared/receptors/posebusters/7TYP_KUR/receptor.pdbqt	0.025		10	/home/qasim/vgb_bench_data/poses/A0_null/vina/posebusters/7TYP_KUR.sdf.gz	1351	2026-09-22T17:30:33+08:00
arm	A0_null	vina	posebusters	7U3J_L6U	20260922	ok		1		vina	kcal/mol (empirical score, not a measured free energy)	13.364	6.371	-6.012	25.0	8	genconf	/home/qasim/vgb_bench_data/prepared/receptors/posebusters/7U3J_L6U/receptor.pdbqt	0.023		10	/home/qasim/vgb_bench_data/poses/A0_null/vina/posebusters/7U3J_L6U.sdf.gz	1457	2026-09-22T17:30:33+08:00
arm	A0_null	vina	posebusters	7UAS_MBU	20260922	ok		1		vina	kcal/mol (empirical score, not a measured free energy)	5.3	-32.533	26.597	25.0	8	genconf	/home/qasim/vgb_bench_data/prepared/receptors/posebusters/7UAS_MBU/receptor.pdbqt	0.014		10	/home/qasim/vgb_bench_data/poses/A0_null/vina/posebusters/7UAS_MBU.sdf.gz	1444	2026-09-22T17:30:33+08:00
arm	A0_null	vina	posebusters	7UAW_MF6	20260922	ok		1		vina	kcal/mol (empirical score, not a measured free energy)	-20.611	7.637	-16.544	25.0	8	genconf	/home/qasim/vgb_bench_data/prepared/receptors/posebusters/7UAW_MF6/receptor.pdbqt	0.017		10	/home/qasim/vgb_bench_data/poses/A0_null/vina/posebusters/7UAW_MF6.sdf.gz	1185	2026-09-22T17:30:33+08:00
arm	A0_null	vina	posebusters	7UQ3_O2U	20260922	ok		1		vina	kcal/mol (empirical score, not a measured free energy)	8.647	141.967	100.494	25.0	8	genconf	/home/qasim/vgb_bench_data/prepared/receptors/posebusters/7UQ3_O2U/receptor.pdbqt	0.014		10	/home/qasim/vgb_bench_data/poses/A0_null/vina/posebusters/7UQ3_O2U.sdf.gz	536	2026-09-22T17:30:33+08:00
arm	A0_null	vina	posebusters	7U0U_FK5	20260922	ok		1		vina	kcal/mol (empirical score, not a measured free energy)	-31.598	-12.904	-24.921	25.0	8	genconf	/home/qasim/vgb_bench_data/prepared/receptors/posebusters/7U0U_FK5/receptor.pdbqt	0.039		10	/home/qasim/vgb_bench_data/poses/A0_null/vina/posebusters/7U0U_FK5.sdf.gz	2354	2026-09-22T17:30:33+08:00
arm	A0_null	vina	posebusters	7UJ5_DGL	20260922	ok		1		vina	kcal/mol (empirical score, not a measured free energy)	-22.752	-18.276	-39.385	25.0	8	genconf	/home/qasim/vgb_bench_data/prepared/receptors/posebusters/7UJ5_DGL/receptor.pdbqt	0.023		10	/home/qasim/vgb_bench_data/poses/A0_null/vina/posebusters/7UJ5_DGL.sdf.gz	531	2026-09-22T17:30:33+08:00
arm	A0_null	vina	posebusters	7UJF_R3V	20260922	ok		1		vina	kcal/mol (empirical score, not a measured free energy)	-2.155	-15.182	-62.516	25.0	8	genconf	/home/qasim/vgb_bench_data/prepared/receptors/posebusters/7UJF_R3V/receptor.pdbqt	0.024		10	/home/qasim/vgb_bench_data/poses/A0_null/vina/posebusters/7UJF_R3V.sdf.gz	1356	2026-09-22T17:30:33+08:00
arm	A0_null	vina	posebusters	7ULC_56B	20260922	ok		1		vina	kcal/mol (empirical score, not a measured free energy)	72.04	15.837	68.645	25.0	8	genconf	/home/qasim/vgb_bench_data/prepared/receptors/posebusters/7ULC_56B/receptor.pdbqt	0.029		10	/home/qasim/vgb_bench_data/poses/A0_null/vina/posebusters/7ULC_56B.sdf.gz	1217	2026-09-22T17:30:33+08:00
arm	A0_null	vina	posebusters	7UY4_SMI	20260922	ok		1		vina	kcal/mol (empirical score, not a measured free energy)	-1.479	-29.473	17.504	25.0	8	genconf	/home/qasim/vgb_bench_data/prepared/receptors/posebusters/7UY4_SMI/receptor.pdbqt	0.018		10	/home/qasim/vgb_bench_data/poses/A0_null/vina/posebusters/7UY4_SMI.sdf.gz	1062	2026-09-22T17:30:33+08:00
arm	A0_null	vina	posebusters	7USH_82V	20260922	ok		1		vina	kcal/mol (empirical score, not a measured free energy)	18.426	-5.211	8.33	25.0	8	genconf	/home/qasim/vgb_bench_data/prepared/receptors/posebusters/7USH_82V/receptor.pdbqt	0.033		10	/home/qasim/vgb_bench_data/poses/A0_null/vina/posebusters/7USH_82V.sdf.gz	959	2026-09-22T17:30:33+08:00
arm	A0_null	vina	posebusters	7UXS_OJC	20260922	ok		1		vina	kcal/mol (empirical score, not a measured free energy)	-13.912	31.725	-13.901	25.0	8	genconf	/home/qasim/vgb_bench_data/prepared/receptors/posebusters/7UXS_OJC/receptor.pdbqt	0.035		10	/home/qasim/vgb_bench_data/poses/A0_null/vina/posebusters/7UXS_OJC.sdf.gz	1194	2026-09-22T17:30:33+08:00
arm	A0_null	vina	posebusters	7V3N_AKG	20260922	ok		1		vina	kcal/mol (empirical score, not a measured free energy)	129.158	82.335	-5.565	25.0	8	genconf	/home/qasim/vgb_bench_data/prepared/receptors/posebusters/7V3N_AKG/receptor.pdbqt	0.025		10	/home/qasim/vgb_bench_data/poses/A0_null/vina/posebusters/7V3N_AKG.sdf.gz	476	2026-09-22T17:30:33+08:00
arm	A0_null	vina	posebusters	7UMW_NAD	20260922	ok		1		vina	kcal/mol (empirical score, not a measured free energy)	-44.374	49.774	-24.662	25.0	8	genconf	/home/qasim/vgb_bench_data/prepared/receptors/posebusters/7UMW_NAD/receptor.pdbqt	0.05		10	/home/qasim/vgb_bench_data/poses/A0_null/vina/posebusters/7UMW_NAD.sdf.gz	1493	2026-09-22T17:30:33+08:00
arm	A0_null	vina	posebusters	7UJ4_OQ4	20260922	ok		1		vina	kcal/mol (empirical score, not a measured free energy)	-20.319	-2.219	23.792	25.0	8	genconf	/home/qasim/vgb_bench_data/prepared/receptors/posebusters/7UJ4_OQ4/receptor.pdbqt	0.065		10	/home/qasim/vgb_bench_data/poses/A0_null/vina/posebusters/7UJ4_OQ4.sdf.gz	1784	2026-09-22T17:30:33+08:00
arm	A0_null	vina	posebusters	7V14_ORU	20260922	ok		1		vina	kcal/mol (empirical score, not a measured free energy)	32.309	5.205	-4.403	25.0	8	genconf	/home/qasim/vgb_bench_data/prepared/receptors/posebusters/7V14_ORU/receptor.pdbqt	0.039		10	/home/qasim/vgb_bench_data/poses/A0_null/vina/posebusters/7V14_ORU.sdf.gz	1165	2026-09-22T17:30:33+08:00
arm	A0_null	vina	posebusters	7UYB_OK0	20260922	ok		1		vina	kcal/mol (empirical score, not a measured free energy)	-21.202	-12.85	-9.595	25.0	8	genconf	/home/qasim/vgb_bench_data/prepared/receptors/posebusters/7UYB_OK0/receptor.pdbqt	0.039		10	/home/qasim/vgb_bench_data/poses/A0_null/vina/posebusters/7UYB_OK0.sdf.gz	1048	2026-09-22T17:30:33+08:00
arm	A0_null	vina	posebusters	7V43_C4O	20260922	ok		1		vina	kcal/mol (empirical score, not a measured free energy)	-41.595	24.817	-9.688	25.0	8	genconf	/home/qasim/vgb_bench_data/prepared/receptors/posebusters/7V43_C4O/receptor.pdbqt	0.019		10	/home/qasim/vgb_bench_data/poses/A0_null/vina/posebusters/7V43_C4O.sdf.gz	467	2026-09-22T17:30:33+08:00
arm	A0_null	vina	posebusters	7VBU_6I4	20260922	ok		1		vina	kcal/mol (empirical score, not a measured free energy)	33.756	36.917	61.942	25.0	8	genconf	/home/qasim/vgb_bench_data/prepared/receptors/posebusters/7VBU_6I4/receptor.pdbqt	0.023		10	/home/qasim/vgb_bench_data/poses/A0_null/vina/posebusters/7VBU_6I4.sdf.gz	728	2026-09-22T17:30:33+08:00
arm	A0_null	vina	posebusters	7VC5_9SF	20260922	ok		1		vina	kcal/mol (empirical score, not a measured free energy)	15.639	-12.469	-2.828	25.0	8	genconf	/home/qasim/vgb_bench_data/prepared/receptors/posebusters/7VC5_9SF/receptor.pdbqt	0.024		10	/home/qasim/vgb_bench_data/poses/A0_null/vina/posebusters/7VC5_9SF.sdf.gz	920	2026-09-22T17:30:33+08:00
arm	A0_null	vina	posebusters	7VB8_STL	20260922	ok		1		vina	kcal/mol (empirical score, not a measured free energy)	4.84	19.916	-31.314	25.0	8	genconf	/home/qasim/vgb_bench_data/prepared/receptors/posebusters/7VB8_STL/receptor.pdbqt	0.03		10	/home/qasim/vgb_bench_data/poses/A0_null/vina/posebusters/7VB8_STL.sdf.gz	710	2026-09-22T17:30:33+08:00
arm	A0_null	vina	posebusters	7VYJ_CA0	20260922	ok		1		vina	kcal/mol (empirical score, not a measured free energy)	56.726	-45.988	25.56	25.0	8	genconf	/home/qasim/vgb_bench_data/prepared/receptors/posebusters/7VYJ_CA0/receptor.pdbqt	0.018		10	/home/qasim/vgb_bench_data/poses/A0_null/vina/posebusters/7VYJ_CA0.sdf.gz	932	2026-09-22T17:30:33+08:00
arm	A0_null	vina	posebusters	7UTW_NAI	20260922	ok		1		vina	kcal/mol (empirical score, not a measured free energy)	29.672	-5.826	-35.805	25.0	8	genconf	/home/qasim/vgb_bench_data/prepared/receptors/posebusters/7UTW_NAI/receptor.pdbqt	0.072		10	/home/qasim/vgb_bench_data/poses/A0_null/vina/posebusters/7UTW_NAI.sdf.gz	1499	2026-09-22T17:30:33+08:00
arm	A0_null	vina	posebusters	7W06_ITN	20260922	ok		1		vina	kcal/mol (empirical score, not a measured free energy)	-20.048	17.083	28.165	25.0	8	genconf	/home/qasim/vgb_bench_data/prepared/receptors/posebusters/7W06_ITN/receptor.pdbqt	0.016		10	/home/qasim/vgb_bench_data/poses/A0_null/vina/posebusters/7W06_ITN.sdf.gz	457	2026-09-22T17:30:33+08:00
arm	A0_null	vina	posebusters	7WCF_ACP	20260922	ok		1		vina	kcal/mol (empirical score, not a measured free energy)	7.947	-20.95	-22.024	25.0	8	genconf	/home/qasim/vgb_bench_data/prepared/receptors/posebusters/7WCF_ACP/receptor.pdbqt	0.018		10	/home/qasim/vgb_bench_data/poses/A0_null/vina/posebusters/7WCF_ACP.sdf.gz	1063	2026-09-22T17:30:33+08:00
arm	A0_null	vina	posebusters	7VWF_K55	20260922	ok		1		vina	kcal/mol (empirical score, not a measured free energy)	15.469	2.622	37.807	25.0	8	genconf	/home/qasim/vgb_bench_data/prepared/receptors/posebusters/7VWF_K55/receptor.pdbqt	0.034		10	/home/qasim/vgb_bench_data/poses/A0_null/vina/posebusters/7VWF_K55.sdf.gz	1249	2026-09-22T17:30:33+08:00
arm	A0_null	vina	posebusters	7W05_GMP	20260922	ok		1		vina	kcal/mol (empirical score, not a measured free energy)	0.652	6.158	-12.691	25.0	8	genconf	/home/qasim/vgb_bench_data/prepared/receptors/posebusters/7W05_GMP/receptor.pdbqt	0.031		10	/home/qasim/vgb_bench_data/poses/A0_null/vina/posebusters/7W05_GMP.sdf.gz	796	2026-09-22T17:30:33+08:00
arm	A0_null	vina	posebusters	7VKZ_NOJ	20260922	ok		1		vina	kcal/mol (empirical score, not a measured free energy)	14.271	3.037	36.653	25.0	8	genconf	/home/qasim/vgb_bench_data/prepared/receptors/posebusters/7VKZ_NOJ/receptor.pdbqt	0.047		10	/home/qasim/vgb_bench_data/poses/A0_null/vina/posebusters/7VKZ_NOJ.sdf.gz	608	2026-09-22T17:30:33+08:00
arm	A0_null	vina	posebusters	7V3S_5I9	20260922	ok		1		vina	kcal/mol (empirical score, not a measured free energy)	-10.033	-16.781	28.968	25.0	8	genconf	/home/qasim/vgb_bench_data/prepared/receptors/posebusters/7V3S_5I9/receptor.pdbqt	0.069		10	/home/qasim/vgb_bench_data/poses/A0_null/vina/posebusters/7V3S_5I9.sdf.gz	1231	2026-09-22T17:30:33+08:00
arm	A0_null	vina	posebusters	7WJB_BGC	20260922	ok		1		vina	kcal/mol (empirical score, not a measured free energy)	54.528	20.99	14.498	25.0	8	genconf	/home/qasim/vgb_bench_data/prepared/receptors/posebusters/7WJB_BGC/receptor.pdbqt	0.024		10	/home/qasim/vgb_bench_data/poses/A0_null/vina/posebusters/7WJB_BGC.sdf.gz	607	2026-09-22T17:30:33+08:00
arm	A0_null	vina	posebusters	7WPW_F15	20260922	ok		1		vina	kcal/mol (empirical score, not a measured free energy)	6.814	-20.656	-2.696	25.0	8	genconf	/home/qasim/vgb_bench_data/prepared/receptors/posebusters/7WPW_F15/receptor.pdbqt	0.015		10	/home/qasim/vgb_bench_data/poses/A0_null/vina/posebusters/7WPW_F15.sdf.gz	966	2026-09-22T17:30:33+08:00
arm	A0_null	vina	posebusters	7WDT_NGS	20260922	ok		1		vina	kcal/mol (empirical score, not a measured free energy)	23.468	-5.916	-4.431	25.0	8	genconf	/home/qasim/vgb_bench_data/prepared/receptors/posebusters/7WDT_NGS/receptor.pdbqt	0.032		10	/home/qasim/vgb_bench_data/poses/A0_null/vina/posebusters/7WDT_NGS.sdf.gz	784	2026-09-22T17:30:33+08:00
arm	A0_null	vina	posebusters	7WUX_6OI	20260922	ok		1		vina	kcal/mol (empirical score, not a measured free energy)	23.855	17.924	-11.989	25.0	8	genconf	/home/qasim/vgb_bench_data/prepared/receptors/posebusters/7WUX_6OI/receptor.pdbqt	0.022		10	/home/qasim/vgb_bench_data/poses/A0_null/vina/posebusters/7WUX_6OI.sdf.gz	768	2026-09-22T17:30:33+08:00
arm	A0_null	vina	posebusters	7WKL_CAQ	20260922	ok		1		vina	kcal/mol (empirical score, not a measured free energy)	16.373	32.443	75.28	25.0	8	genconf	/home/qasim/vgb_bench_data/prepared/receptors/posebusters/7WKL_CAQ/receptor.pdbqt	0.04		10	/home/qasim/vgb_bench_data/poses/A0_null/vina/posebusters/7WKL_CAQ.sdf.gz	434	2026-09-22T17:30:33+08:00
arm	A0_null	vina	posebusters	7WL4_JFU	20260922	ok		1		vina	kcal/mol (empirical score, not a measured free energy)	4.345	11.129	32.356	25.0	8	genconf	/home/qasim/vgb_bench_data/prepared/receptors/posebusters/7WL4_JFU/receptor.pdbqt	0.042		10	/home/qasim/vgb_bench_data/poses/A0_null/vina/posebusters/7WL4_JFU.sdf.gz	1186	2026-09-22T17:30:33+08:00
arm	A0_null	vina	posebusters	7X5N_5M5	20260922	ok		1		vina	kcal/mol (empirical score, not a measured free energy)	82.736	49.893	54.21	25.0	8	genconf	/home/qasim/vgb_bench_data/prepared/receptors/posebusters/7X5N_5M5/receptor.pdbqt	0.033		10	/home/qasim/vgb_bench_data/poses/A0_null/vina/posebusters/7X5N_5M5.sdf.gz	1116	2026-09-22T17:30:33+08:00
arm	A0_null	vina	posebusters	7VQ9_ISY	20260922	ok		1		vina	kcal/mol (empirical score, not a measured free energy)	27.569	-1.459	28.758	25.0	8	genconf	/home/qasim/vgb_bench_data/prepared/receptors/posebusters/7VQ9_ISY/receptor.pdbqt	0.084		10	/home/qasim/vgb_bench_data/poses/A0_null/vina/posebusters/7VQ9_ISY.sdf.gz	651	2026-09-22T17:30:33+08:00
arm	A0_null	vina	posebusters	7WY1_D0L	20260922	ok		1		vina	kcal/mol (empirical score, not a measured free energy)	-1.318	-27.357	-69.396	25.0	8	genconf	/home/qasim/vgb_bench_data/prepared/receptors/posebusters/7WY1_D0L/receptor.pdbqt	0.047		10	/home/qasim/vgb_bench_data/poses/A0_null/vina/posebusters/7WY1_D0L.sdf.gz	1182	2026-09-22T17:30:33+08:00
arm	A0_null	vina	posebusters	7XI7_4RI	20260922	ok		1		vina	kcal/mol (empirical score, not a measured free energy)	-2.823	-16.569	0.714	25.0	8	genconf	/home/qasim/vgb_bench_data/prepared/receptors/posebusters/7XI7_4RI/receptor.pdbqt	0.022		10	/home/qasim/vgb_bench_data/poses/A0_null/vina/posebusters/7XI7_4RI.sdf.gz	897	2026-09-22T17:30:33+08:00
arm	A0_null	vina	posebusters	7WQQ_5Z6	20260922	ok		1		vina	kcal/mol (empirical score, not a measured free energy)	29.086	-6.035	9.438	25.0	8	genconf	/home/qasim/vgb_bench_data/prepared/receptors/posebusters/7WQQ_5Z6/receptor.pdbqt	0.067		10	/home/qasim/vgb_bench_data/poses/A0_null/vina/posebusters/7WQQ_5Z6.sdf.gz	1131	2026-09-22T17:30:33+08:00
arm	A0_null	vina	posebusters	7XBV_APC	20260922	ok		1		vina	kcal/mol (empirical score, not a measured free energy)	-40.025	10.24	-1.215	25.0	8	genconf	/home/qasim/vgb_bench_data/prepared/receptors/posebusters/7XBV_APC/receptor.pdbqt	0.055		10	/home/qasim/vgb_bench_data/poses/A0_null/vina/posebusters/7XBV_APC.sdf.gz	1080	2026-09-22T17:30:33+08:00
arm	A0_null	vina	posebusters	7WUY_76N	20260922	ok		1		vina	kcal/mol (empirical score, not a measured free energy)	13.92	149.408	25.881	25.0	8	genconf	/home/qasim/vgb_bench_data/prepared/receptors/posebusters/7WUY_76N/receptor.pdbqt	0.052		10	/home/qasim/vgb_bench_data/poses/A0_null/vina/posebusters/7WUY_76N.sdf.gz	1233	2026-09-22T17:30:33+08:00
arm	A0_null	vina	posebusters	7X9K_8OG	20260922	ok		1		vina	kcal/mol (empirical score, not a measured free energy)	-5.768	0.518	25.789	25.0	8	genconf	/home/qasim/vgb_bench_data/prepared/receptors/posebusters/7X9K_8OG/receptor.pdbqt	0.079		10	/home/qasim/vgb_bench_data/poses/A0_null/vina/posebusters/7X9K_8OG.sdf.gz	894	2026-09-22T17:30:33+08:00
arm	A0_null	vina	posebusters	7XG5_PLP	20260922	ok		1		vina	kcal/mol (empirical score, not a measured free energy)	-38.269	-27.936	17.528	25.0	8	genconf	/home/qasim/vgb_bench_data/prepared/receptors/posebusters/7XG5_PLP/receptor.pdbqt	0.066		10	/home/qasim/vgb_bench_data/poses/A0_null/vina/posebusters/7XG5_PLP.sdf.gz	665	2026-09-22T17:30:33+08:00
arm	A0_null	vina	posebusters	7XRL_FWK	20260922	ok		1		vina	kcal/mol (empirical score, not a measured free energy)	10.961	-1.053	40.418	25.0	8	genconf	/home/qasim/vgb_bench_data/prepared/receptors/posebusters/7XRL_FWK/receptor.pdbqt	0.051		10	/home/qasim/vgb_bench_data/poses/A0_null/vina/posebusters/7XRL_FWK.sdf.gz	811	2026-09-22T17:30:33+08:00
arm	A0_null	vina	posebusters	7Z2O_IAJ	20260922	ok		1		vina	kcal/mol (empirical score, not a measured free energy)	-7.692	15.225	11.23	25.0	8	genconf	/home/qasim/vgb_bench_data/prepared/receptors/posebusters/7Z2O_IAJ/receptor.pdbqt	0.045		10	/home/qasim/vgb_bench_data/poses/A0_null/vina/posebusters/7Z2O_IAJ.sdf.gz	573	2026-09-22T17:30:33+08:00
arm	A0_null	vina	posebusters	7Z1Q_NIO	20260922	ok		1		vina	kcal/mol (empirical score, not a measured free energy)	1.794	21.852	-2.991	25.0	8	genconf	/home/qasim/vgb_bench_data/prepared/receptors/posebusters/7Z1Q_NIO/receptor.pdbqt	0.045		10	/home/qasim/vgb_bench_data/poses/A0_null/vina/posebusters/7Z1Q_NIO.sdf.gz	447	2026-09-22T17:30:33+08:00
arm	A0_null	vina	posebusters	7YZU_DO7	20260922	ok		1		vina	kcal/mol (empirical score, not a measured free energy)	11.013	-22.301	-18.805	25.0	8	genconf	/home/qasim/vgb_bench_data/prepared/receptors/posebusters/7YZU_DO7/receptor.pdbqt	0.048		10	/home/qasim/vgb_bench_data/poses/A0_null/vina/posebusters/7YZU_DO7.sdf.gz	709	2026-09-22T17:30:33+08:00
arm	A0_null	vina	posebusters	7XJN_NSD	20260922	ok		1		vina	kcal/mol (empirical score, not a measured free energy)	-1.907	7.289	32.912	25.0	8	genconf	/home/qasim/vgb_bench_data/prepared/receptors/posebusters/7XJN_NSD/receptor.pdbqt	0.071		10	/home/qasim/vgb_bench_data/poses/A0_null/vina/posebusters/7XJN_NSD.sdf.gz	628	2026-09-22T17:30:33+08:00
arm	A0_null	vina	posebusters	7Z7F_IF3	20260922	ok		1		vina	kcal/mol (empirical score, not a measured free energy)	16.356	28.165	4.068	25.0	8	genconf	/home/qasim/vgb_bench_data/prepared/receptors/posebusters/7Z7F_IF3/receptor.pdbqt	0.039		10	/home/qasim/vgb_bench_data/poses/A0_null/vina/posebusters/7Z7F_IF3.sdf.gz	648	2026-09-22T17:30:33+08:00
arm	A0_null	vina	posebusters	7XPO_UPG	20260922	ok		1		vina	kcal/mol (empirical score, not a measured free energy)	-19.299	-22.088	-25.646	25.0	8	genconf	/home/qasim/vgb_bench_data/prepared/receptors/posebusters/7XPO_UPG/receptor.pdbqt	0.086		10	/home/qasim/vgb_bench_data/poses/A0_null/vina/posebusters/7XPO_UPG.sdf.gz	1240	2026-09-22T17:30:33+08:00
arm	A0_null	vina	posebusters	7ZHP_IQY	20260922	ok		1		vina	kcal/mol (empirical score, not a measured free energy)	69.363	38.168	1.343	25.0	8	genconf	/home/qasim/vgb_bench_data/prepared/receptors/posebusters/7ZHP_IQY/receptor.pdbqt	0.038		10	/home/qasim/vgb_bench_data/poses/A0_null/vina/posebusters/7ZHP_IQY.sdf.gz	1073	2026-09-22T17:30:34+08:00
arm	A0_null	vina	posebusters	7ZTL_BCN	20260922	ok		1		vina	kcal/mol (empirical score, not a measured free energy)	-37.103	26.471	5.402	25.0	8	genconf	/home/qasim/vgb_bench_data/prepared/receptors/posebusters/7ZTL_BCN/receptor.pdbqt	0.031		10	/home/qasim/vgb_bench_data/poses/A0_null/vina/posebusters/7ZTL_BCN.sdf.gz	613	2026-09-22T17:30:34+08:00
arm	A0_null	vina	posebusters	7ZCC_OGA	20260922	ok		1		vina	kcal/mol (empirical score, not a measured free energy)	38.538	16.497	59.474	25.0	8	genconf	/home/qasim/vgb_bench_data/prepared/receptors/posebusters/7ZCC_OGA/receptor.pdbqt	0.055		10	/home/qasim/vgb_bench_data/poses/A0_null/vina/posebusters/7ZCC_OGA.sdf.gz	462	2026-09-22T17:30:33+08:00
arm	A0_null	vina	posebusters	7ZF0_DHR	20260922	ok		1		vina	kcal/mol (empirical score, not a measured free energy)	33.197	58.132	48.074	25.0	8	genconf	/home/qasim/vgb_bench_data/prepared/receptors/posebusters/7ZF0_DHR/receptor.pdbqt	0.034		10	/home/qasim/vgb_bench_data/poses/A0_null/vina/posebusters/7ZF0_DHR.sdf.gz	515	2026-09-22T17:30:33+08:00
arm	A0_null	vina	posebusters	7ZOC_T8E	20260922	ok		1		vina	kcal/mol (empirical score, not a measured free energy)	16.218	10.527	35.456	25.0	8	genconf	/home/qasim/vgb_bench_data/prepared/receptors/posebusters/7ZOC_T8E/receptor.pdbqt	0.028		10	/home/qasim/vgb_bench_data/poses/A0_null/vina/posebusters/7ZOC_T8E.sdf.gz	693	2026-09-22T17:30:34+08:00
arm	A0_null	vina	posebusters	7ZL5_IWE	20260922	ok		1		vina	kcal/mol (empirical score, not a measured free energy)	-17.961	35.94	43.787	25.0	8	genconf	/home/qasim/vgb_bench_data/prepared/receptors/posebusters/7ZL5_IWE/receptor.pdbqt	0.033		10	/home/qasim/vgb_bench_data/poses/A0_null/vina/posebusters/7ZL5_IWE.sdf.gz	816	2026-09-22T17:30:34+08:00
arm	A0_null	vina	posebusters	7XQZ_FPF	20260922	ok		1		vina	kcal/mol (empirical score, not a measured free energy)	-20.186	-1.457	-19.258	25.0	8	genconf	/home/qasim/vgb_bench_data/prepared/receptors/posebusters/7XQZ_FPF/receptor.pdbqt	0.085		10	/home/qasim/vgb_bench_data/poses/A0_null/vina/posebusters/7XQZ_FPF.sdf.gz	1077	2026-09-22T17:30:33+08:00
arm	A0_null	vina	posebusters	7ZDY_6MJ	20260922	ok		1		vina	kcal/mol (empirical score, not a measured free energy)	26.593	-7.332	42.942	25.0	8	genconf	/home/qasim/vgb_bench_data/prepared/receptors/posebusters/7ZDY_6MJ/receptor.pdbqt	0.028		10	/home/qasim/vgb_bench_data/poses/A0_null/vina/posebusters/7ZDY_6MJ.sdf.gz	592	2026-09-22T17:30:33+08:00
arm	A0_null	vina	posebusters	7ZU2_DHT	20260922	ok		1		vina	kcal/mol (empirical score, not a measured free energy)	-27.276	2.137	-4.783	25.0	8	genconf	/home/qasim/vgb_bench_data/prepared/receptors/posebusters/7ZU2_DHT/receptor.pdbqt	0.024		10	/home/qasim/vgb_bench_data/poses/A0_null/vina/posebusters/7ZU2_DHT.sdf.gz	1066	2026-09-22T17:30:34+08:00
arm	A0_null	vina	posebusters	8A1H_DLZ	20260922	ok		1		vina	kcal/mol (empirical score, not a measured free energy)	-66.737	39.624	-6.751	25.0	8	genconf	/home/qasim/vgb_bench_data/prepared/receptors/posebusters/8A1H_DLZ/receptor.pdbqt	0.031		10	/home/qasim/vgb_bench_data/poses/A0_null/vina/posebusters/8A1H_DLZ.sdf.gz	923	2026-09-22T17:30:34+08:00
arm	A0_null	vina	posebusters	8AAU_LH0	20260922	ok		1		vina	kcal/mol (empirical score, not a measured free energy)	-13.944	43.31	-13.776	25.0	8	genconf	/home/qasim/vgb_bench_data/prepared/receptors/posebusters/8AAU_LH0/receptor.pdbqt	0.03		10	/home/qasim/vgb_bench_data/poses/A0_null/vina/posebusters/8AAU_LH0.sdf.gz	927	2026-09-22T17:30:34+08:00
arm	A0_null	vina	posebusters	8AQL_PLG	20260922	ok		1		vina	kcal/mol (empirical score, not a measured free energy)	2.587	52.9	8.301	25.0	8	genconf	/home/qasim/vgb_bench_data/prepared/receptors/posebusters/8AQL_PLG/receptor.pdbqt	0.017		10	/home/qasim/vgb_bench_data/poses/A0_null/vina/posebusters/8AQL_PLG.sdf.gz	810	2026-09-22T17:30:34+08:00
arm	A0_null	vina	posebusters	7XFA_D9J	20260922	ok		1		vina	kcal/mol (empirical score, not a measured free energy)	-18.287	-8.82	1.387	25.0	8	genconf	/home/qasim/vgb_bench_data/prepared/receptors/posebusters/7XFA_D9J/receptor.pdbqt	0.185		10	/home/qasim/vgb_bench_data/poses/A0_null/vina/posebusters/7XFA_D9J.sdf.gz	1287	2026-09-22T17:30:33+08:00
arm	A0_null	vina	posebusters	7ZZW_KKW	20260922	ok		1		vina	kcal/mol (empirical score, not a measured free energy)	23.169	-18.513	0.456	25.0	8	genconf	/home/qasim/vgb_bench_data/prepared/receptors/posebusters/7ZZW_KKW/receptor.pdbqt	0.06		10	/home/qasim/vgb_bench_data/poses/A0_null/vina/posebusters/7ZZW_KKW.sdf.gz	1128	2026-09-22T17:30:34+08:00
arm	A0_null	vina	posebusters	7ZXV_45D	20260922	ok		1		vina	kcal/mol (empirical score, not a measured free energy)	20.661	11.418	-12.666	25.0	8	genconf	/home/qasim/vgb_bench_data/prepared/receptors/posebusters/7ZXV_45D/receptor.pdbqt	0.065		10	/home/qasim/vgb_bench_data/poses/A0_null/vina/posebusters/7ZXV_45D.sdf.gz	1805	2026-09-22T17:30:34+08:00
arm	A0_null	vina	posebusters	8AUH_L9I	20260922	ok		1		vina	kcal/mol (empirical score, not a measured free energy)	18.94	16.628	-26.842	25.0	8	genconf	/home/qasim/vgb_bench_data/prepared/receptors/posebusters/8AUH_L9I/receptor.pdbqt	0.068		10	/home/qasim/vgb_bench_data/poses/A0_null/vina/posebusters/8AUH_L9I.sdf.gz	537	2026-09-22T17:30:34+08:00
arm	A0_null	vina	posebusters	8BTI_RFO	20260922	ok		1		vina	kcal/mol (empirical score, not a measured free energy)	26.699	66.952	72.222	25.0	8	genconf	/home/qasim/vgb_bench_data/prepared/receptors/posebusters/8BTI_RFO/receptor.pdbqt	0.048		10	/home/qasim/vgb_bench_data/poses/A0_null/vina/posebusters/8BTI_RFO.sdf.gz	637	2026-09-22T17:30:34+08:00
arm	A0_null	vina	posebusters	8A2D_KXY	20260922	ok		1		vina	kcal/mol (empirical score, not a measured free energy)	-2.672	-10.605	21.108	25.0	8	genconf	/home/qasim/vgb_bench_data/prepared/receptors/posebusters/8A2D_KXY/receptor.pdbqt	0.11		10	/home/qasim/vgb_bench_data/poses/A0_null/vina/posebusters/8A2D_KXY.sdf.gz	1740	2026-09-22T17:30:34+08:00
arm	A0_null	vina	posebusters	8AP0_PRP	20260922	ok		1		vina	kcal/mol (empirical score, not a measured free energy)	9.191	20.001	9.165	25.0	8	genconf	/home/qasim/vgb_bench_data/prepared/receptors/posebusters/8AP0_PRP/receptor.pdbqt	0.103		10	/home/qasim/vgb_bench_data/poses/A0_null/vina/posebusters/8AP0_PRP.sdf.gz	813	2026-09-22T17:30:34+08:00
arm	A0_null	vina	posebusters	8BOM_QU6	20260922	ok		1		vina	kcal/mol (empirical score, not a measured free energy)	-83.032	-19.057	87.192	25.0	8	genconf	/home/qasim/vgb_bench_data/prepared/receptors/posebusters/8BOM_QU6/receptor.pdbqt	0.078		10	/home/qasim/vgb_bench_data/poses/A0_null/vina/posebusters/8BOM_QU6.sdf.gz	1215	2026-09-22T17:30:34+08:00
arm	A0_null	vina	posebusters	8AY3_OE3	20260922	ok		1		vina	kcal/mol (empirical score, not a measured free energy)	1.17	5.839	32.017	25.0	8	genconf	/home/qasim/vgb_bench_data/prepared/receptors/posebusters/8AY3_OE3/receptor.pdbqt	0.089		10	/home/qasim/vgb_bench_data/poses/A0_null/vina/posebusters/8AY3_OE3.sdf.gz	968	2026-09-22T17:30:34+08:00
arm	A0_null	vina	posebusters	8B8H_OJQ	20260922	ok		1		vina	kcal/mol (empirical score, not a measured free energy)	26.702	-3.123	2.184	25.0	8	genconf	/home/qasim/vgb_bench_data/prepared/receptors/posebusters/8B8H_OJQ/receptor.pdbqt	0.106		10	/home/qasim/vgb_bench_data/poses/A0_null/vina/posebusters/8B8H_OJQ.sdf.gz	856	2026-09-22T17:30:34+08:00
arm	A0_null	vina	posebusters	8AIE_M7L	20260922	ok		1		vina	kcal/mol (empirical score, not a measured free energy)	18.514	3.915	24.64	25.0	8	genconf	/home/qasim/vgb_bench_data/prepared/receptors/posebusters/8AIE_M7L/receptor.pdbqt	0.116		10	/home/qasim/vgb_bench_data/poses/A0_null/vina/posebusters/8AIE_M7L.sdf.gz	876	2026-09-22T17:30:34+08:00
arm	A0_null	vina	posebusters	8AEM_LVF	20260922	ok		1		vina	kcal/mol (empirical score, not a measured free energy)	-107.937	-176.661	311.558	25.0	8	genconf	/home/qasim/vgb_bench_data/prepared/receptors/posebusters/8AEM_LVF/receptor.pdbqt	0.146		10	/home/qasim/vgb_bench_data/poses/A0_null/vina/posebusters/8AEM_LVF.sdf.gz	553	2026-09-22T17:30:34+08:00
arm	A0_null	vina	posebusters	8C3N_ADP	20260922	ok		1		vina	kcal/mol (empirical score, not a measured free energy)	21.934	-37.212	-53.432	25.0	8	genconf	/home/qasim/vgb_bench_data/prepared/receptors/posebusters/8C3N_ADP/receptor.pdbqt	0.088		10	/home/qasim/vgb_bench_data/poses/A0_null/vina/posebusters/8C3N_ADP.sdf.gz	964	2026-09-22T17:30:34+08:00
arm	A0_null	vina	posebusters	8C5M_MTA	20260922	ok		1		vina	kcal/mol (empirical score, not a measured free energy)	82.631	-13.215	3.097	25.0	8	genconf	/home/qasim/vgb_bench_data/prepared/receptors/posebusters/8C5M_MTA/receptor.pdbqt	0.06		10	/home/qasim/vgb_bench_data/poses/A0_null/vina/posebusters/8C5M_MTA.sdf.gz	828	2026-09-22T17:30:34+08:00
arm	A0_null	vina	posebusters	8D39_QDB	20260922	ok		1		vina	kcal/mol (empirical score, not a measured free energy)	3.57	1.706	19.707	25.0	8	genconf	/home/qasim/vgb_bench_data/prepared/receptors/posebusters/8D39_QDB/receptor.pdbqt	0.042		10	/home/qasim/vgb_bench_data/poses/A0_null/vina/posebusters/8D39_QDB.sdf.gz	678	2026-09-22T17:30:34+08:00
arm	A0_null	vina	posebusters	8CNH_V6U	20260922	ok		1		vina	kcal/mol (empirical score, not a measured free energy)	-29.023	1.902	1.06	25.0	8	genconf	/home/qasim/vgb_bench_data/prepared/receptors/posebusters/8CNH_V6U/receptor.pdbqt	0.062		10	/home/qasim/vgb_bench_data/poses/A0_null/vina/posebusters/8CNH_V6U.sdf.gz	905	2026-09-22T17:30:34+08:00
arm	A0_null	vina	posebusters	8CSD_C5P	20260922	ok		1		vina	kcal/mol (empirical score, not a measured free energy)	14.939	73.458	34.172	25.0	8	genconf	/home/qasim/vgb_bench_data/prepared/receptors/posebusters/8CSD_C5P/receptor.pdbqt	0.061		10	/home/qasim/vgb_bench_data/poses/A0_null/vina/posebusters/8CSD_C5P.sdf.gz	823	2026-09-22T17:30:34+08:00
arm	A0_null	vina	posebusters	8D5D_5DK	20260922	ok		1		vina	kcal/mol (empirical score, not a measured free energy)	5.033	-9.295	35.445	25.0	8	genconf	/home/qasim/vgb_bench_data/prepared/receptors/posebusters/8D5D_5DK/receptor.pdbqt	0.053		10	/home/qasim/vgb_bench_data/poses/A0_null/vina/posebusters/8D5D_5DK.sdf.gz	1060	2026-09-22T17:30:34+08:00
arm	A0_null	vina	posebusters	8DKO_TFB	20260922	ok		1		vina	kcal/mol (empirical score, not a measured free energy)	15.237	15.8	47.142	25.0	8	genconf	/home/qasim/vgb_bench_data/prepared/receptors/posebusters/8DKO_TFB/receptor.pdbqt	0.036		10	/home/qasim/vgb_bench_data/poses/A0_null/vina/posebusters/8DKO_TFB.sdf.gz	470	2026-09-22T17:30:34+08:00
arm	A0_null	vina	posebusters	8DHG_T78	20260922	ok		1		vina	kcal/mol (empirical score, not a measured free energy)	26.946	-23.224	22.937	25.0	8	genconf	/home/qasim/vgb_bench_data/prepared/receptors/posebusters/8DHG_T78/receptor.pdbqt	0.043		10	/home/qasim/vgb_bench_data/poses/A0_null/vina/posebusters/8DHG_T78.sdf.gz	1142	2026-09-22T17:30:34+08:00
arm	A0_null	vina	posebusters	8EX2_Q2Q	20260922	ok		1		vina	kcal/mol (empirical score, not a measured free energy)	19.75	13.164	22.389	25.0	8	genconf	/home/qasim/vgb_bench_data/prepared/receptors/posebusters/8EX2_Q2Q/receptor.pdbqt	0.028		10	/home/qasim/vgb_bench_data/poses/A0_null/vina/posebusters/8EX2_Q2Q.sdf.gz	869	2026-09-22T17:30:34+08:00
arm	A0_null	vina	posebusters	8D19_GSH	20260922	ok		1		vina	kcal/mol (empirical score, not a measured free energy)	24.48	30.593	31.033	25.0	8	genconf	/home/qasim/vgb_bench_data/prepared/receptors/posebusters/8D19_GSH/receptor.pdbqt	0.08		10	/home/qasim/vgb_bench_data/poses/A0_null/vina/posebusters/8D19_GSH.sdf.gz	818	2026-09-22T17:30:34+08:00
arm	A0_null	vina	posebusters	8DSC_NCA	20260922	ok		1		vina	kcal/mol (empirical score, not a measured free energy)	14.938	9.381	6.125	25.0	8	genconf	/home/qasim/vgb_bench_data/prepared/receptors/posebusters/8DSC_NCA/receptor.pdbqt	0.055		10	/home/qasim/vgb_bench_data/poses/A0_null/vina/posebusters/8DSC_NCA.sdf.gz	452	2026-09-22T17:30:34+08:00
arm	A0_null	vina	posebusters	8EAB_VN2	20260922	ok		1		vina	kcal/mol (empirical score, not a measured free energy)	6.516	-17.182	19.775	25.0	8	genconf	/home/qasim/vgb_bench_data/prepared/receptors/posebusters/8EAB_VN2/receptor.pdbqt	0.038		10	/home/qasim/vgb_bench_data/poses/A0_null/vina/posebusters/8EAB_VN2.sdf.gz	1430	2026-09-22T17:30:34+08:00
arm	A0_null	vina	posebusters	8DP2_UMA	20260922	ok		1		vina	kcal/mol (empirical score, not a measured free energy)	59.71	-1.178	0.294	25.0	8	genconf	/home/qasim/vgb_bench_data/prepared/receptors/posebusters/8DP2_UMA/receptor.pdbqt	0.068		10	/home/qasim/vgb_bench_data/poses/A0_null/vina/posebusters/8DP2_UMA.sdf.gz	1710	2026-09-22T17:30:34+08:00
arm	A0_null	vina	posebusters	8EYE_X4I	20260922	ok		1		vina	kcal/mol (empirical score, not a measured free energy)	13.922	9.867	15.047	25.0	8	genconf	/home/qasim/vgb_bench_data/prepared/receptors/posebusters/8EYE_X4I/receptor.pdbqt	0.048		10	/home/qasim/vgb_bench_data/poses/A0_null/vina/posebusters/8EYE_X4I.sdf.gz	1034	2026-09-22T17:30:34+08:00
arm	A0_null	vina	posebusters	8FAV_4Y5	20260922	ok		1		vina	kcal/mol (empirical score, not a measured free energy)	0.552	11.382	-7.237	25.0	8	genconf	/home/qasim/vgb_bench_data/prepared/receptors/posebusters/8FAV_4Y5/receptor.pdbqt	0.031		10	/home/qasim/vgb_bench_data/poses/A0_null/vina/posebusters/8FAV_4Y5.sdf.gz	962	2026-09-22T17:30:34+08:00
arm	A0_null	vina	posebusters	8FO5_Y4U	20260922	ok		1		vina	kcal/mol (empirical score, not a measured free energy)	23.115	-4.087	-23.329	25.0	8	genconf	/home/qasim/vgb_bench_data/prepared/receptors/posebusters/8FO5_Y4U/receptor.pdbqt	0.025		10	/home/qasim/vgb_bench_data/poses/A0_null/vina/posebusters/8FO5_Y4U.sdf.gz	686	2026-09-22T17:30:34+08:00
arm	A0_null	vina	posebusters	8F8E_XJI	20260922	ok		1		vina	kcal/mol (empirical score, not a measured free energy)	-22.262	-20.392	0.247	25.0	8	genconf	/home/qasim/vgb_bench_data/prepared/receptors/posebusters/8F8E_XJI/receptor.pdbqt	0.036		10	/home/qasim/vgb_bench_data/poses/A0_null/vina/posebusters/8F8E_XJI.sdf.gz	967	2026-09-22T17:30:34+08:00
arm	A0_null	vina	posebusters	8G6P_API	20260922	ok		1		vina	kcal/mol (empirical score, not a measured free energy)	-30.746	7.33	-6.047	25.0	8	genconf	/home/qasim/vgb_bench_data/prepared/receptors/posebusters/8G6P_API/receptor.pdbqt	0.032		10	/home/qasim/vgb_bench_data/poses/A0_null/vina/posebusters/8G6P_API.sdf.gz	671	2026-09-22T17:30:34+08:00
arm	A0_null	vina	posebusters	8GFD_ZHR	20260922	ok		1		vina	kcal/mol (empirical score, not a measured free energy)	-31.654	-62.844	-13.686	25.0	8	genconf	/home/qasim/vgb_bench_data/prepared/receptors/posebusters/8GFD_ZHR/receptor.pdbqt	0.018		10	/home/qasim/vgb_bench_data/poses/A0_null/vina/posebusters/8GFD_ZHR.sdf.gz	1075	2026-09-22T17:30:34+08:00
arm	A0_null	vina	posebusters	8F4J_PHO	20260922	ok		1		vina	kcal/mol (empirical score, not a measured free energy)	-56.633	62.789	349.373	25.0	8	genconf	/home/qasim/vgb_bench_data/prepared/receptors/posebusters/8F4J_PHO/receptor.pdbqt	0.061		10	/home/qasim/vgb_bench_data/poses/A0_null/vina/posebusters/8F4J_PHO.sdf.gz	2592	2026-09-22T17:30:34+08:00
arm	A0_null	vina	posebusters	8HFN_XGC	20260922	ok		1		vina	kcal/mol (empirical score, not a measured free energy)	69.801	-0.069	-1.758	25.0	8	genconf	/home/qasim/vgb_bench_data/prepared/receptors/posebusters/8HFN_XGC/receptor.pdbqt	0.023		10	/home/qasim/vgb_bench_data/poses/A0_null/vina/posebusters/8HFN_XGC.sdf.gz	919	2026-09-22T17:30:34+08:00
arm	A0_null	vina	posebusters	8EXL_799	20260922	ok		1		vina	kcal/mol (empirical score, not a measured free energy)	-17.452	14.072	29.667	25.0	8	genconf	/home/qasim/vgb_bench_data/prepared/receptors/posebusters/8EXL_799/receptor.pdbqt	0.073		10	/home/qasim/vgb_bench_data/poses/A0_null/vina/posebusters/8EXL_799.sdf.gz	1284	2026-09-22T17:30:34+08:00
arm	A0_null	vina	posebusters	8G0V_YHT	20260922	ok		1		vina	kcal/mol (empirical score, not a measured free energy)	-12.608	19.716	-31.583	25.0	8	genconf	/home/qasim/vgb_bench_data/prepared/receptors/posebusters/8G0V_YHT/receptor.pdbqt	0.04		10	/home/qasim/vgb_bench_data/poses/A0_null/vina/posebusters/8G0V_YHT.sdf.gz	960	2026-09-22T17:30:34+08:00
arm	A0_null	vina	posebusters	8FLV_ZB9	20260922	ok		1		vina	kcal/mol (empirical score, not a measured free energy)	-14.057	6.765	-14.701	25.0	8	genconf	/home/qasim/vgb_bench_data/prepared/receptors/posebusters/8FLV_ZB9/receptor.pdbqt	0.047		10	/home/qasim/vgb_bench_data/poses/A0_null/vina/posebusters/8FLV_ZB9.sdf.gz	1088	2026-09-22T17:30:34+08:00
arm	A0_null	vina	posebusters	8HO0_3ZI	20260922	ok		1		vina	kcal/mol (empirical score, not a measured free energy)	3.885	30.468	-7.291	25.0	8	genconf	/home/qasim/vgb_bench_data/prepared/receptors/posebusters/8HO0_3ZI/receptor.pdbqt	0.02		10	/home/qasim/vgb_bench_data/poses/A0_null/vina/posebusters/8HO0_3ZI.sdf.gz	882	2026-09-22T17:30:34+08:00
arm	A0_null	vina	posebusters	8SLG_G5A	20260922	ok		1		vina	kcal/mol (empirical score, not a measured free energy)	-40.256	43.746	25.588	25.0	8	genconf	/home/qasim/vgb_bench_data/prepared/receptors/posebusters/8SLG_G5A/receptor.pdbqt	0.016		10	/home/qasim/vgb_bench_data/poses/A0_null/vina/posebusters/8SLG_G5A.sdf.gz	989	2026-09-22T17:30:34+08:00
