run_kind	arm	method	dataset	key	seed	status	reason	n_poses	top_score	score_function	score_units	box_center_x	box_center_y	box_center_z	box_size	exhaustiveness	conformer_source	receptor	elapsed_s	peak_rss_mb	jobs	pose_archive	pose_archive_bytes	recorded
arm	A1_refconf_refbox	vinardo	posebusters	5SAK_ZRY	20260922	ok		5	-9.4	vinardo	kcal/mol (empirical score, not a measured free energy)	25.471	5.162	58.03	25.0	8	refconf	/home/qasim/vgb_bench_data/prepared/receptors/posebusters/5SAK_ZRY/receptor.pdbqt	15.63	65.2	5	/home/qasim/vgb_bench_data/poses/A1_refconf_refbox/vinardo/posebusters/5SAK_ZRY.sdf.gz	2227	2026-09-23T07:23:20+08:00
arm	A1_refconf_refbox	vinardo	posebusters	6M2B_EZO	20260922	ok		5	-9.6	vinardo	kcal/mol (empirical score, not a measured free energy)	27.402	-22.631	22.529	25.0	8	refconf	/home/qasim/vgb_bench_data/prepared/receptors/posebusters/6M2B_EZO/receptor.pdbqt	47.99	73.4	5	/home/qasim/vgb_bench_data/poses/A1_refconf_refbox/vinardo/posebusters/6M2B_EZO.sdf.gz	2823	2026-09-23T07:23:20+08:00
arm	A1_refconf_refbox	vinardo	posebusters	6T88_MWQ	20260922	ok		5	-7.1	vinardo	kcal/mol (empirical score, not a measured free energy)	-11.543	-53.215	-6.852	25.0	8	refconf	/home/qasim/vgb_bench_data/prepared/receptors/posebusters/6T88_MWQ/receptor.pdbqt	9.78	181.8	5	/home/qasim/vgb_bench_data/poses/A1_refconf_refbox/vinardo/posebusters/6T88_MWQ.sdf.gz	1435	2026-09-23T07:24:08+08:00
arm	A1_refconf_refbox	vinardo	posebusters	6M73_FNR	20260922	ok		1	-15.1	vinardo	kcal/mol (empirical score, not a measured free energy)	26.928	10.49	37.842	25.0	8	refconf	/home/qasim/vgb_bench_data/prepared/receptors/posebusters/6M73_FNR/receptor.pdbqt	64.51	181.7	5	/home/qasim/vgb_bench_data/poses/A1_refconf_refbox/vinardo/posebusters/6M73_FNR.sdf.gz	1068	2026-09-23T07:23:35+08:00
arm	A1_refconf_refbox	vinardo	posebusters	5SIS_JSM	20260922	ok		5	-8.9	vinardo	kcal/mol (empirical score, not a measured free energy)	32.257	108.568	58.361	25.0	8	refconf	/home/qasim/vgb_bench_data/prepared/receptors/posebusters/5SIS_JSM/receptor.pdbqt	86.63	70.5	5	/home/qasim/vgb_bench_data/poses/A1_refconf_refbox/vinardo/posebusters/5SIS_JSM.sdf.gz	3979	2026-09-23T07:23:20+08:00
arm	A1_refconf_refbox	vinardo	posebusters	5SD5_HWI	20260922	ok		5	-10.9	vinardo	kcal/mol (empirical score, not a measured free energy)	6.051	2.116	14.158	25.0	8	refconf	/home/qasim/vgb_bench_data/prepared/receptors/posebusters/5SD5_HWI/receptor.pdbqt	86.8	70.9	5	/home/qasim/vgb_bench_data/poses/A1_refconf_refbox/vinardo/posebusters/5SD5_HWI.sdf.gz	3844	2026-09-23T07:23:20+08:00
arm	A1_refconf_refbox	vinardo	posebusters	5SB2_1K2	20260922	ok		1	-14.3	vinardo	kcal/mol (empirical score, not a measured free energy)	-22.44	0.413	-2.536	25.0	8	refconf	/home/qasim/vgb_bench_data/prepared/receptors/posebusters/5SB2_1K2/receptor.pdbqt	91.33	70.2	5	/home/qasim/vgb_bench_data/poses/A1_refconf_refbox/vinardo/posebusters/5SB2_1K2.sdf.gz	1029	2026-09-23T07:23:20+08:00
arm	A1_refconf_refbox	vinardo	posebusters	6WTN_RXT	20260922	ok		5	-9.3	vinardo	kcal/mol (empirical score, not a measured free energy)	20.837	13.28	9.233	25.0	8	refconf	/home/qasim/vgb_bench_data/prepared/receptors/posebusters/6WTN_RXT/receptor.pdbqt	30.54	181.8	5	/home/qasim/vgb_bench_data/poses/A1_refconf_refbox/vinardo/posebusters/6WTN_RXT.sdf.gz	2913	2026-09-23T07:24:47+08:00
arm	A1_refconf_refbox	vinardo	posebusters	6XBO_5MC	20260922	ok		5	-9.5	vinardo	kcal/mol (empirical score, not a measured free energy)	17.328	-11.676	8.999	25.0	8	refconf	/home/qasim/vgb_bench_data/prepared/receptors/posebusters/6XBO_5MC/receptor.pdbqt	29.21	181.7	5	/home/qasim/vgb_bench_data/poses/A1_refconf_refbox/vinardo/posebusters/6XBO_5MC.sdf.gz	2754	2026-09-23T07:24:51+08:00
arm	A1_refconf_refbox	vinardo	posebusters	6TW5_9M2	20260922	ok		5	-12.6	vinardo	kcal/mol (empirical score, not a measured free energy)	4.202	-10.518	89.123	25.0	8	refconf	/home/qasim/vgb_bench_data/prepared/receptors/posebusters/6TW5_9M2/receptor.pdbqt	73.94	181.8	5	/home/qasim/vgb_bench_data/poses/A1_refconf_refbox/vinardo/posebusters/6TW5_9M2.sdf.gz	4040	2026-09-23T07:24:17+08:00
arm	A1_refconf_refbox	vinardo	posebusters	6TW7_NZB	20260922	ok		5	-11.6	vinardo	kcal/mol (empirical score, not a measured free energy)	3.995	49.111	60.156	25.0	8	refconf	/home/qasim/vgb_bench_data/prepared/receptors/posebusters/6TW7_NZB/receptor.pdbqt	52.55	181.9	5	/home/qasim/vgb_bench_data/poses/A1_refconf_refbox/vinardo/posebusters/6TW7_NZB.sdf.gz	3661	2026-09-23T07:24:40+08:00
arm	A1_refconf_refbox	vinardo	posebusters	6XM9_V55	20260922	ok		5	-6.9	vinardo	kcal/mol (empirical score, not a measured free energy)	22.094	9.874	34.445	25.0	8	refconf	/home/qasim/vgb_bench_data/prepared/receptors/posebusters/6XM9_V55/receptor.pdbqt	8.27	182.0	5	/home/qasim/vgb_bench_data/poses/A1_refconf_refbox/vinardo/posebusters/6XM9_V55.sdf.gz	1476	2026-09-23T07:25:32+08:00
arm	A1_refconf_refbox	vinardo	posebusters	6YJA_2BA	20260922	failed	vinardo: ATOM      8  C   UNL     1      -0.578   0.419  15.590  1.00  0.00    +0.180 CG0			vinardo	kcal/mol (empirical score, not a measured free energy)	1.763	3.417	15.135	25.0	8	refconf	/home/qasim/vgb_bench_data/prepared/receptors/posebusters/6YJA_2BA/receptor.pdbqt	0.08		5			2026-09-23T07:25:41+08:00
arm	A1_refconf_refbox	vinardo	posebusters	6XG5_TOP	20260922	ok		5	-10.0	vinardo	kcal/mol (empirical score, not a measured free energy)	-8.046	28.262	17.29	25.0	8	refconf	/home/qasim/vgb_bench_data/prepared/receptors/posebusters/6XG5_TOP/receptor.pdbqt	27.72	181.9	5	/home/qasim/vgb_bench_data/poses/A1_refconf_refbox/vinardo/posebusters/6XG5_TOP.sdf.gz	2698	2026-09-23T07:25:20+08:00
arm	A1_refconf_refbox	vinardo	posebusters	6YQV_8K2	20260922	ok		5	-4.8	vinardo	kcal/mol (empirical score, not a measured free energy)	12.188	-11.05	22.298	25.0	8	refconf	/home/qasim/vgb_bench_data/prepared/receptors/posebusters/6YQV_8K2/receptor.pdbqt	6.23	181.9	5	/home/qasim/vgb_bench_data/poses/A1_refconf_refbox/vinardo/posebusters/6YQV_8K2.sdf.gz	1192	2026-09-23T07:25:48+08:00
arm	A1_refconf_refbox	vinardo	posebusters	6YQW_82I	20260922	ok		5	-6.4	vinardo	kcal/mol (empirical score, not a measured free energy)	-0.156	13.573	11.303	25.0	8	refconf	/home/qasim/vgb_bench_data/prepared/receptors/posebusters/6YQW_82I/receptor.pdbqt	5.69	181.9	5	/home/qasim/vgb_bench_data/poses/A1_refconf_refbox/vinardo/posebusters/6YQW_82I.sdf.gz	1440	2026-09-23T07:25:54+08:00
arm	A1_refconf_refbox	vinardo	posebusters	6YR2_T1C	20260922	ok		4	-9.6	vinardo	kcal/mol (empirical score, not a measured free energy)	38.373	13.166	10.108	25.0	8	refconf	/home/qasim/vgb_bench_data/prepared/receptors/posebusters/6YR2_T1C/receptor.pdbqt	87.9	181.9	5	/home/qasim/vgb_bench_data/poses/A1_refconf_refbox/vinardo/posebusters/6YR2_T1C.sdf.gz	4516	2026-09-23T07:26:00+08:00
arm	A1_refconf_refbox	vinardo	posebusters	6VTA_AKN	20260922	ok		5	-8.8	vinardo	kcal/mol (empirical score, not a measured free energy)	92.745	8.791	30.717	25.0	8	refconf	/home/qasim/vgb_bench_data/prepared/receptors/posebusters/6VTA_AKN/receptor.pdbqt	171.95	181.6	5	/home/qasim/vgb_bench_data/poses/A1_refconf_refbox/vinardo/posebusters/6VTA_AKN.sdf.gz	5792	2026-09-23T07:24:46+08:00
arm	A1_refconf_refbox	vinardo	posebusters	6YSP_PAL	20260922	ok		3	-11.4	vinardo	kcal/mol (empirical score, not a measured free energy)	21.246	29.544	-33.519	25.0	8	refconf	/home/qasim/vgb_bench_data/prepared/receptors/posebusters/6YSP_PAL/receptor.pdbqt	22.25	181.9	5	/home/qasim/vgb_bench_data/poses/A1_refconf_refbox/vinardo/posebusters/6YSP_PAL.sdf.gz	1293	2026-09-23T07:27:38+08:00
arm	A1_refconf_refbox	vinardo	posebusters	6XCT_478	20260922	ok		5	-8.9	vinardo	kcal/mol (empirical score, not a measured free energy)	12.718	15.878	-10.671	25.0	8	refconf	/home/qasim/vgb_bench_data/prepared/receptors/posebusters/6XCT_478/receptor.pdbqt	169.74	181.9	5	/home/qasim/vgb_bench_data/poses/A1_refconf_refbox/vinardo/posebusters/6XCT_478.sdf.gz	4853	2026-09-23T07:25:17+08:00
arm	A1_refconf_refbox	vinardo	posebusters	6YRV_PJ8	20260922	ok		5	-10.6	vinardo	kcal/mol (empirical score, not a measured free energy)	23.416	52.629	20.556	25.0	8	refconf	/home/qasim/vgb_bench_data/prepared/receptors/posebusters/6YRV_PJ8/receptor.pdbqt	45.65	182.0	5	/home/qasim/vgb_bench_data/poses/A1_refconf_refbox/vinardo/posebusters/6YRV_PJ8.sdf.gz	3662	2026-09-23T07:27:28+08:00
arm	A1_refconf_refbox	vinardo	posebusters	6Z0R_Q4H	20260922	ok		5	-5.0	vinardo	kcal/mol (empirical score, not a measured free energy)	34.603	13.784	54.536	25.0	8	refconf	/home/qasim/vgb_bench_data/prepared/receptors/posebusters/6Z0R_Q4H/receptor.pdbqt	5.0	182.0	5	/home/qasim/vgb_bench_data/poses/A1_refconf_refbox/vinardo/posebusters/6Z0R_Q4H.sdf.gz	1105	2026-09-23T07:28:13+08:00
arm	A1_refconf_refbox	vinardo	posebusters	6YMS_OZH	20260922	ok		5	-9.9	vinardo	kcal/mol (empirical score, not a measured free energy)	35.979	39.482	-4.885	25.0	8	refconf	/home/qasim/vgb_bench_data/prepared/receptors/posebusters/6YMS_OZH/receptor.pdbqt	160.66	182.0	5	/home/qasim/vgb_bench_data/poses/A1_refconf_refbox/vinardo/posebusters/6YMS_OZH.sdf.gz	4651	2026-09-23T07:25:41+08:00
arm	A1_refconf_refbox	vinardo	posebusters	6YYO_Q1K	20260922	ok		5	-6.6	vinardo	kcal/mol (empirical score, not a measured free energy)	13.714	19.724	22.568	25.0	8	refconf	/home/qasim/vgb_bench_data/prepared/receptors/posebusters/6YYO_Q1K/receptor.pdbqt	15.17	182.0	5	/home/qasim/vgb_bench_data/poses/A1_refconf_refbox/vinardo/posebusters/6YYO_Q1K.sdf.gz	2356	2026-09-23T07:28:07+08:00
arm	A1_refconf_refbox	vinardo	posebusters	6Z14_Q4Z	20260922	ok		5	-7.7	vinardo	kcal/mol (empirical score, not a measured free energy)	16.59	9.659	11.149	25.0	8	refconf	/home/qasim/vgb_bench_data/prepared/receptors/posebusters/6Z14_Q4Z/receptor.pdbqt	18.09	182.0	5	/home/qasim/vgb_bench_data/poses/A1_refconf_refbox/vinardo/posebusters/6Z14_Q4Z.sdf.gz	2233	2026-09-23T07:28:18+08:00
arm	A1_refconf_refbox	vinardo	posebusters	6XHT_V2V	20260922	ok		5	-8.1	vinardo	kcal/mol (empirical score, not a measured free energy)	10.645	-7.429	107.503	25.0	8	refconf	/home/qasim/vgb_bench_data/prepared/receptors/posebusters/6XHT_V2V/receptor.pdbqt	188.83	182.0	5	/home/qasim/vgb_bench_data/poses/A1_refconf_refbox/vinardo/posebusters/6XHT_V2V.sdf.gz	4204	2026-09-23T07:25:31+08:00
arm	A1_refconf_refbox	vinardo	posebusters	6Z1C_7EY	20260922	ok		5	-8.6	vinardo	kcal/mol (empirical score, not a measured free energy)	8.293	-4.518	22.297	25.0	8	refconf	/home/qasim/vgb_bench_data/prepared/receptors/posebusters/6Z1C_7EY/receptor.pdbqt	35.99	182.0	5	/home/qasim/vgb_bench_data/poses/A1_refconf_refbox/vinardo/posebusters/6Z1C_7EY.sdf.gz	2590	2026-09-23T07:28:21+08:00
arm	A1_refconf_refbox	vinardo	posebusters	6Z4N_Q7B	20260922	ok		5	-6.8	vinardo	kcal/mol (empirical score, not a measured free energy)	22.93	12.537	64.95	25.0	8	refconf	/home/qasim/vgb_bench_data/prepared/receptors/posebusters/6Z4N_Q7B/receptor.pdbqt	26.18	182.0	5	/home/qasim/vgb_bench_data/poses/A1_refconf_refbox/vinardo/posebusters/6Z4N_Q7B.sdf.gz	2718	2026-09-23T07:28:37+08:00
arm	A1_refconf_refbox	vinardo	posebusters	6Z2C_Q5E	20260922	ok		5	-10.8	vinardo	kcal/mol (empirical score, not a measured free energy)	-19.672	5.854	-11.941	25.0	8	refconf	/home/qasim/vgb_bench_data/prepared/receptors/posebusters/6Z2C_Q5E/receptor.pdbqt	42.51	182.0	5	/home/qasim/vgb_bench_data/poses/A1_refconf_refbox/vinardo/posebusters/6Z2C_Q5E.sdf.gz	2744	2026-09-23T07:28:22+08:00
arm	A1_refconf_refbox	vinardo	posebusters	6ZC3_JOR	20260922	ok		5	-6.2	vinardo	kcal/mol (empirical score, not a measured free energy)	-20.217	35.187	4.882	25.0	8	refconf	/home/qasim/vgb_bench_data/prepared/receptors/posebusters/6ZC3_JOR/receptor.pdbqt	12.32	182.0	5	/home/qasim/vgb_bench_data/poses/A1_refconf_refbox/vinardo/posebusters/6ZC3_JOR.sdf.gz	1756	2026-09-23T07:28:57+08:00
arm	A1_refconf_refbox	vinardo	posebusters	6ZK5_IMH	20260922	ok		5	-8.3	vinardo	kcal/mol (empirical score, not a measured free energy)	-12.611	-9.651	-1.954	25.0	8	refconf	/home/qasim/vgb_bench_data/prepared/receptors/posebusters/6ZK5_IMH/receptor.pdbqt	20.95	182.0	5	/home/qasim/vgb_bench_data/poses/A1_refconf_refbox/vinardo/posebusters/6ZK5_IMH.sdf.gz	2388	2026-09-23T07:29:04+08:00
arm	A1_refconf_refbox	vinardo	posebusters	6ZPB_3D1	20260922	ok		5	-8.2	vinardo	kcal/mol (empirical score, not a measured free energy)	-6.229	17.988	-9.18	25.0	8	refconf	/home/qasim/vgb_bench_data/prepared/receptors/posebusters/6ZPB_3D1/receptor.pdbqt	16.31	182.0	5	/home/qasim/vgb_bench_data/poses/A1_refconf_refbox/vinardo/posebusters/6ZPB_3D1.sdf.gz	2304	2026-09-23T07:29:10+08:00
arm	A1_refconf_refbox	vinardo	posebusters	7A9E_R4W	20260922	ok		5	-3.1	vinardo	kcal/mol (empirical score, not a measured free energy)	20.65	32.141	-8.804	25.0	8	refconf	/home/qasim/vgb_bench_data/prepared/receptors/posebusters/7A9E_R4W/receptor.pdbqt	3.16	182.0	5	/home/qasim/vgb_bench_data/poses/A1_refconf_refbox/vinardo/posebusters/7A9E_R4W.sdf.gz	1177	2026-09-23T07:29:26+08:00
arm	A1_refconf_refbox	vinardo	posebusters	6YT6_PKE	20260922	ok		5	-9.5	vinardo	kcal/mol (empirical score, not a measured free energy)	2.505	6.105	-21.643	25.0	8	refconf	/home/qasim/vgb_bench_data/prepared/receptors/posebusters/6YT6_PKE/receptor.pdbqt	90.27	181.9	5	/home/qasim/vgb_bench_data/poses/A1_refconf_refbox/vinardo/posebusters/6YT6_PKE.sdf.gz	3614	2026-09-23T07:28:01+08:00
arm	A1_refconf_refbox	vinardo	posebusters	6ZAE_ACV	20260922	ok		5	-6.4	vinardo	kcal/mol (empirical score, not a measured free energy)	53.622	78.349	7.904	25.0	8	refconf	/home/qasim/vgb_bench_data/prepared/receptors/posebusters/6ZAE_ACV/receptor.pdbqt	57.36	182.2	5	/home/qasim/vgb_bench_data/poses/A1_refconf_refbox/vinardo/posebusters/6ZAE_ACV.sdf.gz	3472	2026-09-23T07:28:40+08:00
arm	A1_refconf_refbox	vinardo	posebusters	7A1P_QW2	20260922	ok		5	-7.0	vinardo	kcal/mol (empirical score, not a measured free energy)	19.825	-25.135	7.844	25.0	8	refconf	/home/qasim/vgb_bench_data/prepared/receptors/posebusters/7A1P_QW2/receptor.pdbqt	17.37	182.0	5	/home/qasim/vgb_bench_data/poses/A1_refconf_refbox/vinardo/posebusters/7A1P_QW2.sdf.gz	1882	2026-09-23T07:29:25+08:00
arm	A1_refconf_refbox	vinardo	posebusters	7AFX_R9K	20260922	ok		5	-9.7	vinardo	kcal/mol (empirical score, not a measured free energy)	-24.307	0.768	61.87	25.0	8	refconf	/home/qasim/vgb_bench_data/prepared/receptors/posebusters/7AFX_R9K/receptor.pdbqt	15.37	181.9	5	/home/qasim/vgb_bench_data/poses/A1_refconf_refbox/vinardo/posebusters/7AFX_R9K.sdf.gz	2312	2026-09-23T07:29:31+08:00
arm	A1_refconf_refbox	vinardo	posebusters	7B2C_TP7	20260922	failed	vinardo: ATOM      1  XE  XE  A1208     -15.408  10.179  53.240  1.00  0.00    +0.000 Xe			vinardo	kcal/mol (empirical score, not a measured free energy)	1.81	1.75	45.652	25.0	8	refconf	/home/qasim/vgb_bench_data/prepared/receptors/posebusters/7B2C_TP7/receptor.pdbqt	0.02		5			2026-09-23T07:29:46+08:00
arm	A1_refconf_refbox	vinardo	posebusters	7AKL_RK5	20260922	ok		4	-11.2	vinardo	kcal/mol (empirical score, not a measured free energy)	42.977	5.463	13.376	25.0	8	refconf	/home/qasim/vgb_bench_data/prepared/receptors/posebusters/7AKL_RK5/receptor.pdbqt	11.78	182.2	5	/home/qasim/vgb_bench_data/poses/A1_refconf_refbox/vinardo/posebusters/7AKL_RK5.sdf.gz	1981	2026-09-23T07:29:38+08:00
arm	A1_refconf_refbox	vinardo	posebusters	7AN5_RDH	20260922	ok		4	-8.4	vinardo	kcal/mol (empirical score, not a measured free energy)	5.449	-18.646	26.998	25.0	8	refconf	/home/qasim/vgb_bench_data/prepared/receptors/posebusters/7AN5_RDH/receptor.pdbqt	17.27	182.0	5	/home/qasim/vgb_bench_data/poses/A1_refconf_refbox/vinardo/posebusters/7AN5_RDH.sdf.gz	1437	2026-09-23T07:29:43+08:00
arm	A1_refconf_refbox	vinardo	posebusters	7BJJ_TVW	20260922	ok		5	-4.8	vinardo	kcal/mol (empirical score, not a measured free energy)	5.613	-3.024	19.029	25.0	8	refconf	/home/qasim/vgb_bench_data/prepared/receptors/posebusters/7BJJ_TVW/receptor.pdbqt	3.85	182.0	5	/home/qasim/vgb_bench_data/poses/A1_refconf_refbox/vinardo/posebusters/7BJJ_TVW.sdf.gz	1248	2026-09-23T07:30:00+08:00
arm	A1_refconf_refbox	vinardo	posebusters	7BCP_GCO	20260922	ok		5	-7.9	vinardo	kcal/mol (empirical score, not a measured free energy)	-20.363	4.632	-3.678	25.0	8	refconf	/home/qasim/vgb_bench_data/prepared/receptors/posebusters/7BCP_GCO/receptor.pdbqt	15.28	182.2	5	/home/qasim/vgb_bench_data/poses/A1_refconf_refbox/vinardo/posebusters/7BCP_GCO.sdf.gz	1863	2026-09-23T07:29:49+08:00
arm	A1_refconf_refbox	vinardo	posebusters	6ZCY_QF8	20260922	ok		4	-11.4	vinardo	kcal/mol (empirical score, not a measured free energy)	1.39	0.927	13.687	25.0	8	refconf	/home/qasim/vgb_bench_data/prepared/receptors/posebusters/6ZCY_QF8/receptor.pdbqt	67.53	182.0	5	/home/qasim/vgb_bench_data/poses/A1_refconf_refbox/vinardo/posebusters/6ZCY_QF8.sdf.gz	3370	2026-09-23T07:29:03+08:00
arm	A1_refconf_refbox	vinardo	posebusters	7BKA_4JC	20260922	ok		5	-7.2	vinardo	kcal/mol (empirical score, not a measured free energy)	18.965	52.713	12.854	25.0	8	refconf	/home/qasim/vgb_bench_data/prepared/receptors/posebusters/7BKA_4JC/receptor.pdbqt	9.76	182.0	5	/home/qasim/vgb_bench_data/poses/A1_refconf_refbox/vinardo/posebusters/7BKA_4JC.sdf.gz	1739	2026-09-23T07:30:04+08:00
arm	A1_refconf_refbox	vinardo	posebusters	7BMI_U4B	20260922	ok		5	-7.1	vinardo	kcal/mol (empirical score, not a measured free energy)	57.954	17.442	14.831	25.0	8	refconf	/home/qasim/vgb_bench_data/prepared/receptors/posebusters/7BMI_U4B/receptor.pdbqt	10.58	182.2	5	/home/qasim/vgb_bench_data/poses/A1_refconf_refbox/vinardo/posebusters/7BMI_U4B.sdf.gz	1292	2026-09-23T07:30:05+08:00
arm	A1_refconf_refbox	vinardo	posebusters	7BNH_BEZ	20260922	ok		5	-5.2	vinardo	kcal/mol (empirical score, not a measured free energy)	-9.21	2.666	8.903	25.0	8	refconf	/home/qasim/vgb_bench_data/prepared/receptors/posebusters/7BNH_BEZ/receptor.pdbqt	5.18	182.0	5	/home/qasim/vgb_bench_data/poses/A1_refconf_refbox/vinardo/posebusters/7BNH_BEZ.sdf.gz	1218	2026-09-23T07:30:10+08:00
arm	A1_refconf_refbox	vinardo	posebusters	7C3U_AZG	20260922	ok		5	-7.2	vinardo	kcal/mol (empirical score, not a measured free energy)	32.753	38.576	27.124	25.0	8	refconf	/home/qasim/vgb_bench_data/prepared/receptors/posebusters/7C3U_AZG/receptor.pdbqt	4.85	182.0	5	/home/qasim/vgb_bench_data/poses/A1_refconf_refbox/vinardo/posebusters/7C3U_AZG.sdf.gz	1169	2026-09-23T07:30:15+08:00
arm	A1_refconf_refbox	vinardo	posebusters	7C8Q_DSG	20260922	ok		5	-6.3	vinardo	kcal/mol (empirical score, not a measured free energy)	-45.884	30.457	11.658	25.0	8	refconf	/home/qasim/vgb_bench_data/prepared/receptors/posebusters/7C8Q_DSG/receptor.pdbqt	9.07	182.0	5	/home/qasim/vgb_bench_data/poses/A1_refconf_refbox/vinardo/posebusters/7C8Q_DSG.sdf.gz	1346	2026-09-23T07:30:20+08:00
arm	A1_refconf_refbox	vinardo	posebusters	7A9H_TPP	20260922	ok		5	-9.5	vinardo	kcal/mol (empirical score, not a measured free energy)	1.809	9.853	-18.95	25.0	8	refconf	/home/qasim/vgb_bench_data/prepared/receptors/posebusters/7A9H_TPP/receptor.pdbqt	73.95	182.0	5	/home/qasim/vgb_bench_data/poses/A1_refconf_refbox/vinardo/posebusters/7A9H_TPP.sdf.gz	3134	2026-09-23T07:29:29+08:00
arm	A1_refconf_refbox	vinardo	posebusters	7CIJ_G0C	20260922	ok		5	-9.5	vinardo	kcal/mol (empirical score, not a measured free energy)	26.721	-11.345	57.953	25.0	8	refconf	/home/qasim/vgb_bench_data/prepared/receptors/posebusters/7CIJ_G0C/receptor.pdbqt	41.17	182.0	5	/home/qasim/vgb_bench_data/poses/A1_refconf_refbox/vinardo/posebusters/7CIJ_G0C.sdf.gz	2846	2026-09-23T07:30:43+08:00
arm	A1_refconf_refbox	vinardo	posebusters	7CD9_FVR	20260922	ok		5	-14.3	vinardo	kcal/mol (empirical score, not a measured free energy)	17.485	8.313	13.221	25.0	8	refconf	/home/qasim/vgb_bench_data/prepared/receptors/posebusters/7CD9_FVR/receptor.pdbqt	58.32	182.0	5	/home/qasim/vgb_bench_data/poses/A1_refconf_refbox/vinardo/posebusters/7CD9_FVR.sdf.gz	4252	2026-09-23T07:30:29+08:00
arm	A1_refconf_refbox	vinardo	posebusters	7CNQ_G8X	20260922	ok		5	-7.0	vinardo	kcal/mol (empirical score, not a measured free energy)	-0.735	12.938	63.532	25.0	8	refconf	/home/qasim/vgb_bench_data/prepared/receptors/posebusters/7CNQ_G8X/receptor.pdbqt	6.55	182.0	5	/home/qasim/vgb_bench_data/poses/A1_refconf_refbox/vinardo/posebusters/7CNQ_G8X.sdf.gz	1495	2026-09-23T07:31:28+08:00
arm	A1_refconf_refbox	vinardo	posebusters	7CL8_TES	20260922	ok		4	-8.2	vinardo	kcal/mol (empirical score, not a measured free energy)	17.879	-6.196	-23.977	25.0	8	refconf	/home/qasim/vgb_bench_data/prepared/receptors/posebusters/7CL8_TES/receptor.pdbqt	12.02	182.0	5	/home/qasim/vgb_bench_data/poses/A1_refconf_refbox/vinardo/posebusters/7CL8_TES.sdf.gz	2838	2026-09-23T07:31:24+08:00
arm	A1_refconf_refbox	vinardo	posebusters	7B94_ANP	20260922	ok		5	-9.8	vinardo	kcal/mol (empirical score, not a measured free energy)	-30.843	-3.904	16.588	25.0	8	refconf	/home/qasim/vgb_bench_data/prepared/receptors/posebusters/7B94_ANP/receptor.pdbqt	110.3	181.9	5	/home/qasim/vgb_bench_data/poses/A1_refconf_refbox/vinardo/posebusters/7B94_ANP.sdf.gz	3431	2026-09-23T07:29:46+08:00
arm	A1_refconf_refbox	vinardo	posebusters	7CUO_PHB	20260922	ok		5	-6.7	vinardo	kcal/mol (empirical score, not a measured free energy)	21.572	14.329	62.51	25.0	8	refconf	/home/qasim/vgb_bench_data/prepared/receptors/posebusters/7CUO_PHB/receptor.pdbqt	5.51	181.9	5	/home/qasim/vgb_bench_data/poses/A1_refconf_refbox/vinardo/posebusters/7CUO_PHB.sdf.gz	1254	2026-09-23T07:31:37+08:00
arm	A1_refconf_refbox	vinardo	posebusters	7CTM_BDP	20260922	ok		5	-6.6	vinardo	kcal/mol (empirical score, not a measured free energy)	-1.362	-6.082	107.601	25.0	8	refconf	/home/qasim/vgb_bench_data/prepared/receptors/posebusters/7CTM_BDP/receptor.pdbqt	8.14	182.0	5	/home/qasim/vgb_bench_data/poses/A1_refconf_refbox/vinardo/posebusters/7CTM_BDP.sdf.gz	1715	2026-09-23T07:31:36+08:00
arm	A1_refconf_refbox	vinardo	posebusters	7D6O_MTE	20260922	failed	vinardo: ATOM      1  MO  MOS A1404      65.162  25.480  32.582  1.00  0.00    +0.000 Mo			vinardo	kcal/mol (empirical score, not a measured free energy)	64.772	-21.57	48.824	25.0	8	refconf	/home/qasim/vgb_bench_data/prepared/receptors/posebusters/7D6O_MTE/receptor.pdbqt	0.03		5			2026-09-23T07:31:44+08:00
arm	A1_refconf_refbox	vinardo	posebusters	7DKT_GLF	20260922	ok		5	-6.4	vinardo	kcal/mol (empirical score, not a measured free energy)	58.238	67.0	60.483	25.0	8	refconf	/home/qasim/vgb_bench_data/prepared/receptors/posebusters/7DKT_GLF/receptor.pdbqt	6.84	182.0	5	/home/qasim/vgb_bench_data/poses/A1_refconf_refbox/vinardo/posebusters/7DKT_GLF.sdf.gz	1747	2026-09-23T07:31:45+08:00
arm	A1_refconf_refbox	vinardo	posebusters	7CNS_PMV	20260922	ok		4	-9.1	vinardo	kcal/mol (empirical score, not a measured free energy)	1.683	-20.259	-18.881	25.0	8	refconf	/home/qasim/vgb_bench_data/prepared/receptors/posebusters/7CNS_PMV/receptor.pdbqt	19.05	182.0	5	/home/qasim/vgb_bench_data/poses/A1_refconf_refbox/vinardo/posebusters/7CNS_PMV.sdf.gz	1621	2026-09-23T07:31:34+08:00
arm	A1_refconf_refbox	vinardo	posebusters	7DQL_4CL	20260922	ok		5	-5.4	vinardo	kcal/mol (empirical score, not a measured free energy)	-2.259	-9.174	6.37	25.0	8	refconf	/home/qasim/vgb_bench_data/prepared/receptors/posebusters/7DQL_4CL/receptor.pdbqt	4.29	182.0	5	/home/qasim/vgb_bench_data/poses/A1_refconf_refbox/vinardo/posebusters/7DQL_4CL.sdf.gz	1173	2026-09-23T07:31:51+08:00
arm	A1_refconf_refbox	vinardo	posebusters	7E4L_MDN	20260922	ok		5	-5.8	vinardo	kcal/mol (empirical score, not a measured free energy)	-3.652	5.191	-5.315	25.0	8	refconf	/home/qasim/vgb_bench_data/prepared/receptors/posebusters/7E4L_MDN/receptor.pdbqt	7.01	182.0	5	/home/qasim/vgb_bench_data/poses/A1_refconf_refbox/vinardo/posebusters/7E4L_MDN.sdf.gz	1174	2026-09-23T07:31:56+08:00
arm	A1_refconf_refbox	vinardo	posebusters	7EBG_J0L	20260922	ok		5	-6.7	vinardo	kcal/mol (empirical score, not a measured free energy)	-14.65	10.2	24.224	25.0	8	refconf	/home/qasim/vgb_bench_data/prepared/receptors/posebusters/7EBG_J0L/receptor.pdbqt	9.08	182.0	5	/home/qasim/vgb_bench_data/poses/A1_refconf_refbox/vinardo/posebusters/7EBG_J0L.sdf.gz	2106	2026-09-23T07:32:03+08:00
arm	A1_refconf_refbox	vinardo	posebusters	7ECR_SIN	20260922	ok		5	-5.6	vinardo	kcal/mol (empirical score, not a measured free energy)	-58.561	-27.966	-41.428	25.0	8	refconf	/home/qasim/vgb_bench_data/prepared/receptors/posebusters/7ECR_SIN/receptor.pdbqt	7.45	182.0	5	/home/qasim/vgb_bench_data/poses/A1_refconf_refbox/vinardo/posebusters/7ECR_SIN.sdf.gz	1145	2026-09-23T07:32:12+08:00
arm	A1_refconf_refbox	vinardo	posebusters	7DUA_HJ0	20260922	ok		5	-9.2	vinardo	kcal/mol (empirical score, not a measured free energy)	25.195	13.156	-25.513	25.0	8	refconf	/home/qasim/vgb_bench_data/prepared/receptors/posebusters/7DUA_HJ0/receptor.pdbqt	27.66	182.0	5	/home/qasim/vgb_bench_data/poses/A1_refconf_refbox/vinardo/posebusters/7DUA_HJ0.sdf.gz	2845	2026-09-23T07:31:53+08:00
arm	A1_refconf_refbox	vinardo	posebusters	7BTT_F8R	20260922	ok		5	-10.1	vinardo	kcal/mol (empirical score, not a measured free energy)	5.141	18.87	7.298	25.0	8	refconf	/home/qasim/vgb_bench_data/prepared/receptors/posebusters/7BTT_F8R/receptor.pdbqt	150.38	182.0	5	/home/qasim/vgb_bench_data/poses/A1_refconf_refbox/vinardo/posebusters/7BTT_F8R.sdf.gz	4989	2026-09-23T07:30:14+08:00
arm	A1_refconf_refbox	vinardo	posebusters	7ED2_A3P	20260922	ok		4	-11.7	vinardo	kcal/mol (empirical score, not a measured free energy)	-22.241	-19.733	12.747	25.0	8	refconf	/home/qasim/vgb_bench_data/prepared/receptors/posebusters/7ED2_A3P/receptor.pdbqt	51.07	182.0	5	/home/qasim/vgb_bench_data/poses/A1_refconf_refbox/vinardo/posebusters/7ED2_A3P.sdf.gz	2439	2026-09-23T07:32:19+08:00
arm	A1_refconf_refbox	vinardo	posebusters	7D5C_GV6	20260922	ok		5	-9.7	vinardo	kcal/mol (empirical score, not a measured free energy)	9.843	6.327	39.057	25.0	8	refconf	/home/qasim/vgb_bench_data/prepared/receptors/posebusters/7D5C_GV6/receptor.pdbqt	124.5	181.9	5	/home/qasim/vgb_bench_data/poses/A1_refconf_refbox/vinardo/posebusters/7D5C_GV6.sdf.gz	3918	2026-09-23T07:31:42+08:00
arm	A1_refconf_refbox	vinardo	posebusters	7C0U_FGO	20260922	ok		4	-15.4	vinardo	kcal/mol (empirical score, not a measured free energy)	41.828	13.674	54.027	25.0	8	refconf	/home/qasim/vgb_bench_data/prepared/receptors/posebusters/7C0U_FGO/receptor.pdbqt	227.1	182.2	5	/home/qasim/vgb_bench_data/poses/A1_refconf_refbox/vinardo/posebusters/7C0U_FGO.sdf.gz	4082	2026-09-23T07:30:15+08:00
arm	A1_refconf_refbox	vinardo	posebusters	7ES1_UDP	20260922	ok		5	-11.2	vinardo	kcal/mol (empirical score, not a measured free energy)	12.637	7.16	19.36	25.0	8	refconf	/home/qasim/vgb_bench_data/prepared/receptors/posebusters/7ES1_UDP/receptor.pdbqt	59.37	182.0	5	/home/qasim/vgb_bench_data/poses/A1_refconf_refbox/vinardo/posebusters/7ES1_UDP.sdf.gz	2803	2026-09-23T07:33:10+08:00
arm	A1_refconf_refbox	vinardo	posebusters	7F5D_EUO	20260922	ok		5	-9.3	vinardo	kcal/mol (empirical score, not a measured free energy)	7.48	-5.083	29.65	25.0	8	refconf	/home/qasim/vgb_bench_data/prepared/receptors/posebusters/7F5D_EUO/receptor.pdbqt	21.19	182.2	5	/home/qasim/vgb_bench_data/poses/A1_refconf_refbox/vinardo/posebusters/7F5D_EUO.sdf.gz	2527	2026-09-23T07:34:02+08:00
arm	A1_refconf_refbox	vinardo	posebusters	7FB7_8NF	20260922	ok		5	-5.6	vinardo	kcal/mol (empirical score, not a measured free energy)	15.034	21.773	41.355	25.0	8	refconf	/home/qasim/vgb_bench_data/prepared/receptors/posebusters/7FB7_8NF/receptor.pdbqt	3.61	182.2	5	/home/qasim/vgb_bench_data/poses/A1_refconf_refbox/vinardo/posebusters/7FB7_8NF.sdf.gz	1454	2026-09-23T07:34:24+08:00
arm	A1_refconf_refbox	vinardo	posebusters	7ELT_TYM	20260922	ok		5	-14.9	vinardo	kcal/mol (empirical score, not a measured free energy)	12.718	46.834	13.538	25.0	8	refconf	/home/qasim/vgb_bench_data/prepared/receptors/posebusters/7ELT_TYM/receptor.pdbqt	150.12	182.0	5	/home/qasim/vgb_bench_data/poses/A1_refconf_refbox/vinardo/posebusters/7ELT_TYM.sdf.gz	4233	2026-09-23T07:32:21+08:00
arm	A1_refconf_refbox	vinardo	posebusters	7FHA_ADX	20260922	ok		5	-10.3	vinardo	kcal/mol (empirical score, not a measured free energy)	-4.043	-0.347	-2.421	25.0	8	refconf	/home/qasim/vgb_bench_data/prepared/receptors/posebusters/7FHA_ADX/receptor.pdbqt	63.88	182.2	5	/home/qasim/vgb_bench_data/poses/A1_refconf_refbox/vinardo/posebusters/7FHA_ADX.sdf.gz	2828	2026-09-23T07:34:27+08:00
arm	A1_refconf_refbox	vinardo	posebusters	7FT9_4MB	20260922	ok		5	-5.8	vinardo	kcal/mol (empirical score, not a measured free energy)	1.097	6.755	-31.534	25.0	8	refconf	/home/qasim/vgb_bench_data/prepared/receptors/posebusters/7FT9_4MB/receptor.pdbqt	11.83	182.2	5	/home/qasim/vgb_bench_data/poses/A1_refconf_refbox/vinardo/posebusters/7FT9_4MB.sdf.gz	1756	2026-09-23T07:35:31+08:00
arm	A1_refconf_refbox	vinardo	posebusters	7FRX_O88	20260922	ok		5	-14.5	vinardo	kcal/mol (empirical score, not a measured free energy)	83.384	-43.063	65.725	25.0	8	refconf	/home/qasim/vgb_bench_data/prepared/receptors/posebusters/7FRX_O88/receptor.pdbqt	65.89	182.0	5	/home/qasim/vgb_bench_data/poses/A1_refconf_refbox/vinardo/posebusters/7FRX_O88.sdf.gz	3230	2026-09-23T07:34:51+08:00
arm	A1_refconf_refbox	vinardo	posebusters	7JG0_GAR	20260922	ok		5	-7.1	vinardo	kcal/mol (empirical score, not a measured free energy)	-31.664	19.825	35.195	25.0	8	refconf	/home/qasim/vgb_bench_data/prepared/receptors/posebusters/7JG0_GAR/receptor.pdbqt	26.88	182.2	5	/home/qasim/vgb_bench_data/poses/A1_refconf_refbox/vinardo/posebusters/7JG0_GAR.sdf.gz	2352	2026-09-23T07:35:43+08:00
arm	A1_refconf_refbox	vinardo	posebusters	7JHQ_VAJ	20260922	ok		5	-7.5	vinardo	kcal/mol (empirical score, not a measured free energy)	37.676	-39.242	12.94	25.0	8	refconf	/home/qasim/vgb_bench_data/prepared/receptors/posebusters/7JHQ_VAJ/receptor.pdbqt	16.69	182.0	5	/home/qasim/vgb_bench_data/poses/A1_refconf_refbox/vinardo/posebusters/7JHQ_VAJ.sdf.gz	2085	2026-09-23T07:35:57+08:00
arm	A1_refconf_refbox	vinardo	posebusters	7JXX_VP7	20260922	failed	vinardo: ATOM     21  C   UNL     1     176.196  22.190  49.167  1.00  0.00    +0.040 CG0			vinardo	kcal/mol (empirical score, not a measured free energy)	178.931	19.637	46.214	25.0	8	refconf	/home/qasim/vgb_bench_data/prepared/receptors/posebusters/7JXX_VP7/receptor.pdbqt	0.08		5			2026-09-23T07:36:14+08:00
arm	A1_refconf_refbox	vinardo	posebusters	7JMV_4NC	20260922	ok		5	-7.3	vinardo	kcal/mol (empirical score, not a measured free energy)	33.144	-26.928	-8.617	25.0	8	refconf	/home/qasim/vgb_bench_data/prepared/receptors/posebusters/7JMV_4NC/receptor.pdbqt	7.23	182.2	5	/home/qasim/vgb_bench_data/poses/A1_refconf_refbox/vinardo/posebusters/7JMV_4NC.sdf.gz	1277	2026-09-23T07:36:10+08:00
arm	A1_refconf_refbox	vinardo	posebusters	7JY3_VUD	20260922	ok		5	-7.3	vinardo	kcal/mol (empirical score, not a measured free energy)	4.736	-22.119	44.042	25.0	8	refconf	/home/qasim/vgb_bench_data/prepared/receptors/posebusters/7JY3_VUD/receptor.pdbqt	43.98	182.0	5	/home/qasim/vgb_bench_data/poses/A1_refconf_refbox/vinardo/posebusters/7JY3_VUD.sdf.gz	2948	2026-09-23T07:36:14+08:00
arm	A1_refconf_refbox	vinardo	posebusters	7KB1_WBJ	20260922	ok		4	-11.3	vinardo	kcal/mol (empirical score, not a measured free energy)	-1.286	-28.164	16.761	25.0	8	refconf	/home/qasim/vgb_bench_data/prepared/receptors/posebusters/7KB1_WBJ/receptor.pdbqt	39.53	182.0	5	/home/qasim/vgb_bench_data/poses/A1_refconf_refbox/vinardo/posebusters/7KB1_WBJ.sdf.gz	2172	2026-09-23T07:36:58+08:00
arm	A1_refconf_refbox	vinardo	posebusters	7K0V_VQP	20260922	ok		2	-14.7	vinardo	kcal/mol (empirical score, not a measured free energy)	3.975	1.37	-23.892	25.0	8	refconf	/home/qasim/vgb_bench_data/prepared/receptors/posebusters/7K0V_VQP/receptor.pdbqt	94.24	182.2	5	/home/qasim/vgb_bench_data/poses/A1_refconf_refbox/vinardo/posebusters/7K0V_VQP.sdf.gz	1903	2026-09-23T07:36:17+08:00
arm	A1_refconf_refbox	vinardo	posebusters	7F51_BA7	20260922	ok		5	-15.3	vinardo	kcal/mol (empirical score, not a measured free energy)	-2.288	5.657	9.419	25.0	8	refconf	/home/qasim/vgb_bench_data/prepared/receptors/posebusters/7F51_BA7/receptor.pdbqt	305.86	181.9	5	/home/qasim/vgb_bench_data/poses/A1_refconf_refbox/vinardo/posebusters/7F51_BA7.sdf.gz	4758	2026-09-23T07:33:47+08:00
arm	A1_refconf_refbox	vinardo	posebusters	7KC5_BJZ	20260922	ok		3	-11.4	vinardo	kcal/mol (empirical score, not a measured free energy)	-3.099	-18.237	16.805	25.0	8	refconf	/home/qasim/vgb_bench_data/prepared/receptors/posebusters/7KC5_BJZ/receptor.pdbqt	77.77	182.0	5	/home/qasim/vgb_bench_data/poses/A1_refconf_refbox/vinardo/posebusters/7KC5_BJZ.sdf.gz	2514	2026-09-23T07:37:37+08:00
arm	A1_refconf_refbox	vinardo	posebusters	7KQU_YOF	20260922	ok		3	-10.4	vinardo	kcal/mol (empirical score, not a measured free energy)	69.713	-2.107	75.053	25.0	8	refconf	/home/qasim/vgb_bench_data/prepared/receptors/posebusters/7KQU_YOF/receptor.pdbqt	15.23	182.0	5	/home/qasim/vgb_bench_data/poses/A1_refconf_refbox/vinardo/posebusters/7KQU_YOF.sdf.gz	1214	2026-09-23T07:38:52+08:00
arm	A1_refconf_refbox	vinardo	posebusters	7KZ9_XN7	20260922	ok		5	-6.5	vinardo	kcal/mol (empirical score, not a measured free energy)	-55.604	47.792	-18.144	25.0	8	refconf	/home/qasim/vgb_bench_data/prepared/receptors/posebusters/7KZ9_XN7/receptor.pdbqt	17.6	182.0	5	/home/qasim/vgb_bench_data/poses/A1_refconf_refbox/vinardo/posebusters/7KZ9_XN7.sdf.gz	1878	2026-09-23T07:39:08+08:00
arm	A1_refconf_refbox	vinardo	posebusters	7KM8_WPD	20260922	ok		5	-12.2	vinardo	kcal/mol (empirical score, not a measured free energy)	-21.641	-10.142	-23.129	25.0	8	refconf	/home/qasim/vgb_bench_data/prepared/receptors/posebusters/7KM8_WPD/receptor.pdbqt	122.17	182.2	5	/home/qasim/vgb_bench_data/poses/A1_refconf_refbox/vinardo/posebusters/7KM8_WPD.sdf.gz	3645	2026-09-23T07:37:51+08:00
arm	A1_refconf_refbox	vinardo	posebusters	7L00_XCJ	20260922	ok		3	-11.8	vinardo	kcal/mol (empirical score, not a measured free energy)	8.438	15.49	31.671	25.0	8	refconf	/home/qasim/vgb_bench_data/prepared/receptors/posebusters/7L00_XCJ/receptor.pdbqt	46.3	182.0	5	/home/qasim/vgb_bench_data/poses/A1_refconf_refbox/vinardo/posebusters/7L00_XCJ.sdf.gz	1921	2026-09-23T07:39:25+08:00
arm	A1_refconf_refbox	vinardo	posebusters	7L03_F9F	20260922	ok		4	-10.9	vinardo	kcal/mol (empirical score, not a measured free energy)	-40.818	-4.661	13.909	25.0	8	refconf	/home/qasim/vgb_bench_data/prepared/receptors/posebusters/7L03_F9F/receptor.pdbqt	42.79	182.2	5	/home/qasim/vgb_bench_data/poses/A1_refconf_refbox/vinardo/posebusters/7L03_F9F.sdf.gz	1948	2026-09-23T07:39:53+08:00
arm	A1_refconf_refbox	vinardo	posebusters	7KRU_ATP	20260922	ok		5	-12.9	vinardo	kcal/mol (empirical score, not a measured free energy)	46.09	39.899	203.468	25.0	8	refconf	/home/qasim/vgb_bench_data/prepared/receptors/posebusters/7KRU_ATP/receptor.pdbqt	114.0	182.0	5	/home/qasim/vgb_bench_data/poses/A1_refconf_refbox/vinardo/posebusters/7KRU_ATP.sdf.gz	3269	2026-09-23T07:38:55+08:00
arm	A1_refconf_refbox	vinardo	posebusters	7L7C_XQ1	20260922	ok		4	-10.9	vinardo	kcal/mol (empirical score, not a measured free energy)	19.386	-11.719	3.585	25.0	8	refconf	/home/qasim/vgb_bench_data/prepared/receptors/posebusters/7L7C_XQ1/receptor.pdbqt	21.69	182.2	5	/home/qasim/vgb_bench_data/poses/A1_refconf_refbox/vinardo/posebusters/7L7C_XQ1.sdf.gz	2121	2026-09-23T07:40:36+08:00
arm	A1_refconf_refbox	vinardo	posebusters	7L5F_XNG	20260922	ok		5	-7.8	vinardo	kcal/mol (empirical score, not a measured free energy)	11.027	36.226	24.089	25.0	8	refconf	/home/qasim/vgb_bench_data/prepared/receptors/posebusters/7L5F_XNG/receptor.pdbqt	51.56	182.0	5	/home/qasim/vgb_bench_data/poses/A1_refconf_refbox/vinardo/posebusters/7L5F_XNG.sdf.gz	3181	2026-09-23T07:40:12+08:00
arm	A1_refconf_refbox	vinardo	posebusters	7LEV_0JO	20260922	ok		2	-11.6	vinardo	kcal/mol (empirical score, not a measured free energy)	7.35	-2.396	22.005	25.0	8	refconf	/home/qasim/vgb_bench_data/prepared/receptors/posebusters/7LEV_0JO/receptor.pdbqt	34.76	182.2	5	/home/qasim/vgb_bench_data/poses/A1_refconf_refbox/vinardo/posebusters/7LEV_0JO.sdf.gz	1192	2026-09-23T07:40:58+08:00
arm	A1_refconf_refbox	vinardo	posebusters	7F8T_FAD	20260922	ok		5	-15.1	vinardo	kcal/mol (empirical score, not a measured free energy)	24.933	23.491	99.914	25.0	8	refconf	/home/qasim/vgb_bench_data/prepared/receptors/posebusters/7F8T_FAD/receptor.pdbqt	463.32	182.0	5	/home/qasim/vgb_bench_data/poses/A1_refconf_refbox/vinardo/posebusters/7F8T_FAD.sdf.gz	5910	2026-09-23T07:34:10+08:00
arm	A1_refconf_refbox	vinardo	posebusters	7LOE_Y84	20260922	ok		5	-7.2	vinardo	kcal/mol (empirical score, not a measured free energy)	40.588	-19.668	12.392	25.0	8	refconf	/home/qasim/vgb_bench_data/prepared/receptors/posebusters/7LOE_Y84/receptor.pdbqt	4.25	182.1	5	/home/qasim/vgb_bench_data/poses/A1_refconf_refbox/vinardo/posebusters/7LOE_Y84.sdf.gz	1420	2026-09-23T07:41:53+08:00
arm	A1_refconf_refbox	vinardo	posebusters	7EPV_FDA	20260922	ok		5	-12.5	vinardo	kcal/mol (empirical score, not a measured free energy)	5.474	-30.532	-4.519	25.0	8	refconf	/home/qasim/vgb_bench_data/prepared/receptors/posebusters/7EPV_FDA/receptor.pdbqt	559.67	182.1	5	/home/qasim/vgb_bench_data/poses/A1_refconf_refbox/vinardo/posebusters/7EPV_FDA.sdf.gz	5940	2026-09-23T07:32:44+08:00
arm	A1_refconf_refbox	vinardo	posebusters	7LOU_IFM	20260922	ok		5	-5.7	vinardo	kcal/mol (empirical score, not a measured free energy)	-16.971	-0.463	88.269	25.0	8	refconf	/home/qasim/vgb_bench_data/prepared/receptors/posebusters/7LOU_IFM/receptor.pdbqt	6.87	182.1	5	/home/qasim/vgb_bench_data/poses/A1_refconf_refbox/vinardo/posebusters/7LOU_IFM.sdf.gz	1826	2026-09-23T07:41:57+08:00
arm	A1_refconf_refbox	vinardo	posebusters	7LT0_ONJ	20260922	ok		5	-11.4	vinardo	kcal/mol (empirical score, not a measured free energy)	-32.385	-10.753	-25.082	25.0	8	refconf	/home/qasim/vgb_bench_data/prepared/receptors/posebusters/7LT0_ONJ/receptor.pdbqt	34.57	182.3	5	/home/qasim/vgb_bench_data/poses/A1_refconf_refbox/vinardo/posebusters/7LT0_ONJ.sdf.gz	3329	2026-09-23T07:42:04+08:00
arm	A1_refconf_refbox	vinardo	posebusters	7M31_TDR	20260922	ok		5	-6.8	vinardo	kcal/mol (empirical score, not a measured free energy)	-2.318	103.306	26.987	25.0	8	refconf	/home/qasim/vgb_bench_data/prepared/receptors/posebusters/7M31_TDR/receptor.pdbqt	5.11	182.3	5	/home/qasim/vgb_bench_data/poses/A1_refconf_refbox/vinardo/posebusters/7M31_TDR.sdf.gz	1191	2026-09-23T07:42:38+08:00
arm	A1_refconf_refbox	vinardo	posebusters	7LZD_YHY	20260922	ok		2	-13.8	vinardo	kcal/mol (empirical score, not a measured free energy)	-5.133	28.784	10.344	25.0	8	refconf	/home/qasim/vgb_bench_data/prepared/receptors/posebusters/7LZD_YHY/receptor.pdbqt	40.24	182.1	5	/home/qasim/vgb_bench_data/poses/A1_refconf_refbox/vinardo/posebusters/7LZD_YHY.sdf.gz	1867	2026-09-23T07:42:04+08:00
arm	A1_refconf_refbox	vinardo	posebusters	7LCU_XTA	20260922	ok		5	-12.1	vinardo	kcal/mol (empirical score, not a measured free energy)	-65.309	-36.33	96.808	25.0	8	refconf	/home/qasim/vgb_bench_data/prepared/receptors/posebusters/7LCU_XTA/receptor.pdbqt	121.47	182.0	5	/home/qasim/vgb_bench_data/poses/A1_refconf_refbox/vinardo/posebusters/7LCU_XTA.sdf.gz	4927	2026-09-23T07:40:49+08:00
arm	A1_refconf_refbox	vinardo	posebusters	7LJN_GTP	20260922	ok		5	-8.2	vinardo	kcal/mol (empirical score, not a measured free energy)	-63.427	10.373	-24.556	25.0	8	refconf	/home/qasim/vgb_bench_data/prepared/receptors/posebusters/7LJN_GTP/receptor.pdbqt	110.02	182.0	5	/home/qasim/vgb_bench_data/poses/A1_refconf_refbox/vinardo/posebusters/7LJN_GTP.sdf.gz	3327	2026-09-23T07:41:03+08:00
arm	A1_refconf_refbox	vinardo	posebusters	7LMO_NYO	20260922	ok		3	-14.2	vinardo	kcal/mol (empirical score, not a measured free energy)	-5.026	-18.653	38.253	25.0	8	refconf	/home/qasim/vgb_bench_data/prepared/receptors/posebusters/7LMO_NYO/receptor.pdbqt	111.35	182.2	5	/home/qasim/vgb_bench_data/poses/A1_refconf_refbox/vinardo/posebusters/7LMO_NYO.sdf.gz	2981	2026-09-23T07:41:33+08:00
arm	A1_refconf_refbox	vinardo	posebusters	7M3H_YPV	20260922	ok		5	-8.2	vinardo	kcal/mol (empirical score, not a measured free energy)	0.715	7.945	16.549	25.0	8	refconf	/home/qasim/vgb_bench_data/prepared/receptors/posebusters/7M3H_YPV/receptor.pdbqt	49.6	182.3	5	/home/qasim/vgb_bench_data/poses/A1_refconf_refbox/vinardo/posebusters/7M3H_YPV.sdf.gz	3079	2026-09-23T07:42:43+08:00
arm	A1_refconf_refbox	vinardo	posebusters	7MMH_ZJY	20260922	failed	vinardo: ATOM      9  C   UNL     1     -17.431  22.008 -16.718  1.00  0.00    +0.035 CG0			vinardo	kcal/mol (empirical score, not a measured free energy)	-13.913	19.233	-15.399	25.0	8	refconf	/home/qasim/vgb_bench_data/prepared/receptors/posebusters/7MMH_ZJY/receptor.pdbqt	0.09		5			2026-09-23T07:43:33+08:00
arm	A1_refconf_refbox	vinardo	posebusters	7MOI_HPS	20260922	ok		4	-8.4	vinardo	kcal/mol (empirical score, not a measured free energy)	14.249	8.603	-0.138	25.0	8	refconf	/home/qasim/vgb_bench_data/prepared/receptors/posebusters/7MOI_HPS/receptor.pdbqt	8.04	182.3	5	/home/qasim/vgb_bench_data/poses/A1_refconf_refbox/vinardo/posebusters/7MOI_HPS.sdf.gz	1179	2026-09-23T07:43:33+08:00
arm	A1_refconf_refbox	vinardo	posebusters	7MGT_ZD4	20260922	ok		5	-10.3	vinardo	kcal/mol (empirical score, not a measured free energy)	38.562	34.834	19.018	25.0	8	refconf	/home/qasim/vgb_bench_data/prepared/receptors/posebusters/7MGT_ZD4/receptor.pdbqt	70.59	182.0	5	/home/qasim/vgb_bench_data/poses/A1_refconf_refbox/vinardo/posebusters/7MGT_ZD4.sdf.gz	3013	2026-09-23T07:42:53+08:00
arm	A1_refconf_refbox	vinardo	posebusters	7MGY_ZD1	20260922	ok		2	-11.0	vinardo	kcal/mol (empirical score, not a measured free energy)	24.538	-31.463	274.35	25.0	8	refconf	/home/qasim/vgb_bench_data/prepared/receptors/posebusters/7MGY_ZD1/receptor.pdbqt	43.08	182.2	5	/home/qasim/vgb_bench_data/poses/A1_refconf_refbox/vinardo/posebusters/7MGY_ZD1.sdf.gz	1558	2026-09-23T07:43:24+08:00
arm	A1_refconf_refbox	vinardo	posebusters	7MWU_ZPM	20260922	ok		5	-6.5	vinardo	kcal/mol (empirical score, not a measured free energy)	11.764	49.303	49.006	25.0	8	refconf	/home/qasim/vgb_bench_data/prepared/receptors/posebusters/7MWU_ZPM/receptor.pdbqt	4.74	182.2	5	/home/qasim/vgb_bench_data/poses/A1_refconf_refbox/vinardo/posebusters/7MWU_ZPM.sdf.gz	1207	2026-09-23T07:44:07+08:00
arm	A1_refconf_refbox	vinardo	posebusters	7M6K_YRJ	20260922	ok		5	-12.9	vinardo	kcal/mol (empirical score, not a measured free energy)	26.308	-6.796	-34.909	25.0	8	refconf	/home/qasim/vgb_bench_data/prepared/receptors/posebusters/7M6K_YRJ/receptor.pdbqt	95.85	182.1	5	/home/qasim/vgb_bench_data/poses/A1_refconf_refbox/vinardo/posebusters/7M6K_YRJ.sdf.gz	3909	2026-09-23T07:42:44+08:00
arm	A1_refconf_refbox	vinardo	posebusters	7MY1_IPE	20260922	ok		5	-5.5	vinardo	kcal/mol (empirical score, not a measured free energy)	4.513	13.643	14.252	25.0	8	refconf	/home/qasim/vgb_bench_data/prepared/receptors/posebusters/7MY1_IPE/receptor.pdbqt	20.27	182.2	5	/home/qasim/vgb_bench_data/poses/A1_refconf_refbox/vinardo/posebusters/7MY1_IPE.sdf.gz	1962	2026-09-23T07:44:12+08:00
arm	A1_refconf_refbox	vinardo	posebusters	7MWN_WI5	20260922	ok		4	-10.6	vinardo	kcal/mol (empirical score, not a measured free energy)	20.83	-12.179	-15.026	25.0	8	refconf	/home/qasim/vgb_bench_data/prepared/receptors/posebusters/7MWN_WI5/receptor.pdbqt	56.76	182.0	5	/home/qasim/vgb_bench_data/poses/A1_refconf_refbox/vinardo/posebusters/7MWN_WI5.sdf.gz	3211	2026-09-23T07:44:04+08:00
arm	A1_refconf_refbox	vinardo	posebusters	7MYU_ZR7	20260922	ok		5	-11.0	vinardo	kcal/mol (empirical score, not a measured free energy)	23.5	55.545	87.47	25.0	8	refconf	/home/qasim/vgb_bench_data/prepared/receptors/posebusters/7MYU_ZR7/receptor.pdbqt	76.03	182.1	5	/home/qasim/vgb_bench_data/poses/A1_refconf_refbox/vinardo/posebusters/7MYU_ZR7.sdf.gz	3913	2026-09-23T07:44:20+08:00
arm	A1_refconf_refbox	vinardo	posebusters	7N03_ZRP	20260922	ok		5	-12.1	vinardo	kcal/mol (empirical score, not a measured free energy)	-43.911	12.065	3.738	25.0	8	refconf	/home/qasim/vgb_bench_data/prepared/receptors/posebusters/7N03_ZRP/receptor.pdbqt	85.56	182.2	5	/home/qasim/vgb_bench_data/poses/A1_refconf_refbox/vinardo/posebusters/7N03_ZRP.sdf.gz	3897	2026-09-23T07:44:32+08:00
arm	A1_refconf_refbox	vinardo	posebusters	7N4N_0BK	20260922	ok		5	-8.8	vinardo	kcal/mol (empirical score, not a measured free energy)	22.082	-8.22	-17.518	25.0	8	refconf	/home/qasim/vgb_bench_data/prepared/receptors/posebusters/7N4N_0BK/receptor.pdbqt	65.56	182.0	5	/home/qasim/vgb_bench_data/poses/A1_refconf_refbox/vinardo/posebusters/7N4N_0BK.sdf.gz	3817	2026-09-23T07:45:00+08:00
arm	A1_refconf_refbox	vinardo	posebusters	7N4W_P4V	20260922	ok		3	-9.9	vinardo	kcal/mol (empirical score, not a measured free energy)	-7.77	-11.385	12.414	25.0	8	refconf	/home/qasim/vgb_bench_data/prepared/receptors/posebusters/7N4W_P4V/receptor.pdbqt	33.03	182.1	5	/home/qasim/vgb_bench_data/poses/A1_refconf_refbox/vinardo/posebusters/7N4W_P4V.sdf.gz	2293	2026-09-23T07:45:36+08:00
arm	A1_refconf_refbox	vinardo	posebusters	7N6F_0I1	20260922	ok		2	-9.6	vinardo	kcal/mol (empirical score, not a measured free energy)	-17.147	-0.317	22.02	25.0	8	refconf	/home/qasim/vgb_bench_data/prepared/receptors/posebusters/7N6F_0I1/receptor.pdbqt	36.17	182.2	5	/home/qasim/vgb_bench_data/poses/A1_refconf_refbox/vinardo/posebusters/7N6F_0I1.sdf.gz	1541	2026-09-23T07:45:58+08:00
arm	A1_refconf_refbox	vinardo	posebusters	7N7H_CTP	20260922	ok		2	-13.2	vinardo	kcal/mol (empirical score, not a measured free energy)	15.366	51.015	156.975	25.0	8	refconf	/home/qasim/vgb_bench_data/prepared/receptors/posebusters/7N7H_CTP/receptor.pdbqt	71.07	182.1	5	/home/qasim/vgb_bench_data/poses/A1_refconf_refbox/vinardo/posebusters/7N7H_CTP.sdf.gz	1488	2026-09-23T07:46:09+08:00
arm	A1_refconf_refbox	vinardo	posebusters	7NF0_BYN	20260922	ok		4	-13.6	vinardo	kcal/mol (empirical score, not a measured free energy)	12.251	26.365	42.625	25.0	8	refconf	/home/qasim/vgb_bench_data/prepared/receptors/posebusters/7NF0_BYN/receptor.pdbqt	84.06	182.2	5	/home/qasim/vgb_bench_data/poses/A1_refconf_refbox/vinardo/posebusters/7NF0_BYN.sdf.gz	3784	2026-09-23T07:46:34+08:00
arm	A1_refconf_refbox	vinardo	posebusters	7NFB_GEN	20260922	ok		4	-9.8	vinardo	kcal/mol (empirical score, not a measured free energy)	15.433	-3.563	33.624	25.0	8	refconf	/home/qasim/vgb_bench_data/prepared/receptors/posebusters/7NFB_GEN/receptor.pdbqt	24.08	182.3	5	/home/qasim/vgb_bench_data/poses/A1_refconf_refbox/vinardo/posebusters/7NFB_GEN.sdf.gz	1819	2026-09-23T07:47:58+08:00
arm	A1_refconf_refbox	vinardo	posebusters	7NGW_UAW	20260922	ok		5	-10.2	vinardo	kcal/mol (empirical score, not a measured free energy)	-13.281	-28.69	2.296	25.0	8	refconf	/home/qasim/vgb_bench_data/prepared/receptors/posebusters/7NGW_UAW/receptor.pdbqt	12.53	182.3	5	/home/qasim/vgb_bench_data/poses/A1_refconf_refbox/vinardo/posebusters/7NGW_UAW.sdf.gz	2526	2026-09-23T07:48:22+08:00
arm	A1_refconf_refbox	vinardo	posebusters	7N7B_T3F	20260922	ok		5	-11.6	vinardo	kcal/mol (empirical score, not a measured free energy)	46.503	-15.584	8.842	25.0	8	refconf	/home/qasim/vgb_bench_data/prepared/receptors/posebusters/7N7B_T3F/receptor.pdbqt	153.78	182.0	5	/home/qasim/vgb_bench_data/poses/A1_refconf_refbox/vinardo/posebusters/7N7B_T3F.sdf.gz	4278	2026-09-23T07:46:06+08:00
arm	A1_refconf_refbox	vinardo	posebusters	7NF3_4LU	20260922	ok		3	-13.1	vinardo	kcal/mol (empirical score, not a measured free energy)	22.532	9.729	24.041	25.0	8	refconf	/home/qasim/vgb_bench_data/prepared/receptors/posebusters/7NF3_4LU/receptor.pdbqt	79.94	182.1	5	/home/qasim/vgb_bench_data/poses/A1_refconf_refbox/vinardo/posebusters/7NF3_4LU.sdf.gz	2880	2026-09-23T07:47:20+08:00
arm	A1_refconf_refbox	vinardo	posebusters	7NLV_UJE	20260922	ok		5	-9.4	vinardo	kcal/mol (empirical score, not a measured free energy)	-7.297	-9.032	19.791	25.0	8	refconf	/home/qasim/vgb_bench_data/prepared/receptors/posebusters/7NLV_UJE/receptor.pdbqt	46.85	182.3	5	/home/qasim/vgb_bench_data/poses/A1_refconf_refbox/vinardo/posebusters/7NLV_UJE.sdf.gz	3210	2026-09-23T07:48:34+08:00
arm	A1_refconf_refbox	vinardo	posebusters	7NPL_UKZ	20260922	ok		2	-16.9	vinardo	kcal/mol (empirical score, not a measured free energy)	-18.778	1.82	8.168	25.0	8	refconf	/home/qasim/vgb_bench_data/prepared/receptors/posebusters/7NPL_UKZ/receptor.pdbqt	63.41	182.1	5	/home/qasim/vgb_bench_data/poses/A1_refconf_refbox/vinardo/posebusters/7NPL_UKZ.sdf.gz	1643	2026-09-23T07:48:40+08:00
arm	A1_refconf_refbox	vinardo	posebusters	7NSW_HC4	20260922	ok		5	-7.6	vinardo	kcal/mol (empirical score, not a measured free energy)	64.411	44.282	26.768	25.0	8	refconf	/home/qasim/vgb_bench_data/prepared/receptors/posebusters/7NSW_HC4/receptor.pdbqt	11.9	182.1	5	/home/qasim/vgb_bench_data/poses/A1_refconf_refbox/vinardo/posebusters/7NSW_HC4.sdf.gz	1546	2026-09-23T07:49:44+08:00
arm	A1_refconf_refbox	vinardo	posebusters	7NU0_DCL	20260922	ok		5	-6.1	vinardo	kcal/mol (empirical score, not a measured free energy)	22.926	-12.641	-27.169	25.0	8	refconf	/home/qasim/vgb_bench_data/prepared/receptors/posebusters/7NU0_DCL/receptor.pdbqt	8.3	182.1	5	/home/qasim/vgb_bench_data/poses/A1_refconf_refbox/vinardo/posebusters/7NU0_DCL.sdf.gz	1771	2026-09-23T07:49:56+08:00
arm	A1_refconf_refbox	vinardo	posebusters	7NP6_UK8	20260922	ok		2	-15.7	vinardo	kcal/mol (empirical score, not a measured free energy)	-1.397	44.195	14.65	25.0	8	refconf	/home/qasim/vgb_bench_data/prepared/receptors/posebusters/7NP6_UK8/receptor.pdbqt	94.99	182.0	5	/home/qasim/vgb_bench_data/poses/A1_refconf_refbox/vinardo/posebusters/7NP6_UK8.sdf.gz	1493	2026-09-23T07:48:40+08:00
arm	A1_refconf_refbox	vinardo	posebusters	7NUT_GLP	20260922	ok		5	-6.9	vinardo	kcal/mol (empirical score, not a measured free energy)	4.02	3.546	-36.639	25.0	8	refconf	/home/qasim/vgb_bench_data/prepared/receptors/posebusters/7NUT_GLP/receptor.pdbqt	20.04	182.1	5	/home/qasim/vgb_bench_data/poses/A1_refconf_refbox/vinardo/posebusters/7NUT_GLP.sdf.gz	2182	2026-09-23T07:50:04+08:00
arm	A1_refconf_refbox	vinardo	posebusters	7O0N_CDP	20260922	ok		5	-12.0	vinardo	kcal/mol (empirical score, not a measured free energy)	10.419	19.648	29.782	25.0	8	refconf	/home/qasim/vgb_bench_data/prepared/receptors/posebusters/7O0N_CDP/receptor.pdbqt	97.34	182.1	5	/home/qasim/vgb_bench_data/poses/A1_refconf_refbox/vinardo/posebusters/7O0N_CDP.sdf.gz	2857	2026-09-23T07:50:24+08:00
arm	A1_refconf_refbox	vinardo	posebusters	7NXO_UU8	20260922	ok		5	-13.8	vinardo	kcal/mol (empirical score, not a measured free energy)	41.462	-1.105	11.239	25.0	8	refconf	/home/qasim/vgb_bench_data/prepared/receptors/posebusters/7NXO_UU8/receptor.pdbqt	118.85	182.0	5	/home/qasim/vgb_bench_data/poses/A1_refconf_refbox/vinardo/posebusters/7NXO_UU8.sdf.gz	3497	2026-09-23T07:50:15+08:00
arm	A1_refconf_refbox	vinardo	posebusters	7MFP_Z7P	20260922	ok		3	-15.3	vinardo	kcal/mol (empirical score, not a measured free energy)	-76.429	-15.353	18.161	25.0	8	refconf	/home/qasim/vgb_bench_data/prepared/receptors/posebusters/7MFP_Z7P/receptor.pdbqt	567.13	182.0	5	/home/qasim/vgb_bench_data/poses/A1_refconf_refbox/vinardo/posebusters/7MFP_Z7P.sdf.gz	3672	2026-09-23T07:42:50+08:00
arm	A1_refconf_refbox	vinardo	posebusters	7O1T_5X8	20260922	ok		2	-11.5	vinardo	kcal/mol (empirical score, not a measured free energy)	-12.927	13.266	-25.113	25.0	8	refconf	/home/qasim/vgb_bench_data/prepared/receptors/posebusters/7O1T_5X8/receptor.pdbqt	103.26	182.1	5	/home/qasim/vgb_bench_data/poses/A1_refconf_refbox/vinardo/posebusters/7O1T_5X8.sdf.gz	1464	2026-09-23T07:52:01+08:00
arm	A1_refconf_refbox	vinardo	posebusters	7MSR_DCA	20260922	ok		5	-7.0	vinardo	kcal/mol (empirical score, not a measured free energy)	15.719	16.669	19.088	25.0	8	refconf	/home/qasim/vgb_bench_data/prepared/receptors/posebusters/7MSR_DCA/receptor.pdbqt	668.64	182.3	5	/home/qasim/vgb_bench_data/poses/A1_refconf_refbox/vinardo/posebusters/7MSR_DCA.sdf.gz	5611	2026-09-23T07:43:41+08:00
arm	A1_refconf_refbox	vinardo	posebusters	7ODY_DGI	20260922	ok		3	-12.1	vinardo	kcal/mol (empirical score, not a measured free energy)	3.736	-0.645	-29.192	25.0	8	refconf	/home/qasim/vgb_bench_data/prepared/receptors/posebusters/7ODY_DGI/receptor.pdbqt	172.18	182.0	5	/home/qasim/vgb_bench_data/poses/A1_refconf_refbox/vinardo/posebusters/7ODY_DGI.sdf.gz	1934	2026-09-23T07:52:14+08:00
arm	A1_refconf_refbox	vinardo	posebusters	7OFF_VCB	20260922	ok		5	-8.7	vinardo	kcal/mol (empirical score, not a measured free energy)	38.893	-26.855	10.487	25.0	8	refconf	/home/qasim/vgb_bench_data/prepared/receptors/posebusters/7OFF_VCB/receptor.pdbqt	99.17	182.1	5	/home/qasim/vgb_bench_data/poses/A1_refconf_refbox/vinardo/posebusters/7OFF_VCB.sdf.gz	2998	2026-09-23T07:53:44+08:00
arm	A1_refconf_refbox	vinardo	posebusters	7OLI_8HG	20260922	ok		2	-9.4	vinardo	kcal/mol (empirical score, not a measured free energy)	8.203	23.724	32.454	25.0	8	refconf	/home/qasim/vgb_bench_data/prepared/receptors/posebusters/7OLI_8HG/receptor.pdbqt	63.44	182.0	5	/home/qasim/vgb_bench_data/poses/A1_refconf_refbox/vinardo/posebusters/7OLI_8HG.sdf.gz	1171	2026-09-23T07:55:06+08:00
arm	A1_refconf_refbox	vinardo	posebusters	7OEO_V9Z	20260922	ok		5	-8.8	vinardo	kcal/mol (empirical score, not a measured free energy)	-16.84	-7.44	-22.139	25.0	8	refconf	/home/qasim/vgb_bench_data/prepared/receptors/posebusters/7OEO_V9Z/receptor.pdbqt	234.16	182.0	5	/home/qasim/vgb_bench_data/poses/A1_refconf_refbox/vinardo/posebusters/7OEO_V9Z.sdf.gz	4184	2026-09-23T07:52:18+08:00
arm	A1_refconf_refbox	vinardo	posebusters	7OP9_06K	20260922	ok		5	-5.4	vinardo	kcal/mol (empirical score, not a measured free energy)	-84.244	-28.109	-34.625	25.0	8	refconf	/home/qasim/vgb_bench_data/prepared/receptors/posebusters/7OP9_06K/receptor.pdbqt	12.36	182.0	5	/home/qasim/vgb_bench_data/poses/A1_refconf_refbox/vinardo/posebusters/7OP9_06K.sdf.gz	1088	2026-09-23T07:56:09+08:00
arm	A1_refconf_refbox	vinardo	posebusters	7OSO_0V1	20260922	ok		5	-4.4	vinardo	kcal/mol (empirical score, not a measured free energy)	31.27	8.166	10.51	25.0	8	refconf	/home/qasim/vgb_bench_data/prepared/receptors/posebusters/7OSO_0V1/receptor.pdbqt	12.99	182.0	5	/home/qasim/vgb_bench_data/poses/A1_refconf_refbox/vinardo/posebusters/7OSO_0V1.sdf.gz	1369	2026-09-23T07:56:22+08:00
arm	A1_refconf_refbox	vinardo	posebusters	7OPG_06N	20260922	ok		5	-9.5	vinardo	kcal/mol (empirical score, not a measured free energy)	55.492	2.581	56.51	25.0	8	refconf	/home/qasim/vgb_bench_data/prepared/receptors/posebusters/7OPG_06N/receptor.pdbqt	43.8	182.0	5	/home/qasim/vgb_bench_data/poses/A1_refconf_refbox/vinardo/posebusters/7OPG_06N.sdf.gz	2360	2026-09-23T07:56:12+08:00
arm	A1_refconf_refbox	vinardo	posebusters	7OZ9_NGK	20260922	ok		5	-6.2	vinardo	kcal/mol (empirical score, not a measured free energy)	34.772	39.092	32.248	25.0	8	refconf	/home/qasim/vgb_bench_data/prepared/receptors/posebusters/7OZ9_NGK/receptor.pdbqt	57.11	182.0	5	/home/qasim/vgb_bench_data/poses/A1_refconf_refbox/vinardo/posebusters/7OZ9_NGK.sdf.gz	2485	2026-09-23T07:56:35+08:00
arm	A1_refconf_refbox	vinardo	posebusters	7OZC_G6S	20260922	ok		5	-7.9	vinardo	kcal/mol (empirical score, not a measured free energy)	15.565	-1.739	19.878	25.0	8	refconf	/home/qasim/vgb_bench_data/prepared/receptors/posebusters/7OZC_G6S/receptor.pdbqt	51.7	182.0	5	/home/qasim/vgb_bench_data/poses/A1_refconf_refbox/vinardo/posebusters/7OZC_G6S.sdf.gz	2119	2026-09-23T07:56:56+08:00
arm	A1_refconf_refbox	vinardo	posebusters	7NR8_UOE	20260922	ok		5	-10.3	vinardo	kcal/mol (empirical score, not a measured free energy)	4.524	9.49	45.41	25.0	8	refconf	/home/qasim/vgb_bench_data/prepared/receptors/posebusters/7NR8_UOE/receptor.pdbqt	511.17	182.3	5	/home/qasim/vgb_bench_data/poses/A1_refconf_refbox/vinardo/posebusters/7NR8_UOE.sdf.gz	5879	2026-09-23T07:49:21+08:00
arm	A1_refconf_refbox	vinardo	posebusters	7P2I_MFU	20260922	ok		5	-6.4	vinardo	kcal/mol (empirical score, not a measured free energy)	1.161	16.471	44.189	25.0	8	refconf	/home/qasim/vgb_bench_data/prepared/receptors/posebusters/7P2I_MFU/receptor.pdbqt	12.43	182.3	5	/home/qasim/vgb_bench_data/poses/A1_refconf_refbox/vinardo/posebusters/7P2I_MFU.sdf.gz	1980	2026-09-23T07:57:52+08:00
arm	A1_refconf_refbox	vinardo	posebusters	7OFK_VCH	20260922	ok		5	-10.8	vinardo	kcal/mol (empirical score, not a measured free energy)	-27.076	3.304	-14.501	25.0	8	refconf	/home/qasim/vgb_bench_data/prepared/receptors/posebusters/7OFK_VCH/receptor.pdbqt	202.69	182.3	5	/home/qasim/vgb_bench_data/poses/A1_refconf_refbox/vinardo/posebusters/7OFK_VCH.sdf.gz	3616	2026-09-23T07:54:50+08:00
arm	A1_refconf_refbox	vinardo	posebusters	7P1F_KFN	20260922	ok		5	-6.2	vinardo	kcal/mol (empirical score, not a measured free energy)	-20.183	-41.374	29.353	25.0	8	refconf	/home/qasim/vgb_bench_data/prepared/receptors/posebusters/7P1F_KFN/receptor.pdbqt	47.83	182.0	5	/home/qasim/vgb_bench_data/poses/A1_refconf_refbox/vinardo/posebusters/7P1F_KFN.sdf.gz	2291	2026-09-23T07:57:32+08:00
arm	A1_refconf_refbox	vinardo	posebusters	7P4C_5OV	20260922	ok		5	-5.6	vinardo	kcal/mol (empirical score, not a measured free energy)	84.073	14.334	35.709	25.0	8	refconf	/home/qasim/vgb_bench_data/prepared/receptors/posebusters/7P4C_5OV/receptor.pdbqt	22.68	182.3	5	/home/qasim/vgb_bench_data/poses/A1_refconf_refbox/vinardo/posebusters/7P4C_5OV.sdf.gz	2220	2026-09-23T07:58:05+08:00
arm	A1_refconf_refbox	vinardo	posebusters	7P1M_4IU	20260922	ok		5	-8.2	vinardo	kcal/mol (empirical score, not a measured free energy)	39.213	-7.827	-27.673	25.0	8	refconf	/home/qasim/vgb_bench_data/prepared/receptors/posebusters/7P1M_4IU/receptor.pdbqt	105.89	182.0	5	/home/qasim/vgb_bench_data/poses/A1_refconf_refbox/vinardo/posebusters/7P1M_4IU.sdf.gz	3033	2026-09-23T07:57:47+08:00
arm	A1_refconf_refbox	vinardo	posebusters	7PIH_7QW	20260922	ok		5	-9.4	vinardo	kcal/mol (empirical score, not a measured free energy)	12.966	-24.427	-27.416	25.0	8	refconf	/home/qasim/vgb_bench_data/prepared/receptors/posebusters/7PIH_7QW/receptor.pdbqt	77.76	182.3	5	/home/qasim/vgb_bench_data/poses/A1_refconf_refbox/vinardo/posebusters/7PIH_7QW.sdf.gz	3197	2026-09-23T07:58:28+08:00
arm	A1_refconf_refbox	vinardo	posebusters	7PJQ_OWH	20260922	ok		5	-4.8	vinardo	kcal/mol (empirical score, not a measured free energy)	11.143	25.89	-6.264	25.0	8	refconf	/home/qasim/vgb_bench_data/prepared/receptors/posebusters/7PJQ_OWH/receptor.pdbqt	13.6	182.0	5	/home/qasim/vgb_bench_data/poses/A1_refconf_refbox/vinardo/posebusters/7PJQ_OWH.sdf.gz	1458	2026-09-23T07:59:33+08:00
arm	A1_refconf_refbox	vinardo	posebusters	7P5T_5YG	20260922	ok		5	-10.9	vinardo	kcal/mol (empirical score, not a measured free energy)	-21.765	4.041	-13.812	25.0	8	refconf	/home/qasim/vgb_bench_data/prepared/receptors/posebusters/7P5T_5YG/receptor.pdbqt	99.01	182.3	5	/home/qasim/vgb_bench_data/poses/A1_refconf_refbox/vinardo/posebusters/7P5T_5YG.sdf.gz	3072	2026-09-23T07:58:12+08:00
arm	A1_refconf_refbox	vinardo	posebusters	7POM_7VZ	20260922	ok		5	-6.9	vinardo	kcal/mol (empirical score, not a measured free energy)	-42.269	20.375	-61.409	25.0	8	refconf	/home/qasim/vgb_bench_data/prepared/receptors/posebusters/7POM_7VZ/receptor.pdbqt	61.7	182.3	5	/home/qasim/vgb_bench_data/poses/A1_refconf_refbox/vinardo/posebusters/7POM_7VZ.sdf.gz	2909	2026-09-23T07:59:51+08:00
arm	A1_refconf_refbox	vinardo	posebusters	7PRI_7TI	20260922	ok		5	-6.6	vinardo	kcal/mol (empirical score, not a measured free energy)	50.492	-44.761	-12.641	25.0	8	refconf	/home/qasim/vgb_bench_data/prepared/receptors/posebusters/7PRI_7TI/receptor.pdbqt	41.56	182.3	5	/home/qasim/vgb_bench_data/poses/A1_refconf_refbox/vinardo/posebusters/7PRI_7TI.sdf.gz	2044	2026-09-23T08:00:53+08:00
arm	A1_refconf_refbox	vinardo	posebusters	7PGX_FMN	20260922	ok		4	-11.7	vinardo	kcal/mol (empirical score, not a measured free energy)	-20.116	3.101	-7.285	25.0	8	refconf	/home/qasim/vgb_bench_data/prepared/receptors/posebusters/7PGX_FMN/receptor.pdbqt	219.76	182.0	5	/home/qasim/vgb_bench_data/poses/A1_refconf_refbox/vinardo/posebusters/7PGX_FMN.sdf.gz	2945	2026-09-23T07:58:20+08:00
arm	A1_refconf_refbox	vinardo	posebusters	7PL1_SFG	20260922	ok		5	-9.0	vinardo	kcal/mol (empirical score, not a measured free energy)	44.268	-16.814	-7.554	25.0	8	refconf	/home/qasim/vgb_bench_data/prepared/receptors/posebusters/7PL1_SFG/receptor.pdbqt	160.26	182.0	5	/home/qasim/vgb_bench_data/poses/A1_refconf_refbox/vinardo/posebusters/7PL1_SFG.sdf.gz	3511	2026-09-23T07:59:47+08:00
arm	A1_refconf_refbox	vinardo	posebusters	7PUV_84Z	20260922	ok		5	-7.4	vinardo	kcal/mol (empirical score, not a measured free energy)	25.749	6.487	10.733	25.0	8	refconf	/home/qasim/vgb_bench_data/prepared/receptors/posebusters/7PUV_84Z/receptor.pdbqt	63.68	182.0	5	/home/qasim/vgb_bench_data/poses/A1_refconf_refbox/vinardo/posebusters/7PUV_84Z.sdf.gz	2548	2026-09-23T08:02:27+08:00
arm	A1_refconf_refbox	vinardo	posebusters	7PRM_81I	20260922	ok		1	-12.3	vinardo	kcal/mol (empirical score, not a measured free energy)	124.362	20.653	-7.531	25.0	8	refconf	/home/qasim/vgb_bench_data/prepared/receptors/posebusters/7PRM_81I/receptor.pdbqt	121.45	182.3	5	/home/qasim/vgb_bench_data/poses/A1_refconf_refbox/vinardo/posebusters/7PRM_81I.sdf.gz	1132	2026-09-23T08:01:35+08:00
arm	A1_refconf_refbox	vinardo	posebusters	7Q27_8KC	20260922	failed	vinardo: ATOM      1  B   BO3 A 710     -28.577 -14.637  38.852  1.00  0.00    +0.000 B			vinardo	kcal/mol (empirical score, not a measured free energy)	-13.282	-7.792	21.754	25.0	8	refconf	/home/qasim/vgb_bench_data/prepared/receptors/posebusters/7Q27_8KC/receptor.pdbqt	0.03		5			2026-09-23T08:03:36+08:00
arm	A1_refconf_refbox	vinardo	posebusters	7Q2B_M6H	20260922	ok		5	-6.3	vinardo	kcal/mol (empirical score, not a measured free energy)	-30.344	-11.896	13.346	25.0	8	refconf	/home/qasim/vgb_bench_data/prepared/receptors/posebusters/7Q2B_M6H/receptor.pdbqt	16.59	182.3	5	/home/qasim/vgb_bench_data/poses/A1_refconf_refbox/vinardo/posebusters/7Q2B_M6H.sdf.gz	1934	2026-09-23T08:03:36+08:00
arm	A1_refconf_refbox	vinardo	posebusters	7Q5I_I0F	20260922	ok		5	-9.6	vinardo	kcal/mol (empirical score, not a measured free energy)	34.962	23.956	30.26	25.0	8	refconf	/home/qasim/vgb_bench_data/prepared/receptors/posebusters/7Q5I_I0F/receptor.pdbqt	74.3	182.3	5	/home/qasim/vgb_bench_data/poses/A1_refconf_refbox/vinardo/posebusters/7Q5I_I0F.sdf.gz	3479	2026-09-23T08:03:53+08:00
arm	A1_refconf_refbox	vinardo	posebusters	7QE4_NGA	20260922	ok		5	-5.6	vinardo	kcal/mol (empirical score, not a measured free energy)	48.987	19.701	74.98	25.0	8	refconf	/home/qasim/vgb_bench_data/prepared/receptors/posebusters/7QE4_NGA/receptor.pdbqt	21.26	182.3	5	/home/qasim/vgb_bench_data/poses/A1_refconf_refbox/vinardo/posebusters/7QE4_NGA.sdf.gz	2274	2026-09-23T08:05:07+08:00
arm	A1_refconf_refbox	vinardo	posebusters	7QF4_RBF	20260922	ok		4	-11.2	vinardo	kcal/mol (empirical score, not a measured free energy)	-0.588	-4.744	-11.573	25.0	8	refconf	/home/qasim/vgb_bench_data/prepared/receptors/posebusters/7QF4_RBF/receptor.pdbqt	2829.77	182.3	5	/home/qasim/vgb_bench_data/poses/A1_refconf_refbox/vinardo/posebusters/7QF4_RBF.sdf.gz	2696	2026-09-23T08:05:28+08:00
arm	A1_refconf_refbox	vinardo	posebusters	7Q25_8J9	20260922	ok		5	-8.8	vinardo	kcal/mol (empirical score, not a measured free energy)	-51.816	95.266	24.214	25.0	8	refconf	/home/qasim/vgb_bench_data/prepared/receptors/posebusters/7Q25_8J9/receptor.pdbqt	3687.85	182.0	5	/home/qasim/vgb_bench_data/poses/A1_refconf_refbox/vinardo/posebusters/7Q25_8J9.sdf.gz	4466	2026-09-23T08:03:31+08:00
arm	A1_refconf_refbox	vinardo	posebusters	7QGP_DJ8	20260922	failed	vinardo: ATOM     26  C   UNL     1     -22.683   0.497  10.013  1.00  0.00    +0.181 CG0			vinardo	kcal/mol (empirical score, not a measured free energy)	-26.649	4.088	11.83	25.0	8	refconf	/home/qasim/vgb_bench_data/prepared/receptors/posebusters/7QGP_DJ8/receptor.pdbqt	0.09		5			2026-09-23T09:04:59+08:00
arm	A1_refconf_refbox	vinardo	posebusters	7QFM_AY3	20260922	ok		5	-8.6	vinardo	kcal/mol (empirical score, not a measured free energy)	-119.262	203.362	-0.569	25.0	8	refconf	/home/qasim/vgb_bench_data/prepared/receptors/posebusters/7QFM_AY3/receptor.pdbqt	743.94	182.3	5	/home/qasim/vgb_bench_data/poses/A1_refconf_refbox/vinardo/posebusters/7QFM_AY3.sdf.gz	2248	2026-09-23T08:52:38+08:00
arm	A1_refconf_refbox	vinardo	posebusters	7OMX_CNA	20260922	ok		5	-13.2	vinardo	kcal/mol (empirical score, not a measured free energy)	11.696	-12.823	-8.436	25.0	8	refconf	/home/qasim/vgb_bench_data/prepared/receptors/posebusters/7OMX_CNA/receptor.pdbqt	4253.08	182.1	5	/home/qasim/vgb_bench_data/poses/A1_refconf_refbox/vinardo/posebusters/7OMX_CNA.sdf.gz	5028	2026-09-23T07:55:24+08:00
arm	A1_refconf_refbox	vinardo	posebusters	7QHL_D5P	20260922	ok		5	-10.5	vinardo	kcal/mol (empirical score, not a measured free energy)	23.866	-14.805	37.988	25.0	8	refconf	/home/qasim/vgb_bench_data/prepared/receptors/posebusters/7QHL_D5P/receptor.pdbqt	117.85	182.3	5	/home/qasim/vgb_bench_data/poses/A1_refconf_refbox/vinardo/posebusters/7QHL_D5P.sdf.gz	3736	2026-09-23T09:05:02+08:00
arm	A1_refconf_refbox	vinardo	posebusters	7QTA_URI	20260922	ok		5	-6.1	vinardo	kcal/mol (empirical score, not a measured free energy)	7.106	5.257	-9.162	25.0	8	refconf	/home/qasim/vgb_bench_data/prepared/receptors/posebusters/7QTA_URI/receptor.pdbqt	20.8	182.3	5	/home/qasim/vgb_bench_data/poses/A1_refconf_refbox/vinardo/posebusters/7QTA_URI.sdf.gz	2176	2026-09-23T09:07:00+08:00
arm	A1_refconf_refbox	vinardo	posebusters	7QPP_VDX	20260922	ok		1	-14.7	vinardo	kcal/mol (empirical score, not a measured free energy)	11.374	22.414	34.233	25.0	8	refconf	/home/qasim/vgb_bench_data/prepared/receptors/posebusters/7QPP_VDX/receptor.pdbqt	101.93	182.1	5	/home/qasim/vgb_bench_data/poses/A1_refconf_refbox/vinardo/posebusters/7QPP_VDX.sdf.gz	1379	2026-09-23T09:06:17+08:00
arm	A1_refconf_refbox	vinardo	posebusters	7R59_I5F	20260922	ok		5	-8.7	vinardo	kcal/mol (empirical score, not a measured free energy)	1.633	4.247	10.667	25.0	8	refconf	/home/qasim/vgb_bench_data/prepared/receptors/posebusters/7R59_I5F/receptor.pdbqt	14.39	182.1	5	/home/qasim/vgb_bench_data/poses/A1_refconf_refbox/vinardo/posebusters/7R59_I5F.sdf.gz	1417	2026-09-23T09:07:59+08:00
arm	A1_refconf_refbox	vinardo	posebusters	7R6J_2I7	20260922	ok		5	-9.6	vinardo	kcal/mol (empirical score, not a measured free energy)	-7.682	-38.199	-35.543	25.0	8	refconf	/home/qasim/vgb_bench_data/prepared/receptors/posebusters/7R6J_2I7/receptor.pdbqt	163.84	182.1	5	/home/qasim/vgb_bench_data/poses/A1_refconf_refbox/vinardo/posebusters/7R6J_2I7.sdf.gz	4206	2026-09-23T09:08:13+08:00
arm	A1_refconf_refbox	vinardo	posebusters	7QHG_T3B	20260922	ok		1	-14.8	vinardo	kcal/mol (empirical score, not a measured free energy)	45.736	-10.347	109.978	25.0	8	refconf	/home/qasim/vgb_bench_data/prepared/receptors/posebusters/7QHG_T3B/receptor.pdbqt	381.32	182.0	5	/home/qasim/vgb_bench_data/poses/A1_refconf_refbox/vinardo/posebusters/7QHG_T3B.sdf.gz	1405	2026-09-23T09:04:59+08:00
arm	A1_refconf_refbox	vinardo	posebusters	7R9N_F97	20260922	ok		5	-8.8	vinardo	kcal/mol (empirical score, not a measured free energy)	-38.94	-113.872	222.94	25.0	8	refconf	/home/qasim/vgb_bench_data/prepared/receptors/posebusters/7R9N_F97/receptor.pdbqt	154.62	182.0	5	/home/qasim/vgb_bench_data/poses/A1_refconf_refbox/vinardo/posebusters/7R9N_F97.sdf.gz	3960	2026-09-23T09:11:20+08:00
arm	A1_refconf_refbox	vinardo	posebusters	7R3D_APR	20260922	ok		5	-10.0	vinardo	kcal/mol (empirical score, not a measured free energy)	15.159	21.405	-50.689	25.0	8	refconf	/home/qasim/vgb_bench_data/prepared/receptors/posebusters/7R3D_APR/receptor.pdbqt	411.58	182.3	5	/home/qasim/vgb_bench_data/poses/A1_refconf_refbox/vinardo/posebusters/7R3D_APR.sdf.gz	4160	2026-09-23T09:07:21+08:00
arm	A1_refconf_refbox	vinardo	posebusters	7R7R_AWJ	20260922	ok		5	-10.2	vinardo	kcal/mol (empirical score, not a measured free energy)	31.097	47.125	8.121	25.0	8	refconf	/home/qasim/vgb_bench_data/prepared/receptors/posebusters/7R7R_AWJ/receptor.pdbqt	246.45	182.1	5	/home/qasim/vgb_bench_data/poses/A1_refconf_refbox/vinardo/posebusters/7R7R_AWJ.sdf.gz	4035	2026-09-23T09:10:57+08:00
arm	A1_refconf_refbox	vinardo	posebusters	7RKW_5TV	20260922	ok		5	-11.5	vinardo	kcal/mol (empirical score, not a measured free energy)	19.12	-7.568	18.611	25.0	8	refconf	/home/qasim/vgb_bench_data/prepared/receptors/posebusters/7RKW_5TV/receptor.pdbqt	90.64	182.1	5	/home/qasim/vgb_bench_data/poses/A1_refconf_refbox/vinardo/posebusters/7RKW_5TV.sdf.gz	2710	2026-09-23T09:15:03+08:00
arm	A1_refconf_refbox	vinardo	posebusters	7RC3_SAH	20260922	ok		2	-11.1	vinardo	kcal/mol (empirical score, not a measured free energy)	-44.603	13.878	7.203	25.0	8	refconf	/home/qasim/vgb_bench_data/prepared/receptors/posebusters/7RC3_SAH/receptor.pdbqt	2589.35	182.0	5	/home/qasim/vgb_bench_data/poses/A1_refconf_refbox/vinardo/posebusters/7RC3_SAH.sdf.gz	1527	2026-09-23T09:13:55+08:00
arm	A1_refconf_refbox	vinardo	posebusters	7RH3_59O	20260922	ok		5	-9.0	vinardo	kcal/mol (empirical score, not a measured free energy)	17.406	-9.663	0.254	25.0	8	refconf	/home/qasim/vgb_bench_data/prepared/receptors/posebusters/7RH3_59O/receptor.pdbqt	3605.22	182.4	5	/home/qasim/vgb_bench_data/poses/A1_refconf_refbox/vinardo/posebusters/7RH3_59O.sdf.gz	3875	2026-09-23T09:14:12+08:00
arm	A1_refconf_refbox	vinardo	posebusters	7RNI_60I	20260922	ok		5	-8.6	vinardo	kcal/mol (empirical score, not a measured free energy)	182.593	123.656	30.417	25.0	8	refconf	/home/qasim/vgb_bench_data/prepared/receptors/posebusters/7RNI_60I/receptor.pdbqt	3486.41	182.1	5	/home/qasim/vgb_bench_data/poses/A1_refconf_refbox/vinardo/posebusters/7RNI_60I.sdf.gz	4450	2026-09-23T09:16:34+08:00
arm	A1_refconf_refbox	vinardo	posebusters	7RSV_7IQ	20260922	ok		5	-8.0	vinardo	kcal/mol (empirical score, not a measured free energy)	0.764	-38.561	-0.126	25.0	8	refconf	/home/qasim/vgb_bench_data/prepared/receptors/posebusters/7RSV_7IQ/receptor.pdbqt	25.74	182.1	5	/home/qasim/vgb_bench_data/poses/A1_refconf_refbox/vinardo/posebusters/7RSV_7IQ.sdf.gz	2855	2026-09-23T10:14:40+08:00
arm	A1_refconf_refbox	vinardo	posebusters	7RWS_4UR	20260922	failed	vinardo: ATOM      6  C   UNL     1      15.565  47.098  38.934  1.00  0.00    +0.179 CG0			vinardo	kcal/mol (empirical score, not a measured free energy)	15.819	51.453	39.245	25.0	8	refconf	/home/qasim/vgb_bench_data/prepared/receptors/posebusters/7RWS_4UR/receptor.pdbqt	0.13		5			2026-09-23T10:15:06+08:00
arm	A1_refconf_refbox	vinardo	posebusters	7RZL_NPO	20260922	ok		5	-6.0	vinardo	kcal/mol (empirical score, not a measured free energy)	30.851	5.606	61.434	25.0	8	refconf	/home/qasim/vgb_bench_data/prepared/receptors/posebusters/7RZL_NPO/receptor.pdbqt	8.58	182.1	5	/home/qasim/vgb_bench_data/poses/A1_refconf_refbox/vinardo/posebusters/7RZL_NPO.sdf.gz	1233	2026-09-23T10:15:06+08:00
arm	A1_refconf_refbox	vinardo	posebusters	7ROR_69X	20260922	ok		4	-14.8	vinardo	kcal/mol (empirical score, not a measured free energy)	9.441	-3.199	55.227	25.0	8	refconf	/home/qasim/vgb_bench_data/prepared/receptors/posebusters/7ROR_69X/receptor.pdbqt	1223.66	182.0	5	/home/qasim/vgb_bench_data/poses/A1_refconf_refbox/vinardo/posebusters/7ROR_69X.sdf.gz	3415	2026-09-23T09:57:04+08:00
arm	A1_refconf_refbox	vinardo	posebusters	7SCW_GSP	20260922	ok		2	-12.8	vinardo	kcal/mol (empirical score, not a measured free energy)	28.942	22.258	-5.183	25.0	8	refconf	/home/qasim/vgb_bench_data/prepared/receptors/posebusters/7SCW_GSP/receptor.pdbqt	209.9	182.1	5	/home/qasim/vgb_bench_data/poses/A1_refconf_refbox/vinardo/posebusters/7SCW_GSP.sdf.gz	1617	2026-09-23T10:15:15+08:00
arm	A1_refconf_refbox	vinardo	posebusters	7SDD_4IP	20260922	ok		5	-9.9	vinardo	kcal/mol (empirical score, not a measured free energy)	11.2	-2.117	-7.191	25.0	8	refconf	/home/qasim/vgb_bench_data/prepared/receptors/posebusters/7SDD_4IP/receptor.pdbqt	110.55	182.0	5	/home/qasim/vgb_bench_data/poses/A1_refconf_refbox/vinardo/posebusters/7SDD_4IP.sdf.gz	2972	2026-09-23T10:17:28+08:00
arm	A1_refconf_refbox	vinardo	posebusters	7SFO_98L	20260922	ok		4	-11.0	vinardo	kcal/mol (empirical score, not a measured free energy)	3.212	4.022	-6.077	25.0	8	refconf	/home/qasim/vgb_bench_data/prepared/receptors/posebusters/7SFO_98L/receptor.pdbqt	4840.7	182.1	5	/home/qasim/vgb_bench_data/poses/A1_refconf_refbox/vinardo/posebusters/7SFO_98L.sdf.gz	2284	2026-09-23T10:18:45+08:00
arm	A1_refconf_refbox	vinardo	posebusters	7SUC_COM	20260922	ok		5	-4.8	vinardo	kcal/mol (empirical score, not a measured free energy)	26.496	33.108	-6.205	25.0	8	refconf	/home/qasim/vgb_bench_data/prepared/receptors/posebusters/7SUC_COM/receptor.pdbqt	10.65	182.1	5	/home/qasim/vgb_bench_data/poses/A1_refconf_refbox/vinardo/posebusters/7SUC_COM.sdf.gz	1103	2026-09-23T11:39:25+08:00
arm	A1_refconf_refbox	vinardo	posebusters	7ROU_66I	20260922	ok		5	-11.2	vinardo	kcal/mol (empirical score, not a measured free energy)	62.242	17.754	44.64	25.0	8	refconf	/home/qasim/vgb_bench_data/prepared/receptors/posebusters/7ROU_66I/receptor.pdbqt	5137.53	182.4	5	/home/qasim/vgb_bench_data/poses/A1_refconf_refbox/vinardo/posebusters/7ROU_66I.sdf.gz	4387	2026-09-23T10:14:18+08:00
arm	A1_refconf_refbox	vinardo	posebusters	7SZA_DUI	20260922	ok		5	-8.7	vinardo	kcal/mol (empirical score, not a measured free energy)	-56.499	-14.938	24.342	25.0	8	refconf	/home/qasim/vgb_bench_data/prepared/receptors/posebusters/7SZA_DUI/receptor.pdbqt	23.67	182.1	5	/home/qasim/vgb_bench_data/poses/A1_refconf_refbox/vinardo/posebusters/7SZA_DUI.sdf.gz	2199	2026-09-23T11:39:36+08:00
arm	A1_refconf_refbox	vinardo	posebusters	7SIU_9ID	20260922	ok		5	-11.2	vinardo	kcal/mol (empirical score, not a measured free energy)	-30.454	3.92	-20.946	25.0	8	refconf	/home/qasim/vgb_bench_data/prepared/receptors/posebusters/7SIU_9ID/receptor.pdbqt	4860.62	182.0	5	/home/qasim/vgb_bench_data/poses/A1_refconf_refbox/vinardo/posebusters/7SIU_9ID.sdf.gz	3734	2026-09-23T10:19:18+08:00
arm	A1_refconf_refbox	vinardo	posebusters	7T3E_SLB	20260922	ok		5	-8.3	vinardo	kcal/mol (empirical score, not a measured free energy)	15.356	-21.665	-23.257	25.0	8	refconf	/home/qasim/vgb_bench_data/prepared/receptors/posebusters/7T3E_SLB/receptor.pdbqt	35.5	182.0	5	/home/qasim/vgb_bench_data/poses/A1_refconf_refbox/vinardo/posebusters/7T3E_SLB.sdf.gz	2762	2026-09-23T11:40:19+08:00
arm	A1_refconf_refbox	vinardo	posebusters	7T1D_E7K	20260922	ok		1	-18.4	vinardo	kcal/mol (empirical score, not a measured free energy)	23.826	-8.017	20.99	25.0	8	refconf	/home/qasim/vgb_bench_data/prepared/receptors/posebusters/7T1D_E7K/receptor.pdbqt	85.89	182.1	5	/home/qasim/vgb_bench_data/poses/A1_refconf_refbox/vinardo/posebusters/7T1D_E7K.sdf.gz	1189	2026-09-23T11:40:00+08:00
arm	A1_refconf_refbox	vinardo	posebusters	7T0D_FPP	20260922	ok		3	-11.7	vinardo	kcal/mol (empirical score, not a measured free energy)	33.207	-31.624	-1.714	25.0	8	refconf	/home/qasim/vgb_bench_data/prepared/receptors/posebusters/7T0D_FPP/receptor.pdbqt	101.22	182.4	5	/home/qasim/vgb_bench_data/poses/A1_refconf_refbox/vinardo/posebusters/7T0D_FPP.sdf.gz	2356	2026-09-23T11:39:55+08:00
arm	A1_refconf_refbox	vinardo	posebusters	7TBU_S3P	20260922	ok		5	-7.0	vinardo	kcal/mol (empirical score, not a measured free energy)	26.322	69.36	7.312	25.0	8	refconf	/home/qasim/vgb_bench_data/prepared/receptors/posebusters/7TBU_S3P/receptor.pdbqt	19.76	182.1	5	/home/qasim/vgb_bench_data/poses/A1_refconf_refbox/vinardo/posebusters/7TBU_S3P.sdf.gz	2085	2026-09-23T11:41:26+08:00
arm	A1_refconf_refbox	vinardo	posebusters	7TE8_P0T	20260922	ok		2	-12.7	vinardo	kcal/mol (empirical score, not a measured free energy)	-61.069	-56.962	35.599	25.0	8	refconf	/home/qasim/vgb_bench_data/prepared/receptors/posebusters/7TE8_P0T/receptor.pdbqt	43.91	182.4	5	/home/qasim/vgb_bench_data/poses/A1_refconf_refbox/vinardo/posebusters/7TE8_P0T.sdf.gz	1695	2026-09-23T11:41:36+08:00
arm	A1_refconf_refbox	vinardo	posebusters	7THI_PGA	20260922	ok		5	-6.4	vinardo	kcal/mol (empirical score, not a measured free energy)	37.848	35.762	114.861	25.0	8	refconf	/home/qasim/vgb_bench_data/prepared/receptors/posebusters/7THI_PGA/receptor.pdbqt	9.59	182.4	5	/home/qasim/vgb_bench_data/poses/A1_refconf_refbox/vinardo/posebusters/7THI_PGA.sdf.gz	1115	2026-09-23T11:42:20+08:00
arm	A1_refconf_refbox	vinardo	posebusters	7TM6_GPJ	20260922	ok		5	-6.7	vinardo	kcal/mol (empirical score, not a measured free energy)	-1.814	-0.483	-4.024	25.0	8	refconf	/home/qasim/vgb_bench_data/prepared/receptors/posebusters/7TM6_GPJ/receptor.pdbqt	15.56	182.4	5	/home/qasim/vgb_bench_data/poses/A1_refconf_refbox/vinardo/posebusters/7TM6_GPJ.sdf.gz	1456	2026-09-23T11:42:30+08:00
arm	A1_refconf_refbox	vinardo	posebusters	7PT3_3KK	20260922	ok		5	-12.6	vinardo	kcal/mol (empirical score, not a measured free energy)	-26.2	-5.194	30.072	25.0	8	refconf	/home/qasim/vgb_bench_data/prepared/receptors/posebusters/7PT3_3KK/receptor.pdbqt	13255.53	182.0	5	/home/qasim/vgb_bench_data/poses/A1_refconf_refbox/vinardo/posebusters/7PT3_3KK.sdf.gz	6543	2026-09-23T08:01:59+08:00
arm	A1_refconf_refbox	vinardo	posebusters	7TOM_5AD	20260922	ok		2	-9.3	vinardo	kcal/mol (empirical score, not a measured free energy)	19.107	56.024	30.738	25.0	8	refconf	/home/qasim/vgb_bench_data/prepared/receptors/posebusters/7TOM_5AD/receptor.pdbqt	32.02	182.4	5	/home/qasim/vgb_bench_data/poses/A1_refconf_refbox/vinardo/posebusters/7TOM_5AD.sdf.gz	1133	2026-09-23T11:42:45+08:00
arm	A1_refconf_refbox	vinardo	posebusters	7TS6_KMI	20260922	ok		5	-9.7	vinardo	kcal/mol (empirical score, not a measured free energy)	-14.418	-1.031	-4.038	25.0	8	refconf	/home/qasim/vgb_bench_data/prepared/receptors/posebusters/7TS6_KMI/receptor.pdbqt	27.07	182.2	5	/home/qasim/vgb_bench_data/poses/A1_refconf_refbox/vinardo/posebusters/7TS6_KMI.sdf.gz	2375	2026-09-23T11:42:55+08:00
arm	A1_refconf_refbox	vinardo	posebusters	7TSF_H4B	20260922	ok		4	-9.4	vinardo	kcal/mol (empirical score, not a measured free energy)	7.112	2.973	34.75	25.0	8	refconf	/home/qasim/vgb_bench_data/prepared/receptors/posebusters/7TSF_H4B/receptor.pdbqt	30.57	182.4	5	/home/qasim/vgb_bench_data/poses/A1_refconf_refbox/vinardo/posebusters/7TSF_H4B.sdf.gz	1999	2026-09-23T11:43:17+08:00
arm	A1_refconf_refbox	vinardo	posebusters	7TXK_LW8	20260922	ok		5	-7.4	vinardo	kcal/mol (empirical score, not a measured free energy)	29.964	44.209	90.312	25.0	8	refconf	/home/qasim/vgb_bench_data/prepared/receptors/posebusters/7TXK_LW8/receptor.pdbqt	30.83	182.4	5	/home/qasim/vgb_bench_data/poses/A1_refconf_refbox/vinardo/posebusters/7TXK_LW8.sdf.gz	2241	2026-09-23T11:43:48+08:00
arm	A1_refconf_refbox	vinardo	posebusters	7TH4_FFO	20260922	ok		5	-10.2	vinardo	kcal/mol (empirical score, not a measured free energy)	26.15	10.001	10.003	25.0	8	refconf	/home/qasim/vgb_bench_data/prepared/receptors/posebusters/7TH4_FFO/receptor.pdbqt	183.85	182.1	5	/home/qasim/vgb_bench_data/poses/A1_refconf_refbox/vinardo/posebusters/7TH4_FFO.sdf.gz	3822	2026-09-23T11:41:45+08:00
arm	A1_refconf_refbox	vinardo	posebusters	7PK0_BYC	20260922	ok		5	-9.7	vinardo	kcal/mol (empirical score, not a measured free energy)	-19.926	27.675	-18.748	25.0	8	refconf	/home/qasim/vgb_bench_data/prepared/receptors/posebusters/7PK0_BYC/receptor.pdbqt	13504.09	182.3	5	/home/qasim/vgb_bench_data/poses/A1_refconf_refbox/vinardo/posebusters/7PK0_BYC.sdf.gz	6538	2026-09-23T07:59:45+08:00
arm	A1_refconf_refbox	vinardo	posebusters	7U0U_FK5	20260922	failed	vinardo: ATOM     26  C   UNL     1     -27.116 -14.173 -27.491  1.00  0.00    +0.033 CG0			vinardo	kcal/mol (empirical score, not a measured free energy)	-31.598	-12.904	-24.921	25.0	8	refconf	/home/qasim/vgb_bench_data/prepared/receptors/posebusters/7U0U_FK5/receptor.pdbqt	0.59		5			2026-09-23T11:44:49+08:00
arm	A1_refconf_refbox	vinardo	posebusters	7TUO_KL9	20260922	ok		3	-11.7	vinardo	kcal/mol (empirical score, not a measured free energy)	-0.488	24.023	-11.155	25.0	8	refconf	/home/qasim/vgb_bench_data/prepared/receptors/posebusters/7TUO_KL9/receptor.pdbqt	124.17	182.2	5	/home/qasim/vgb_bench_data/poses/A1_refconf_refbox/vinardo/posebusters/7TUO_KL9.sdf.gz	2606	2026-09-23T11:43:22+08:00
arm	A1_refconf_refbox	vinardo	posebusters	7UAW_MF6	20260922	failed	vinardo: ATOM     10  C   UNL     1     -22.336  10.180 -16.932  1.00  0.00    +0.179 CG0			vinardo	kcal/mol (empirical score, not a measured free energy)	-20.611	7.637	-16.544	25.0	8	refconf	/home/qasim/vgb_bench_data/prepared/receptors/posebusters/7UAW_MF6/receptor.pdbqt	0.17		5			2026-09-23T11:45:26+08:00
arm	A1_refconf_refbox	vinardo	posebusters	7TYP_KUR	20260922	ok		1	-15.5	vinardo	kcal/mol (empirical score, not a measured free energy)	-33.626	8.911	21.193	25.0	8	refconf	/home/qasim/vgb_bench_data/prepared/receptors/posebusters/7TYP_KUR/receptor.pdbqt	136.94	182.4	5	/home/qasim/vgb_bench_data/poses/A1_refconf_refbox/vinardo/posebusters/7TYP_KUR.sdf.gz	1284	2026-09-23T11:44:19+08:00
arm	A1_refconf_refbox	vinardo	posebusters	7UJ5_DGL	20260922	ok		5	-7.3	vinardo	kcal/mol (empirical score, not a measured free energy)	-22.752	-18.276	-39.385	25.0	8	refconf	/home/qasim/vgb_bench_data/prepared/receptors/posebusters/7UJ5_DGL/receptor.pdbqt	17.68	182.4	5	/home/qasim/vgb_bench_data/poses/A1_refconf_refbox/vinardo/posebusters/7UJ5_DGL.sdf.gz	1500	2026-09-23T11:46:36+08:00
arm	A1_refconf_refbox	vinardo	posebusters	7TB0_UD1	20260922	ok		5	-11.3	vinardo	kcal/mol (empirical score, not a measured free energy)	27.557	-30.334	39.859	25.0	8	refconf	/home/qasim/vgb_bench_data/prepared/receptors/posebusters/7TB0_UD1/receptor.pdbqt	373.67	182.0	5	/home/qasim/vgb_bench_data/poses/A1_refconf_refbox/vinardo/posebusters/7TB0_UD1.sdf.gz	4588	2026-09-23T11:40:54+08:00
arm	A1_refconf_refbox	vinardo	posebusters	7UAS_MBU	20260922	ok		5	-8.5	vinardo	kcal/mol (empirical score, not a measured free energy)	5.3	-32.533	26.597	25.0	8	refconf	/home/qasim/vgb_bench_data/prepared/receptors/posebusters/7UAS_MBU/receptor.pdbqt	228.53	182.1	5	/home/qasim/vgb_bench_data/poses/A1_refconf_refbox/vinardo/posebusters/7UAS_MBU.sdf.gz	4904	2026-09-23T11:44:50+08:00
arm	A1_refconf_refbox	vinardo	posebusters	7UJF_R3V	20260922	ok		1	-12.9	vinardo	kcal/mol (empirical score, not a measured free energy)	-2.155	-15.182	-62.516	25.0	8	refconf	/home/qasim/vgb_bench_data/prepared/receptors/posebusters/7UJF_R3V/receptor.pdbqt	189.57	182.4	5	/home/qasim/vgb_bench_data/poses/A1_refconf_refbox/vinardo/posebusters/7UJF_R3V.sdf.gz	1259	2026-09-23T11:46:53+08:00
arm	A1_refconf_refbox	vinardo	posebusters	7UQ3_O2U	20260922	ok		5	-7.0	vinardo	kcal/mol (empirical score, not a measured free energy)	8.647	141.967	100.494	25.0	8	refconf	/home/qasim/vgb_bench_data/prepared/receptors/posebusters/7UQ3_O2U/receptor.pdbqt	18.67	182.4	5	/home/qasim/vgb_bench_data/poses/A1_refconf_refbox/vinardo/posebusters/7UQ3_O2U.sdf.gz	1473	2026-09-23T11:50:03+08:00
arm	A1_refconf_refbox	vinardo	posebusters	7ULC_56B	20260922	ok		1	-15.3	vinardo	kcal/mol (empirical score, not a measured free energy)	72.04	15.837	68.645	25.0	8	refconf	/home/qasim/vgb_bench_data/prepared/receptors/posebusters/7ULC_56B/receptor.pdbqt	233.86	182.0	5	/home/qasim/vgb_bench_data/poses/A1_refconf_refbox/vinardo/posebusters/7ULC_56B.sdf.gz	1150	2026-09-23T11:47:08+08:00
arm	A1_refconf_refbox	vinardo	posebusters	7USH_82V	20260922	ok		5	-7.8	vinardo	kcal/mol (empirical score, not a measured free energy)	18.426	-5.211	8.33	25.0	8	refconf	/home/qasim/vgb_bench_data/prepared/receptors/posebusters/7USH_82V/receptor.pdbqt	63.65	182.4	5	/home/qasim/vgb_bench_data/poses/A1_refconf_refbox/vinardo/posebusters/7USH_82V.sdf.gz	3073	2026-09-23T11:50:22+08:00
arm	A1_refconf_refbox	vinardo	posebusters	7UXS_OJC	20260922	failed	vinardo: ATOM     26  C   UNL     1     -11.154  33.724 -11.283  1.00  0.00    +0.179 CG0			vinardo	kcal/mol (empirical score, not a measured free energy)	-13.912	31.725	-13.901	25.0	8	refconf	/home/qasim/vgb_bench_data/prepared/receptors/posebusters/7UXS_OJC/receptor.pdbqt	0.29		5			2026-09-23T11:51:25+08:00
arm	A1_refconf_refbox	vinardo	posebusters	7UY4_SMI	20260922	ok		5	-6.3	vinardo	kcal/mol (empirical score, not a measured free energy)	-1.479	-29.473	17.504	25.0	8	refconf	/home/qasim/vgb_bench_data/prepared/receptors/posebusters/7UY4_SMI/receptor.pdbqt	35.46	182.4	5	/home/qasim/vgb_bench_data/poses/A1_refconf_refbox/vinardo/posebusters/7UY4_SMI.sdf.gz	3547	2026-09-23T11:51:26+08:00
arm	A1_refconf_refbox	vinardo	posebusters	7U3J_L6U	20260922	ok		5	-7.2	vinardo	kcal/mol (empirical score, not a measured free energy)	13.364	6.371	-6.012	25.0	8	refconf	/home/qasim/vgb_bench_data/prepared/receptors/posebusters/7U3J_L6U/receptor.pdbqt	502.04	182.4	5	/home/qasim/vgb_bench_data/poses/A1_refconf_refbox/vinardo/posebusters/7U3J_L6U.sdf.gz	4969	2026-09-23T11:44:50+08:00
arm	A1_refconf_refbox	vinardo	posebusters	7UJ4_OQ4	20260922	ok		5	-9.0	vinardo	kcal/mol (empirical score, not a measured free energy)	-20.319	-2.219	23.792	25.0	8	refconf	/home/qasim/vgb_bench_data/prepared/receptors/posebusters/7UJ4_OQ4/receptor.pdbqt	502.61	182.2	5	/home/qasim/vgb_bench_data/poses/A1_refconf_refbox/vinardo/posebusters/7UJ4_OQ4.sdf.gz	6304	2026-09-23T11:45:26+08:00
arm	A1_refconf_refbox	vinardo	posebusters	7V3N_AKG	20260922	ok		5	-5.4	vinardo	kcal/mol (empirical score, not a measured free energy)	129.158	82.335	-5.565	25.0	8	refconf	/home/qasim/vgb_bench_data/prepared/receptors/posebusters/7V3N_AKG/receptor.pdbqt	25.0	182.2	5	/home/qasim/vgb_bench_data/poses/A1_refconf_refbox/vinardo/posebusters/7V3N_AKG.sdf.gz	1283	2026-09-23T11:53:49+08:00
arm	A1_refconf_refbox	vinardo	posebusters	7UYB_OK0	20260922	ok		3	-11.3	vinardo	kcal/mol (empirical score, not a measured free energy)	-21.202	-12.85	-9.595	25.0	8	refconf	/home/qasim/vgb_bench_data/prepared/receptors/posebusters/7UYB_OK0/receptor.pdbqt	139.76	182.4	5	/home/qasim/vgb_bench_data/poses/A1_refconf_refbox/vinardo/posebusters/7UYB_OK0.sdf.gz	2187	2026-09-23T11:52:01+08:00
arm	A1_refconf_refbox	vinardo	posebusters	7V43_C4O	20260922	ok		5	-6.5	vinardo	kcal/mol (empirical score, not a measured free energy)	-41.595	24.817	-9.688	25.0	8	refconf	/home/qasim/vgb_bench_data/prepared/receptors/posebusters/7V43_C4O/receptor.pdbqt	9.15	182.4	5	/home/qasim/vgb_bench_data/poses/A1_refconf_refbox/vinardo/posebusters/7V43_C4O.sdf.gz	1219	2026-09-23T11:54:21+08:00
arm	A1_refconf_refbox	vinardo	posebusters	7VB8_STL	20260922	ok		5	-9.1	vinardo	kcal/mol (empirical score, not a measured free energy)	4.84	19.916	-31.314	25.0	8	refconf	/home/qasim/vgb_bench_data/prepared/receptors/posebusters/7VB8_STL/receptor.pdbqt	30.27	182.4	5	/home/qasim/vgb_bench_data/poses/A1_refconf_refbox/vinardo/posebusters/7VB8_STL.sdf.gz	2110	2026-09-23T11:54:30+08:00
arm	A1_refconf_refbox	vinardo	posebusters	7VBU_6I4	20260922	ok		5	-8.4	vinardo	kcal/mol (empirical score, not a measured free energy)	33.756	36.917	61.942	25.0	8	refconf	/home/qasim/vgb_bench_data/prepared/receptors/posebusters/7VBU_6I4/receptor.pdbqt	23.77	182.4	5	/home/qasim/vgb_bench_data/poses/A1_refconf_refbox/vinardo/posebusters/7VBU_6I4.sdf.gz	2260	2026-09-23T11:55:00+08:00
arm	A1_refconf_refbox	vinardo	posebusters	7V14_ORU	20260922	ok		2	-10.8	vinardo	kcal/mol (empirical score, not a measured free energy)	32.309	5.205	-4.403	25.0	8	refconf	/home/qasim/vgb_bench_data/prepared/receptors/posebusters/7V14_ORU/receptor.pdbqt	197.71	182.4	5	/home/qasim/vgb_bench_data/poses/A1_refconf_refbox/vinardo/posebusters/7V14_ORU.sdf.gz	1773	2026-09-23T11:53:12+08:00
arm	A1_refconf_refbox	vinardo	posebusters	7VC5_9SF	20260922	ok		5	-10.9	vinardo	kcal/mol (empirical score, not a measured free energy)	15.639	-12.469	-2.828	25.0	8	refconf	/home/qasim/vgb_bench_data/prepared/receptors/posebusters/7VC5_9SF/receptor.pdbqt	71.56	182.4	5	/home/qasim/vgb_bench_data/poses/A1_refconf_refbox/vinardo/posebusters/7VC5_9SF.sdf.gz	2923	2026-09-23T11:55:24+08:00
arm	A1_refconf_refbox	vinardo	posebusters	7VKZ_NOJ	20260922	ok		5	-6.6	vinardo	kcal/mol (empirical score, not a measured free energy)	14.271	3.037	36.653	25.0	8	refconf	/home/qasim/vgb_bench_data/prepared/receptors/posebusters/7VKZ_NOJ/receptor.pdbqt	12.72	182.4	5	/home/qasim/vgb_bench_data/poses/A1_refconf_refbox/vinardo/posebusters/7VKZ_NOJ.sdf.gz	1811	2026-09-23T11:56:29+08:00
arm	A1_refconf_refbox	vinardo	posebusters	7VQ9_ISY	20260922	ok		5	-7.4	vinardo	kcal/mol (empirical score, not a measured free energy)	27.569	-1.459	28.758	25.0	8	refconf	/home/qasim/vgb_bench_data/prepared/receptors/posebusters/7VQ9_ISY/receptor.pdbqt	41.95	182.4	5	/home/qasim/vgb_bench_data/poses/A1_refconf_refbox/vinardo/posebusters/7VQ9_ISY.sdf.gz	1936	2026-09-23T11:56:36+08:00
arm	A1_refconf_refbox	vinardo	posebusters	7V3S_5I9	20260922	ok		2	-14.7	vinardo	kcal/mol (empirical score, not a measured free energy)	-10.033	-16.781	28.968	25.0	8	refconf	/home/qasim/vgb_bench_data/prepared/receptors/posebusters/7V3S_5I9/receptor.pdbqt	262.78	182.2	5	/home/qasim/vgb_bench_data/poses/A1_refconf_refbox/vinardo/posebusters/7V3S_5I9.sdf.gz	1877	2026-09-23T11:54:14+08:00
arm	A1_refconf_refbox	vinardo	posebusters	7W05_GMP	20260922	ok		5	-7.4	vinardo	kcal/mol (empirical score, not a measured free energy)	0.652	6.158	-12.691	25.0	8	refconf	/home/qasim/vgb_bench_data/prepared/receptors/posebusters/7W05_GMP/receptor.pdbqt	62.37	182.2	5	/home/qasim/vgb_bench_data/poses/A1_refconf_refbox/vinardo/posebusters/7W05_GMP.sdf.gz	2447	2026-09-23T11:58:37+08:00
arm	A1_refconf_refbox	vinardo	posebusters	7W06_ITN	20260922	ok		5	-6.3	vinardo	kcal/mol (empirical score, not a measured free energy)	-20.048	17.083	28.165	25.0	8	refconf	/home/qasim/vgb_bench_data/prepared/receptors/posebusters/7W06_ITN/receptor.pdbqt	16.1	182.2	5	/home/qasim/vgb_bench_data/poses/A1_refconf_refbox/vinardo/posebusters/7W06_ITN.sdf.gz	1233	2026-09-23T11:59:39+08:00
arm	A1_refconf_refbox	vinardo	posebusters	7VYJ_CA0	20260922	ok		5	-9.7	vinardo	kcal/mol (empirical score, not a measured free energy)	56.726	-45.988	25.56	25.0	8	refconf	/home/qasim/vgb_bench_data/prepared/receptors/posebusters/7VYJ_CA0/receptor.pdbqt	166.71	182.4	5	/home/qasim/vgb_bench_data/poses/A1_refconf_refbox/vinardo/posebusters/7VYJ_CA0.sdf.gz	2936	2026-09-23T11:57:18+08:00
arm	A1_refconf_refbox	vinardo	posebusters	7VWF_K55	20260922	ok		4	-13.7	vinardo	kcal/mol (empirical score, not a measured free energy)	15.469	2.622	37.807	25.0	8	refconf	/home/qasim/vgb_bench_data/prepared/receptors/posebusters/7VWF_K55/receptor.pdbqt	245.94	182.4	5	/home/qasim/vgb_bench_data/poses/A1_refconf_refbox/vinardo/posebusters/7VWF_K55.sdf.gz	3418	2026-09-23T11:56:42+08:00
arm	A1_refconf_refbox	vinardo	posebusters	7WDT_NGS	20260922	ok		5	-5.9	vinardo	kcal/mol (empirical score, not a measured free energy)	23.468	-5.916	-4.431	25.0	8	refconf	/home/qasim/vgb_bench_data/prepared/receptors/posebusters/7WDT_NGS/receptor.pdbqt	51.81	182.4	5	/home/qasim/vgb_bench_data/poses/A1_refconf_refbox/vinardo/posebusters/7WDT_NGS.sdf.gz	2456	2026-09-23T12:00:04+08:00
arm	A1_refconf_refbox	vinardo	posebusters	7WJB_BGC	20260922	ok		5	-5.5	vinardo	kcal/mol (empirical score, not a measured free energy)	54.528	20.99	14.498	25.0	8	refconf	/home/qasim/vgb_bench_data/prepared/receptors/posebusters/7WJB_BGC/receptor.pdbqt	14.19	182.4	5	/home/qasim/vgb_bench_data/poses/A1_refconf_refbox/vinardo/posebusters/7WJB_BGC.sdf.gz	1889	2026-09-23T12:00:48+08:00
arm	A1_refconf_refbox	vinardo	posebusters	7WKL_CAQ	20260922	ok		5	-7.5	vinardo	kcal/mol (empirical score, not a measured free energy)	16.373	32.443	75.28	25.0	8	refconf	/home/qasim/vgb_bench_data/prepared/receptors/posebusters/7WKL_CAQ/receptor.pdbqt	8.5	182.4	5	/home/qasim/vgb_bench_data/poses/A1_refconf_refbox/vinardo/posebusters/7WKL_CAQ.sdf.gz	1092	2026-09-23T12:00:56+08:00
arm	A1_refconf_refbox	vinardo	posebusters	7UMW_NAD	20260922	ok		5	-14.5	vinardo	kcal/mol (empirical score, not a measured free energy)	-44.374	49.774	-24.662	25.0	8	refconf	/home/qasim/vgb_bench_data/prepared/receptors/posebusters/7UMW_NAD/receptor.pdbqt	805.26	182.1	5	/home/qasim/vgb_bench_data/poses/A1_refconf_refbox/vinardo/posebusters/7UMW_NAD.sdf.gz	4937	2026-09-23T11:48:38+08:00
arm	A1_refconf_refbox	vinardo	posebusters	7WPW_F15	20260922	ok		5	-7.5	vinardo	kcal/mol (empirical score, not a measured free energy)	6.814	-20.656	-2.696	25.0	8	refconf	/home/qasim/vgb_bench_data/prepared/receptors/posebusters/7WPW_F15/receptor.pdbqt	77.75	182.4	5	/home/qasim/vgb_bench_data/poses/A1_refconf_refbox/vinardo/posebusters/7WPW_F15.sdf.gz	3227	2026-09-23T12:01:05+08:00
arm	A1_refconf_refbox	vinardo	posebusters	7WQQ_5Z6	20260922	ok		2	-15.0	vinardo	kcal/mol (empirical score, not a measured free energy)	29.086	-6.035	9.438	25.0	8	refconf	/home/qasim/vgb_bench_data/prepared/receptors/posebusters/7WQQ_5Z6/receptor.pdbqt	65.87	182.1	5	/home/qasim/vgb_bench_data/poses/A1_refconf_refbox/vinardo/posebusters/7WQQ_5Z6.sdf.gz	1748	2026-09-23T12:02:04+08:00
arm	A1_refconf_refbox	vinardo	posebusters	7WUX_6OI	20260922	ok		5	-6.1	vinardo	kcal/mol (empirical score, not a measured free energy)	23.855	17.924	-11.989	25.0	8	refconf	/home/qasim/vgb_bench_data/prepared/receptors/posebusters/7WUX_6OI/receptor.pdbqt	54.5	182.4	5	/home/qasim/vgb_bench_data/poses/A1_refconf_refbox/vinardo/posebusters/7WUX_6OI.sdf.gz	2361	2026-09-23T12:02:22+08:00
arm	A1_refconf_refbox	vinardo	posebusters	7WY1_D0L	20260922	failed	vinardo: ATOM   4499  MO  MI9 A 501      15.615 -12.952 -11.459  1.00  0.00    +0.000 Mo			vinardo	kcal/mol (empirical score, not a measured free energy)	-1.318	-27.357	-69.396	25.0	8	refconf	/home/qasim/vgb_bench_data/prepared/receptors/posebusters/7WY1_D0L/receptor.pdbqt	0.05		5			2026-09-23T12:03:17+08:00
arm	A1_refconf_refbox	vinardo	posebusters	7WCF_ACP	20260922	ok		5	-8.5	vinardo	kcal/mol (empirical score, not a measured free energy)	7.947	-20.95	-22.024	25.0	8	refconf	/home/qasim/vgb_bench_data/prepared/receptors/posebusters/7WCF_ACP/receptor.pdbqt	222.16	182.2	5	/home/qasim/vgb_bench_data/poses/A1_refconf_refbox/vinardo/posebusters/7WCF_ACP.sdf.gz	3408	2026-09-23T11:59:55+08:00
arm	A1_refconf_refbox	vinardo	posebusters	7WL4_JFU	20260922	ok		5	-8.8	vinardo	kcal/mol (empirical score, not a measured free energy)	4.345	11.129	32.356	25.0	8	refconf	/home/qasim/vgb_bench_data/prepared/receptors/posebusters/7WL4_JFU/receptor.pdbqt	157.3	182.4	5	/home/qasim/vgb_bench_data/poses/A1_refconf_refbox/vinardo/posebusters/7WL4_JFU.sdf.gz	3983	2026-09-23T12:01:02+08:00
arm	A1_refconf_refbox	vinardo	posebusters	7WUY_76N	20260922	ok		3	-11.2	vinardo	kcal/mol (empirical score, not a measured free energy)	13.92	149.408	25.881	25.0	8	refconf	/home/qasim/vgb_bench_data/prepared/receptors/posebusters/7WUY_76N/receptor.pdbqt	88.41	182.1	5	/home/qasim/vgb_bench_data/poses/A1_refconf_refbox/vinardo/posebusters/7WUY_76N.sdf.gz	2641	2026-09-23T12:03:10+08:00
arm	A1_refconf_refbox	vinardo	posebusters	7UTW_NAI	20260922	ok		5	-13.4	vinardo	kcal/mol (empirical score, not a measured free energy)	29.672	-5.826	-35.805	25.0	8	refconf	/home/qasim/vgb_bench_data/prepared/receptors/posebusters/7UTW_NAI/receptor.pdbqt	826.41	182.0	5	/home/qasim/vgb_bench_data/poses/A1_refconf_refbox/vinardo/posebusters/7UTW_NAI.sdf.gz	4948	2026-09-23T11:51:02+08:00
arm	A1_refconf_refbox	vinardo	posebusters	7X5N_5M5	20260922	ok		5	-7.7	vinardo	kcal/mol (empirical score, not a measured free energy)	82.736	49.893	54.21	25.0	8	refconf	/home/qasim/vgb_bench_data/prepared/receptors/posebusters/7X5N_5M5/receptor.pdbqt	104.85	182.4	5	/home/qasim/vgb_bench_data/poses/A1_refconf_refbox/vinardo/posebusters/7X5N_5M5.sdf.gz	3709	2026-09-23T12:03:17+08:00
arm	A1_refconf_refbox	vinardo	posebusters	7X9K_8OG	20260922	ok		1	-9.9	vinardo	kcal/mol (empirical score, not a measured free energy)	-5.768	0.518	25.789	25.0	8	refconf	/home/qasim/vgb_bench_data/prepared/receptors/posebusters/7X9K_8OG/receptor.pdbqt	87.71	182.2	5	/home/qasim/vgb_bench_data/poses/A1_refconf_refbox/vinardo/posebusters/7X9K_8OG.sdf.gz	829	2026-09-23T12:03:37+08:00
arm	A1_refconf_refbox	vinardo	posebusters	7XG5_PLP	20260922	ok		5	-7.8	vinardo	kcal/mol (empirical score, not a measured free energy)	-38.269	-27.936	17.528	25.0	8	refconf	/home/qasim/vgb_bench_data/prepared/receptors/posebusters/7XG5_PLP/receptor.pdbqt	48.06	182.0	5	/home/qasim/vgb_bench_data/poses/A1_refconf_refbox/vinardo/posebusters/7XG5_PLP.sdf.gz	1937	2026-09-23T12:04:48+08:00
arm	A1_refconf_refbox	vinardo	posebusters	7XJN_NSD	20260922	ok		5	-7.2	vinardo	kcal/mol (empirical score, not a measured free energy)	-1.907	7.289	32.912	25.0	8	refconf	/home/qasim/vgb_bench_data/prepared/receptors/posebusters/7XJN_NSD/receptor.pdbqt	44.12	182.2	5	/home/qasim/vgb_bench_data/poses/A1_refconf_refbox/vinardo/posebusters/7XJN_NSD.sdf.gz	1970	2026-09-23T12:05:05+08:00
arm	A1_refconf_refbox	vinardo	posebusters	7XI7_4RI	20260922	ok		5	-9.2	vinardo	kcal/mol (empirical score, not a measured free energy)	-2.823	-16.569	0.714	25.0	8	refconf	/home/qasim/vgb_bench_data/prepared/receptors/posebusters/7XI7_4RI/receptor.pdbqt	79.39	182.4	5	/home/qasim/vgb_bench_data/poses/A1_refconf_refbox/vinardo/posebusters/7XI7_4RI.sdf.gz	2919	2026-09-23T12:05:02+08:00
arm	A1_refconf_refbox	vinardo	posebusters	7XRL_FWK	20260922	ok		5	-6.8	vinardo	kcal/mol (empirical score, not a measured free energy)	10.961	-1.053	40.418	25.0	8	refconf	/home/qasim/vgb_bench_data/prepared/receptors/posebusters/7XRL_FWK/receptor.pdbqt	37.23	182.4	5	/home/qasim/vgb_bench_data/poses/A1_refconf_refbox/vinardo/posebusters/7XRL_FWK.sdf.gz	2475	2026-09-23T12:06:21+08:00
arm	A1_refconf_refbox	vinardo	posebusters	7YZU_DO7	20260922	ok		4	-8.6	vinardo	kcal/mol (empirical score, not a measured free energy)	11.013	-22.301	-18.805	25.0	8	refconf	/home/qasim/vgb_bench_data/prepared/receptors/posebusters/7YZU_DO7/receptor.pdbqt	33.06	182.4	5	/home/qasim/vgb_bench_data/poses/A1_refconf_refbox/vinardo/posebusters/7YZU_DO7.sdf.gz	1820	2026-09-23T12:06:58+08:00
arm	A1_refconf_refbox	vinardo	posebusters	7Z1Q_NIO	20260922	ok		5	-5.7	vinardo	kcal/mol (empirical score, not a measured free energy)	1.794	21.852	-2.991	25.0	8	refconf	/home/qasim/vgb_bench_data/prepared/receptors/posebusters/7Z1Q_NIO/receptor.pdbqt	9.42	182.4	5	/home/qasim/vgb_bench_data/poses/A1_refconf_refbox/vinardo/posebusters/7Z1Q_NIO.sdf.gz	1173	2026-09-23T12:07:31+08:00
arm	A1_refconf_refbox	vinardo	posebusters	7XQZ_FPF	20260922	ok		5	-13.1	vinardo	kcal/mol (empirical score, not a measured free energy)	-20.186	-1.457	-19.258	25.0	8	refconf	/home/qasim/vgb_bench_data/prepared/receptors/posebusters/7XQZ_FPF/receptor.pdbqt	112.28	182.2	5	/home/qasim/vgb_bench_data/poses/A1_refconf_refbox/vinardo/posebusters/7XQZ_FPF.sdf.gz	3582	2026-09-23T12:05:49+08:00
arm	A1_refconf_refbox	vinardo	posebusters	7XBV_APC	20260922	ok		5	-9.1	vinardo	kcal/mol (empirical score, not a measured free energy)	-40.025	10.24	-1.215	25.0	8	refconf	/home/qasim/vgb_bench_data/prepared/receptors/posebusters/7XBV_APC/receptor.pdbqt	251.49	182.4	5	/home/qasim/vgb_bench_data/poses/A1_refconf_refbox/vinardo/posebusters/7XBV_APC.sdf.gz	3534	2026-09-23T12:03:39+08:00
arm	A1_refconf_refbox	vinardo	posebusters	7Z2O_IAJ	20260922	ok		5	-8.0	vinardo	kcal/mol (empirical score, not a measured free energy)	-7.692	15.225	11.23	25.0	8	refconf	/home/qasim/vgb_bench_data/prepared/receptors/posebusters/7Z2O_IAJ/receptor.pdbqt	15.09	182.4	5	/home/qasim/vgb_bench_data/poses/A1_refconf_refbox/vinardo/posebusters/7Z2O_IAJ.sdf.gz	1585	2026-09-23T12:07:41+08:00
arm	A1_refconf_refbox	vinardo	posebusters	7Z7F_IF3	20260922	ok		5	-7.4	vinardo	kcal/mol (empirical score, not a measured free energy)	16.356	28.165	4.068	25.0	8	refconf	/home/qasim/vgb_bench_data/prepared/receptors/posebusters/7Z7F_IF3/receptor.pdbqt	17.77	182.2	5	/home/qasim/vgb_bench_data/poses/A1_refconf_refbox/vinardo/posebusters/7Z7F_IF3.sdf.gz	1978	2026-09-23T12:07:41+08:00
arm	A1_refconf_refbox	vinardo	posebusters	7ZDY_6MJ	20260922	ok		5	-5.4	vinardo	kcal/mol (empirical score, not a measured free energy)	26.593	-7.332	42.942	25.0	8	refconf	/home/qasim/vgb_bench_data/prepared/receptors/posebusters/7ZDY_6MJ/receptor.pdbqt	12.1	182.4	5	/home/qasim/vgb_bench_data/poses/A1_refconf_refbox/vinardo/posebusters/7ZDY_6MJ.sdf.gz	1780	2026-09-23T12:07:56+08:00
arm	A1_refconf_refbox	vinardo	posebusters	7ZHP_IQY	20260922	failed	vinardo: ATOM     21  C   UNL     1      72.334  40.645  -2.057  1.00  0.00    +0.040 CG0			vinardo	kcal/mol (empirical score, not a measured free energy)	69.363	38.168	1.343	25.0	8	refconf	/home/qasim/vgb_bench_data/prepared/receptors/posebusters/7ZHP_IQY/receptor.pdbqt	0.16		5			2026-09-23T12:08:08+08:00
arm	A1_refconf_refbox	vinardo	posebusters	7ZCC_OGA	20260922	ok		5	-5.2	vinardo	kcal/mol (empirical score, not a measured free energy)	38.538	16.497	59.474	25.0	8	refconf	/home/qasim/vgb_bench_data/prepared/receptors/posebusters/7ZCC_OGA/receptor.pdbqt	17.3	182.4	5	/home/qasim/vgb_bench_data/poses/A1_refconf_refbox/vinardo/posebusters/7ZCC_OGA.sdf.gz	1251	2026-09-23T12:07:51+08:00
arm	A1_refconf_refbox	vinardo	posebusters	7ZF0_DHR	20260922	ok		5	-6.7	vinardo	kcal/mol (empirical score, not a measured free energy)	33.197	58.132	48.074	25.0	8	refconf	/home/qasim/vgb_bench_data/prepared/receptors/posebusters/7ZF0_DHR/receptor.pdbqt	11.48	182.2	5	/home/qasim/vgb_bench_data/poses/A1_refconf_refbox/vinardo/posebusters/7ZF0_DHR.sdf.gz	1439	2026-09-23T12:07:59+08:00
arm	A1_refconf_refbox	vinardo	posebusters	7ZOC_T8E	20260922	ok		5	-7.5	vinardo	kcal/mol (empirical score, not a measured free energy)	16.218	10.527	35.456	25.0	8	refconf	/home/qasim/vgb_bench_data/prepared/receptors/posebusters/7ZOC_T8E/receptor.pdbqt	25.15	182.4	5	/home/qasim/vgb_bench_data/poses/A1_refconf_refbox/vinardo/posebusters/7ZOC_T8E.sdf.gz	2081	2026-09-23T12:08:08+08:00
arm	A1_refconf_refbox	vinardo	posebusters	7ZTL_BCN	20260922	ok		5	-4.0	vinardo	kcal/mol (empirical score, not a measured free energy)	-37.103	26.471	5.402	25.0	8	refconf	/home/qasim/vgb_bench_data/prepared/receptors/posebusters/7ZTL_BCN/receptor.pdbqt	25.95	182.2	5	/home/qasim/vgb_bench_data/poses/A1_refconf_refbox/vinardo/posebusters/7ZTL_BCN.sdf.gz	1879	2026-09-23T12:08:11+08:00
arm	A1_refconf_refbox	vinardo	posebusters	7XFA_D9J	20260922	ok		5	-9.1	vinardo	kcal/mol (empirical score, not a measured free energy)	-18.287	-8.82	1.387	25.0	8	refconf	/home/qasim/vgb_bench_data/prepared/receptors/posebusters/7XFA_D9J/receptor.pdbqt	260.02	182.1	5	/home/qasim/vgb_bench_data/poses/A1_refconf_refbox/vinardo/posebusters/7XFA_D9J.sdf.gz	4191	2026-09-23T12:04:38+08:00
arm	A1_refconf_refbox	vinardo	posebusters	7ZU2_DHT	20260922	ok		1	-9.7	vinardo	kcal/mol (empirical score, not a measured free energy)	-27.276	2.137	-4.783	25.0	8	refconf	/home/qasim/vgb_bench_data/prepared/receptors/posebusters/7ZU2_DHT/receptor.pdbqt	31.51	182.4	5	/home/qasim/vgb_bench_data/poses/A1_refconf_refbox/vinardo/posebusters/7ZU2_DHT.sdf.gz	1020	2026-09-23T12:08:33+08:00
arm	A1_refconf_refbox	vinardo	posebusters	7ZL5_IWE	20260922	ok		5	-7.1	vinardo	kcal/mol (empirical score, not a measured free energy)	-17.961	35.94	43.787	25.0	8	refconf	/home/qasim/vgb_bench_data/prepared/receptors/posebusters/7ZL5_IWE/receptor.pdbqt	93.28	182.4	5	/home/qasim/vgb_bench_data/poses/A1_refconf_refbox/vinardo/posebusters/7ZL5_IWE.sdf.gz	2452	2026-09-23T12:08:08+08:00
arm	A1_refconf_refbox	vinardo	posebusters	7XPO_UPG	20260922	ok		5	-10.7	vinardo	kcal/mol (empirical score, not a measured free energy)	-19.299	-22.088	-25.646	25.0	8	refconf	/home/qasim/vgb_bench_data/prepared/receptors/posebusters/7XPO_UPG/receptor.pdbqt	268.85	182.0	5	/home/qasim/vgb_bench_data/poses/A1_refconf_refbox/vinardo/posebusters/7XPO_UPG.sdf.gz	3976	2026-09-23T12:05:36+08:00
arm	A1_refconf_refbox	vinardo	posebusters	8A1H_DLZ	20260922	ok		3	-11.4	vinardo	kcal/mol (empirical score, not a measured free energy)	-66.737	39.624	-6.751	25.0	8	refconf	/home/qasim/vgb_bench_data/prepared/receptors/posebusters/8A1H_DLZ/receptor.pdbqt	69.84	182.4	5	/home/qasim/vgb_bench_data/poses/A1_refconf_refbox/vinardo/posebusters/8A1H_DLZ.sdf.gz	1922	2026-09-23T12:09:05+08:00
arm	A1_refconf_refbox	vinardo	posebusters	8AEM_LVF	20260922	ok		5	-6.9	vinardo	kcal/mol (empirical score, not a measured free energy)	-107.937	-176.661	311.558	25.0	8	refconf	/home/qasim/vgb_bench_data/prepared/receptors/posebusters/8AEM_LVF/receptor.pdbqt	16.68	182.4	5	/home/qasim/vgb_bench_data/poses/A1_refconf_refbox/vinardo/posebusters/8AEM_LVF.sdf.gz	1565	2026-09-23T12:10:15+08:00
arm	A1_refconf_refbox	vinardo	posebusters	7ZZW_KKW	20260922	ok		5	-8.6	vinardo	kcal/mol (empirical score, not a measured free energy)	23.169	-18.513	0.456	25.0	8	refconf	/home/qasim/vgb_bench_data/prepared/receptors/posebusters/7ZZW_KKW/receptor.pdbqt	101.24	182.1	5	/home/qasim/vgb_bench_data/poses/A1_refconf_refbox/vinardo/posebusters/7ZZW_KKW.sdf.gz	3727	2026-09-23T12:08:58+08:00
arm	A1_refconf_refbox	vinardo	posebusters	8AAU_LH0	20260922	ok		5	-7.5	vinardo	kcal/mol (empirical score, not a measured free energy)	-13.944	43.31	-13.776	25.0	8	refconf	/home/qasim/vgb_bench_data/prepared/receptors/posebusters/8AAU_LH0/receptor.pdbqt	87.64	182.0	5	/home/qasim/vgb_bench_data/poses/A1_refconf_refbox/vinardo/posebusters/8AAU_LH0.sdf.gz	2926	2026-09-23T12:10:05+08:00
arm	A1_refconf_refbox	vinardo	posebusters	8AP0_PRP	20260922	ok		5	-9.8	vinardo	kcal/mol (empirical score, not a measured free energy)	9.191	20.001	9.165	25.0	8	refconf	/home/qasim/vgb_bench_data/prepared/receptors/posebusters/8AP0_PRP/receptor.pdbqt	73.16	182.1	5	/home/qasim/vgb_bench_data/poses/A1_refconf_refbox/vinardo/posebusters/8AP0_PRP.sdf.gz	2489	2026-09-23T12:10:39+08:00
arm	A1_refconf_refbox	vinardo	posebusters	7ZXV_45D	20260922	ok		3	-19.3	vinardo	kcal/mol (empirical score, not a measured free energy)	20.661	11.418	-12.666	25.0	8	refconf	/home/qasim/vgb_bench_data/prepared/receptors/posebusters/7ZXV_45D/receptor.pdbqt	219.64	182.2	5	/home/qasim/vgb_bench_data/poses/A1_refconf_refbox/vinardo/posebusters/7ZXV_45D.sdf.gz	4074	2026-09-23T12:08:37+08:00
arm	A1_refconf_refbox	vinardo	posebusters	8AIE_M7L	20260922	ok		5	-10.8	vinardo	kcal/mol (empirical score, not a measured free energy)	18.514	3.915	24.64	25.0	8	refconf	/home/qasim/vgb_bench_data/prepared/receptors/posebusters/8AIE_M7L/receptor.pdbqt	105.94	182.4	5	/home/qasim/vgb_bench_data/poses/A1_refconf_refbox/vinardo/posebusters/8AIE_M7L.sdf.gz	2777	2026-09-23T12:10:31+08:00
arm	A1_refconf_refbox	vinardo	posebusters	8AUH_L9I	20260922	ok		5	-5.3	vinardo	kcal/mol (empirical score, not a measured free energy)	18.94	16.628	-26.842	25.0	8	refconf	/home/qasim/vgb_bench_data/prepared/receptors/posebusters/8AUH_L9I/receptor.pdbqt	28.9	182.1	5	/home/qasim/vgb_bench_data/poses/A1_refconf_refbox/vinardo/posebusters/8AUH_L9I.sdf.gz	1510	2026-09-23T12:11:52+08:00
arm	A1_refconf_refbox	vinardo	posebusters	8AQL_PLG	20260922	ok		5	-7.4	vinardo	kcal/mol (empirical score, not a measured free energy)	2.587	52.9	8.301	25.0	8	refconf	/home/qasim/vgb_bench_data/prepared/receptors/posebusters/8AQL_PLG/receptor.pdbqt	85.2	182.0	5	/home/qasim/vgb_bench_data/poses/A1_refconf_refbox/vinardo/posebusters/8AQL_PLG.sdf.gz	2543	2026-09-23T12:11:33+08:00
arm	A1_refconf_refbox	vinardo	posebusters	8BTI_RFO	20260922	ok		5	-8.6	vinardo	kcal/mol (empirical score, not a measured free energy)	26.699	66.952	72.222	25.0	8	refconf	/home/qasim/vgb_bench_data/prepared/receptors/posebusters/8BTI_RFO/receptor.pdbqt	21.07	182.0	5	/home/qasim/vgb_bench_data/poses/A1_refconf_refbox/vinardo/posebusters/8BTI_RFO.sdf.gz	1880	2026-09-23T12:12:58+08:00
arm	A1_refconf_refbox	vinardo	posebusters	8B8H_OJQ	20260922	ok		5	-11.7	vinardo	kcal/mol (empirical score, not a measured free energy)	26.702	-3.123	2.184	25.0	8	refconf	/home/qasim/vgb_bench_data/prepared/receptors/posebusters/8B8H_OJQ/receptor.pdbqt	73.73	182.4	5	/home/qasim/vgb_bench_data/poses/A1_refconf_refbox/vinardo/posebusters/8B8H_OJQ.sdf.gz	2590	2026-09-23T12:12:17+08:00
arm	A1_refconf_refbox	vinardo	posebusters	8AY3_OE3	20260922	ok		5	-9.1	vinardo	kcal/mol (empirical score, not a measured free energy)	1.17	5.839	32.017	25.0	8	refconf	/home/qasim/vgb_bench_data/prepared/receptors/posebusters/8AY3_OE3/receptor.pdbqt	77.85	182.2	5	/home/qasim/vgb_bench_data/poses/A1_refconf_refbox/vinardo/posebusters/8AY3_OE3.sdf.gz	3158	2026-09-23T12:12:16+08:00
arm	A1_refconf_refbox	vinardo	posebusters	8C5M_MTA	20260922	ok		5	-8.3	vinardo	kcal/mol (empirical score, not a measured free energy)	82.631	-13.215	3.097	25.0	8	refconf	/home/qasim/vgb_bench_data/prepared/receptors/posebusters/8C5M_MTA/receptor.pdbqt	47.58	182.4	5	/home/qasim/vgb_bench_data/poses/A1_refconf_refbox/vinardo/posebusters/8C5M_MTA.sdf.gz	2617	2026-09-23T12:13:31+08:00
arm	A1_refconf_refbox	vinardo	posebusters	8CNH_V6U	20260922	ok		5	-12.4	vinardo	kcal/mol (empirical score, not a measured free energy)	-29.023	1.902	1.06	25.0	8	refconf	/home/qasim/vgb_bench_data/prepared/receptors/posebusters/8CNH_V6U/receptor.pdbqt	86.74	182.2	5	/home/qasim/vgb_bench_data/poses/A1_refconf_refbox/vinardo/posebusters/8CNH_V6U.sdf.gz	2797	2026-09-23T12:13:34+08:00
arm	A1_refconf_refbox	vinardo	posebusters	8BOM_QU6	20260922	ok		5	-14.8	vinardo	kcal/mol (empirical score, not a measured free energy)	-83.032	-19.057	87.192	25.0	8	refconf	/home/qasim/vgb_bench_data/prepared/receptors/posebusters/8BOM_QU6/receptor.pdbqt	167.63	182.1	5	/home/qasim/vgb_bench_data/poses/A1_refconf_refbox/vinardo/posebusters/8BOM_QU6.sdf.gz	3969	2026-09-23T12:12:21+08:00
arm	A1_refconf_refbox	vinardo	posebusters	8CSD_C5P	20260922	ok		5	-8.2	vinardo	kcal/mol (empirical score, not a measured free energy)	14.939	73.458	34.172	25.0	8	refconf	/home/qasim/vgb_bench_data/prepared/receptors/posebusters/8CSD_C5P/receptor.pdbqt	65.93	182.4	5	/home/qasim/vgb_bench_data/poses/A1_refconf_refbox/vinardo/posebusters/8CSD_C5P.sdf.gz	2558	2026-09-23T12:14:19+08:00
arm	A1_refconf_refbox	vinardo	posebusters	8C3N_ADP	20260922	ok		5	-8.3	vinardo	kcal/mol (empirical score, not a measured free energy)	21.934	-37.212	-53.432	25.0	8	refconf	/home/qasim/vgb_bench_data/prepared/receptors/posebusters/8C3N_ADP/receptor.pdbqt	127.16	182.0	5	/home/qasim/vgb_bench_data/poses/A1_refconf_refbox/vinardo/posebusters/8C3N_ADP.sdf.gz	2966	2026-09-23T12:13:19+08:00
arm	A1_refconf_refbox	vinardo	posebusters	8D39_QDB	20260922	ok		3	-11.1	vinardo	kcal/mol (empirical score, not a measured free energy)	3.57	1.706	19.707	25.0	8	refconf	/home/qasim/vgb_bench_data/prepared/receptors/posebusters/8D39_QDB/receptor.pdbqt	28.55	182.1	5	/home/qasim/vgb_bench_data/poses/A1_refconf_refbox/vinardo/posebusters/8D39_QDB.sdf.gz	1327	2026-09-23T12:15:09+08:00
arm	A1_refconf_refbox	vinardo	posebusters	8DKO_TFB	20260922	ok		5	-5.6	vinardo	kcal/mol (empirical score, not a measured free energy)	15.237	15.8	47.142	25.0	8	refconf	/home/qasim/vgb_bench_data/prepared/receptors/posebusters/8DKO_TFB/receptor.pdbqt	9.82	182.1	5	/home/qasim/vgb_bench_data/poses/A1_refconf_refbox/vinardo/posebusters/8DKO_TFB.sdf.gz	1330	2026-09-23T12:15:37+08:00
arm	A1_refconf_refbox	vinardo	posebusters	8A2D_KXY	20260922	ok		4	-14.7	vinardo	kcal/mol (empirical score, not a measured free energy)	-2.672	-10.605	21.108	25.0	8	refconf	/home/qasim/vgb_bench_data/prepared/receptors/posebusters/8A2D_KXY/receptor.pdbqt	368.13	182.4	5	/home/qasim/vgb_bench_data/poses/A1_refconf_refbox/vinardo/posebusters/8A2D_KXY.sdf.gz	4828	2026-09-23T12:09:41+08:00
arm	A1_refconf_refbox	vinardo	posebusters	8DSC_NCA	20260922	ok		5	-6.6	vinardo	kcal/mol (empirical score, not a measured free energy)	14.938	9.381	6.125	25.0	8	refconf	/home/qasim/vgb_bench_data/prepared/receptors/posebusters/8DSC_NCA/receptor.pdbqt	10.57	182.4	5	/home/qasim/vgb_bench_data/poses/A1_refconf_refbox/vinardo/posebusters/8DSC_NCA.sdf.gz	1164	2026-09-23T12:15:50+08:00
arm	A1_refconf_refbox	vinardo	posebusters	8D19_GSH	20260922	ok		5	-5.1	vinardo	kcal/mol (empirical score, not a measured free energy)	24.48	30.593	31.033	25.0	8	refconf	/home/qasim/vgb_bench_data/prepared/receptors/posebusters/8D19_GSH/receptor.pdbqt	86.79	182.2	5	/home/qasim/vgb_bench_data/poses/A1_refconf_refbox/vinardo/posebusters/8D19_GSH.sdf.gz	2648	2026-09-23T12:15:01+08:00
arm	A1_refconf_refbox	vinardo	posebusters	8EX2_Q2Q	20260922	ok		5	-9.0	vinardo	kcal/mol (empirical score, not a measured free energy)	19.75	13.164	22.389	25.0	8	refconf	/home/qasim/vgb_bench_data/prepared/receptors/posebusters/8EX2_Q2Q/receptor.pdbqt	49.08	182.2	5	/home/qasim/vgb_bench_data/poses/A1_refconf_refbox/vinardo/posebusters/8EX2_Q2Q.sdf.gz	2735	2026-09-23T12:16:28+08:00
arm	A1_refconf_refbox	vinardo	posebusters	8EXL_799	20260922	failed	vinardo: ATOM     21  C   UNL     1     -14.123  15.906  28.153  1.00  0.00    +0.251 CG0			vinardo	kcal/mol (empirical score, not a measured free energy)	-17.452	14.072	29.667	25.0	8	refconf	/home/qasim/vgb_bench_data/prepared/receptors/posebusters/8EXL_799/receptor.pdbqt	0.22		5			2026-09-23T12:17:17+08:00
arm	A1_refconf_refbox	vinardo	posebusters	8D5D_5DK	20260922	ok		5	-10.9	vinardo	kcal/mol (empirical score, not a measured free energy)	5.033	-9.295	35.445	25.0	8	refconf	/home/qasim/vgb_bench_data/prepared/receptors/posebusters/8D5D_5DK/receptor.pdbqt	163.27	182.4	5	/home/qasim/vgb_bench_data/poses/A1_refconf_refbox/vinardo/posebusters/8D5D_5DK.sdf.gz	3401	2026-09-23T12:15:25+08:00
arm	A1_refconf_refbox	vinardo	posebusters	8DHG_T78	20260922	ok		2	-12.5	vinardo	kcal/mol (empirical score, not a measured free energy)	26.946	-23.224	22.937	25.0	8	refconf	/home/qasim/vgb_bench_data/prepared/receptors/posebusters/8DHG_T78/receptor.pdbqt	203.75	182.0	5	/home/qasim/vgb_bench_data/poses/A1_refconf_refbox/vinardo/posebusters/8DHG_T78.sdf.gz	1740	2026-09-23T12:15:26+08:00
arm	A1_refconf_refbox	vinardo	posebusters	8EYE_X4I	20260922	ok		5	-13.6	vinardo	kcal/mol (empirical score, not a measured free energy)	13.922	9.867	15.047	25.0	8	refconf	/home/qasim/vgb_bench_data/prepared/receptors/posebusters/8EYE_X4I/receptor.pdbqt	137.28	182.2	5	/home/qasim/vgb_bench_data/poses/A1_refconf_refbox/vinardo/posebusters/8EYE_X4I.sdf.gz	3358	2026-09-23T12:17:17+08:00
arm	A1_refconf_refbox	vinardo	posebusters	8F8E_XJI	20260922	ok		1	-12.7	vinardo	kcal/mol (empirical score, not a measured free energy)	-22.262	-20.392	0.247	25.0	8	refconf	/home/qasim/vgb_bench_data/prepared/receptors/posebusters/8F8E_XJI/receptor.pdbqt	160.07	182.0	5	/home/qasim/vgb_bench_data/poses/A1_refconf_refbox/vinardo/posebusters/8F8E_XJI.sdf.gz	923	2026-09-23T12:18:50+08:00
arm	A1_refconf_refbox	vinardo	posebusters	8FAV_4Y5	20260922	ok		2	-17.4	vinardo	kcal/mol (empirical score, not a measured free energy)	0.552	11.382	-7.237	25.0	8	refconf	/home/qasim/vgb_bench_data/prepared/receptors/posebusters/8FAV_4Y5/receptor.pdbqt	192.84	182.2	5	/home/qasim/vgb_bench_data/poses/A1_refconf_refbox/vinardo/posebusters/8FAV_4Y5.sdf.gz	1448	2026-09-23T12:19:34+08:00
arm	A1_refconf_refbox	vinardo	posebusters	8EAB_VN2	20260922	ok		5	-17.4	vinardo	kcal/mol (empirical score, not a measured free energy)	6.516	-17.182	19.775	25.0	8	refconf	/home/qasim/vgb_bench_data/prepared/receptors/posebusters/8EAB_VN2/receptor.pdbqt	412.24	182.4	5	/home/qasim/vgb_bench_data/poses/A1_refconf_refbox/vinardo/posebusters/8EAB_VN2.sdf.gz	4681	2026-09-23T12:16:00+08:00
arm	A1_refconf_refbox	vinardo	posebusters	8FO5_Y4U	20260922	ok		1	-10.3	vinardo	kcal/mol (empirical score, not a measured free energy)	23.115	-4.087	-23.329	25.0	8	refconf	/home/qasim/vgb_bench_data/prepared/receptors/posebusters/8FO5_Y4U/receptor.pdbqt	30.49	182.2	5	/home/qasim/vgb_bench_data/poses/A1_refconf_refbox/vinardo/posebusters/8FO5_Y4U.sdf.gz	664	2026-09-23T12:22:47+08:00
arm	A1_refconf_refbox	vinardo	posebusters	8FLV_ZB9	20260922	ok		5	-9.5	vinardo	kcal/mol (empirical score, not a measured free energy)	-14.057	6.765	-14.701	25.0	8	refconf	/home/qasim/vgb_bench_data/prepared/receptors/posebusters/8FLV_ZB9/receptor.pdbqt	121.44	182.0	5	/home/qasim/vgb_bench_data/poses/A1_refconf_refbox/vinardo/posebusters/8FLV_ZB9.sdf.gz	3590	2026-09-23T12:21:30+08:00
arm	A1_refconf_refbox	vinardo	posebusters	8G6P_API	20260922	ok		5	-5.8	vinardo	kcal/mol (empirical score, not a measured free energy)	-30.746	7.33	-6.047	25.0	8	refconf	/home/qasim/vgb_bench_data/prepared/receptors/posebusters/8G6P_API/receptor.pdbqt	35.47	182.2	5	/home/qasim/vgb_bench_data/poses/A1_refconf_refbox/vinardo/posebusters/8G6P_API.sdf.gz	2033	2026-09-23T12:23:18+08:00
arm	A1_refconf_refbox	vinardo	posebusters	8G0V_YHT	20260922	ok		5	-9.7	vinardo	kcal/mol (empirical score, not a measured free energy)	-12.608	19.716	-31.583	25.0	8	refconf	/home/qasim/vgb_bench_data/prepared/receptors/posebusters/8G0V_YHT/receptor.pdbqt	92.28	182.4	5	/home/qasim/vgb_bench_data/poses/A1_refconf_refbox/vinardo/posebusters/8G0V_YHT.sdf.gz	2999	2026-09-23T12:22:52+08:00
arm	A1_refconf_refbox	vinardo	posebusters	8HO0_3ZI	20260922	ok		5	-10.5	vinardo	kcal/mol (empirical score, not a measured free energy)	3.885	30.468	-7.291	25.0	8	refconf	/home/qasim/vgb_bench_data/prepared/receptors/posebusters/8HO0_3ZI/receptor.pdbqt	32.1	182.4	5	/home/qasim/vgb_bench_data/poses/A1_refconf_refbox/vinardo/posebusters/8HO0_3ZI.sdf.gz	2745	2026-09-23T12:24:25+08:00
arm	A1_refconf_refbox	vinardo	posebusters	8GFD_ZHR	20260922	ok		5	-7.6	vinardo	kcal/mol (empirical score, not a measured free energy)	-31.654	-62.844	-13.686	25.0	8	refconf	/home/qasim/vgb_bench_data/prepared/receptors/posebusters/8GFD_ZHR/receptor.pdbqt	101.05	182.0	5	/home/qasim/vgb_bench_data/poses/A1_refconf_refbox/vinardo/posebusters/8GFD_ZHR.sdf.gz	3581	2026-09-23T12:23:31+08:00
arm	A1_refconf_refbox	vinardo	posebusters	8HFN_XGC	20260922	ok		5	-8.4	vinardo	kcal/mol (empirical score, not a measured free energy)	69.801	-0.069	-1.758	25.0	8	refconf	/home/qasim/vgb_bench_data/prepared/receptors/posebusters/8HFN_XGC/receptor.pdbqt	83.2	182.2	5	/home/qasim/vgb_bench_data/poses/A1_refconf_refbox/vinardo/posebusters/8HFN_XGC.sdf.gz	2906	2026-09-23T12:23:53+08:00
arm	A1_refconf_refbox	vinardo	posebusters	8SLG_G5A	20260922	ok		5	-11.4	vinardo	kcal/mol (empirical score, not a measured free energy)	-40.256	43.746	25.588	25.0	8	refconf	/home/qasim/vgb_bench_data/prepared/receptors/posebusters/8SLG_G5A/receptor.pdbqt	93.96	182.4	5	/home/qasim/vgb_bench_data/poses/A1_refconf_refbox/vinardo/posebusters/8SLG_G5A.sdf.gz	3098	2026-09-23T12:24:57+08:00
arm	A1_refconf_refbox	vinardo	posebusters	8DP2_UMA	20260922	ok		5	-10.6	vinardo	kcal/mol (empirical score, not a measured free energy)	59.71	-1.178	0.294	25.0	8	refconf	/home/qasim/vgb_bench_data/prepared/receptors/posebusters/8DP2_UMA/receptor.pdbqt	717.28	182.1	5	/home/qasim/vgb_bench_data/poses/A1_refconf_refbox/vinardo/posebusters/8DP2_UMA.sdf.gz	5651	2026-09-23T12:15:47+08:00
arm	A1_refconf_refbox	vinardo	posebusters	8F4J_PHO	20260922	ok		2	-25.9	vinardo	kcal/mol (empirical score, not a measured free energy)	-56.633	62.789	349.373	25.0	8	refconf	/home/qasim/vgb_bench_data/prepared/receptors/posebusters/8F4J_PHO/receptor.pdbqt	1040.11	182.4	5	/home/qasim/vgb_bench_data/poses/A1_refconf_refbox/vinardo/posebusters/8F4J_PHO.sdf.gz	4147	2026-09-23T12:18:08+08:00
