run_kind	arm	method	dataset	key	seed	status	reason	n_poses	top_score	score_function	score_units	box_center_x	box_center_y	box_center_z	box_size	exhaustiveness	conformer_source	receptor	elapsed_s	peak_rss_mb	jobs	pose_archive	pose_archive_bytes	recorded
arm	A2_genconf_refbox	vinardo	posebusters	5SAK_ZRY	20260922	ok		5	-9.4	vinardo	kcal/mol (empirical score, not a measured free energy)	25.471	5.162	58.03	25.0	8	genconf	/home/qasim/vgb_bench_data/prepared/receptors/posebusters/5SAK_ZRY/receptor.pdbqt	12.52	65.0	5	/home/qasim/vgb_bench_data/poses/A2_genconf_refbox/vinardo/posebusters/5SAK_ZRY.sdf.gz	2211	2026-09-23T02:35:17+08:00
arm	A2_genconf_refbox	vinardo	posebusters	6M2B_EZO	20260922	ok		5	-9.5	vinardo	kcal/mol (empirical score, not a measured free energy)	27.402	-22.631	22.529	25.0	8	genconf	/home/qasim/vgb_bench_data/prepared/receptors/posebusters/6M2B_EZO/receptor.pdbqt	36.78	73.4	5	/home/qasim/vgb_bench_data/poses/A2_genconf_refbox/vinardo/posebusters/6M2B_EZO.sdf.gz	2853	2026-09-23T02:35:17+08:00
arm	A2_genconf_refbox	vinardo	posebusters	6T88_MWQ	20260922	ok		5	-6.9	vinardo	kcal/mol (empirical score, not a measured free energy)	-11.543	-53.215	-6.852	25.0	8	genconf	/home/qasim/vgb_bench_data/prepared/receptors/posebusters/6T88_MWQ/receptor.pdbqt	8.26	181.6	5	/home/qasim/vgb_bench_data/poses/A2_genconf_refbox/vinardo/posebusters/6T88_MWQ.sdf.gz	1432	2026-09-23T02:35:53+08:00
arm	A2_genconf_refbox	vinardo	posebusters	5SB2_1K2	20260922	ok		5	-10.8	vinardo	kcal/mol (empirical score, not a measured free energy)	-22.44	0.413	-2.536	25.0	8	genconf	/home/qasim/vgb_bench_data/prepared/receptors/posebusters/5SB2_1K2/receptor.pdbqt	59.87	69.9	5	/home/qasim/vgb_bench_data/poses/A2_genconf_refbox/vinardo/posebusters/5SB2_1K2.sdf.gz	3452	2026-09-23T02:35:17+08:00
arm	A2_genconf_refbox	vinardo	posebusters	6M73_FNR	20260922	ok		2	-13.8	vinardo	kcal/mol (empirical score, not a measured free energy)	26.928	10.49	37.842	25.0	8	genconf	/home/qasim/vgb_bench_data/prepared/receptors/posebusters/6M73_FNR/receptor.pdbqt	52.48	181.4	5	/home/qasim/vgb_bench_data/poses/A2_genconf_refbox/vinardo/posebusters/6M73_FNR.sdf.gz	1723	2026-09-23T02:35:29+08:00
arm	A2_genconf_refbox	vinardo	posebusters	5SD5_HWI	20260922	ok		5	-10.6	vinardo	kcal/mol (empirical score, not a measured free energy)	6.051	2.116	14.158	25.0	8	genconf	/home/qasim/vgb_bench_data/prepared/receptors/posebusters/5SD5_HWI/receptor.pdbqt	71.71	70.5	5	/home/qasim/vgb_bench_data/poses/A2_genconf_refbox/vinardo/posebusters/5SD5_HWI.sdf.gz	3845	2026-09-23T02:35:17+08:00
arm	A2_genconf_refbox	vinardo	posebusters	5SIS_JSM	20260922	ok		5	-8.4	vinardo	kcal/mol (empirical score, not a measured free energy)	32.257	108.568	58.361	25.0	8	genconf	/home/qasim/vgb_bench_data/prepared/receptors/posebusters/5SIS_JSM/receptor.pdbqt	73.11	72.8	5	/home/qasim/vgb_bench_data/poses/A2_genconf_refbox/vinardo/posebusters/5SIS_JSM.sdf.gz	4003	2026-09-23T02:35:17+08:00
arm	A2_genconf_refbox	vinardo	posebusters	6XBO_5MC	20260922	ok		5	-8.4	vinardo	kcal/mol (empirical score, not a measured free energy)	17.328	-11.676	8.999	25.0	8	genconf	/home/qasim/vgb_bench_data/prepared/receptors/posebusters/6XBO_5MC/receptor.pdbqt	24.59	181.5	5	/home/qasim/vgb_bench_data/poses/A2_genconf_refbox/vinardo/posebusters/6XBO_5MC.sdf.gz	2741	2026-09-23T02:36:30+08:00
arm	A2_genconf_refbox	vinardo	posebusters	6WTN_RXT	20260922	ok		5	-9.1	vinardo	kcal/mol (empirical score, not a measured free energy)	20.837	13.28	9.233	25.0	8	genconf	/home/qasim/vgb_bench_data/prepared/receptors/posebusters/6WTN_RXT/receptor.pdbqt	27.99	181.4	5	/home/qasim/vgb_bench_data/poses/A2_genconf_refbox/vinardo/posebusters/6WTN_RXT.sdf.gz	2841	2026-09-23T02:36:28+08:00
arm	A2_genconf_refbox	vinardo	posebusters	6TW5_9M2	20260922	ok		5	-12.4	vinardo	kcal/mol (empirical score, not a measured free energy)	4.202	-10.518	89.123	25.0	8	genconf	/home/qasim/vgb_bench_data/prepared/receptors/posebusters/6TW5_9M2/receptor.pdbqt	55.59	181.6	5	/home/qasim/vgb_bench_data/poses/A2_genconf_refbox/vinardo/posebusters/6TW5_9M2.sdf.gz	4006	2026-09-23T02:36:02+08:00
arm	A2_genconf_refbox	vinardo	posebusters	6TW7_NZB	20260922	ok		5	-11.5	vinardo	kcal/mol (empirical score, not a measured free energy)	3.995	49.111	60.156	25.0	8	genconf	/home/qasim/vgb_bench_data/prepared/receptors/posebusters/6TW7_NZB/receptor.pdbqt	44.88	181.7	5	/home/qasim/vgb_bench_data/poses/A2_genconf_refbox/vinardo/posebusters/6TW7_NZB.sdf.gz	3652	2026-09-23T02:36:16+08:00
arm	A2_genconf_refbox	vinardo	posebusters	6XM9_V55	20260922	ok		5	-6.9	vinardo	kcal/mol (empirical score, not a measured free energy)	22.094	9.874	34.445	25.0	8	genconf	/home/qasim/vgb_bench_data/prepared/receptors/posebusters/6XM9_V55/receptor.pdbqt	6.38	181.8	5	/home/qasim/vgb_bench_data/poses/A2_genconf_refbox/vinardo/posebusters/6XM9_V55.sdf.gz	1507	2026-09-23T02:37:01+08:00
arm	A2_genconf_refbox	vinardo	posebusters	6YJA_2BA	20260922	failed	vinardo: ATOM     26  C   UNL     1      -1.389   2.322  -0.859  1.00  0.00    +0.208 CG0			vinardo	kcal/mol (empirical score, not a measured free energy)	1.763	3.417	15.135	25.0	8	genconf	/home/qasim/vgb_bench_data/prepared/receptors/posebusters/6YJA_2BA/receptor.pdbqt	0.06		5			2026-09-23T02:37:08+08:00
arm	A2_genconf_refbox	vinardo	posebusters	6XG5_TOP	20260922	ok		5	-9.9	vinardo	kcal/mol (empirical score, not a measured free energy)	-8.046	28.262	17.29	25.0	8	genconf	/home/qasim/vgb_bench_data/prepared/receptors/posebusters/6XG5_TOP/receptor.pdbqt	22.62	181.6	5	/home/qasim/vgb_bench_data/poses/A2_genconf_refbox/vinardo/posebusters/6XG5_TOP.sdf.gz	2714	2026-09-23T02:36:56+08:00
arm	A2_genconf_refbox	vinardo	posebusters	6YQV_8K2	20260922	ok		5	-4.8	vinardo	kcal/mol (empirical score, not a measured free energy)	12.188	-11.05	22.298	25.0	8	genconf	/home/qasim/vgb_bench_data/prepared/receptors/posebusters/6YQV_8K2/receptor.pdbqt	5.32	181.6	5	/home/qasim/vgb_bench_data/poses/A2_genconf_refbox/vinardo/posebusters/6YQV_8K2.sdf.gz	1157	2026-09-23T02:37:19+08:00
arm	A2_genconf_refbox	vinardo	posebusters	6YQW_82I	20260922	ok		5	-3.4	vinardo	kcal/mol (empirical score, not a measured free energy)	-0.156	13.573	11.303	25.0	8	genconf	/home/qasim/vgb_bench_data/prepared/receptors/posebusters/6YQW_82I/receptor.pdbqt	4.48	181.6	5	/home/qasim/vgb_bench_data/poses/A2_genconf_refbox/vinardo/posebusters/6YQW_82I.sdf.gz	1477	2026-09-23T02:37:24+08:00
arm	A2_genconf_refbox	vinardo	posebusters	6YR2_T1C	20260922	ok		5	-8.1	vinardo	kcal/mol (empirical score, not a measured free energy)	38.373	13.166	10.108	25.0	8	genconf	/home/qasim/vgb_bench_data/prepared/receptors/posebusters/6YR2_T1C/receptor.pdbqt	79.66	181.6	5	/home/qasim/vgb_bench_data/poses/A2_genconf_refbox/vinardo/posebusters/6YR2_T1C.sdf.gz	5485	2026-09-23T02:37:29+08:00
arm	A2_genconf_refbox	vinardo	posebusters	6VTA_AKN	20260922	ok		5	-7.4	vinardo	kcal/mol (empirical score, not a measured free energy)	92.745	8.791	30.717	25.0	8	genconf	/home/qasim/vgb_bench_data/prepared/receptors/posebusters/6VTA_AKN/receptor.pdbqt	154.46	181.5	5	/home/qasim/vgb_bench_data/poses/A2_genconf_refbox/vinardo/posebusters/6VTA_AKN.sdf.gz	5728	2026-09-23T02:36:22+08:00
arm	A2_genconf_refbox	vinardo	posebusters	6YSP_PAL	20260922	ok		4	-11.4	vinardo	kcal/mol (empirical score, not a measured free energy)	21.246	29.544	-33.519	25.0	8	genconf	/home/qasim/vgb_bench_data/prepared/receptors/posebusters/6YSP_PAL/receptor.pdbqt	22.43	181.6	5	/home/qasim/vgb_bench_data/poses/A2_genconf_refbox/vinardo/posebusters/6YSP_PAL.sdf.gz	1600	2026-09-23T02:38:56+08:00
arm	A2_genconf_refbox	vinardo	posebusters	6XCT_478	20260922	ok		5	-10.3	vinardo	kcal/mol (empirical score, not a measured free energy)	12.718	15.878	-10.671	25.0	8	genconf	/home/qasim/vgb_bench_data/prepared/receptors/posebusters/6XCT_478/receptor.pdbqt	157.77	181.8	5	/home/qasim/vgb_bench_data/poses/A2_genconf_refbox/vinardo/posebusters/6XCT_478.sdf.gz	4857	2026-09-23T02:36:54+08:00
arm	A2_genconf_refbox	vinardo	posebusters	6YRV_PJ8	20260922	ok		4	-10.5	vinardo	kcal/mol (empirical score, not a measured free energy)	23.416	52.629	20.556	25.0	8	genconf	/home/qasim/vgb_bench_data/prepared/receptors/posebusters/6YRV_PJ8/receptor.pdbqt	46.03	181.7	5	/home/qasim/vgb_bench_data/poses/A2_genconf_refbox/vinardo/posebusters/6YRV_PJ8.sdf.gz	3008	2026-09-23T02:38:48+08:00
arm	A2_genconf_refbox	vinardo	posebusters	6YMS_OZH	20260922	ok		5	-11.3	vinardo	kcal/mol (empirical score, not a measured free energy)	35.979	39.482	-4.885	25.0	8	genconf	/home/qasim/vgb_bench_data/prepared/receptors/posebusters/6YMS_OZH/receptor.pdbqt	149.61	181.8	5	/home/qasim/vgb_bench_data/poses/A2_genconf_refbox/vinardo/posebusters/6YMS_OZH.sdf.gz	4630	2026-09-23T02:37:08+08:00
arm	A2_genconf_refbox	vinardo	posebusters	6Z0R_Q4H	20260922	ok		5	-4.5	vinardo	kcal/mol (empirical score, not a measured free energy)	34.603	13.784	54.536	25.0	8	genconf	/home/qasim/vgb_bench_data/prepared/receptors/posebusters/6Z0R_Q4H/receptor.pdbqt	5.46	181.7	5	/home/qasim/vgb_bench_data/poses/A2_genconf_refbox/vinardo/posebusters/6Z0R_Q4H.sdf.gz	1104	2026-09-23T02:39:34+08:00
arm	A2_genconf_refbox	vinardo	posebusters	6XHT_V2V	20260922	ok		5	-8.8	vinardo	kcal/mol (empirical score, not a measured free energy)	10.645	-7.429	107.503	25.0	8	genconf	/home/qasim/vgb_bench_data/prepared/receptors/posebusters/6XHT_V2V/receptor.pdbqt	164.6	181.7	5	/home/qasim/vgb_bench_data/poses/A2_genconf_refbox/vinardo/posebusters/6XHT_V2V.sdf.gz	4161	2026-09-23T02:36:57+08:00
arm	A2_genconf_refbox	vinardo	posebusters	6YYO_Q1K	20260922	ok		5	-6.1	vinardo	kcal/mol (empirical score, not a measured free energy)	13.714	19.724	22.568	25.0	8	genconf	/home/qasim/vgb_bench_data/prepared/receptors/posebusters/6YYO_Q1K/receptor.pdbqt	14.65	181.8	5	/home/qasim/vgb_bench_data/poses/A2_genconf_refbox/vinardo/posebusters/6YYO_Q1K.sdf.gz	2401	2026-09-23T02:39:32+08:00
arm	A2_genconf_refbox	vinardo	posebusters	6Z14_Q4Z	20260922	ok		5	-7.8	vinardo	kcal/mol (empirical score, not a measured free energy)	16.59	9.659	11.149	25.0	8	genconf	/home/qasim/vgb_bench_data/prepared/receptors/posebusters/6Z14_Q4Z/receptor.pdbqt	19.67	181.8	5	/home/qasim/vgb_bench_data/poses/A2_genconf_refbox/vinardo/posebusters/6Z14_Q4Z.sdf.gz	2223	2026-09-23T02:39:37+08:00
arm	A2_genconf_refbox	vinardo	posebusters	6Z4N_Q7B	20260922	ok		5	-6.7	vinardo	kcal/mol (empirical score, not a measured free energy)	22.93	12.537	64.95	25.0	8	genconf	/home/qasim/vgb_bench_data/prepared/receptors/posebusters/6Z4N_Q7B/receptor.pdbqt	26.8	181.8	5	/home/qasim/vgb_bench_data/poses/A2_genconf_refbox/vinardo/posebusters/6Z4N_Q7B.sdf.gz	2756	2026-09-23T02:39:47+08:00
arm	A2_genconf_refbox	vinardo	posebusters	6Z1C_7EY	20260922	ok		5	-8.4	vinardo	kcal/mol (empirical score, not a measured free energy)	8.293	-4.518	22.297	25.0	8	genconf	/home/qasim/vgb_bench_data/prepared/receptors/posebusters/6Z1C_7EY/receptor.pdbqt	38.73	181.7	5	/home/qasim/vgb_bench_data/poses/A2_genconf_refbox/vinardo/posebusters/6Z1C_7EY.sdf.gz	2610	2026-09-23T02:39:40+08:00
arm	A2_genconf_refbox	vinardo	posebusters	6ZC3_JOR	20260922	ok		5	-6.2	vinardo	kcal/mol (empirical score, not a measured free energy)	-20.217	35.187	4.882	25.0	8	genconf	/home/qasim/vgb_bench_data/prepared/receptors/posebusters/6ZC3_JOR/receptor.pdbqt	13.04	181.8	5	/home/qasim/vgb_bench_data/poses/A2_genconf_refbox/vinardo/posebusters/6ZC3_JOR.sdf.gz	1756	2026-09-23T02:40:13+08:00
arm	A2_genconf_refbox	vinardo	posebusters	6Z2C_Q5E	20260922	ok		5	-10.5	vinardo	kcal/mol (empirical score, not a measured free energy)	-19.672	5.854	-11.941	25.0	8	genconf	/home/qasim/vgb_bench_data/prepared/receptors/posebusters/6Z2C_Q5E/receptor.pdbqt	49.63	181.9	5	/home/qasim/vgb_bench_data/poses/A2_genconf_refbox/vinardo/posebusters/6Z2C_Q5E.sdf.gz	2752	2026-09-23T02:39:42+08:00
arm	A2_genconf_refbox	vinardo	posebusters	6ZPB_3D1	20260922	ok		5	-7.4	vinardo	kcal/mol (empirical score, not a measured free energy)	-6.229	17.988	-9.18	25.0	8	genconf	/home/qasim/vgb_bench_data/prepared/receptors/posebusters/6ZPB_3D1/receptor.pdbqt	16.65	181.9	5	/home/qasim/vgb_bench_data/poses/A2_genconf_refbox/vinardo/posebusters/6ZPB_3D1.sdf.gz	2283	2026-09-23T02:40:31+08:00
arm	A2_genconf_refbox	vinardo	posebusters	6ZK5_IMH	20260922	ok		5	-7.8	vinardo	kcal/mol (empirical score, not a measured free energy)	-12.611	-9.651	-1.954	25.0	8	genconf	/home/qasim/vgb_bench_data/prepared/receptors/posebusters/6ZK5_IMH/receptor.pdbqt	22.05	181.8	5	/home/qasim/vgb_bench_data/poses/A2_genconf_refbox/vinardo/posebusters/6ZK5_IMH.sdf.gz	2382	2026-09-23T02:40:26+08:00
arm	A2_genconf_refbox	vinardo	posebusters	7A9E_R4W	20260922	ok		5	-3.1	vinardo	kcal/mol (empirical score, not a measured free energy)	20.65	32.141	-8.804	25.0	8	genconf	/home/qasim/vgb_bench_data/prepared/receptors/posebusters/7A9E_R4W/receptor.pdbqt	3.49	181.8	5	/home/qasim/vgb_bench_data/poses/A2_genconf_refbox/vinardo/posebusters/7A9E_R4W.sdf.gz	1165	2026-09-23T02:40:49+08:00
arm	A2_genconf_refbox	vinardo	posebusters	6YT6_PKE	20260922	ok		5	-8.0	vinardo	kcal/mol (empirical score, not a measured free energy)	2.505	6.105	-21.643	25.0	8	genconf	/home/qasim/vgb_bench_data/prepared/receptors/posebusters/6YT6_PKE/receptor.pdbqt	100.23	181.6	5	/home/qasim/vgb_bench_data/poses/A2_genconf_refbox/vinardo/posebusters/6YT6_PKE.sdf.gz	3604	2026-09-23T02:39:18+08:00
arm	A2_genconf_refbox	vinardo	posebusters	6ZAE_ACV	20260922	ok		5	-7.5	vinardo	kcal/mol (empirical score, not a measured free energy)	53.622	78.349	7.904	25.0	8	genconf	/home/qasim/vgb_bench_data/prepared/receptors/posebusters/6ZAE_ACV/receptor.pdbqt	61.66	181.8	5	/home/qasim/vgb_bench_data/poses/A2_genconf_refbox/vinardo/posebusters/6ZAE_ACV.sdf.gz	3482	2026-09-23T02:39:57+08:00
arm	A2_genconf_refbox	vinardo	posebusters	7A1P_QW2	20260922	ok		5	-6.9	vinardo	kcal/mol (empirical score, not a measured free energy)	19.825	-25.135	7.844	25.0	8	genconf	/home/qasim/vgb_bench_data/prepared/receptors/posebusters/7A1P_QW2/receptor.pdbqt	17.15	181.9	5	/home/qasim/vgb_bench_data/poses/A2_genconf_refbox/vinardo/posebusters/7A1P_QW2.sdf.gz	1879	2026-09-23T02:40:48+08:00
arm	A2_genconf_refbox	vinardo	posebusters	7AKL_RK5	20260922	ok		5	-10.9	vinardo	kcal/mol (empirical score, not a measured free energy)	42.977	5.463	13.376	25.0	8	genconf	/home/qasim/vgb_bench_data/prepared/receptors/posebusters/7AKL_RK5/receptor.pdbqt	11.89	181.8	5	/home/qasim/vgb_bench_data/poses/A2_genconf_refbox/vinardo/posebusters/7AKL_RK5.sdf.gz	2312	2026-09-23T02:40:59+08:00
arm	A2_genconf_refbox	vinardo	posebusters	7B2C_TP7	20260922	failed	vinardo: ATOM      1  XE  XE  A1208     -15.408  10.179  53.240  1.00  0.00    +0.000 Xe			vinardo	kcal/mol (empirical score, not a measured free energy)	1.81	1.75	45.652	25.0	8	genconf	/home/qasim/vgb_bench_data/prepared/receptors/posebusters/7B2C_TP7/receptor.pdbqt	0.02		5			2026-09-23T02:41:11+08:00
arm	A2_genconf_refbox	vinardo	posebusters	7AFX_R9K	20260922	ok		5	-9.7	vinardo	kcal/mol (empirical score, not a measured free energy)	-24.307	0.768	61.87	25.0	8	genconf	/home/qasim/vgb_bench_data/prepared/receptors/posebusters/7AFX_R9K/receptor.pdbqt	17.71	181.7	5	/home/qasim/vgb_bench_data/poses/A2_genconf_refbox/vinardo/posebusters/7AFX_R9K.sdf.gz	2336	2026-09-23T02:40:59+08:00
arm	A2_genconf_refbox	vinardo	posebusters	7AN5_RDH	20260922	ok		4	-8.3	vinardo	kcal/mol (empirical score, not a measured free energy)	5.449	-18.646	26.998	25.0	8	genconf	/home/qasim/vgb_bench_data/prepared/receptors/posebusters/7AN5_RDH/receptor.pdbqt	17.45	181.9	5	/home/qasim/vgb_bench_data/poses/A2_genconf_refbox/vinardo/posebusters/7AN5_RDH.sdf.gz	1409	2026-09-23T02:41:05+08:00
arm	A2_genconf_refbox	vinardo	posebusters	7BJJ_TVW	20260922	ok		5	-4.6	vinardo	kcal/mol (empirical score, not a measured free energy)	5.613	-3.024	19.029	25.0	8	genconf	/home/qasim/vgb_bench_data/prepared/receptors/posebusters/7BJJ_TVW/receptor.pdbqt	4.58	181.9	5	/home/qasim/vgb_bench_data/poses/A2_genconf_refbox/vinardo/posebusters/7BJJ_TVW.sdf.gz	1221	2026-09-23T02:41:23+08:00
arm	A2_genconf_refbox	vinardo	posebusters	7BCP_GCO	20260922	ok		5	-7.9	vinardo	kcal/mol (empirical score, not a measured free energy)	-20.363	4.632	-3.678	25.0	8	genconf	/home/qasim/vgb_bench_data/prepared/receptors/posebusters/7BCP_GCO/receptor.pdbqt	16.68	181.7	5	/home/qasim/vgb_bench_data/poses/A2_genconf_refbox/vinardo/posebusters/7BCP_GCO.sdf.gz	1868	2026-09-23T02:41:16+08:00
arm	A2_genconf_refbox	vinardo	posebusters	6ZCY_QF8	20260922	ok		5	-10.8	vinardo	kcal/mol (empirical score, not a measured free energy)	1.39	0.927	13.687	25.0	8	genconf	/home/qasim/vgb_bench_data/prepared/receptors/posebusters/6ZCY_QF8/receptor.pdbqt	76.77	181.7	5	/home/qasim/vgb_bench_data/poses/A2_genconf_refbox/vinardo/posebusters/6ZCY_QF8.sdf.gz	4111	2026-09-23T02:40:19+08:00
arm	A2_genconf_refbox	vinardo	posebusters	7BKA_4JC	20260922	ok		5	-7.2	vinardo	kcal/mol (empirical score, not a measured free energy)	18.965	52.713	12.854	25.0	8	genconf	/home/qasim/vgb_bench_data/prepared/receptors/posebusters/7BKA_4JC/receptor.pdbqt	10.62	181.9	5	/home/qasim/vgb_bench_data/poses/A2_genconf_refbox/vinardo/posebusters/7BKA_4JC.sdf.gz	1754	2026-09-23T02:41:27+08:00
arm	A2_genconf_refbox	vinardo	posebusters	7BNH_BEZ	20260922	ok		5	-5.2	vinardo	kcal/mol (empirical score, not a measured free energy)	-9.21	2.666	8.903	25.0	8	genconf	/home/qasim/vgb_bench_data/prepared/receptors/posebusters/7BNH_BEZ/receptor.pdbqt	5.36	181.7	5	/home/qasim/vgb_bench_data/poses/A2_genconf_refbox/vinardo/posebusters/7BNH_BEZ.sdf.gz	1199	2026-09-23T02:41:35+08:00
arm	A2_genconf_refbox	vinardo	posebusters	7BMI_U4B	20260922	ok		5	-7.0	vinardo	kcal/mol (empirical score, not a measured free energy)	57.954	17.442	14.831	25.0	8	genconf	/home/qasim/vgb_bench_data/prepared/receptors/posebusters/7BMI_U4B/receptor.pdbqt	10.82	181.7	5	/home/qasim/vgb_bench_data/poses/A2_genconf_refbox/vinardo/posebusters/7BMI_U4B.sdf.gz	1281	2026-09-23T02:41:33+08:00
arm	A2_genconf_refbox	vinardo	posebusters	7C3U_AZG	20260922	ok		5	-7.2	vinardo	kcal/mol (empirical score, not a measured free energy)	32.753	38.576	27.124	25.0	8	genconf	/home/qasim/vgb_bench_data/prepared/receptors/posebusters/7C3U_AZG/receptor.pdbqt	5.25	181.7	5	/home/qasim/vgb_bench_data/poses/A2_genconf_refbox/vinardo/posebusters/7C3U_AZG.sdf.gz	1171	2026-09-23T02:41:44+08:00
arm	A2_genconf_refbox	vinardo	posebusters	7C8Q_DSG	20260922	ok		5	-6.3	vinardo	kcal/mol (empirical score, not a measured free energy)	-45.884	30.457	11.658	25.0	8	genconf	/home/qasim/vgb_bench_data/prepared/receptors/posebusters/7C8Q_DSG/receptor.pdbqt	10.6	181.7	5	/home/qasim/vgb_bench_data/poses/A2_genconf_refbox/vinardo/posebusters/7C8Q_DSG.sdf.gz	1352	2026-09-23T02:41:49+08:00
arm	A2_genconf_refbox	vinardo	posebusters	7A9H_TPP	20260922	ok		5	-9.4	vinardo	kcal/mol (empirical score, not a measured free energy)	1.809	9.853	-18.95	25.0	8	genconf	/home/qasim/vgb_bench_data/prepared/receptors/posebusters/7A9H_TPP/receptor.pdbqt	81.5	181.8	5	/home/qasim/vgb_bench_data/poses/A2_genconf_refbox/vinardo/posebusters/7A9H_TPP.sdf.gz	3174	2026-09-23T02:40:52+08:00
arm	A2_genconf_refbox	vinardo	posebusters	7CIJ_G0C	20260922	ok		5	-9.0	vinardo	kcal/mol (empirical score, not a measured free energy)	26.721	-11.345	57.953	25.0	8	genconf	/home/qasim/vgb_bench_data/prepared/receptors/posebusters/7CIJ_G0C/receptor.pdbqt	42.29	181.8	5	/home/qasim/vgb_bench_data/poses/A2_genconf_refbox/vinardo/posebusters/7CIJ_G0C.sdf.gz	2827	2026-09-23T02:42:14+08:00
arm	A2_genconf_refbox	vinardo	posebusters	7CL8_TES	20260922	ok		4	-7.9	vinardo	kcal/mol (empirical score, not a measured free energy)	17.879	-6.196	-23.977	25.0	8	genconf	/home/qasim/vgb_bench_data/prepared/receptors/posebusters/7CL8_TES/receptor.pdbqt	11.77	181.8	5	/home/qasim/vgb_bench_data/poses/A2_genconf_refbox/vinardo/posebusters/7CL8_TES.sdf.gz	2831	2026-09-23T02:42:56+08:00
arm	A2_genconf_refbox	vinardo	posebusters	7CD9_FVR	20260922	ok		5	-12.2	vinardo	kcal/mol (empirical score, not a measured free energy)	17.485	8.313	13.221	25.0	8	genconf	/home/qasim/vgb_bench_data/prepared/receptors/posebusters/7CD9_FVR/receptor.pdbqt	68.76	181.7	5	/home/qasim/vgb_bench_data/poses/A2_genconf_refbox/vinardo/posebusters/7CD9_FVR.sdf.gz	4339	2026-09-23T02:42:00+08:00
arm	A2_genconf_refbox	vinardo	posebusters	7B94_ANP	20260922	ok		5	-10.7	vinardo	kcal/mol (empirical score, not a measured free energy)	-30.843	-3.904	16.588	25.0	8	genconf	/home/qasim/vgb_bench_data/prepared/receptors/posebusters/7B94_ANP/receptor.pdbqt	122.79	181.8	5	/home/qasim/vgb_bench_data/poses/A2_genconf_refbox/vinardo/posebusters/7B94_ANP.sdf.gz	3441	2026-09-23T02:41:11+08:00
arm	A2_genconf_refbox	vinardo	posebusters	7CNQ_G8X	20260922	ok		4	-7.3	vinardo	kcal/mol (empirical score, not a measured free energy)	-0.735	12.938	63.532	25.0	8	genconf	/home/qasim/vgb_bench_data/prepared/receptors/posebusters/7CNQ_G8X/receptor.pdbqt	6.46	181.8	5	/home/qasim/vgb_bench_data/poses/A2_genconf_refbox/vinardo/posebusters/7CNQ_G8X.sdf.gz	1238	2026-09-23T02:43:08+08:00
arm	A2_genconf_refbox	vinardo	posebusters	7CUO_PHB	20260922	ok		5	-6.8	vinardo	kcal/mol (empirical score, not a measured free energy)	21.572	14.329	62.51	25.0	8	genconf	/home/qasim/vgb_bench_data/prepared/receptors/posebusters/7CUO_PHB/receptor.pdbqt	5.2	181.8	5	/home/qasim/vgb_bench_data/poses/A2_genconf_refbox/vinardo/posebusters/7CUO_PHB.sdf.gz	1256	2026-09-23T02:43:14+08:00
arm	A2_genconf_refbox	vinardo	posebusters	7CTM_BDP	20260922	ok		5	-6.7	vinardo	kcal/mol (empirical score, not a measured free energy)	-1.362	-6.082	107.601	25.0	8	genconf	/home/qasim/vgb_bench_data/prepared/receptors/posebusters/7CTM_BDP/receptor.pdbqt	7.7	182.0	5	/home/qasim/vgb_bench_data/poses/A2_genconf_refbox/vinardo/posebusters/7CTM_BDP.sdf.gz	1727	2026-09-23T02:43:13+08:00
arm	A2_genconf_refbox	vinardo	posebusters	7D6O_MTE	20260922	failed	vinardo: ATOM      1  MO  MOS A1404      65.162  25.480  32.582  1.00  0.00    +0.000 Mo			vinardo	kcal/mol (empirical score, not a measured free energy)	64.772	-21.57	48.824	25.0	8	genconf	/home/qasim/vgb_bench_data/prepared/receptors/posebusters/7D6O_MTE/receptor.pdbqt	0.03		5			2026-09-23T02:43:21+08:00
arm	A2_genconf_refbox	vinardo	posebusters	7DKT_GLF	20260922	ok		5	-6.5	vinardo	kcal/mol (empirical score, not a measured free energy)	58.238	67.0	60.483	25.0	8	genconf	/home/qasim/vgb_bench_data/prepared/receptors/posebusters/7DKT_GLF/receptor.pdbqt	6.16	182.0	5	/home/qasim/vgb_bench_data/poses/A2_genconf_refbox/vinardo/posebusters/7DKT_GLF.sdf.gz	1768	2026-09-23T02:43:21+08:00
arm	A2_genconf_refbox	vinardo	posebusters	7CNS_PMV	20260922	ok		2	-9.0	vinardo	kcal/mol (empirical score, not a measured free energy)	1.683	-20.259	-18.881	25.0	8	genconf	/home/qasim/vgb_bench_data/prepared/receptors/posebusters/7CNS_PMV/receptor.pdbqt	21.15	181.7	5	/home/qasim/vgb_bench_data/poses/A2_genconf_refbox/vinardo/posebusters/7CNS_PMV.sdf.gz	986	2026-09-23T02:43:08+08:00
arm	A2_genconf_refbox	vinardo	posebusters	7DQL_4CL	20260922	ok		5	-5.4	vinardo	kcal/mol (empirical score, not a measured free energy)	-2.259	-9.174	6.37	25.0	8	genconf	/home/qasim/vgb_bench_data/prepared/receptors/posebusters/7DQL_4CL/receptor.pdbqt	4.22	182.0	5	/home/qasim/vgb_bench_data/poses/A2_genconf_refbox/vinardo/posebusters/7DQL_4CL.sdf.gz	1160	2026-09-23T02:43:27+08:00
arm	A2_genconf_refbox	vinardo	posebusters	7E4L_MDN	20260922	ok		5	-5.8	vinardo	kcal/mol (empirical score, not a measured free energy)	-3.652	5.191	-5.315	25.0	8	genconf	/home/qasim/vgb_bench_data/prepared/receptors/posebusters/7E4L_MDN/receptor.pdbqt	6.49	182.0	5	/home/qasim/vgb_bench_data/poses/A2_genconf_refbox/vinardo/posebusters/7E4L_MDN.sdf.gz	1176	2026-09-23T02:43:31+08:00
arm	A2_genconf_refbox	vinardo	posebusters	7EBG_J0L	20260922	ok		5	-6.7	vinardo	kcal/mol (empirical score, not a measured free energy)	-14.65	10.2	24.224	25.0	8	genconf	/home/qasim/vgb_bench_data/prepared/receptors/posebusters/7EBG_J0L/receptor.pdbqt	8.09	182.0	5	/home/qasim/vgb_bench_data/poses/A2_genconf_refbox/vinardo/posebusters/7EBG_J0L.sdf.gz	2077	2026-09-23T02:43:38+08:00
arm	A2_genconf_refbox	vinardo	posebusters	7ECR_SIN	20260922	ok		5	-5.4	vinardo	kcal/mol (empirical score, not a measured free energy)	-58.561	-27.966	-41.428	25.0	8	genconf	/home/qasim/vgb_bench_data/prepared/receptors/posebusters/7ECR_SIN/receptor.pdbqt	7.62	182.0	5	/home/qasim/vgb_bench_data/poses/A2_genconf_refbox/vinardo/posebusters/7ECR_SIN.sdf.gz	1131	2026-09-23T02:43:46+08:00
arm	A2_genconf_refbox	vinardo	posebusters	7DUA_HJ0	20260922	ok		5	-9.6	vinardo	kcal/mol (empirical score, not a measured free energy)	25.195	13.156	-25.513	25.0	8	genconf	/home/qasim/vgb_bench_data/prepared/receptors/posebusters/7DUA_HJ0/receptor.pdbqt	25.08	181.9	5	/home/qasim/vgb_bench_data/poses/A2_genconf_refbox/vinardo/posebusters/7DUA_HJ0.sdf.gz	2822	2026-09-23T02:43:30+08:00
arm	A2_genconf_refbox	vinardo	posebusters	7BTT_F8R	20260922	ok		5	-9.8	vinardo	kcal/mol (empirical score, not a measured free energy)	5.141	18.87	7.298	25.0	8	genconf	/home/qasim/vgb_bench_data/prepared/receptors/posebusters/7BTT_F8R/receptor.pdbqt	148.89	181.9	5	/home/qasim/vgb_bench_data/poses/A2_genconf_refbox/vinardo/posebusters/7BTT_F8R.sdf.gz	5011	2026-09-23T02:41:38+08:00
arm	A2_genconf_refbox	vinardo	posebusters	7ED2_A3P	20260922	ok		5	-10.7	vinardo	kcal/mol (empirical score, not a measured free energy)	-22.241	-19.733	12.747	25.0	8	genconf	/home/qasim/vgb_bench_data/prepared/receptors/posebusters/7ED2_A3P/receptor.pdbqt	56.24	182.0	5	/home/qasim/vgb_bench_data/poses/A2_genconf_refbox/vinardo/posebusters/7ED2_A3P.sdf.gz	2959	2026-09-23T02:43:54+08:00
arm	A2_genconf_refbox	vinardo	posebusters	7D5C_GV6	20260922	ok		5	-7.7	vinardo	kcal/mol (empirical score, not a measured free energy)	9.843	6.327	39.057	25.0	8	genconf	/home/qasim/vgb_bench_data/prepared/receptors/posebusters/7D5C_GV6/receptor.pdbqt	133.08	181.8	5	/home/qasim/vgb_bench_data/poses/A2_genconf_refbox/vinardo/posebusters/7D5C_GV6.sdf.gz	3892	2026-09-23T02:43:19+08:00
arm	A2_genconf_refbox	vinardo	posebusters	7C0U_FGO	20260922	ok		5	-11.6	vinardo	kcal/mol (empirical score, not a measured free energy)	41.828	13.674	54.027	25.0	8	genconf	/home/qasim/vgb_bench_data/prepared/receptors/posebusters/7C0U_FGO/receptor.pdbqt	238.55	181.7	5	/home/qasim/vgb_bench_data/poses/A2_genconf_refbox/vinardo/posebusters/7C0U_FGO.sdf.gz	4991	2026-09-23T02:41:41+08:00
arm	A2_genconf_refbox	vinardo	posebusters	7ES1_UDP	20260922	ok		5	-10.3	vinardo	kcal/mol (empirical score, not a measured free energy)	12.637	7.16	19.36	25.0	8	genconf	/home/qasim/vgb_bench_data/prepared/receptors/posebusters/7ES1_UDP/receptor.pdbqt	63.22	182.0	5	/home/qasim/vgb_bench_data/poses/A2_genconf_refbox/vinardo/posebusters/7ES1_UDP.sdf.gz	2848	2026-09-23T02:44:50+08:00
arm	A2_genconf_refbox	vinardo	posebusters	7F5D_EUO	20260922	ok		5	-9.3	vinardo	kcal/mol (empirical score, not a measured free energy)	7.48	-5.083	29.65	25.0	8	genconf	/home/qasim/vgb_bench_data/prepared/receptors/posebusters/7F5D_EUO/receptor.pdbqt	21.61	181.7	5	/home/qasim/vgb_bench_data/poses/A2_genconf_refbox/vinardo/posebusters/7F5D_EUO.sdf.gz	2540	2026-09-23T02:45:39+08:00
arm	A2_genconf_refbox	vinardo	posebusters	7FB7_8NF	20260922	ok		5	-5.5	vinardo	kcal/mol (empirical score, not a measured free energy)	15.034	21.773	41.355	25.0	8	genconf	/home/qasim/vgb_bench_data/prepared/receptors/posebusters/7FB7_8NF/receptor.pdbqt	3.94	181.7	5	/home/qasim/vgb_bench_data/poses/A2_genconf_refbox/vinardo/posebusters/7FB7_8NF.sdf.gz	1482	2026-09-23T02:46:01+08:00
arm	A2_genconf_refbox	vinardo	posebusters	7ELT_TYM	20260922	ok		5	-13.7	vinardo	kcal/mol (empirical score, not a measured free energy)	12.718	46.834	13.538	25.0	8	genconf	/home/qasim/vgb_bench_data/prepared/receptors/posebusters/7ELT_TYM/receptor.pdbqt	167.36	181.9	5	/home/qasim/vgb_bench_data/poses/A2_genconf_refbox/vinardo/posebusters/7ELT_TYM.sdf.gz	4268	2026-09-23T02:43:55+08:00
arm	A2_genconf_refbox	vinardo	posebusters	7FHA_ADX	20260922	ok		5	-9.4	vinardo	kcal/mol (empirical score, not a measured free energy)	-4.043	-0.347	-2.421	25.0	8	genconf	/home/qasim/vgb_bench_data/prepared/receptors/posebusters/7FHA_ADX/receptor.pdbqt	65.76	181.7	5	/home/qasim/vgb_bench_data/poses/A2_genconf_refbox/vinardo/posebusters/7FHA_ADX.sdf.gz	2849	2026-09-23T02:46:05+08:00
arm	A2_genconf_refbox	vinardo	posebusters	7FT9_4MB	20260922	ok		5	-5.9	vinardo	kcal/mol (empirical score, not a measured free energy)	1.097	6.755	-31.534	25.0	8	genconf	/home/qasim/vgb_bench_data/prepared/receptors/posebusters/7FT9_4MB/receptor.pdbqt	12.0	181.7	5	/home/qasim/vgb_bench_data/poses/A2_genconf_refbox/vinardo/posebusters/7FT9_4MB.sdf.gz	1754	2026-09-23T02:47:10+08:00
arm	A2_genconf_refbox	vinardo	posebusters	7FRX_O88	20260922	ok		5	-14.2	vinardo	kcal/mol (empirical score, not a measured free energy)	83.384	-43.063	65.725	25.0	8	genconf	/home/qasim/vgb_bench_data/prepared/receptors/posebusters/7FRX_O88/receptor.pdbqt	57.78	181.9	5	/home/qasim/vgb_bench_data/poses/A2_genconf_refbox/vinardo/posebusters/7FRX_O88.sdf.gz	3270	2026-09-23T02:46:42+08:00
arm	A2_genconf_refbox	vinardo	posebusters	7JG0_GAR	20260922	ok		5	-5.6	vinardo	kcal/mol (empirical score, not a measured free energy)	-31.664	19.825	35.195	25.0	8	genconf	/home/qasim/vgb_bench_data/prepared/receptors/posebusters/7JG0_GAR/receptor.pdbqt	27.31	181.7	5	/home/qasim/vgb_bench_data/poses/A2_genconf_refbox/vinardo/posebusters/7JG0_GAR.sdf.gz	2291	2026-09-23T02:47:22+08:00
arm	A2_genconf_refbox	vinardo	posebusters	7JMV_4NC	20260922	ok		5	-7.4	vinardo	kcal/mol (empirical score, not a measured free energy)	33.144	-26.928	-8.617	25.0	8	genconf	/home/qasim/vgb_bench_data/prepared/receptors/posebusters/7JMV_4NC/receptor.pdbqt	6.38	181.7	5	/home/qasim/vgb_bench_data/poses/A2_genconf_refbox/vinardo/posebusters/7JMV_4NC.sdf.gz	1274	2026-09-23T02:47:50+08:00
arm	A2_genconf_refbox	vinardo	posebusters	7JXX_VP7	20260922	failed	vinardo: ATOM     24  C   UNL     1      -4.842   0.147  -0.929  1.00  0.00    +0.040 CG0			vinardo	kcal/mol (empirical score, not a measured free energy)	178.931	19.637	46.214	25.0	8	genconf	/home/qasim/vgb_bench_data/prepared/receptors/posebusters/7JXX_VP7/receptor.pdbqt	0.08		5			2026-09-23T02:47:56+08:00
arm	A2_genconf_refbox	vinardo	posebusters	7JHQ_VAJ	20260922	ok		5	-7.7	vinardo	kcal/mol (empirical score, not a measured free energy)	37.676	-39.242	12.94	25.0	8	genconf	/home/qasim/vgb_bench_data/prepared/receptors/posebusters/7JHQ_VAJ/receptor.pdbqt	17.43	181.9	5	/home/qasim/vgb_bench_data/poses/A2_genconf_refbox/vinardo/posebusters/7JHQ_VAJ.sdf.gz	2089	2026-09-23T02:47:40+08:00
arm	A2_genconf_refbox	vinardo	posebusters	7JY3_VUD	20260922	ok		5	-7.1	vinardo	kcal/mol (empirical score, not a measured free energy)	4.736	-22.119	44.042	25.0	8	genconf	/home/qasim/vgb_bench_data/prepared/receptors/posebusters/7JY3_VUD/receptor.pdbqt	44.48	181.7	5	/home/qasim/vgb_bench_data/poses/A2_genconf_refbox/vinardo/posebusters/7JY3_VUD.sdf.gz	3047	2026-09-23T02:47:56+08:00
arm	A2_genconf_refbox	vinardo	posebusters	7KB1_WBJ	20260922	ok		5	-11.6	vinardo	kcal/mol (empirical score, not a measured free energy)	-1.286	-28.164	16.761	25.0	8	genconf	/home/qasim/vgb_bench_data/prepared/receptors/posebusters/7KB1_WBJ/receptor.pdbqt	39.91	181.7	5	/home/qasim/vgb_bench_data/poses/A2_genconf_refbox/vinardo/posebusters/7KB1_WBJ.sdf.gz	2635	2026-09-23T02:48:41+08:00
arm	A2_genconf_refbox	vinardo	posebusters	7K0V_VQP	20260922	ok		2	-13.6	vinardo	kcal/mol (empirical score, not a measured free energy)	3.975	1.37	-23.892	25.0	8	genconf	/home/qasim/vgb_bench_data/prepared/receptors/posebusters/7K0V_VQP/receptor.pdbqt	87.28	181.9	5	/home/qasim/vgb_bench_data/poses/A2_genconf_refbox/vinardo/posebusters/7K0V_VQP.sdf.gz	1877	2026-09-23T02:47:57+08:00
arm	A2_genconf_refbox	vinardo	posebusters	7KC5_BJZ	20260922	ok		1	-10.8	vinardo	kcal/mol (empirical score, not a measured free energy)	-3.099	-18.237	16.805	25.0	8	genconf	/home/qasim/vgb_bench_data/prepared/receptors/posebusters/7KC5_BJZ/receptor.pdbqt	81.49	181.7	5	/home/qasim/vgb_bench_data/poses/A2_genconf_refbox/vinardo/posebusters/7KC5_BJZ.sdf.gz	1139	2026-09-23T02:49:21+08:00
arm	A2_genconf_refbox	vinardo	posebusters	7KQU_YOF	20260922	ok		4	-10.5	vinardo	kcal/mol (empirical score, not a measured free energy)	69.713	-2.107	75.053	25.0	8	genconf	/home/qasim/vgb_bench_data/prepared/receptors/posebusters/7KQU_YOF/receptor.pdbqt	15.34	181.7	5	/home/qasim/vgb_bench_data/poses/A2_genconf_refbox/vinardo/posebusters/7KQU_YOF.sdf.gz	1518	2026-09-23T02:50:42+08:00
arm	A2_genconf_refbox	vinardo	posebusters	7F51_BA7	20260922	ok		5	-13.8	vinardo	kcal/mol (empirical score, not a measured free energy)	-2.288	5.657	9.419	25.0	8	genconf	/home/qasim/vgb_bench_data/prepared/receptors/posebusters/7F51_BA7/receptor.pdbqt	348.4	181.8	5	/home/qasim/vgb_bench_data/poses/A2_genconf_refbox/vinardo/posebusters/7F51_BA7.sdf.gz	4780	2026-09-23T02:45:32+08:00
arm	A2_genconf_refbox	vinardo	posebusters	7KM8_WPD	20260922	ok		5	-12.1	vinardo	kcal/mol (empirical score, not a measured free energy)	-21.641	-10.142	-23.129	25.0	8	genconf	/home/qasim/vgb_bench_data/prepared/receptors/posebusters/7KM8_WPD/receptor.pdbqt	122.38	181.9	5	/home/qasim/vgb_bench_data/poses/A2_genconf_refbox/vinardo/posebusters/7KM8_WPD.sdf.gz	3699	2026-09-23T02:49:25+08:00
arm	A2_genconf_refbox	vinardo	posebusters	7KZ9_XN7	20260922	ok		5	-6.8	vinardo	kcal/mol (empirical score, not a measured free energy)	-55.604	47.792	-18.144	25.0	8	genconf	/home/qasim/vgb_bench_data/prepared/receptors/posebusters/7KZ9_XN7/receptor.pdbqt	17.38	181.8	5	/home/qasim/vgb_bench_data/poses/A2_genconf_refbox/vinardo/posebusters/7KZ9_XN7.sdf.gz	1909	2026-09-23T02:51:21+08:00
arm	A2_genconf_refbox	vinardo	posebusters	7L00_XCJ	20260922	ok		5	-11.4	vinardo	kcal/mol (empirical score, not a measured free energy)	8.438	15.49	31.671	25.0	8	genconf	/home/qasim/vgb_bench_data/prepared/receptors/posebusters/7L00_XCJ/receptor.pdbqt	45.01	181.9	5	/home/qasim/vgb_bench_data/poses/A2_genconf_refbox/vinardo/posebusters/7L00_XCJ.sdf.gz	2952	2026-09-23T02:51:27+08:00
arm	A2_genconf_refbox	vinardo	posebusters	7L03_F9F	20260922	ok		3	-10.9	vinardo	kcal/mol (empirical score, not a measured free energy)	-40.818	-4.661	13.909	25.0	8	genconf	/home/qasim/vgb_bench_data/prepared/receptors/posebusters/7L03_F9F/receptor.pdbqt	40.85	181.8	5	/home/qasim/vgb_bench_data/poses/A2_genconf_refbox/vinardo/posebusters/7L03_F9F.sdf.gz	1556	2026-09-23T02:51:38+08:00
arm	A2_genconf_refbox	vinardo	posebusters	7L7C_XQ1	20260922	ok		5	-10.9	vinardo	kcal/mol (empirical score, not a measured free energy)	19.386	-11.719	3.585	25.0	8	genconf	/home/qasim/vgb_bench_data/prepared/receptors/posebusters/7L7C_XQ1/receptor.pdbqt	20.2	181.8	5	/home/qasim/vgb_bench_data/poses/A2_genconf_refbox/vinardo/posebusters/7L7C_XQ1.sdf.gz	2534	2026-09-23T02:52:19+08:00
arm	A2_genconf_refbox	vinardo	posebusters	7KRU_ATP	20260922	ok		5	-12.6	vinardo	kcal/mol (empirical score, not a measured free energy)	46.09	39.899	203.468	25.0	8	genconf	/home/qasim/vgb_bench_data/prepared/receptors/posebusters/7KRU_ATP/receptor.pdbqt	117.82	181.7	5	/home/qasim/vgb_bench_data/poses/A2_genconf_refbox/vinardo/posebusters/7KRU_ATP.sdf.gz	3338	2026-09-23T02:50:57+08:00
arm	A2_genconf_refbox	vinardo	posebusters	7L5F_XNG	20260922	ok		5	-7.9	vinardo	kcal/mol (empirical score, not a measured free energy)	11.027	36.226	24.089	25.0	8	genconf	/home/qasim/vgb_bench_data/prepared/receptors/posebusters/7L5F_XNG/receptor.pdbqt	49.08	181.9	5	/home/qasim/vgb_bench_data/poses/A2_genconf_refbox/vinardo/posebusters/7L5F_XNG.sdf.gz	3213	2026-09-23T02:52:12+08:00
arm	A2_genconf_refbox	vinardo	posebusters	7EPV_FDA	20260922	ok		5	-10.4	vinardo	kcal/mol (empirical score, not a measured free energy)	5.474	-30.532	-4.519	25.0	8	genconf	/home/qasim/vgb_bench_data/prepared/receptors/posebusters/7EPV_FDA/receptor.pdbqt	565.76	181.9	5	/home/qasim/vgb_bench_data/poses/A2_genconf_refbox/vinardo/posebusters/7EPV_FDA.sdf.gz	5980	2026-09-23T02:44:07+08:00
arm	A2_genconf_refbox	vinardo	posebusters	7LEV_0JO	20260922	ok		3	-11.9	vinardo	kcal/mol (empirical score, not a measured free energy)	7.35	-2.396	22.005	25.0	8	genconf	/home/qasim/vgb_bench_data/prepared/receptors/posebusters/7LEV_0JO/receptor.pdbqt	37.36	181.7	5	/home/qasim/vgb_bench_data/poses/A2_genconf_refbox/vinardo/posebusters/7LEV_0JO.sdf.gz	1624	2026-09-23T02:52:55+08:00
arm	A2_genconf_refbox	vinardo	posebusters	7LOE_Y84	20260922	ok		5	-7.2	vinardo	kcal/mol (empirical score, not a measured free energy)	40.588	-19.668	12.392	25.0	8	genconf	/home/qasim/vgb_bench_data/prepared/receptors/posebusters/7LOE_Y84/receptor.pdbqt	4.42	181.7	5	/home/qasim/vgb_bench_data/poses/A2_genconf_refbox/vinardo/posebusters/7LOE_Y84.sdf.gz	1406	2026-09-23T02:53:33+08:00
arm	A2_genconf_refbox	vinardo	posebusters	7LOU_IFM	20260922	ok		5	-5.6	vinardo	kcal/mol (empirical score, not a measured free energy)	-16.971	-0.463	88.269	25.0	8	genconf	/home/qasim/vgb_bench_data/prepared/receptors/posebusters/7LOU_IFM/receptor.pdbqt	6.42	181.7	5	/home/qasim/vgb_bench_data/poses/A2_genconf_refbox/vinardo/posebusters/7LOU_IFM.sdf.gz	1827	2026-09-23T02:53:37+08:00
arm	A2_genconf_refbox	vinardo	posebusters	7LT0_ONJ	20260922	ok		5	-10.2	vinardo	kcal/mol (empirical score, not a measured free energy)	-32.385	-10.753	-25.082	25.0	8	genconf	/home/qasim/vgb_bench_data/prepared/receptors/posebusters/7LT0_ONJ/receptor.pdbqt	34.8	181.7	5	/home/qasim/vgb_bench_data/poses/A2_genconf_refbox/vinardo/posebusters/7LT0_ONJ.sdf.gz	3341	2026-09-23T02:53:44+08:00
arm	A2_genconf_refbox	vinardo	posebusters	7F8T_FAD	20260922	ok		5	-13.9	vinardo	kcal/mol (empirical score, not a measured free energy)	24.933	23.491	99.914	25.0	8	genconf	/home/qasim/vgb_bench_data/prepared/receptors/posebusters/7F8T_FAD/receptor.pdbqt	505.83	182.0	5	/home/qasim/vgb_bench_data/poses/A2_genconf_refbox/vinardo/posebusters/7F8T_FAD.sdf.gz	5901	2026-09-23T02:45:53+08:00
arm	A2_genconf_refbox	vinardo	posebusters	7M31_TDR	20260922	ok		5	-6.2	vinardo	kcal/mol (empirical score, not a measured free energy)	-2.318	103.306	26.987	25.0	8	genconf	/home/qasim/vgb_bench_data/prepared/receptors/posebusters/7M31_TDR/receptor.pdbqt	4.77	182.0	5	/home/qasim/vgb_bench_data/poses/A2_genconf_refbox/vinardo/posebusters/7M31_TDR.sdf.gz	1210	2026-09-23T02:54:19+08:00
arm	A2_genconf_refbox	vinardo	posebusters	7LCU_XTA	20260922	ok		5	-11.9	vinardo	kcal/mol (empirical score, not a measured free energy)	-65.309	-36.33	96.808	25.0	8	genconf	/home/qasim/vgb_bench_data/prepared/receptors/posebusters/7LCU_XTA/receptor.pdbqt	127.74	181.8	5	/home/qasim/vgb_bench_data/poses/A2_genconf_refbox/vinardo/posebusters/7LCU_XTA.sdf.gz	4959	2026-09-23T02:52:39+08:00
arm	A2_genconf_refbox	vinardo	posebusters	7LJN_GTP	20260922	ok		5	-8.4	vinardo	kcal/mol (empirical score, not a measured free energy)	-63.427	10.373	-24.556	25.0	8	genconf	/home/qasim/vgb_bench_data/prepared/receptors/posebusters/7LJN_GTP/receptor.pdbqt	112.2	181.9	5	/home/qasim/vgb_bench_data/poses/A2_genconf_refbox/vinardo/posebusters/7LJN_GTP.sdf.gz	3300	2026-09-23T02:53:01+08:00
arm	A2_genconf_refbox	vinardo	posebusters	7LZD_YHY	20260922	ok		2	-13.4	vinardo	kcal/mol (empirical score, not a measured free energy)	-5.133	28.784	10.344	25.0	8	genconf	/home/qasim/vgb_bench_data/prepared/receptors/posebusters/7LZD_YHY/receptor.pdbqt	35.28	181.7	5	/home/qasim/vgb_bench_data/poses/A2_genconf_refbox/vinardo/posebusters/7LZD_YHY.sdf.gz	1857	2026-09-23T02:54:18+08:00
arm	A2_genconf_refbox	vinardo	posebusters	7M3H_YPV	20260922	ok		5	-8.3	vinardo	kcal/mol (empirical score, not a measured free energy)	0.715	7.945	16.549	25.0	8	genconf	/home/qasim/vgb_bench_data/prepared/receptors/posebusters/7M3H_YPV/receptor.pdbqt	51.83	182.1	5	/home/qasim/vgb_bench_data/poses/A2_genconf_refbox/vinardo/posebusters/7M3H_YPV.sdf.gz	3096	2026-09-23T02:54:24+08:00
arm	A2_genconf_refbox	vinardo	posebusters	7LMO_NYO	20260922	ok		5	-13.1	vinardo	kcal/mol (empirical score, not a measured free energy)	-5.026	-18.653	38.253	25.0	8	genconf	/home/qasim/vgb_bench_data/prepared/receptors/posebusters/7LMO_NYO/receptor.pdbqt	105.61	181.9	5	/home/qasim/vgb_bench_data/poses/A2_genconf_refbox/vinardo/posebusters/7LMO_NYO.sdf.gz	4627	2026-09-23T02:53:32+08:00
arm	A2_genconf_refbox	vinardo	posebusters	7MMH_ZJY	20260922	failed	vinardo: ATOM     43  C   UNL     1       1.457   4.968   0.238  1.00  0.00    +0.003 CG0			vinardo	kcal/mol (empirical score, not a measured free energy)	-13.913	19.233	-15.399	25.0	8	genconf	/home/qasim/vgb_bench_data/prepared/receptors/posebusters/7MMH_ZJY/receptor.pdbqt	0.08		5			2026-09-23T02:55:18+08:00
arm	A2_genconf_refbox	vinardo	posebusters	7MOI_HPS	20260922	ok		5	-8.3	vinardo	kcal/mol (empirical score, not a measured free energy)	14.249	8.603	-0.138	25.0	8	genconf	/home/qasim/vgb_bench_data/prepared/receptors/posebusters/7MOI_HPS/receptor.pdbqt	8.1	181.9	5	/home/qasim/vgb_bench_data/poses/A2_genconf_refbox/vinardo/posebusters/7MOI_HPS.sdf.gz	1401	2026-09-23T02:55:18+08:00
arm	A2_genconf_refbox	vinardo	posebusters	7MGY_ZD1	20260922	ok		5	-10.8	vinardo	kcal/mol (empirical score, not a measured free energy)	24.538	-31.463	274.35	25.0	8	genconf	/home/qasim/vgb_bench_data/prepared/receptors/posebusters/7MGY_ZD1/receptor.pdbqt	39.53	182.1	5	/home/qasim/vgb_bench_data/poses/A2_genconf_refbox/vinardo/posebusters/7MGY_ZD1.sdf.gz	3208	2026-09-23T02:55:16+08:00
arm	A2_genconf_refbox	vinardo	posebusters	7MGT_ZD4	20260922	ok		5	-10.1	vinardo	kcal/mol (empirical score, not a measured free energy)	38.562	34.834	19.018	25.0	8	genconf	/home/qasim/vgb_bench_data/prepared/receptors/posebusters/7MGT_ZD4/receptor.pdbqt	70.52	181.7	5	/home/qasim/vgb_bench_data/poses/A2_genconf_refbox/vinardo/posebusters/7MGT_ZD4.sdf.gz	3009	2026-09-23T02:54:54+08:00
arm	A2_genconf_refbox	vinardo	posebusters	7MWU_ZPM	20260922	ok		5	-6.4	vinardo	kcal/mol (empirical score, not a measured free energy)	11.764	49.303	49.006	25.0	8	genconf	/home/qasim/vgb_bench_data/prepared/receptors/posebusters/7MWU_ZPM/receptor.pdbqt	5.32	181.7	5	/home/qasim/vgb_bench_data/poses/A2_genconf_refbox/vinardo/posebusters/7MWU_ZPM.sdf.gz	1204	2026-09-23T02:56:04+08:00
arm	A2_genconf_refbox	vinardo	posebusters	7M6K_YRJ	20260922	ok		5	-11.2	vinardo	kcal/mol (empirical score, not a measured free energy)	26.308	-6.796	-34.909	25.0	8	genconf	/home/qasim/vgb_bench_data/prepared/receptors/posebusters/7M6K_YRJ/receptor.pdbqt	99.72	181.8	5	/home/qasim/vgb_bench_data/poses/A2_genconf_refbox/vinardo/posebusters/7M6K_YRJ.sdf.gz	3954	2026-09-23T02:54:47+08:00
arm	A2_genconf_refbox	vinardo	posebusters	7MY1_IPE	20260922	ok		5	-5.9	vinardo	kcal/mol (empirical score, not a measured free energy)	4.513	13.643	14.252	25.0	8	genconf	/home/qasim/vgb_bench_data/prepared/receptors/posebusters/7MY1_IPE/receptor.pdbqt	19.17	181.7	5	/home/qasim/vgb_bench_data/poses/A2_genconf_refbox/vinardo/posebusters/7MY1_IPE.sdf.gz	1968	2026-09-23T02:56:09+08:00
arm	A2_genconf_refbox	vinardo	posebusters	7MWN_WI5	20260922	ok		5	-9.2	vinardo	kcal/mol (empirical score, not a measured free energy)	20.83	-12.179	-15.026	25.0	8	genconf	/home/qasim/vgb_bench_data/prepared/receptors/posebusters/7MWN_WI5/receptor.pdbqt	51.2	182.1	5	/home/qasim/vgb_bench_data/poses/A2_genconf_refbox/vinardo/posebusters/7MWN_WI5.sdf.gz	3892	2026-09-23T02:55:55+08:00
arm	A2_genconf_refbox	vinardo	posebusters	7MYU_ZR7	20260922	ok		5	-10.8	vinardo	kcal/mol (empirical score, not a measured free energy)	23.5	55.545	87.47	25.0	8	genconf	/home/qasim/vgb_bench_data/prepared/receptors/posebusters/7MYU_ZR7/receptor.pdbqt	67.15	181.8	5	/home/qasim/vgb_bench_data/poses/A2_genconf_refbox/vinardo/posebusters/7MYU_ZR7.sdf.gz	3903	2026-09-23T02:56:27+08:00
arm	A2_genconf_refbox	vinardo	posebusters	7N4N_0BK	20260922	ok		5	-8.5	vinardo	kcal/mol (empirical score, not a measured free energy)	22.082	-8.22	-17.518	25.0	8	genconf	/home/qasim/vgb_bench_data/prepared/receptors/posebusters/7N4N_0BK/receptor.pdbqt	60.05	182.1	5	/home/qasim/vgb_bench_data/poses/A2_genconf_refbox/vinardo/posebusters/7N4N_0BK.sdf.gz	3834	2026-09-23T02:56:46+08:00
arm	A2_genconf_refbox	vinardo	posebusters	7N03_ZRP	20260922	ok		5	-11.4	vinardo	kcal/mol (empirical score, not a measured free energy)	-43.911	12.065	3.738	25.0	8	genconf	/home/qasim/vgb_bench_data/prepared/receptors/posebusters/7N03_ZRP/receptor.pdbqt	83.32	181.7	5	/home/qasim/vgb_bench_data/poses/A2_genconf_refbox/vinardo/posebusters/7N03_ZRP.sdf.gz	3917	2026-09-23T02:56:29+08:00
arm	A2_genconf_refbox	vinardo	posebusters	7N4W_P4V	20260922	ok		3	-8.0	vinardo	kcal/mol (empirical score, not a measured free energy)	-7.77	-11.385	12.414	25.0	8	genconf	/home/qasim/vgb_bench_data/prepared/receptors/posebusters/7N4W_P4V/receptor.pdbqt	35.45	181.8	5	/home/qasim/vgb_bench_data/poses/A2_genconf_refbox/vinardo/posebusters/7N4W_P4V.sdf.gz	2284	2026-09-23T02:57:34+08:00
arm	A2_genconf_refbox	vinardo	posebusters	7N6F_0I1	20260922	ok		5	-7.9	vinardo	kcal/mol (empirical score, not a measured free energy)	-17.147	-0.317	22.02	25.0	8	genconf	/home/qasim/vgb_bench_data/prepared/receptors/posebusters/7N6F_0I1/receptor.pdbqt	30.17	182.1	5	/home/qasim/vgb_bench_data/poses/A2_genconf_refbox/vinardo/posebusters/7N6F_0I1.sdf.gz	3269	2026-09-23T02:57:46+08:00
arm	A2_genconf_refbox	vinardo	posebusters	7N7H_CTP	20260922	ok		4	-10.9	vinardo	kcal/mol (empirical score, not a measured free energy)	15.366	51.015	156.975	25.0	8	genconf	/home/qasim/vgb_bench_data/prepared/receptors/posebusters/7N7H_CTP/receptor.pdbqt	66.83	181.8	5	/home/qasim/vgb_bench_data/poses/A2_genconf_refbox/vinardo/posebusters/7N7H_CTP.sdf.gz	2613	2026-09-23T02:58:09+08:00
arm	A2_genconf_refbox	vinardo	posebusters	7NF0_BYN	20260922	ok		5	-9.1	vinardo	kcal/mol (empirical score, not a measured free energy)	12.251	26.365	42.625	25.0	8	genconf	/home/qasim/vgb_bench_data/prepared/receptors/posebusters/7NF0_BYN/receptor.pdbqt	79.97	182.1	5	/home/qasim/vgb_bench_data/poses/A2_genconf_refbox/vinardo/posebusters/7NF0_BYN.sdf.gz	4631	2026-09-23T02:58:16+08:00
arm	A2_genconf_refbox	vinardo	posebusters	7NFB_GEN	20260922	ok		5	-9.3	vinardo	kcal/mol (empirical score, not a measured free energy)	15.433	-3.563	33.624	25.0	8	genconf	/home/qasim/vgb_bench_data/prepared/receptors/posebusters/7NFB_GEN/receptor.pdbqt	21.19	182.1	5	/home/qasim/vgb_bench_data/poses/A2_genconf_refbox/vinardo/posebusters/7NFB_GEN.sdf.gz	2200	2026-09-23T02:59:36+08:00
arm	A2_genconf_refbox	vinardo	posebusters	7NGW_UAW	20260922	ok		5	-7.5	vinardo	kcal/mol (empirical score, not a measured free energy)	-13.281	-28.69	2.296	25.0	8	genconf	/home/qasim/vgb_bench_data/prepared/receptors/posebusters/7NGW_UAW/receptor.pdbqt	13.24	182.1	5	/home/qasim/vgb_bench_data/poses/A2_genconf_refbox/vinardo/posebusters/7NGW_UAW.sdf.gz	2549	2026-09-23T02:59:58+08:00
arm	A2_genconf_refbox	vinardo	posebusters	7N7B_T3F	20260922	ok		5	-9.6	vinardo	kcal/mol (empirical score, not a measured free energy)	46.503	-15.584	8.842	25.0	8	genconf	/home/qasim/vgb_bench_data/prepared/receptors/posebusters/7N7B_T3F/receptor.pdbqt	151.21	181.7	5	/home/qasim/vgb_bench_data/poses/A2_genconf_refbox/vinardo/posebusters/7N7B_T3F.sdf.gz	4301	2026-09-23T02:57:52+08:00
arm	A2_genconf_refbox	vinardo	posebusters	7NF3_4LU	20260922	ok		5	-9.4	vinardo	kcal/mol (empirical score, not a measured free energy)	22.532	9.729	24.041	25.0	8	genconf	/home/qasim/vgb_bench_data/prepared/receptors/posebusters/7NF3_4LU/receptor.pdbqt	77.64	181.8	5	/home/qasim/vgb_bench_data/poses/A2_genconf_refbox/vinardo/posebusters/7NF3_4LU.sdf.gz	4498	2026-09-23T02:59:16+08:00
arm	A2_genconf_refbox	vinardo	posebusters	7NLV_UJE	20260922	ok		5	-8.7	vinardo	kcal/mol (empirical score, not a measured free energy)	-7.297	-9.032	19.791	25.0	8	genconf	/home/qasim/vgb_bench_data/prepared/receptors/posebusters/7NLV_UJE/receptor.pdbqt	42.49	182.1	5	/home/qasim/vgb_bench_data/poses/A2_genconf_refbox/vinardo/posebusters/7NLV_UJE.sdf.gz	3239	2026-09-23T03:00:11+08:00
arm	A2_genconf_refbox	vinardo	posebusters	7NPL_UKZ	20260922	ok		3	-16.6	vinardo	kcal/mol (empirical score, not a measured free energy)	-18.778	1.82	8.168	25.0	8	genconf	/home/qasim/vgb_bench_data/prepared/receptors/posebusters/7NPL_UKZ/receptor.pdbqt	53.44	181.8	5	/home/qasim/vgb_bench_data/poses/A2_genconf_refbox/vinardo/posebusters/7NPL_UKZ.sdf.gz	2282	2026-09-23T03:00:34+08:00
arm	A2_genconf_refbox	vinardo	posebusters	7NSW_HC4	20260922	ok		5	-7.4	vinardo	kcal/mol (empirical score, not a measured free energy)	64.411	44.282	26.768	25.0	8	genconf	/home/qasim/vgb_bench_data/prepared/receptors/posebusters/7NSW_HC4/receptor.pdbqt	10.91	181.8	5	/home/qasim/vgb_bench_data/poses/A2_genconf_refbox/vinardo/posebusters/7NSW_HC4.sdf.gz	1585	2026-09-23T03:01:27+08:00
arm	A2_genconf_refbox	vinardo	posebusters	7NU0_DCL	20260922	ok		5	-5.9	vinardo	kcal/mol (empirical score, not a measured free energy)	22.926	-12.641	-27.169	25.0	8	genconf	/home/qasim/vgb_bench_data/prepared/receptors/posebusters/7NU0_DCL/receptor.pdbqt	7.69	181.8	5	/home/qasim/vgb_bench_data/poses/A2_genconf_refbox/vinardo/posebusters/7NU0_DCL.sdf.gz	1781	2026-09-23T03:01:38+08:00
arm	A2_genconf_refbox	vinardo	posebusters	7NP6_UK8	20260922	ok		2	-15.6	vinardo	kcal/mol (empirical score, not a measured free energy)	-1.397	44.195	14.65	25.0	8	genconf	/home/qasim/vgb_bench_data/prepared/receptors/posebusters/7NP6_UK8/receptor.pdbqt	91.74	181.7	5	/home/qasim/vgb_bench_data/poses/A2_genconf_refbox/vinardo/posebusters/7NP6_UK8.sdf.gz	1506	2026-09-23T03:00:23+08:00
arm	A2_genconf_refbox	vinardo	posebusters	7NUT_GLP	20260922	ok		5	-6.7	vinardo	kcal/mol (empirical score, not a measured free energy)	4.02	3.546	-36.639	25.0	8	genconf	/home/qasim/vgb_bench_data/prepared/receptors/posebusters/7NUT_GLP/receptor.pdbqt	17.94	181.8	5	/home/qasim/vgb_bench_data/poses/A2_genconf_refbox/vinardo/posebusters/7NUT_GLP.sdf.gz	2207	2026-09-23T03:01:46+08:00
arm	A2_genconf_refbox	vinardo	posebusters	7MFP_Z7P	20260922	ok		5	-12.8	vinardo	kcal/mol (empirical score, not a measured free energy)	-76.429	-15.353	18.161	25.0	8	genconf	/home/qasim/vgb_bench_data/prepared/receptors/posebusters/7MFP_Z7P/receptor.pdbqt	465.24	181.9	5	/home/qasim/vgb_bench_data/poses/A2_genconf_refbox/vinardo/posebusters/7MFP_Z7P.sdf.gz	5608	2026-09-23T02:54:53+08:00
arm	A2_genconf_refbox	vinardo	posebusters	7NXO_UU8	20260922	ok		3	-12.7	vinardo	kcal/mol (empirical score, not a measured free energy)	41.462	-1.105	11.239	25.0	8	genconf	/home/qasim/vgb_bench_data/prepared/receptors/posebusters/7NXO_UU8/receptor.pdbqt	69.6	181.7	5	/home/qasim/vgb_bench_data/poses/A2_genconf_refbox/vinardo/posebusters/7NXO_UU8.sdf.gz	2298	2026-09-23T03:01:55+08:00
arm	A2_genconf_refbox	vinardo	posebusters	7O0N_CDP	20260922	ok		5	-10.4	vinardo	kcal/mol (empirical score, not a measured free energy)	10.419	19.648	29.782	25.0	8	genconf	/home/qasim/vgb_bench_data/prepared/receptors/posebusters/7O0N_CDP/receptor.pdbqt	72.18	181.8	5	/home/qasim/vgb_bench_data/poses/A2_genconf_refbox/vinardo/posebusters/7O0N_CDP.sdf.gz	2863	2026-09-23T03:02:04+08:00
arm	A2_genconf_refbox	vinardo	posebusters	7O1T_5X8	20260922	ok		2	-11.2	vinardo	kcal/mol (empirical score, not a measured free energy)	-12.927	13.266	-25.113	25.0	8	genconf	/home/qasim/vgb_bench_data/prepared/receptors/posebusters/7O1T_5X8/receptor.pdbqt	43.17	182.0	5	/home/qasim/vgb_bench_data/poses/A2_genconf_refbox/vinardo/posebusters/7O1T_5X8.sdf.gz	1500	2026-09-23T03:02:38+08:00
arm	A2_genconf_refbox	vinardo	posebusters	7MSR_DCA	20260922	ok		5	-7.4	vinardo	kcal/mol (empirical score, not a measured free energy)	15.719	16.669	19.088	25.0	8	genconf	/home/qasim/vgb_bench_data/prepared/receptors/posebusters/7MSR_DCA/receptor.pdbqt	505.02	181.9	5	/home/qasim/vgb_bench_data/poses/A2_genconf_refbox/vinardo/posebusters/7MSR_DCA.sdf.gz	5607	2026-09-23T02:55:26+08:00
arm	A2_genconf_refbox	vinardo	posebusters	7OFF_VCB	20260922	ok		5	-8.8	vinardo	kcal/mol (empirical score, not a measured free energy)	38.893	-26.855	10.487	25.0	8	genconf	/home/qasim/vgb_bench_data/prepared/receptors/posebusters/7OFF_VCB/receptor.pdbqt	40.29	182.0	5	/home/qasim/vgb_bench_data/poses/A2_genconf_refbox/vinardo/posebusters/7OFF_VCB.sdf.gz	2962	2026-09-23T03:03:22+08:00
arm	A2_genconf_refbox	vinardo	posebusters	7ODY_DGI	20260922	ok		5	-9.9	vinardo	kcal/mol (empirical score, not a measured free energy)	3.736	-0.645	-29.192	25.0	8	genconf	/home/qasim/vgb_bench_data/prepared/receptors/posebusters/7ODY_DGI/receptor.pdbqt	78.86	181.7	5	/home/qasim/vgb_bench_data/poses/A2_genconf_refbox/vinardo/posebusters/7ODY_DGI.sdf.gz	2998	2026-09-23T03:03:04+08:00
arm	A2_genconf_refbox	vinardo	posebusters	7OLI_8HG	20260922	ok		5	-5.7	vinardo	kcal/mol (empirical score, not a measured free energy)	8.203	23.724	32.454	25.0	8	genconf	/home/qasim/vgb_bench_data/prepared/receptors/posebusters/7OLI_8HG/receptor.pdbqt	22.87	182.0	5	/home/qasim/vgb_bench_data/poses/A2_genconf_refbox/vinardo/posebusters/7OLI_8HG.sdf.gz	2413	2026-09-23T03:04:02+08:00
arm	A2_genconf_refbox	vinardo	posebusters	7OP9_06K	20260922	ok		5	-5.4	vinardo	kcal/mol (empirical score, not a measured free energy)	-84.244	-28.109	-34.625	25.0	8	genconf	/home/qasim/vgb_bench_data/prepared/receptors/posebusters/7OP9_06K/receptor.pdbqt	4.78	182.0	5	/home/qasim/vgb_bench_data/poses/A2_genconf_refbox/vinardo/posebusters/7OP9_06K.sdf.gz	1062	2026-09-23T03:04:25+08:00
arm	A2_genconf_refbox	vinardo	posebusters	7OPG_06N	20260922	ok		5	-9.4	vinardo	kcal/mol (empirical score, not a measured free energy)	55.492	2.581	56.51	25.0	8	genconf	/home/qasim/vgb_bench_data/prepared/receptors/posebusters/7OPG_06N/receptor.pdbqt	16.26	182.0	5	/home/qasim/vgb_bench_data/poses/A2_genconf_refbox/vinardo/posebusters/7OPG_06N.sdf.gz	2358	2026-09-23T03:04:30+08:00
arm	A2_genconf_refbox	vinardo	posebusters	7OEO_V9Z	20260922	ok		5	-8.6	vinardo	kcal/mol (empirical score, not a measured free energy)	-16.84	-7.44	-22.139	25.0	8	genconf	/home/qasim/vgb_bench_data/prepared/receptors/posebusters/7OEO_V9Z/receptor.pdbqt	95.42	181.8	5	/home/qasim/vgb_bench_data/poses/A2_genconf_refbox/vinardo/posebusters/7OEO_V9Z.sdf.gz	4201	2026-09-23T03:03:16+08:00
arm	A2_genconf_refbox	vinardo	posebusters	7OSO_0V1	20260922	ok		5	-4.3	vinardo	kcal/mol (empirical score, not a measured free energy)	31.27	8.166	10.51	25.0	8	genconf	/home/qasim/vgb_bench_data/prepared/receptors/posebusters/7OSO_0V1/receptor.pdbqt	6.38	182.0	5	/home/qasim/vgb_bench_data/poses/A2_genconf_refbox/vinardo/posebusters/7OSO_0V1.sdf.gz	1400	2026-09-23T03:04:46+08:00
arm	A2_genconf_refbox	vinardo	posebusters	7NR8_UOE	20260922	ok		5	-9.7	vinardo	kcal/mol (empirical score, not a measured free energy)	4.524	9.49	45.41	25.0	8	genconf	/home/qasim/vgb_bench_data/prepared/receptors/posebusters/7NR8_UOE/receptor.pdbqt	253.95	182.1	5	/home/qasim/vgb_bench_data/poses/A2_genconf_refbox/vinardo/posebusters/7NR8_UOE.sdf.gz	5907	2026-09-23T03:00:53+08:00
arm	A2_genconf_refbox	vinardo	posebusters	7OFK_VCH	20260922	ok		5	-10.7	vinardo	kcal/mol (empirical score, not a measured free energy)	-27.076	3.304	-14.501	25.0	8	genconf	/home/qasim/vgb_bench_data/prepared/receptors/posebusters/7OFK_VCH/receptor.pdbqt	78.88	181.9	5	/home/qasim/vgb_bench_data/poses/A2_genconf_refbox/vinardo/posebusters/7OFK_VCH.sdf.gz	3687	2026-09-23T03:03:51+08:00
arm	A2_genconf_refbox	vinardo	posebusters	7OZC_G6S	20260922	ok		5	-6.1	vinardo	kcal/mol (empirical score, not a measured free energy)	15.565	-1.739	19.878	25.0	8	genconf	/home/qasim/vgb_bench_data/prepared/receptors/posebusters/7OZC_G6S/receptor.pdbqt	19.31	182.0	5	/home/qasim/vgb_bench_data/poses/A2_genconf_refbox/vinardo/posebusters/7OZC_G6S.sdf.gz	2129	2026-09-23T03:04:52+08:00
arm	A2_genconf_refbox	vinardo	posebusters	7OZ9_NGK	20260922	ok		5	-5.5	vinardo	kcal/mol (empirical score, not a measured free energy)	34.772	39.092	32.248	25.0	8	genconf	/home/qasim/vgb_bench_data/prepared/receptors/posebusters/7OZ9_NGK/receptor.pdbqt	23.42	181.8	5	/home/qasim/vgb_bench_data/poses/A2_genconf_refbox/vinardo/posebusters/7OZ9_NGK.sdf.gz	2487	2026-09-23T03:04:51+08:00
arm	A2_genconf_refbox	vinardo	posebusters	7P2I_MFU	20260922	ok		5	-6.4	vinardo	kcal/mol (empirical score, not a measured free energy)	1.161	16.471	44.189	25.0	8	genconf	/home/qasim/vgb_bench_data/prepared/receptors/posebusters/7P2I_MFU/receptor.pdbqt	5.73	182.0	5	/home/qasim/vgb_bench_data/poses/A2_genconf_refbox/vinardo/posebusters/7P2I_MFU.sdf.gz	1948	2026-09-23T03:05:11+08:00
arm	A2_genconf_refbox	vinardo	posebusters	7P4C_5OV	20260922	ok		5	-5.2	vinardo	kcal/mol (empirical score, not a measured free energy)	84.073	14.334	35.709	25.0	8	genconf	/home/qasim/vgb_bench_data/prepared/receptors/posebusters/7P4C_5OV/receptor.pdbqt	10.43	181.8	5	/home/qasim/vgb_bench_data/poses/A2_genconf_refbox/vinardo/posebusters/7P4C_5OV.sdf.gz	2192	2026-09-23T03:05:15+08:00
arm	A2_genconf_refbox	vinardo	posebusters	7P1F_KFN	20260922	ok		5	-6.5	vinardo	kcal/mol (empirical score, not a measured free energy)	-20.183	-41.374	29.353	25.0	8	genconf	/home/qasim/vgb_bench_data/prepared/receptors/posebusters/7P1F_KFN/receptor.pdbqt	21.0	182.2	5	/home/qasim/vgb_bench_data/poses/A2_genconf_refbox/vinardo/posebusters/7P1F_KFN.sdf.gz	2273	2026-09-23T03:05:07+08:00
arm	A2_genconf_refbox	vinardo	posebusters	7P1M_4IU	20260922	ok		5	-7.7	vinardo	kcal/mol (empirical score, not a measured free energy)	39.213	-7.827	-27.673	25.0	8	genconf	/home/qasim/vgb_bench_data/prepared/receptors/posebusters/7P1M_4IU/receptor.pdbqt	35.15	181.9	5	/home/qasim/vgb_bench_data/poses/A2_genconf_refbox/vinardo/posebusters/7P1M_4IU.sdf.gz	3011	2026-09-23T03:05:10+08:00
arm	A2_genconf_refbox	vinardo	posebusters	7PJQ_OWH	20260922	ok		5	-4.8	vinardo	kcal/mol (empirical score, not a measured free energy)	11.143	25.89	-6.264	25.0	8	genconf	/home/qasim/vgb_bench_data/prepared/receptors/posebusters/7PJQ_OWH/receptor.pdbqt	6.11	181.9	5	/home/qasim/vgb_bench_data/poses/A2_genconf_refbox/vinardo/posebusters/7PJQ_OWH.sdf.gz	1440	2026-09-23T03:05:45+08:00
arm	A2_genconf_refbox	vinardo	posebusters	7P5T_5YG	20260922	ok		5	-10.4	vinardo	kcal/mol (empirical score, not a measured free energy)	-21.765	4.041	-13.812	25.0	8	genconf	/home/qasim/vgb_bench_data/prepared/receptors/posebusters/7P5T_5YG/receptor.pdbqt	38.61	182.0	5	/home/qasim/vgb_bench_data/poses/A2_genconf_refbox/vinardo/posebusters/7P5T_5YG.sdf.gz	3086	2026-09-23T03:05:17+08:00
arm	A2_genconf_refbox	vinardo	posebusters	7PIH_7QW	20260922	ok		5	-9.4	vinardo	kcal/mol (empirical score, not a measured free energy)	12.966	-24.427	-27.416	25.0	8	genconf	/home/qasim/vgb_bench_data/prepared/receptors/posebusters/7PIH_7QW/receptor.pdbqt	28.39	182.2	5	/home/qasim/vgb_bench_data/poses/A2_genconf_refbox/vinardo/posebusters/7PIH_7QW.sdf.gz	3232	2026-09-23T03:05:28+08:00
arm	A2_genconf_refbox	vinardo	posebusters	7POM_7VZ	20260922	ok		5	-7.1	vinardo	kcal/mol (empirical score, not a measured free energy)	-42.269	20.375	-61.409	25.0	8	genconf	/home/qasim/vgb_bench_data/prepared/receptors/posebusters/7POM_7VZ/receptor.pdbqt	32.45	182.2	5	/home/qasim/vgb_bench_data/poses/A2_genconf_refbox/vinardo/posebusters/7POM_7VZ.sdf.gz	2870	2026-09-23T03:05:57+08:00
arm	A2_genconf_refbox	vinardo	posebusters	7PRI_7TI	20260922	ok		5	-6.3	vinardo	kcal/mol (empirical score, not a measured free energy)	50.492	-44.761	-12.641	25.0	8	genconf	/home/qasim/vgb_bench_data/prepared/receptors/posebusters/7PRI_7TI/receptor.pdbqt	23.69	182.2	5	/home/qasim/vgb_bench_data/poses/A2_genconf_refbox/vinardo/posebusters/7PRI_7TI.sdf.gz	2064	2026-09-23T03:06:29+08:00
arm	A2_genconf_refbox	vinardo	posebusters	7PGX_FMN	20260922	ok		5	-10.0	vinardo	kcal/mol (empirical score, not a measured free energy)	-20.116	3.101	-7.285	25.0	8	genconf	/home/qasim/vgb_bench_data/prepared/receptors/posebusters/7PGX_FMN/receptor.pdbqt	102.79	181.8	5	/home/qasim/vgb_bench_data/poses/A2_genconf_refbox/vinardo/posebusters/7PGX_FMN.sdf.gz	3646	2026-09-23T03:05:25+08:00
arm	A2_genconf_refbox	vinardo	posebusters	7PL1_SFG	20260922	ok		5	-8.7	vinardo	kcal/mol (empirical score, not a measured free energy)	44.268	-16.814	-7.554	25.0	8	genconf	/home/qasim/vgb_bench_data/prepared/receptors/posebusters/7PL1_SFG/receptor.pdbqt	80.1	182.0	5	/home/qasim/vgb_bench_data/poses/A2_genconf_refbox/vinardo/posebusters/7PL1_SFG.sdf.gz	3480	2026-09-23T03:05:56+08:00
arm	A2_genconf_refbox	vinardo	posebusters	7PRM_81I	20260922	ok		5	-8.4	vinardo	kcal/mol (empirical score, not a measured free energy)	124.362	20.653	-7.531	25.0	8	genconf	/home/qasim/vgb_bench_data/prepared/receptors/posebusters/7PRM_81I/receptor.pdbqt	56.82	182.2	5	/home/qasim/vgb_bench_data/poses/A2_genconf_refbox/vinardo/posebusters/7PRM_81I.sdf.gz	4017	2026-09-23T03:06:53+08:00
arm	A2_genconf_refbox	vinardo	posebusters	7PUV_84Z	20260922	ok		5	-7.7	vinardo	kcal/mol (empirical score, not a measured free energy)	25.749	6.487	10.733	25.0	8	genconf	/home/qasim/vgb_bench_data/prepared/receptors/posebusters/7PUV_84Z/receptor.pdbqt	34.62	182.0	5	/home/qasim/vgb_bench_data/poses/A2_genconf_refbox/vinardo/posebusters/7PUV_84Z.sdf.gz	2574	2026-09-23T03:07:16+08:00
arm	A2_genconf_refbox	vinardo	posebusters	7Q27_8KC	20260922	failed	vinardo: ATOM      1  B   BO3 A 710     -28.577 -14.637  38.852  1.00  0.00    +0.000 B			vinardo	kcal/mol (empirical score, not a measured free energy)	-13.282	-7.792	21.754	25.0	8	genconf	/home/qasim/vgb_bench_data/prepared/receptors/posebusters/7Q27_8KC/receptor.pdbqt	0.02		5			2026-09-23T03:07:51+08:00
arm	A2_genconf_refbox	vinardo	posebusters	7Q2B_M6H	20260922	ok		5	-6.5	vinardo	kcal/mol (empirical score, not a measured free energy)	-30.344	-11.896	13.346	25.0	8	genconf	/home/qasim/vgb_bench_data/prepared/receptors/posebusters/7Q2B_M6H/receptor.pdbqt	8.37	182.0	5	/home/qasim/vgb_bench_data/poses/A2_genconf_refbox/vinardo/posebusters/7Q2B_M6H.sdf.gz	1915	2026-09-23T03:07:51+08:00
arm	A2_genconf_refbox	vinardo	posebusters	7Q5I_I0F	20260922	ok		5	-9.6	vinardo	kcal/mol (empirical score, not a measured free energy)	34.962	23.956	30.26	25.0	8	genconf	/home/qasim/vgb_bench_data/prepared/receptors/posebusters/7Q5I_I0F/receptor.pdbqt	40.11	182.0	5	/home/qasim/vgb_bench_data/poses/A2_genconf_refbox/vinardo/posebusters/7Q5I_I0F.sdf.gz	3503	2026-09-23T03:07:59+08:00
arm	A2_genconf_refbox	vinardo	posebusters	7QE4_NGA	20260922	ok		5	-4.9	vinardo	kcal/mol (empirical score, not a measured free energy)	48.987	19.701	74.98	25.0	8	genconf	/home/qasim/vgb_bench_data/prepared/receptors/posebusters/7QE4_NGA/receptor.pdbqt	9.43	182.0	5	/home/qasim/vgb_bench_data/poses/A2_genconf_refbox/vinardo/posebusters/7QE4_NGA.sdf.gz	2262	2026-09-23T03:08:39+08:00
arm	A2_genconf_refbox	vinardo	posebusters	7QF4_RBF	20260922	ok		3	-10.2	vinardo	kcal/mol (empirical score, not a measured free energy)	-0.588	-4.744	-11.573	25.0	8	genconf	/home/qasim/vgb_bench_data/prepared/receptors/posebusters/7QF4_RBF/receptor.pdbqt	65.64	182.0	5	/home/qasim/vgb_bench_data/poses/A2_genconf_refbox/vinardo/posebusters/7QF4_RBF.sdf.gz	2135	2026-09-23T03:08:48+08:00
arm	A2_genconf_refbox	vinardo	posebusters	7Q25_8J9	20260922	ok		5	-9.7	vinardo	kcal/mol (empirical score, not a measured free energy)	-51.816	95.266	24.214	25.0	8	genconf	/home/qasim/vgb_bench_data/prepared/receptors/posebusters/7Q25_8J9/receptor.pdbqt	132.85	182.2	5	/home/qasim/vgb_bench_data/poses/A2_genconf_refbox/vinardo/posebusters/7Q25_8J9.sdf.gz	4462	2026-09-23T03:07:50+08:00
arm	A2_genconf_refbox	vinardo	posebusters	7QGP_DJ8	20260922	failed	vinardo: ATOM     26  C   UNL     1      -3.738  -2.632   0.907  1.00  0.00    +0.181 CG0			vinardo	kcal/mol (empirical score, not a measured free energy)	-26.649	4.088	11.83	25.0	8	genconf	/home/qasim/vgb_bench_data/prepared/receptors/posebusters/7QGP_DJ8/receptor.pdbqt	0.08		5			2026-09-23T03:10:03+08:00
arm	A2_genconf_refbox	vinardo	posebusters	7QFM_AY3	20260922	ok		5	-8.5	vinardo	kcal/mol (empirical score, not a measured free energy)	-119.262	203.362	-0.569	25.0	8	genconf	/home/qasim/vgb_bench_data/prepared/receptors/posebusters/7QFM_AY3/receptor.pdbqt	17.93	182.0	5	/home/qasim/vgb_bench_data/poses/A2_genconf_refbox/vinardo/posebusters/7QFM_AY3.sdf.gz	2219	2026-09-23T03:09:54+08:00
arm	A2_genconf_refbox	vinardo	posebusters	7OMX_CNA	20260922	ok		5	-12.7	vinardo	kcal/mol (empirical score, not a measured free energy)	11.696	-12.823	-8.436	25.0	8	genconf	/home/qasim/vgb_bench_data/prepared/receptors/posebusters/7OMX_CNA/receptor.pdbqt	387.0	181.7	5	/home/qasim/vgb_bench_data/poses/A2_genconf_refbox/vinardo/posebusters/7OMX_CNA.sdf.gz	4980	2026-09-23T03:04:23+08:00
arm	A2_genconf_refbox	vinardo	posebusters	7QHL_D5P	20260922	ok		5	-10.2	vinardo	kcal/mol (empirical score, not a measured free energy)	23.866	-14.805	37.988	25.0	8	genconf	/home/qasim/vgb_bench_data/prepared/receptors/posebusters/7QHL_D5P/receptor.pdbqt	69.68	182.0	5	/home/qasim/vgb_bench_data/poses/A2_genconf_refbox/vinardo/posebusters/7QHL_D5P.sdf.gz	3756	2026-09-23T03:10:12+08:00
arm	A2_genconf_refbox	vinardo	posebusters	7QTA_URI	20260922	ok		5	-5.4	vinardo	kcal/mol (empirical score, not a measured free energy)	7.106	5.257	-9.162	25.0	8	genconf	/home/qasim/vgb_bench_data/prepared/receptors/posebusters/7QTA_URI/receptor.pdbqt	14.27	182.0	5	/home/qasim/vgb_bench_data/poses/A2_genconf_refbox/vinardo/posebusters/7QTA_URI.sdf.gz	2216	2026-09-23T03:11:22+08:00
arm	A2_genconf_refbox	vinardo	posebusters	7QPP_VDX	20260922	ok		1	-13.7	vinardo	kcal/mol (empirical score, not a measured free energy)	11.374	22.414	34.233	25.0	8	genconf	/home/qasim/vgb_bench_data/prepared/receptors/posebusters/7QPP_VDX/receptor.pdbqt	51.66	181.7	5	/home/qasim/vgb_bench_data/poses/A2_genconf_refbox/vinardo/posebusters/7QPP_VDX.sdf.gz	1386	2026-09-23T03:10:50+08:00
arm	A2_genconf_refbox	vinardo	posebusters	7R59_I5F	20260922	ok		5	-9.1	vinardo	kcal/mol (empirical score, not a measured free energy)	1.633	4.247	10.667	25.0	8	genconf	/home/qasim/vgb_bench_data/prepared/receptors/posebusters/7R59_I5F/receptor.pdbqt	7.01	181.7	5	/home/qasim/vgb_bench_data/poses/A2_genconf_refbox/vinardo/posebusters/7R59_I5F.sdf.gz	1397	2026-09-23T03:11:42+08:00
arm	A2_genconf_refbox	vinardo	posebusters	7R6J_2I7	20260922	ok		5	-10.5	vinardo	kcal/mol (empirical score, not a measured free energy)	-7.682	-38.199	-35.543	25.0	8	genconf	/home/qasim/vgb_bench_data/prepared/receptors/posebusters/7R6J_2I7/receptor.pdbqt	86.68	181.7	5	/home/qasim/vgb_bench_data/poses/A2_genconf_refbox/vinardo/posebusters/7R6J_2I7.sdf.gz	4236	2026-09-23T03:11:49+08:00
arm	A2_genconf_refbox	vinardo	posebusters	7QHG_T3B	20260922	ok		1	-13.9	vinardo	kcal/mol (empirical score, not a measured free energy)	45.736	-10.347	109.978	25.0	8	genconf	/home/qasim/vgb_bench_data/prepared/receptors/posebusters/7QHG_T3B/receptor.pdbqt	218.44	182.2	5	/home/qasim/vgb_bench_data/poses/A2_genconf_refbox/vinardo/posebusters/7QHG_T3B.sdf.gz	1389	2026-09-23T03:10:03+08:00
arm	A2_genconf_refbox	vinardo	posebusters	7R9N_F97	20260922	ok		5	-8.6	vinardo	kcal/mol (empirical score, not a measured free energy)	-38.94	-113.872	222.94	25.0	8	genconf	/home/qasim/vgb_bench_data/prepared/receptors/posebusters/7R9N_F97/receptor.pdbqt	60.58	182.2	5	/home/qasim/vgb_bench_data/poses/A2_genconf_refbox/vinardo/posebusters/7R9N_F97.sdf.gz	4029	2026-09-23T03:13:41+08:00
arm	A2_genconf_refbox	vinardo	posebusters	7R3D_APR	20260922	ok		5	-9.9	vinardo	kcal/mol (empirical score, not a measured free energy)	15.159	21.405	-50.689	25.0	8	genconf	/home/qasim/vgb_bench_data/prepared/receptors/posebusters/7R3D_APR/receptor.pdbqt	188.43	182.0	5	/home/qasim/vgb_bench_data/poses/A2_genconf_refbox/vinardo/posebusters/7R3D_APR.sdf.gz	4150	2026-09-23T03:11:36+08:00
arm	A2_genconf_refbox	vinardo	posebusters	7R7R_AWJ	20260922	ok		5	-10.1	vinardo	kcal/mol (empirical score, not a measured free energy)	31.097	47.125	8.121	25.0	8	genconf	/home/qasim/vgb_bench_data/prepared/receptors/posebusters/7R7R_AWJ/receptor.pdbqt	96.87	181.7	5	/home/qasim/vgb_bench_data/poses/A2_genconf_refbox/vinardo/posebusters/7R7R_AWJ.sdf.gz	4009	2026-09-23T03:13:16+08:00
arm	A2_genconf_refbox	vinardo	posebusters	7RKW_5TV	20260922	ok		5	-11.3	vinardo	kcal/mol (empirical score, not a measured free energy)	19.12	-7.568	18.611	25.0	8	genconf	/home/qasim/vgb_bench_data/prepared/receptors/posebusters/7RKW_5TV/receptor.pdbqt	42.79	181.7	5	/home/qasim/vgb_bench_data/poses/A2_genconf_refbox/vinardo/posebusters/7RKW_5TV.sdf.gz	2724	2026-09-23T03:14:53+08:00
arm	A2_genconf_refbox	vinardo	posebusters	7RC3_SAH	20260922	ok		5	-7.9	vinardo	kcal/mol (empirical score, not a measured free energy)	-44.603	13.878	7.203	25.0	8	genconf	/home/qasim/vgb_bench_data/prepared/receptors/posebusters/7RC3_SAH/receptor.pdbqt	81.06	182.2	5	/home/qasim/vgb_bench_data/poses/A2_genconf_refbox/vinardo/posebusters/7RC3_SAH.sdf.gz	3308	2026-09-23T03:14:42+08:00
arm	A2_genconf_refbox	vinardo	posebusters	7RH3_59O	20260922	ok		5	-8.1	vinardo	kcal/mol (empirical score, not a measured free energy)	17.406	-9.663	0.254	25.0	8	genconf	/home/qasim/vgb_bench_data/prepared/receptors/posebusters/7RH3_59O/receptor.pdbqt	106.96	182.0	5	/home/qasim/vgb_bench_data/poses/A2_genconf_refbox/vinardo/posebusters/7RH3_59O.sdf.gz	3907	2026-09-23T03:14:44+08:00
arm	A2_genconf_refbox	vinardo	posebusters	7RNI_60I	20260922	ok		5	-8.1	vinardo	kcal/mol (empirical score, not a measured free energy)	182.593	123.656	30.417	25.0	8	genconf	/home/qasim/vgb_bench_data/prepared/receptors/posebusters/7RNI_60I/receptor.pdbqt	61.34	181.7	5	/home/qasim/vgb_bench_data/poses/A2_genconf_refbox/vinardo/posebusters/7RNI_60I.sdf.gz	4452	2026-09-23T03:15:35+08:00
arm	A2_genconf_refbox	vinardo	posebusters	7RSV_7IQ	20260922	ok		5	-6.3	vinardo	kcal/mol (empirical score, not a measured free energy)	0.764	-38.561	-0.126	25.0	8	genconf	/home/qasim/vgb_bench_data/prepared/receptors/posebusters/7RSV_7IQ/receptor.pdbqt	14.35	181.7	5	/home/qasim/vgb_bench_data/poses/A2_genconf_refbox/vinardo/posebusters/7RSV_7IQ.sdf.gz	2862	2026-09-23T03:16:37+08:00
arm	A2_genconf_refbox	vinardo	posebusters	7RWS_4UR	20260922	failed	vinardo: ATOM     28  C   UNL     1      -2.802   1.482  -3.138  1.00  0.00    +0.208 CG0			vinardo	kcal/mol (empirical score, not a measured free energy)	15.819	51.453	39.245	25.0	8	genconf	/home/qasim/vgb_bench_data/prepared/receptors/posebusters/7RWS_4UR/receptor.pdbqt	0.08		5			2026-09-23T03:16:51+08:00
arm	A2_genconf_refbox	vinardo	posebusters	7RZL_NPO	20260922	ok		5	-6.0	vinardo	kcal/mol (empirical score, not a measured free energy)	30.851	5.606	61.434	25.0	8	genconf	/home/qasim/vgb_bench_data/prepared/receptors/posebusters/7RZL_NPO/receptor.pdbqt	5.21	181.7	5	/home/qasim/vgb_bench_data/poses/A2_genconf_refbox/vinardo/posebusters/7RZL_NPO.sdf.gz	1244	2026-09-23T03:16:51+08:00
arm	A2_genconf_refbox	vinardo	posebusters	7ROR_69X	20260922	ok		5	-14.7	vinardo	kcal/mol (empirical score, not a measured free energy)	9.441	-3.199	55.227	25.0	8	genconf	/home/qasim/vgb_bench_data/prepared/receptors/posebusters/7ROR_69X/receptor.pdbqt	140.95	182.2	5	/home/qasim/vgb_bench_data/poses/A2_genconf_refbox/vinardo/posebusters/7ROR_69X.sdf.gz	4064	2026-09-23T03:16:03+08:00
arm	A2_genconf_refbox	vinardo	posebusters	7SCW_GSP	20260922	ok		5	-12.1	vinardo	kcal/mol (empirical score, not a measured free energy)	28.942	22.258	-5.183	25.0	8	genconf	/home/qasim/vgb_bench_data/prepared/receptors/posebusters/7SCW_GSP/receptor.pdbqt	128.8	181.7	5	/home/qasim/vgb_bench_data/poses/A2_genconf_refbox/vinardo/posebusters/7SCW_GSP.sdf.gz	3330	2026-09-23T03:16:56+08:00
arm	A2_genconf_refbox	vinardo	posebusters	7SDD_4IP	20260922	ok		5	-7.7	vinardo	kcal/mol (empirical score, not a measured free energy)	11.2	-2.117	-7.191	25.0	8	genconf	/home/qasim/vgb_bench_data/prepared/receptors/posebusters/7SDD_4IP/receptor.pdbqt	71.45	182.2	5	/home/qasim/vgb_bench_data/poses/A2_genconf_refbox/vinardo/posebusters/7SDD_4IP.sdf.gz	3024	2026-09-23T03:18:24+08:00
arm	A2_genconf_refbox	vinardo	posebusters	7SFO_98L	20260922	ok		4	-11.1	vinardo	kcal/mol (empirical score, not a measured free energy)	3.212	4.022	-6.077	25.0	8	genconf	/home/qasim/vgb_bench_data/prepared/receptors/posebusters/7SFO_98L/receptor.pdbqt	37.0	181.7	5	/home/qasim/vgb_bench_data/poses/A2_genconf_refbox/vinardo/posebusters/7SFO_98L.sdf.gz	2249	2026-09-23T03:19:05+08:00
arm	A2_genconf_refbox	vinardo	posebusters	7SUC_COM	20260922	ok		5	-4.9	vinardo	kcal/mol (empirical score, not a measured free energy)	26.496	33.108	-6.205	25.0	8	genconf	/home/qasim/vgb_bench_data/prepared/receptors/posebusters/7SUC_COM/receptor.pdbqt	6.59	181.7	5	/home/qasim/vgb_bench_data/poses/A2_genconf_refbox/vinardo/posebusters/7SUC_COM.sdf.gz	1108	2026-09-23T03:19:42+08:00
arm	A2_genconf_refbox	vinardo	posebusters	7ROU_66I	20260922	ok		2	-13.9	vinardo	kcal/mol (empirical score, not a measured free energy)	62.242	17.754	44.64	25.0	8	genconf	/home/qasim/vgb_bench_data/prepared/receptors/posebusters/7ROU_66I/receptor.pdbqt	202.55	182.0	5	/home/qasim/vgb_bench_data/poses/A2_genconf_refbox/vinardo/posebusters/7ROU_66I.sdf.gz	2045	2026-09-23T03:16:31+08:00
arm	A2_genconf_refbox	vinardo	posebusters	7SZA_DUI	20260922	ok		5	-8.2	vinardo	kcal/mol (empirical score, not a measured free energy)	-56.499	-14.938	24.342	25.0	8	genconf	/home/qasim/vgb_bench_data/prepared/receptors/posebusters/7SZA_DUI/receptor.pdbqt	14.57	181.7	5	/home/qasim/vgb_bench_data/poses/A2_genconf_refbox/vinardo/posebusters/7SZA_DUI.sdf.gz	2236	2026-09-23T03:19:49+08:00
arm	A2_genconf_refbox	vinardo	posebusters	7SIU_9ID	20260922	ok		5	-10.9	vinardo	kcal/mol (empirical score, not a measured free energy)	-30.454	3.92	-20.946	25.0	8	genconf	/home/qasim/vgb_bench_data/prepared/receptors/posebusters/7SIU_9ID/receptor.pdbqt	65.7	182.2	5	/home/qasim/vgb_bench_data/poses/A2_genconf_refbox/vinardo/posebusters/7SIU_9ID.sdf.gz	3721	2026-09-23T03:19:35+08:00
arm	A2_genconf_refbox	vinardo	posebusters	7T1D_E7K	20260922	ok		5	-17.6	vinardo	kcal/mol (empirical score, not a measured free energy)	23.826	-8.017	20.99	25.0	8	genconf	/home/qasim/vgb_bench_data/prepared/receptors/posebusters/7T1D_E7K/receptor.pdbqt	56.14	181.7	5	/home/qasim/vgb_bench_data/poses/A2_genconf_refbox/vinardo/posebusters/7T1D_E7K.sdf.gz	4189	2026-09-23T03:20:03+08:00
arm	A2_genconf_refbox	vinardo	posebusters	7T0D_FPP	20260922	ok		2	-12.1	vinardo	kcal/mol (empirical score, not a measured free energy)	33.207	-31.624	-1.714	25.0	8	genconf	/home/qasim/vgb_bench_data/prepared/receptors/posebusters/7T0D_FPP/receptor.pdbqt	74.09	182.0	5	/home/qasim/vgb_bench_data/poses/A2_genconf_refbox/vinardo/posebusters/7T0D_FPP.sdf.gz	1703	2026-09-23T03:19:54+08:00
arm	A2_genconf_refbox	vinardo	posebusters	7T3E_SLB	20260922	ok		5	-7.7	vinardo	kcal/mol (empirical score, not a measured free energy)	15.356	-21.665	-23.257	25.0	8	genconf	/home/qasim/vgb_bench_data/prepared/receptors/posebusters/7T3E_SLB/receptor.pdbqt	29.54	182.2	5	/home/qasim/vgb_bench_data/poses/A2_genconf_refbox/vinardo/posebusters/7T3E_SLB.sdf.gz	2723	2026-09-23T03:20:41+08:00
arm	A2_genconf_refbox	vinardo	posebusters	7TBU_S3P	20260922	ok		5	-7.7	vinardo	kcal/mol (empirical score, not a measured free energy)	26.322	69.36	7.312	25.0	8	genconf	/home/qasim/vgb_bench_data/prepared/receptors/posebusters/7TBU_S3P/receptor.pdbqt	15.25	182.0	5	/home/qasim/vgb_bench_data/poses/A2_genconf_refbox/vinardo/posebusters/7TBU_S3P.sdf.gz	2049	2026-09-23T03:21:08+08:00
arm	A2_genconf_refbox	vinardo	posebusters	7TE8_P0T	20260922	ok		2	-12.8	vinardo	kcal/mol (empirical score, not a measured free energy)	-61.069	-56.962	35.599	25.0	8	genconf	/home/qasim/vgb_bench_data/prepared/receptors/posebusters/7TE8_P0T/receptor.pdbqt	40.11	182.2	5	/home/qasim/vgb_bench_data/poses/A2_genconf_refbox/vinardo/posebusters/7TE8_P0T.sdf.gz	1669	2026-09-23T03:21:10+08:00
arm	A2_genconf_refbox	vinardo	posebusters	7THI_PGA	20260922	ok		5	-6.3	vinardo	kcal/mol (empirical score, not a measured free energy)	37.848	35.762	114.861	25.0	8	genconf	/home/qasim/vgb_bench_data/prepared/receptors/posebusters/7THI_PGA/receptor.pdbqt	7.65	182.2	5	/home/qasim/vgb_bench_data/poses/A2_genconf_refbox/vinardo/posebusters/7THI_PGA.sdf.gz	1148	2026-09-23T03:21:50+08:00
arm	A2_genconf_refbox	vinardo	posebusters	7TM6_GPJ	20260922	ok		5	-6.8	vinardo	kcal/mol (empirical score, not a measured free energy)	-1.814	-0.483	-4.024	25.0	8	genconf	/home/qasim/vgb_bench_data/prepared/receptors/posebusters/7TM6_GPJ/receptor.pdbqt	11.08	182.2	5	/home/qasim/vgb_bench_data/poses/A2_genconf_refbox/vinardo/posebusters/7TM6_GPJ.sdf.gz	1440	2026-09-23T03:21:58+08:00
arm	A2_genconf_refbox	vinardo	posebusters	7TOM_5AD	20260922	ok		5	-7.2	vinardo	kcal/mol (empirical score, not a measured free energy)	19.107	56.024	30.738	25.0	8	genconf	/home/qasim/vgb_bench_data/prepared/receptors/posebusters/7TOM_5AD/receptor.pdbqt	18.85	182.2	5	/home/qasim/vgb_bench_data/poses/A2_genconf_refbox/vinardo/posebusters/7TOM_5AD.sdf.gz	2349	2026-09-23T03:22:09+08:00
arm	A2_genconf_refbox	vinardo	posebusters	7PT3_3KK	20260922	ok		5	-11.3	vinardo	kcal/mol (empirical score, not a measured free energy)	-26.2	-5.194	30.072	25.0	8	genconf	/home/qasim/vgb_bench_data/prepared/receptors/posebusters/7PT3_3KK/receptor.pdbqt	921.75	181.8	5	/home/qasim/vgb_bench_data/poses/A2_genconf_refbox/vinardo/posebusters/7PT3_3KK.sdf.gz	6539	2026-09-23T03:07:08+08:00
arm	A2_genconf_refbox	vinardo	posebusters	7PK0_BYC	20260922	ok		5	-8.4	vinardo	kcal/mol (empirical score, not a measured free energy)	-19.926	27.675	-18.748	25.0	8	genconf	/home/qasim/vgb_bench_data/prepared/receptors/posebusters/7PK0_BYC/receptor.pdbqt	1002.71	181.9	5	/home/qasim/vgb_bench_data/poses/A2_genconf_refbox/vinardo/posebusters/7PK0_BYC.sdf.gz	6510	2026-09-23T03:05:51+08:00
arm	A2_genconf_refbox	vinardo	posebusters	7TS6_KMI	20260922	ok		5	-9.3	vinardo	kcal/mol (empirical score, not a measured free energy)	-14.418	-1.031	-4.038	25.0	8	genconf	/home/qasim/vgb_bench_data/prepared/receptors/posebusters/7TS6_KMI/receptor.pdbqt	18.14	182.2	5	/home/qasim/vgb_bench_data/poses/A2_genconf_refbox/vinardo/posebusters/7TS6_KMI.sdf.gz	2395	2026-09-23T03:22:28+08:00
arm	A2_genconf_refbox	vinardo	posebusters	7TSF_H4B	20260922	ok		5	-6.9	vinardo	kcal/mol (empirical score, not a measured free energy)	7.112	2.973	34.75	25.0	8	genconf	/home/qasim/vgb_bench_data/prepared/receptors/posebusters/7TSF_H4B/receptor.pdbqt	21.18	181.9	5	/home/qasim/vgb_bench_data/poses/A2_genconf_refbox/vinardo/posebusters/7TSF_H4B.sdf.gz	2436	2026-09-23T03:22:30+08:00
arm	A2_genconf_refbox	vinardo	posebusters	7TXK_LW8	20260922	ok		5	-6.7	vinardo	kcal/mol (empirical score, not a measured free energy)	29.964	44.209	90.312	25.0	8	genconf	/home/qasim/vgb_bench_data/prepared/receptors/posebusters/7TXK_LW8/receptor.pdbqt	17.89	182.2	5	/home/qasim/vgb_bench_data/poses/A2_genconf_refbox/vinardo/posebusters/7TXK_LW8.sdf.gz	2256	2026-09-23T03:22:46+08:00
arm	A2_genconf_refbox	vinardo	posebusters	7U0U_FK5	20260922	failed	vinardo: ATOM     16  C   UNL     1      -2.675   3.773   0.499  1.00  0.00    -0.076 CG0			vinardo	kcal/mol (empirical score, not a measured free energy)	-31.598	-12.904	-24.921	25.0	8	genconf	/home/qasim/vgb_bench_data/prepared/receptors/posebusters/7U0U_FK5/receptor.pdbqt	0.09		5			2026-09-23T03:23:04+08:00
arm	A2_genconf_refbox	vinardo	posebusters	7TH4_FFO	20260922	ok		5	-8.2	vinardo	kcal/mol (empirical score, not a measured free energy)	26.15	10.001	10.003	25.0	8	genconf	/home/qasim/vgb_bench_data/prepared/receptors/posebusters/7TH4_FFO/receptor.pdbqt	125.89	182.0	5	/home/qasim/vgb_bench_data/poses/A2_genconf_refbox/vinardo/posebusters/7TH4_FFO.sdf.gz	3951	2026-09-23T03:21:23+08:00
arm	A2_genconf_refbox	vinardo	posebusters	7TUO_KL9	20260922	ok		4	-11.0	vinardo	kcal/mol (empirical score, not a measured free energy)	-0.488	24.023	-11.155	25.0	8	genconf	/home/qasim/vgb_bench_data/prepared/receptors/posebusters/7TUO_KL9/receptor.pdbqt	66.03	181.9	5	/home/qasim/vgb_bench_data/poses/A2_genconf_refbox/vinardo/posebusters/7TUO_KL9.sdf.gz	3381	2026-09-23T03:22:34+08:00
arm	A2_genconf_refbox	vinardo	posebusters	7UAW_MF6	20260922	failed	vinardo: ATOM     23  C   UNL     1      -1.958  -2.425  -0.825  1.00  0.00    +0.179 CG0			vinardo	kcal/mol (empirical score, not a measured free energy)	-20.611	7.637	-16.544	25.0	8	genconf	/home/qasim/vgb_bench_data/prepared/receptors/posebusters/7UAW_MF6/receptor.pdbqt	0.08		5			2026-09-23T03:23:40+08:00
arm	A2_genconf_refbox	vinardo	posebusters	7TYP_KUR	20260922	ok		2	-12.5	vinardo	kcal/mol (empirical score, not a measured free energy)	-33.626	8.911	21.193	25.0	8	genconf	/home/qasim/vgb_bench_data/prepared/receptors/posebusters/7TYP_KUR/receptor.pdbqt	73.98	181.9	5	/home/qasim/vgb_bench_data/poses/A2_genconf_refbox/vinardo/posebusters/7TYP_KUR.sdf.gz	2137	2026-09-23T03:22:51+08:00
arm	A2_genconf_refbox	vinardo	posebusters	7UJ5_DGL	20260922	ok		5	-7.3	vinardo	kcal/mol (empirical score, not a measured free energy)	-22.752	-18.276	-39.385	25.0	8	genconf	/home/qasim/vgb_bench_data/prepared/receptors/posebusters/7UJ5_DGL/receptor.pdbqt	12.1	181.9	5	/home/qasim/vgb_bench_data/poses/A2_genconf_refbox/vinardo/posebusters/7UJ5_DGL.sdf.gz	1497	2026-09-23T03:24:05+08:00
arm	A2_genconf_refbox	vinardo	posebusters	7TB0_UD1	20260922	ok		5	-10.4	vinardo	kcal/mol (empirical score, not a measured free energy)	27.557	-30.334	39.859	25.0	8	genconf	/home/qasim/vgb_bench_data/prepared/receptors/posebusters/7TB0_UD1/receptor.pdbqt	224.58	181.7	5	/home/qasim/vgb_bench_data/poses/A2_genconf_refbox/vinardo/posebusters/7TB0_UD1.sdf.gz	4616	2026-09-23T03:20:59+08:00
arm	A2_genconf_refbox	vinardo	posebusters	7UAS_MBU	20260922	ok		5	-11.0	vinardo	kcal/mol (empirical score, not a measured free energy)	5.3	-32.533	26.597	25.0	8	genconf	/home/qasim/vgb_bench_data/prepared/receptors/posebusters/7UAS_MBU/receptor.pdbqt	107.72	182.0	5	/home/qasim/vgb_bench_data/poses/A2_genconf_refbox/vinardo/posebusters/7UAS_MBU.sdf.gz	4911	2026-09-23T03:23:29+08:00
arm	A2_genconf_refbox	vinardo	posebusters	7UJF_R3V	20260922	ok		5	-6.4	vinardo	kcal/mol (empirical score, not a measured free energy)	-2.155	-15.182	-62.516	25.0	8	genconf	/home/qasim/vgb_bench_data/prepared/receptors/posebusters/7UJF_R3V/receptor.pdbqt	84.55	181.9	5	/home/qasim/vgb_bench_data/poses/A2_genconf_refbox/vinardo/posebusters/7UJF_R3V.sdf.gz	4525	2026-09-23T03:24:17+08:00
arm	A2_genconf_refbox	vinardo	posebusters	7UQ3_O2U	20260922	ok		5	-7.2	vinardo	kcal/mol (empirical score, not a measured free energy)	8.647	141.967	100.494	25.0	8	genconf	/home/qasim/vgb_bench_data/prepared/receptors/posebusters/7UQ3_O2U/receptor.pdbqt	9.64	181.9	5	/home/qasim/vgb_bench_data/poses/A2_genconf_refbox/vinardo/posebusters/7UQ3_O2U.sdf.gz	1526	2026-09-23T03:25:41+08:00
arm	A2_genconf_refbox	vinardo	posebusters	7USH_82V	20260922	ok		5	-7.4	vinardo	kcal/mol (empirical score, not a measured free energy)	18.426	-5.211	8.33	25.0	8	genconf	/home/qasim/vgb_bench_data/prepared/receptors/posebusters/7USH_82V/receptor.pdbqt	30.26	181.9	5	/home/qasim/vgb_bench_data/poses/A2_genconf_refbox/vinardo/posebusters/7USH_82V.sdf.gz	3067	2026-09-23T03:25:51+08:00
arm	A2_genconf_refbox	vinardo	posebusters	7ULC_56B	20260922	ok		5	-9.4	vinardo	kcal/mol (empirical score, not a measured free energy)	72.04	15.837	68.645	25.0	8	genconf	/home/qasim/vgb_bench_data/prepared/receptors/posebusters/7ULC_56B/receptor.pdbqt	123.91	181.7	5	/home/qasim/vgb_bench_data/poses/A2_genconf_refbox/vinardo/posebusters/7ULC_56B.sdf.gz	4051	2026-09-23T03:24:44+08:00
arm	A2_genconf_refbox	vinardo	posebusters	7UXS_OJC	20260922	failed	vinardo: ATOM     25  C   UNL     1      -3.813  -0.602  -1.522  1.00  0.00    +0.179 CG0			vinardo	kcal/mol (empirical score, not a measured free energy)	-13.912	31.725	-13.901	25.0	8	genconf	/home/qasim/vgb_bench_data/prepared/receptors/posebusters/7UXS_OJC/receptor.pdbqt	0.1		5			2026-09-23T03:26:48+08:00
arm	A2_genconf_refbox	vinardo	posebusters	7UY4_SMI	20260922	ok		5	-5.6	vinardo	kcal/mol (empirical score, not a measured free energy)	-1.479	-29.473	17.504	25.0	8	genconf	/home/qasim/vgb_bench_data/prepared/receptors/posebusters/7UY4_SMI/receptor.pdbqt	17.64	181.7	5	/home/qasim/vgb_bench_data/poses/A2_genconf_refbox/vinardo/posebusters/7UY4_SMI.sdf.gz	3604	2026-09-23T03:26:48+08:00
arm	A2_genconf_refbox	vinardo	posebusters	7U3J_L6U	20260922	ok		5	-7.7	vinardo	kcal/mol (empirical score, not a measured free energy)	13.364	6.371	-6.012	25.0	8	genconf	/home/qasim/vgb_bench_data/prepared/receptors/posebusters/7U3J_L6U/receptor.pdbqt	245.83	182.2	5	/home/qasim/vgb_bench_data/poses/A2_genconf_refbox/vinardo/posebusters/7U3J_L6U.sdf.gz	4960	2026-09-23T03:23:04+08:00
arm	A2_genconf_refbox	vinardo	posebusters	7UJ4_OQ4	20260922	ok		5	-8.3	vinardo	kcal/mol (empirical score, not a measured free energy)	-20.319	-2.219	23.792	25.0	8	genconf	/home/qasim/vgb_bench_data/prepared/receptors/posebusters/7UJ4_OQ4/receptor.pdbqt	229.34	181.9	5	/home/qasim/vgb_bench_data/poses/A2_genconf_refbox/vinardo/posebusters/7UJ4_OQ4.sdf.gz	6346	2026-09-23T03:23:40+08:00
arm	A2_genconf_refbox	vinardo	posebusters	7V3N_AKG	20260922	ok		5	-5.5	vinardo	kcal/mol (empirical score, not a measured free energy)	129.158	82.335	-5.565	25.0	8	genconf	/home/qasim/vgb_bench_data/prepared/receptors/posebusters/7V3N_AKG/receptor.pdbqt	10.31	181.9	5	/home/qasim/vgb_bench_data/poses/A2_genconf_refbox/vinardo/posebusters/7V3N_AKG.sdf.gz	1299	2026-09-23T03:27:30+08:00
arm	A2_genconf_refbox	vinardo	posebusters	7UYB_OK0	20260922	ok		5	-9.3	vinardo	kcal/mol (empirical score, not a measured free energy)	-21.202	-12.85	-9.595	25.0	8	genconf	/home/qasim/vgb_bench_data/prepared/receptors/posebusters/7UYB_OK0/receptor.pdbqt	56.24	181.7	5	/home/qasim/vgb_bench_data/poses/A2_genconf_refbox/vinardo/posebusters/7UYB_OK0.sdf.gz	3465	2026-09-23T03:27:06+08:00
arm	A2_genconf_refbox	vinardo	posebusters	7V43_C4O	20260922	ok		5	-6.5	vinardo	kcal/mol (empirical score, not a measured free energy)	-41.595	24.817	-9.688	25.0	8	genconf	/home/qasim/vgb_bench_data/prepared/receptors/posebusters/7V43_C4O/receptor.pdbqt	4.0	181.7	5	/home/qasim/vgb_bench_data/poses/A2_genconf_refbox/vinardo/posebusters/7V43_C4O.sdf.gz	1228	2026-09-23T03:28:02+08:00
arm	A2_genconf_refbox	vinardo	posebusters	7VB8_STL	20260922	ok		5	-9.2	vinardo	kcal/mol (empirical score, not a measured free energy)	4.84	19.916	-31.314	25.0	8	genconf	/home/qasim/vgb_bench_data/prepared/receptors/posebusters/7VB8_STL/receptor.pdbqt	13.43	181.7	5	/home/qasim/vgb_bench_data/poses/A2_genconf_refbox/vinardo/posebusters/7VB8_STL.sdf.gz	2124	2026-09-23T03:28:06+08:00
arm	A2_genconf_refbox	vinardo	posebusters	7VBU_6I4	20260922	ok		5	-8.3	vinardo	kcal/mol (empirical score, not a measured free energy)	33.756	36.917	61.942	25.0	8	genconf	/home/qasim/vgb_bench_data/prepared/receptors/posebusters/7VBU_6I4/receptor.pdbqt	11.57	181.7	5	/home/qasim/vgb_bench_data/poses/A2_genconf_refbox/vinardo/posebusters/7VBU_6I4.sdf.gz	2315	2026-09-23T03:28:19+08:00
arm	A2_genconf_refbox	vinardo	posebusters	7V14_ORU	20260922	ok		3	-10.8	vinardo	kcal/mol (empirical score, not a measured free energy)	32.309	5.205	-4.403	25.0	8	genconf	/home/qasim/vgb_bench_data/prepared/receptors/posebusters/7V14_ORU/receptor.pdbqt	93.35	182.2	5	/home/qasim/vgb_bench_data/poses/A2_genconf_refbox/vinardo/posebusters/7V14_ORU.sdf.gz	2461	2026-09-23T03:27:10+08:00
arm	A2_genconf_refbox	vinardo	posebusters	7VKZ_NOJ	20260922	ok		5	-5.8	vinardo	kcal/mol (empirical score, not a measured free energy)	14.271	3.037	36.653	25.0	8	genconf	/home/qasim/vgb_bench_data/prepared/receptors/posebusters/7VKZ_NOJ/receptor.pdbqt	6.97	182.2	5	/home/qasim/vgb_bench_data/poses/A2_genconf_refbox/vinardo/posebusters/7VKZ_NOJ.sdf.gz	1829	2026-09-23T03:28:43+08:00
arm	A2_genconf_refbox	vinardo	posebusters	7VC5_9SF	20260922	ok		5	-7.9	vinardo	kcal/mol (empirical score, not a measured free energy)	15.639	-12.469	-2.828	25.0	8	genconf	/home/qasim/vgb_bench_data/prepared/receptors/posebusters/7VC5_9SF/receptor.pdbqt	34.43	181.7	5	/home/qasim/vgb_bench_data/poses/A2_genconf_refbox/vinardo/posebusters/7VC5_9SF.sdf.gz	2969	2026-09-23T03:28:31+08:00
arm	A2_genconf_refbox	vinardo	posebusters	7VQ9_ISY	20260922	ok		5	-6.9	vinardo	kcal/mol (empirical score, not a measured free energy)	27.569	-1.459	28.758	25.0	8	genconf	/home/qasim/vgb_bench_data/prepared/receptors/posebusters/7VQ9_ISY/receptor.pdbqt	19.37	182.2	5	/home/qasim/vgb_bench_data/poses/A2_genconf_refbox/vinardo/posebusters/7VQ9_ISY.sdf.gz	1957	2026-09-23T03:28:50+08:00
arm	A2_genconf_refbox	vinardo	posebusters	7V3S_5I9	20260922	ok		4	-14.5	vinardo	kcal/mol (empirical score, not a measured free energy)	-10.033	-16.781	28.968	25.0	8	genconf	/home/qasim/vgb_bench_data/prepared/receptors/posebusters/7V3S_5I9/receptor.pdbqt	116.74	181.9	5	/home/qasim/vgb_bench_data/poses/A2_genconf_refbox/vinardo/posebusters/7V3S_5I9.sdf.gz	3319	2026-09-23T03:27:40+08:00
arm	A2_genconf_refbox	vinardo	posebusters	7W05_GMP	20260922	ok		5	-6.8	vinardo	kcal/mol (empirical score, not a measured free energy)	0.652	6.158	-12.691	25.0	8	genconf	/home/qasim/vgb_bench_data/prepared/receptors/posebusters/7W05_GMP/receptor.pdbqt	19.79	181.9	5	/home/qasim/vgb_bench_data/poses/A2_genconf_refbox/vinardo/posebusters/7W05_GMP.sdf.gz	2470	2026-09-23T03:29:37+08:00
arm	A2_genconf_refbox	vinardo	posebusters	7W06_ITN	20260922	ok		5	-6.1	vinardo	kcal/mol (empirical score, not a measured free energy)	-20.048	17.083	28.165	25.0	8	genconf	/home/qasim/vgb_bench_data/prepared/receptors/posebusters/7W06_ITN/receptor.pdbqt	7.64	181.9	5	/home/qasim/vgb_bench_data/poses/A2_genconf_refbox/vinardo/posebusters/7W06_ITN.sdf.gz	1216	2026-09-23T03:29:56+08:00
arm	A2_genconf_refbox	vinardo	posebusters	7VYJ_CA0	20260922	ok		5	-9.7	vinardo	kcal/mol (empirical score, not a measured free energy)	56.726	-45.988	25.56	25.0	8	genconf	/home/qasim/vgb_bench_data/prepared/receptors/posebusters/7VYJ_CA0/receptor.pdbqt	66.96	182.2	5	/home/qasim/vgb_bench_data/poses/A2_genconf_refbox/vinardo/posebusters/7VYJ_CA0.sdf.gz	3000	2026-09-23T03:29:10+08:00
arm	A2_genconf_refbox	vinardo	posebusters	7WDT_NGS	20260922	ok		5	-6.2	vinardo	kcal/mol (empirical score, not a measured free energy)	23.468	-5.916	-4.431	25.0	8	genconf	/home/qasim/vgb_bench_data/prepared/receptors/posebusters/7WDT_NGS/receptor.pdbqt	26.92	182.2	5	/home/qasim/vgb_bench_data/poses/A2_genconf_refbox/vinardo/posebusters/7WDT_NGS.sdf.gz	2410	2026-09-23T03:30:17+08:00
arm	A2_genconf_refbox	vinardo	posebusters	7VWF_K55	20260922	ok		3	-13.8	vinardo	kcal/mol (empirical score, not a measured free energy)	15.469	2.622	37.807	25.0	8	genconf	/home/qasim/vgb_bench_data/prepared/receptors/posebusters/7VWF_K55/receptor.pdbqt	105.47	181.7	5	/home/qasim/vgb_bench_data/poses/A2_genconf_refbox/vinardo/posebusters/7VWF_K55.sdf.gz	2665	2026-09-23T03:29:05+08:00
arm	A2_genconf_refbox	vinardo	posebusters	7WJB_BGC	20260922	ok		5	-5.7	vinardo	kcal/mol (empirical score, not a measured free energy)	54.528	20.99	14.498	25.0	8	genconf	/home/qasim/vgb_bench_data/prepared/receptors/posebusters/7WJB_BGC/receptor.pdbqt	7.33	182.2	5	/home/qasim/vgb_bench_data/poses/A2_genconf_refbox/vinardo/posebusters/7WJB_BGC.sdf.gz	1860	2026-09-23T03:30:44+08:00
arm	A2_genconf_refbox	vinardo	posebusters	7WKL_CAQ	20260922	ok		5	-7.5	vinardo	kcal/mol (empirical score, not a measured free energy)	16.373	32.443	75.28	25.0	8	genconf	/home/qasim/vgb_bench_data/prepared/receptors/posebusters/7WKL_CAQ/receptor.pdbqt	4.0	181.7	5	/home/qasim/vgb_bench_data/poses/A2_genconf_refbox/vinardo/posebusters/7WKL_CAQ.sdf.gz	1097	2026-09-23T03:30:51+08:00
arm	A2_genconf_refbox	vinardo	posebusters	7UMW_NAD	20260922	ok		4	-14.3	vinardo	kcal/mol (empirical score, not a measured free energy)	-44.374	49.774	-24.662	25.0	8	genconf	/home/qasim/vgb_bench_data/prepared/receptors/posebusters/7UMW_NAD/receptor.pdbqt	377.1	182.0	5	/home/qasim/vgb_bench_data/poses/A2_genconf_refbox/vinardo/posebusters/7UMW_NAD.sdf.gz	4034	2026-09-23T03:25:17+08:00
arm	A2_genconf_refbox	vinardo	posebusters	7WPW_F15	20260922	ok		5	-7.6	vinardo	kcal/mol (empirical score, not a measured free energy)	6.814	-20.656	-2.696	25.0	8	genconf	/home/qasim/vgb_bench_data/prepared/receptors/posebusters/7WPW_F15/receptor.pdbqt	47.93	181.7	5	/home/qasim/vgb_bench_data/poses/A2_genconf_refbox/vinardo/posebusters/7WPW_F15.sdf.gz	3240	2026-09-23T03:30:55+08:00
arm	A2_genconf_refbox	vinardo	posebusters	7WCF_ACP	20260922	ok		5	-10.2	vinardo	kcal/mol (empirical score, not a measured free energy)	7.947	-20.95	-22.024	25.0	8	genconf	/home/qasim/vgb_bench_data/prepared/receptors/posebusters/7WCF_ACP/receptor.pdbqt	116.6	181.9	5	/home/qasim/vgb_bench_data/poses/A2_genconf_refbox/vinardo/posebusters/7WCF_ACP.sdf.gz	3443	2026-09-23T03:30:04+08:00
arm	A2_genconf_refbox	vinardo	posebusters	7WL4_JFU	20260922	ok		5	-8.9	vinardo	kcal/mol (empirical score, not a measured free energy)	4.345	11.129	32.356	25.0	8	genconf	/home/qasim/vgb_bench_data/prepared/receptors/posebusters/7WL4_JFU/receptor.pdbqt	72.49	182.2	5	/home/qasim/vgb_bench_data/poses/A2_genconf_refbox/vinardo/posebusters/7WL4_JFU.sdf.gz	3974	2026-09-23T03:30:51+08:00
arm	A2_genconf_refbox	vinardo	posebusters	7WY1_D0L	20260922	failed	vinardo: ATOM   4499  MO  MI9 A 501      15.615 -12.952 -11.459  1.00  0.00    +0.000 Mo			vinardo	kcal/mol (empirical score, not a measured free energy)	-1.318	-27.357	-69.396	25.0	8	genconf	/home/qasim/vgb_bench_data/prepared/receptors/posebusters/7WY1_D0L/receptor.pdbqt	0.01		5			2026-09-23T03:32:03+08:00
arm	A2_genconf_refbox	vinardo	posebusters	7WQQ_5Z6	20260922	ok		2	-14.8	vinardo	kcal/mol (empirical score, not a measured free energy)	29.086	-6.035	9.438	25.0	8	genconf	/home/qasim/vgb_bench_data/prepared/receptors/posebusters/7WQQ_5Z6/receptor.pdbqt	35.16	182.0	5	/home/qasim/vgb_bench_data/poses/A2_genconf_refbox/vinardo/posebusters/7WQQ_5Z6.sdf.gz	1764	2026-09-23T03:31:34+08:00
arm	A2_genconf_refbox	vinardo	posebusters	7WUX_6OI	20260922	ok		5	-5.7	vinardo	kcal/mol (empirical score, not a measured free energy)	23.855	17.924	-11.989	25.0	8	genconf	/home/qasim/vgb_bench_data/prepared/receptors/posebusters/7WUX_6OI/receptor.pdbqt	35.6	181.7	5	/home/qasim/vgb_bench_data/poses/A2_genconf_refbox/vinardo/posebusters/7WUX_6OI.sdf.gz	2372	2026-09-23T03:31:43+08:00
arm	A2_genconf_refbox	vinardo	posebusters	7UTW_NAI	20260922	ok		5	-10.6	vinardo	kcal/mol (empirical score, not a measured free energy)	29.672	-5.826	-35.805	25.0	8	genconf	/home/qasim/vgb_bench_data/prepared/receptors/posebusters/7UTW_NAI/receptor.pdbqt	373.15	181.9	5	/home/qasim/vgb_bench_data/poses/A2_genconf_refbox/vinardo/posebusters/7UTW_NAI.sdf.gz	5044	2026-09-23T03:26:21+08:00
arm	A2_genconf_refbox	vinardo	posebusters	7WUY_76N	20260922	ok		2	-8.3	vinardo	kcal/mol (empirical score, not a measured free energy)	13.92	149.408	25.881	25.0	8	genconf	/home/qasim/vgb_bench_data/prepared/receptors/posebusters/7WUY_76N/receptor.pdbqt	41.45	181.9	5	/home/qasim/vgb_bench_data/poses/A2_genconf_refbox/vinardo/posebusters/7WUY_76N.sdf.gz	1935	2026-09-23T03:32:01+08:00
arm	A2_genconf_refbox	vinardo	posebusters	7X9K_8OG	20260922	ok		5	-8.7	vinardo	kcal/mol (empirical score, not a measured free energy)	-5.768	0.518	25.789	25.0	8	genconf	/home/qasim/vgb_bench_data/prepared/receptors/posebusters/7X9K_8OG/receptor.pdbqt	44.87	182.0	5	/home/qasim/vgb_bench_data/poses/A2_genconf_refbox/vinardo/posebusters/7X9K_8OG.sdf.gz	2747	2026-09-23T03:32:09+08:00
arm	A2_genconf_refbox	vinardo	posebusters	7X5N_5M5	20260922	ok		2	-11.0	vinardo	kcal/mol (empirical score, not a measured free energy)	82.736	49.893	54.21	25.0	8	genconf	/home/qasim/vgb_bench_data/prepared/receptors/posebusters/7X5N_5M5/receptor.pdbqt	53.05	182.2	5	/home/qasim/vgb_bench_data/poses/A2_genconf_refbox/vinardo/posebusters/7X5N_5M5.sdf.gz	1699	2026-09-23T03:32:03+08:00
arm	A2_genconf_refbox	vinardo	posebusters	7XG5_PLP	20260922	ok		5	-7.8	vinardo	kcal/mol (empirical score, not a measured free energy)	-38.269	-27.936	17.528	25.0	8	genconf	/home/qasim/vgb_bench_data/prepared/receptors/posebusters/7XG5_PLP/receptor.pdbqt	17.58	181.9	5	/home/qasim/vgb_bench_data/poses/A2_genconf_refbox/vinardo/posebusters/7XG5_PLP.sdf.gz	1911	2026-09-23T03:32:42+08:00
arm	A2_genconf_refbox	vinardo	posebusters	7XJN_NSD	20260922	ok		5	-7.2	vinardo	kcal/mol (empirical score, not a measured free energy)	-1.907	7.289	32.912	25.0	8	genconf	/home/qasim/vgb_bench_data/prepared/receptors/posebusters/7XJN_NSD/receptor.pdbqt	14.33	182.2	5	/home/qasim/vgb_bench_data/poses/A2_genconf_refbox/vinardo/posebusters/7XJN_NSD.sdf.gz	1976	2026-09-23T03:32:56+08:00
arm	A2_genconf_refbox	vinardo	posebusters	7XI7_4RI	20260922	ok		5	-9.2	vinardo	kcal/mol (empirical score, not a measured free energy)	-2.823	-16.569	0.714	25.0	8	genconf	/home/qasim/vgb_bench_data/prepared/receptors/posebusters/7XI7_4RI/receptor.pdbqt	28.27	182.0	5	/home/qasim/vgb_bench_data/poses/A2_genconf_refbox/vinardo/posebusters/7XI7_4RI.sdf.gz	2919	2026-09-23T03:32:54+08:00
arm	A2_genconf_refbox	vinardo	posebusters	7XRL_FWK	20260922	ok		5	-7.1	vinardo	kcal/mol (empirical score, not a measured free energy)	10.961	-1.053	40.418	25.0	8	genconf	/home/qasim/vgb_bench_data/prepared/receptors/posebusters/7XRL_FWK/receptor.pdbqt	17.28	182.0	5	/home/qasim/vgb_bench_data/poses/A2_genconf_refbox/vinardo/posebusters/7XRL_FWK.sdf.gz	2481	2026-09-23T03:33:22+08:00
arm	A2_genconf_refbox	vinardo	posebusters	7YZU_DO7	20260922	ok		5	-6.4	vinardo	kcal/mol (empirical score, not a measured free energy)	11.013	-22.301	-18.805	25.0	8	genconf	/home/qasim/vgb_bench_data/prepared/receptors/posebusters/7YZU_DO7/receptor.pdbqt	15.65	182.0	5	/home/qasim/vgb_bench_data/poses/A2_genconf_refbox/vinardo/posebusters/7YZU_DO7.sdf.gz	2225	2026-09-23T03:33:40+08:00
arm	A2_genconf_refbox	vinardo	posebusters	7Z1Q_NIO	20260922	ok		5	-5.7	vinardo	kcal/mol (empirical score, not a measured free energy)	1.794	21.852	-2.991	25.0	8	genconf	/home/qasim/vgb_bench_data/prepared/receptors/posebusters/7Z1Q_NIO/receptor.pdbqt	5.11	182.0	5	/home/qasim/vgb_bench_data/poses/A2_genconf_refbox/vinardo/posebusters/7Z1Q_NIO.sdf.gz	1184	2026-09-23T03:33:55+08:00
arm	A2_genconf_refbox	vinardo	posebusters	7Z2O_IAJ	20260922	ok		4	-8.5	vinardo	kcal/mol (empirical score, not a measured free energy)	-7.692	15.225	11.23	25.0	8	genconf	/home/qasim/vgb_bench_data/prepared/receptors/posebusters/7Z2O_IAJ/receptor.pdbqt	8.02	182.0	5	/home/qasim/vgb_bench_data/poses/A2_genconf_refbox/vinardo/posebusters/7Z2O_IAJ.sdf.gz	1327	2026-09-23T03:34:00+08:00
arm	A2_genconf_refbox	vinardo	posebusters	7XBV_APC	20260922	ok		5	-9.6	vinardo	kcal/mol (empirical score, not a measured free energy)	-40.025	10.24	-1.215	25.0	8	genconf	/home/qasim/vgb_bench_data/prepared/receptors/posebusters/7XBV_APC/receptor.pdbqt	111.94	181.7	5	/home/qasim/vgb_bench_data/poses/A2_genconf_refbox/vinardo/posebusters/7XBV_APC.sdf.gz	3469	2026-09-23T03:32:18+08:00
arm	A2_genconf_refbox	vinardo	posebusters	7XQZ_FPF	20260922	ok		5	-12.3	vinardo	kcal/mol (empirical score, not a measured free energy)	-20.186	-1.457	-19.258	25.0	8	genconf	/home/qasim/vgb_bench_data/prepared/receptors/posebusters/7XQZ_FPF/receptor.pdbqt	60.23	182.2	5	/home/qasim/vgb_bench_data/poses/A2_genconf_refbox/vinardo/posebusters/7XQZ_FPF.sdf.gz	3574	2026-09-23T03:33:11+08:00
arm	A2_genconf_refbox	vinardo	posebusters	7ZDY_6MJ	20260922	ok		5	-5.7	vinardo	kcal/mol (empirical score, not a measured free energy)	26.593	-7.332	42.942	25.0	8	genconf	/home/qasim/vgb_bench_data/prepared/receptors/posebusters/7ZDY_6MJ/receptor.pdbqt	6.35	182.2	5	/home/qasim/vgb_bench_data/poses/A2_genconf_refbox/vinardo/posebusters/7ZDY_6MJ.sdf.gz	1788	2026-09-23T03:34:11+08:00
arm	A2_genconf_refbox	vinardo	posebusters	7Z7F_IF3	20260922	ok		5	-6.8	vinardo	kcal/mol (empirical score, not a measured free energy)	16.356	28.165	4.068	25.0	8	genconf	/home/qasim/vgb_bench_data/prepared/receptors/posebusters/7Z7F_IF3/receptor.pdbqt	9.38	182.0	5	/home/qasim/vgb_bench_data/poses/A2_genconf_refbox/vinardo/posebusters/7Z7F_IF3.sdf.gz	1957	2026-09-23T03:34:08+08:00
arm	A2_genconf_refbox	vinardo	posebusters	7ZHP_IQY	20260922	failed	vinardo: ATOM     26  C   UNL     1      -5.400  -0.268  -0.963  1.00  0.00    +0.040 CG0			vinardo	kcal/mol (empirical score, not a measured free energy)	69.363	38.168	1.343	25.0	8	genconf	/home/qasim/vgb_bench_data/prepared/receptors/posebusters/7ZHP_IQY/receptor.pdbqt	0.09		5			2026-09-23T03:34:18+08:00
arm	A2_genconf_refbox	vinardo	posebusters	7ZCC_OGA	20260922	ok		5	-5.3	vinardo	kcal/mol (empirical score, not a measured free energy)	38.538	16.497	59.474	25.0	8	genconf	/home/qasim/vgb_bench_data/prepared/receptors/posebusters/7ZCC_OGA/receptor.pdbqt	8.65	181.8	5	/home/qasim/vgb_bench_data/poses/A2_genconf_refbox/vinardo/posebusters/7ZCC_OGA.sdf.gz	1252	2026-09-23T03:34:10+08:00
arm	A2_genconf_refbox	vinardo	posebusters	7ZF0_DHR	20260922	ok		5	-5.9	vinardo	kcal/mol (empirical score, not a measured free energy)	33.197	58.132	48.074	25.0	8	genconf	/home/qasim/vgb_bench_data/prepared/receptors/posebusters/7ZF0_DHR/receptor.pdbqt	6.4	182.2	5	/home/qasim/vgb_bench_data/poses/A2_genconf_refbox/vinardo/posebusters/7ZF0_DHR.sdf.gz	1431	2026-09-23T03:34:17+08:00
arm	A2_genconf_refbox	vinardo	posebusters	7ZOC_T8E	20260922	ok		5	-7.5	vinardo	kcal/mol (empirical score, not a measured free energy)	16.218	10.527	35.456	25.0	8	genconf	/home/qasim/vgb_bench_data/prepared/receptors/posebusters/7ZOC_T8E/receptor.pdbqt	11.84	181.8	5	/home/qasim/vgb_bench_data/poses/A2_genconf_refbox/vinardo/posebusters/7ZOC_T8E.sdf.gz	2100	2026-09-23T03:34:19+08:00
arm	A2_genconf_refbox	vinardo	posebusters	7ZTL_BCN	20260922	ok		5	-4.7	vinardo	kcal/mol (empirical score, not a measured free energy)	-37.103	26.471	5.402	25.0	8	genconf	/home/qasim/vgb_bench_data/prepared/receptors/posebusters/7ZTL_BCN/receptor.pdbqt	14.39	182.2	5	/home/qasim/vgb_bench_data/poses/A2_genconf_refbox/vinardo/posebusters/7ZTL_BCN.sdf.gz	1871	2026-09-23T03:34:24+08:00
arm	A2_genconf_refbox	vinardo	posebusters	7XFA_D9J	20260922	ok		5	-7.4	vinardo	kcal/mol (empirical score, not a measured free energy)	-18.287	-8.82	1.387	25.0	8	genconf	/home/qasim/vgb_bench_data/prepared/receptors/posebusters/7XFA_D9J/receptor.pdbqt	125.51	181.9	5	/home/qasim/vgb_bench_data/poses/A2_genconf_refbox/vinardo/posebusters/7XFA_D9J.sdf.gz	4204	2026-09-23T03:32:35+08:00
arm	A2_genconf_refbox	vinardo	posebusters	7ZU2_DHT	20260922	ok		1	-9.6	vinardo	kcal/mol (empirical score, not a measured free energy)	-27.276	2.137	-4.783	25.0	8	genconf	/home/qasim/vgb_bench_data/prepared/receptors/posebusters/7ZU2_DHT/receptor.pdbqt	11.61	181.8	5	/home/qasim/vgb_bench_data/poses/A2_genconf_refbox/vinardo/posebusters/7ZU2_DHT.sdf.gz	1018	2026-09-23T03:34:31+08:00
arm	A2_genconf_refbox	vinardo	posebusters	7ZL5_IWE	20260922	ok		5	-7.4	vinardo	kcal/mol (empirical score, not a measured free energy)	-17.961	35.94	43.787	25.0	8	genconf	/home/qasim/vgb_bench_data/prepared/receptors/posebusters/7ZL5_IWE/receptor.pdbqt	37.08	182.0	5	/home/qasim/vgb_bench_data/poses/A2_genconf_refbox/vinardo/posebusters/7ZL5_IWE.sdf.gz	2508	2026-09-23T03:34:18+08:00
arm	A2_genconf_refbox	vinardo	posebusters	7XPO_UPG	20260922	ok		5	-8.8	vinardo	kcal/mol (empirical score, not a measured free energy)	-19.299	-22.088	-25.646	25.0	8	genconf	/home/qasim/vgb_bench_data/prepared/receptors/posebusters/7XPO_UPG/receptor.pdbqt	126.38	181.9	5	/home/qasim/vgb_bench_data/poses/A2_genconf_refbox/vinardo/posebusters/7XPO_UPG.sdf.gz	4035	2026-09-23T03:33:00+08:00
arm	A2_genconf_refbox	vinardo	posebusters	8A1H_DLZ	20260922	ok		4	-9.8	vinardo	kcal/mol (empirical score, not a measured free energy)	-66.737	39.624	-6.751	25.0	8	genconf	/home/qasim/vgb_bench_data/prepared/receptors/posebusters/8A1H_DLZ/receptor.pdbqt	31.44	181.8	5	/home/qasim/vgb_bench_data/poses/A2_genconf_refbox/vinardo/posebusters/8A1H_DLZ.sdf.gz	2433	2026-09-23T03:34:42+08:00
arm	A2_genconf_refbox	vinardo	posebusters	8AEM_LVF	20260922	ok		5	-6.8	vinardo	kcal/mol (empirical score, not a measured free energy)	-107.937	-176.661	311.558	25.0	8	genconf	/home/qasim/vgb_bench_data/prepared/receptors/posebusters/8AEM_LVF/receptor.pdbqt	9.04	181.8	5	/home/qasim/vgb_bench_data/poses/A2_genconf_refbox/vinardo/posebusters/8AEM_LVF.sdf.gz	1574	2026-09-23T03:35:14+08:00
arm	A2_genconf_refbox	vinardo	posebusters	7ZZW_KKW	20260922	ok		5	-8.0	vinardo	kcal/mol (empirical score, not a measured free energy)	23.169	-18.513	0.456	25.0	8	genconf	/home/qasim/vgb_bench_data/prepared/receptors/posebusters/7ZZW_KKW/receptor.pdbqt	51.62	181.9	5	/home/qasim/vgb_bench_data/poses/A2_genconf_refbox/vinardo/posebusters/7ZZW_KKW.sdf.gz	3710	2026-09-23T03:34:40+08:00
arm	A2_genconf_refbox	vinardo	posebusters	8AAU_LH0	20260922	ok		5	-7.6	vinardo	kcal/mol (empirical score, not a measured free energy)	-13.944	43.31	-13.776	25.0	8	genconf	/home/qasim/vgb_bench_data/prepared/receptors/posebusters/8AAU_LH0/receptor.pdbqt	47.47	181.9	5	/home/qasim/vgb_bench_data/poses/A2_genconf_refbox/vinardo/posebusters/8AAU_LH0.sdf.gz	2879	2026-09-23T03:35:06+08:00
arm	A2_genconf_refbox	vinardo	posebusters	8AP0_PRP	20260922	ok		5	-9.1	vinardo	kcal/mol (empirical score, not a measured free energy)	9.191	20.001	9.165	25.0	8	genconf	/home/qasim/vgb_bench_data/prepared/receptors/posebusters/8AP0_PRP/receptor.pdbqt	38.04	181.9	5	/home/qasim/vgb_bench_data/poses/A2_genconf_refbox/vinardo/posebusters/8AP0_PRP.sdf.gz	2481	2026-09-23T03:35:32+08:00
arm	A2_genconf_refbox	vinardo	posebusters	8AIE_M7L	20260922	ok		5	-10.7	vinardo	kcal/mol (empirical score, not a measured free energy)	18.514	3.915	24.64	25.0	8	genconf	/home/qasim/vgb_bench_data/prepared/receptors/posebusters/8AIE_M7L/receptor.pdbqt	56.88	181.8	5	/home/qasim/vgb_bench_data/poses/A2_genconf_refbox/vinardo/posebusters/8AIE_M7L.sdf.gz	2742	2026-09-23T03:35:23+08:00
arm	A2_genconf_refbox	vinardo	posebusters	8AUH_L9I	20260922	ok		5	-5.1	vinardo	kcal/mol (empirical score, not a measured free energy)	18.94	16.628	-26.842	25.0	8	genconf	/home/qasim/vgb_bench_data/prepared/receptors/posebusters/8AUH_L9I/receptor.pdbqt	10.64	181.9	5	/home/qasim/vgb_bench_data/poses/A2_genconf_refbox/vinardo/posebusters/8AUH_L9I.sdf.gz	1507	2026-09-23T03:36:10+08:00
arm	A2_genconf_refbox	vinardo	posebusters	7ZXV_45D	20260922	ok		4	-13.1	vinardo	kcal/mol (empirical score, not a measured free energy)	20.661	11.418	-12.666	25.0	8	genconf	/home/qasim/vgb_bench_data/prepared/receptors/posebusters/7ZXV_45D/receptor.pdbqt	111.85	182.2	5	/home/qasim/vgb_bench_data/poses/A2_genconf_refbox/vinardo/posebusters/7ZXV_45D.sdf.gz	5197	2026-09-23T03:34:38+08:00
arm	A2_genconf_refbox	vinardo	posebusters	8AQL_PLG	20260922	ok		5	-8.4	vinardo	kcal/mol (empirical score, not a measured free energy)	2.587	52.9	8.301	25.0	8	genconf	/home/qasim/vgb_bench_data/prepared/receptors/posebusters/8AQL_PLG/receptor.pdbqt	40.46	181.9	5	/home/qasim/vgb_bench_data/poses/A2_genconf_refbox/vinardo/posebusters/8AQL_PLG.sdf.gz	2533	2026-09-23T03:35:54+08:00
arm	A2_genconf_refbox	vinardo	posebusters	8BTI_RFO	20260922	ok		5	-8.7	vinardo	kcal/mol (empirical score, not a measured free energy)	26.699	66.952	72.222	25.0	8	genconf	/home/qasim/vgb_bench_data/prepared/receptors/posebusters/8BTI_RFO/receptor.pdbqt	11.7	181.9	5	/home/qasim/vgb_bench_data/poses/A2_genconf_refbox/vinardo/posebusters/8BTI_RFO.sdf.gz	1867	2026-09-23T03:36:34+08:00
arm	A2_genconf_refbox	vinardo	posebusters	8B8H_OJQ	20260922	ok		5	-11.4	vinardo	kcal/mol (empirical score, not a measured free energy)	26.702	-3.123	2.184	25.0	8	genconf	/home/qasim/vgb_bench_data/prepared/receptors/posebusters/8B8H_OJQ/receptor.pdbqt	36.65	181.9	5	/home/qasim/vgb_bench_data/poses/A2_genconf_refbox/vinardo/posebusters/8B8H_OJQ.sdf.gz	2605	2026-09-23T03:36:20+08:00
arm	A2_genconf_refbox	vinardo	posebusters	8AY3_OE3	20260922	ok		5	-8.8	vinardo	kcal/mol (empirical score, not a measured free energy)	1.17	5.839	32.017	25.0	8	genconf	/home/qasim/vgb_bench_data/prepared/receptors/posebusters/8AY3_OE3/receptor.pdbqt	51.0	181.8	5	/home/qasim/vgb_bench_data/poses/A2_genconf_refbox/vinardo/posebusters/8AY3_OE3.sdf.gz	3125	2026-09-23T03:36:20+08:00
arm	A2_genconf_refbox	vinardo	posebusters	8C5M_MTA	20260922	ok		5	-6.4	vinardo	kcal/mol (empirical score, not a measured free energy)	82.631	-13.215	3.097	25.0	8	genconf	/home/qasim/vgb_bench_data/prepared/receptors/posebusters/8C5M_MTA/receptor.pdbqt	23.87	181.9	5	/home/qasim/vgb_bench_data/poses/A2_genconf_refbox/vinardo/posebusters/8C5M_MTA.sdf.gz	2594	2026-09-23T03:36:57+08:00
arm	A2_genconf_refbox	vinardo	posebusters	8CNH_V6U	20260922	ok		5	-12.4	vinardo	kcal/mol (empirical score, not a measured free energy)	-29.023	1.902	1.06	25.0	8	genconf	/home/qasim/vgb_bench_data/prepared/receptors/posebusters/8CNH_V6U/receptor.pdbqt	38.43	181.8	5	/home/qasim/vgb_bench_data/poses/A2_genconf_refbox/vinardo/posebusters/8CNH_V6U.sdf.gz	2791	2026-09-23T03:37:11+08:00
arm	A2_genconf_refbox	vinardo	posebusters	8C3N_ADP	20260922	ok		5	-8.2	vinardo	kcal/mol (empirical score, not a measured free energy)	21.934	-37.212	-53.432	25.0	8	genconf	/home/qasim/vgb_bench_data/prepared/receptors/posebusters/8C3N_ADP/receptor.pdbqt	64.96	181.9	5	/home/qasim/vgb_bench_data/poses/A2_genconf_refbox/vinardo/posebusters/8C3N_ADP.sdf.gz	2998	2026-09-23T03:36:46+08:00
arm	A2_genconf_refbox	vinardo	posebusters	8CSD_C5P	20260922	ok		5	-8.3	vinardo	kcal/mol (empirical score, not a measured free energy)	14.939	73.458	34.172	25.0	8	genconf	/home/qasim/vgb_bench_data/prepared/receptors/posebusters/8CSD_C5P/receptor.pdbqt	33.81	181.9	5	/home/qasim/vgb_bench_data/poses/A2_genconf_refbox/vinardo/posebusters/8CSD_C5P.sdf.gz	2685	2026-09-23T03:37:21+08:00
arm	A2_genconf_refbox	vinardo	posebusters	8BOM_QU6	20260922	ok		5	-11.4	vinardo	kcal/mol (empirical score, not a measured free energy)	-83.032	-19.057	87.192	25.0	8	genconf	/home/qasim/vgb_bench_data/prepared/receptors/posebusters/8BOM_QU6/receptor.pdbqt	95.87	182.2	5	/home/qasim/vgb_bench_data/poses/A2_genconf_refbox/vinardo/posebusters/8BOM_QU6.sdf.gz	3999	2026-09-23T03:36:30+08:00
arm	A2_genconf_refbox	vinardo	posebusters	8D39_QDB	20260922	ok		2	-11.1	vinardo	kcal/mol (empirical score, not a measured free energy)	3.57	1.706	19.707	25.0	8	genconf	/home/qasim/vgb_bench_data/prepared/receptors/posebusters/8D39_QDB/receptor.pdbqt	17.4	181.9	5	/home/qasim/vgb_bench_data/poses/A2_genconf_refbox/vinardo/posebusters/8D39_QDB.sdf.gz	973	2026-09-23T03:37:51+08:00
arm	A2_genconf_refbox	vinardo	posebusters	8DKO_TFB	20260922	ok		5	-5.5	vinardo	kcal/mol (empirical score, not a measured free energy)	15.237	15.8	47.142	25.0	8	genconf	/home/qasim/vgb_bench_data/prepared/receptors/posebusters/8DKO_TFB/receptor.pdbqt	6.04	181.9	5	/home/qasim/vgb_bench_data/poses/A2_genconf_refbox/vinardo/posebusters/8DKO_TFB.sdf.gz	1306	2026-09-23T03:38:08+08:00
arm	A2_genconf_refbox	vinardo	posebusters	8A2D_KXY	20260922	ok		4	-14.6	vinardo	kcal/mol (empirical score, not a measured free energy)	-2.672	-10.605	21.108	25.0	8	genconf	/home/qasim/vgb_bench_data/prepared/receptors/posebusters/8A2D_KXY/receptor.pdbqt	218.39	182.0	5	/home/qasim/vgb_bench_data/poses/A2_genconf_refbox/vinardo/posebusters/8A2D_KXY.sdf.gz	4825	2026-09-23T03:34:55+08:00
arm	A2_genconf_refbox	vinardo	posebusters	8D19_GSH	20260922	ok		5	-5.6	vinardo	kcal/mol (empirical score, not a measured free energy)	24.48	30.593	31.033	25.0	8	genconf	/home/qasim/vgb_bench_data/prepared/receptors/posebusters/8D19_GSH/receptor.pdbqt	50.16	181.8	5	/home/qasim/vgb_bench_data/poses/A2_genconf_refbox/vinardo/posebusters/8D19_GSH.sdf.gz	2698	2026-09-23T03:37:49+08:00
arm	A2_genconf_refbox	vinardo	posebusters	8DSC_NCA	20260922	ok		5	-6.6	vinardo	kcal/mol (empirical score, not a measured free energy)	14.938	9.381	6.125	25.0	8	genconf	/home/qasim/vgb_bench_data/prepared/receptors/posebusters/8DSC_NCA/receptor.pdbqt	6.47	182.0	5	/home/qasim/vgb_bench_data/poses/A2_genconf_refbox/vinardo/posebusters/8DSC_NCA.sdf.gz	1179	2026-09-23T03:38:33+08:00
arm	A2_genconf_refbox	vinardo	posebusters	8EX2_Q2Q	20260922	ok		5	-8.7	vinardo	kcal/mol (empirical score, not a measured free energy)	19.75	13.164	22.389	25.0	8	genconf	/home/qasim/vgb_bench_data/prepared/receptors/posebusters/8EX2_Q2Q/receptor.pdbqt	27.74	182.0	5	/home/qasim/vgb_bench_data/poses/A2_genconf_refbox/vinardo/posebusters/8EX2_Q2Q.sdf.gz	2693	2026-09-23T03:38:40+08:00
arm	A2_genconf_refbox	vinardo	posebusters	8EXL_799	20260922	failed	vinardo: ATOM     21  C   UNL     1      -2.202   1.992  -2.475  1.00  0.00    +0.165 CG0			vinardo	kcal/mol (empirical score, not a measured free energy)	-17.452	14.072	29.667	25.0	8	genconf	/home/qasim/vgb_bench_data/prepared/receptors/posebusters/8EXL_799/receptor.pdbqt	0.15		5			2026-09-23T03:39:08+08:00
arm	A2_genconf_refbox	vinardo	posebusters	8D5D_5DK	20260922	ok		5	-8.8	vinardo	kcal/mol (empirical score, not a measured free energy)	5.033	-9.295	35.445	25.0	8	genconf	/home/qasim/vgb_bench_data/prepared/receptors/posebusters/8D5D_5DK/receptor.pdbqt	86.14	181.9	5	/home/qasim/vgb_bench_data/poses/A2_genconf_refbox/vinardo/posebusters/8D5D_5DK.sdf.gz	3449	2026-09-23T03:37:55+08:00
arm	A2_genconf_refbox	vinardo	posebusters	8DHG_T78	20260922	ok		5	-6.8	vinardo	kcal/mol (empirical score, not a measured free energy)	26.946	-23.224	22.937	25.0	8	genconf	/home/qasim/vgb_bench_data/prepared/receptors/posebusters/8DHG_T78/receptor.pdbqt	114.29	182.2	5	/home/qasim/vgb_bench_data/poses/A2_genconf_refbox/vinardo/posebusters/8DHG_T78.sdf.gz	3777	2026-09-23T03:38:06+08:00
arm	A2_genconf_refbox	vinardo	posebusters	8EYE_X4I	20260922	ok		5	-12.9	vinardo	kcal/mol (empirical score, not a measured free energy)	13.922	9.867	15.047	25.0	8	genconf	/home/qasim/vgb_bench_data/prepared/receptors/posebusters/8EYE_X4I/receptor.pdbqt	75.32	182.0	5	/home/qasim/vgb_bench_data/poses/A2_genconf_refbox/vinardo/posebusters/8EYE_X4I.sdf.gz	3382	2026-09-23T03:39:08+08:00
arm	A2_genconf_refbox	vinardo	posebusters	8F8E_XJI	20260922	ok		5	-9.0	vinardo	kcal/mol (empirical score, not a measured free energy)	-22.262	-20.392	0.247	25.0	8	genconf	/home/qasim/vgb_bench_data/prepared/receptors/posebusters/8F8E_XJI/receptor.pdbqt	74.31	182.2	5	/home/qasim/vgb_bench_data/poses/A2_genconf_refbox/vinardo/posebusters/8F8E_XJI.sdf.gz	3116	2026-09-23T03:40:00+08:00
arm	A2_genconf_refbox	vinardo	posebusters	8FAV_4Y5	20260922	ok		2	-17.5	vinardo	kcal/mol (empirical score, not a measured free energy)	0.552	11.382	-7.237	25.0	8	genconf	/home/qasim/vgb_bench_data/prepared/receptors/posebusters/8FAV_4Y5/receptor.pdbqt	72.32	182.0	5	/home/qasim/vgb_bench_data/poses/A2_genconf_refbox/vinardo/posebusters/8FAV_4Y5.sdf.gz	1441	2026-09-23T03:40:23+08:00
arm	A2_genconf_refbox	vinardo	posebusters	8FO5_Y4U	20260922	ok		4	-9.6	vinardo	kcal/mol (empirical score, not a measured free energy)	23.115	-4.087	-23.329	25.0	8	genconf	/home/qasim/vgb_bench_data/prepared/receptors/posebusters/8FO5_Y4U/receptor.pdbqt	16.16	182.0	5	/home/qasim/vgb_bench_data/poses/A2_genconf_refbox/vinardo/posebusters/8FO5_Y4U.sdf.gz	1716	2026-09-23T03:41:35+08:00
arm	A2_genconf_refbox	vinardo	posebusters	8FLV_ZB9	20260922	ok		5	-9.0	vinardo	kcal/mol (empirical score, not a measured free energy)	-14.057	6.765	-14.701	25.0	8	genconf	/home/qasim/vgb_bench_data/prepared/receptors/posebusters/8FLV_ZB9/receptor.pdbqt	63.13	182.2	5	/home/qasim/vgb_bench_data/poses/A2_genconf_refbox/vinardo/posebusters/8FLV_ZB9.sdf.gz	3603	2026-09-23T03:41:14+08:00
arm	A2_genconf_refbox	vinardo	posebusters	8G6P_API	20260922	ok		5	-5.4	vinardo	kcal/mol (empirical score, not a measured free energy)	-30.746	7.33	-6.047	25.0	8	genconf	/home/qasim/vgb_bench_data/prepared/receptors/posebusters/8G6P_API/receptor.pdbqt	18.16	182.2	5	/home/qasim/vgb_bench_data/poses/A2_genconf_refbox/vinardo/posebusters/8G6P_API.sdf.gz	1992	2026-09-23T03:42:18+08:00
arm	A2_genconf_refbox	vinardo	posebusters	8G0V_YHT	20260922	ok		5	-9.7	vinardo	kcal/mol (empirical score, not a measured free energy)	-12.608	19.716	-31.583	25.0	8	genconf	/home/qasim/vgb_bench_data/prepared/receptors/posebusters/8G0V_YHT/receptor.pdbqt	53.45	182.0	5	/home/qasim/vgb_bench_data/poses/A2_genconf_refbox/vinardo/posebusters/8G0V_YHT.sdf.gz	3025	2026-09-23T03:41:51+08:00
arm	A2_genconf_refbox	vinardo	posebusters	8EAB_VN2	20260922	ok		3	-17.7	vinardo	kcal/mol (empirical score, not a measured free energy)	6.516	-17.182	19.775	25.0	8	genconf	/home/qasim/vgb_bench_data/prepared/receptors/posebusters/8EAB_VN2/receptor.pdbqt	261.87	181.8	5	/home/qasim/vgb_bench_data/poses/A2_genconf_refbox/vinardo/posebusters/8EAB_VN2.sdf.gz	3038	2026-09-23T03:38:39+08:00
arm	A2_genconf_refbox	vinardo	posebusters	8HO0_3ZI	20260922	ok		5	-11.0	vinardo	kcal/mol (empirical score, not a measured free energy)	3.885	30.468	-7.291	25.0	8	genconf	/home/qasim/vgb_bench_data/prepared/receptors/posebusters/8HO0_3ZI/receptor.pdbqt	18.95	181.8	5	/home/qasim/vgb_bench_data/poses/A2_genconf_refbox/vinardo/posebusters/8HO0_3ZI.sdf.gz	2759	2026-09-23T03:43:01+08:00
arm	A2_genconf_refbox	vinardo	posebusters	8HFN_XGC	20260922	ok		5	-8.4	vinardo	kcal/mol (empirical score, not a measured free energy)	69.801	-0.069	-1.758	25.0	8	genconf	/home/qasim/vgb_bench_data/prepared/receptors/posebusters/8HFN_XGC/receptor.pdbqt	45.76	182.0	5	/home/qasim/vgb_bench_data/poses/A2_genconf_refbox/vinardo/posebusters/8HFN_XGC.sdf.gz	2871	2026-09-23T03:42:45+08:00
arm	A2_genconf_refbox	vinardo	posebusters	8GFD_ZHR	20260922	ok		5	-8.0	vinardo	kcal/mol (empirical score, not a measured free energy)	-31.654	-62.844	-13.686	25.0	8	genconf	/home/qasim/vgb_bench_data/prepared/receptors/posebusters/8GFD_ZHR/receptor.pdbqt	57.56	182.2	5	/home/qasim/vgb_bench_data/poses/A2_genconf_refbox/vinardo/posebusters/8GFD_ZHR.sdf.gz	3577	2026-09-23T03:42:36+08:00
arm	A2_genconf_refbox	vinardo	posebusters	8SLG_G5A	20260922	ok		5	-11.2	vinardo	kcal/mol (empirical score, not a measured free energy)	-40.256	43.746	25.588	25.0	8	genconf	/home/qasim/vgb_bench_data/prepared/receptors/posebusters/8SLG_G5A/receptor.pdbqt	52.48	181.8	5	/home/qasim/vgb_bench_data/poses/A2_genconf_refbox/vinardo/posebusters/8SLG_G5A.sdf.gz	3128	2026-09-23T03:43:20+08:00
arm	A2_genconf_refbox	vinardo	posebusters	8DP2_UMA	20260922	ok		5	-7.6	vinardo	kcal/mol (empirical score, not a measured free energy)	59.71	-1.178	0.294	25.0	8	genconf	/home/qasim/vgb_bench_data/prepared/receptors/posebusters/8DP2_UMA/receptor.pdbqt	394.88	181.9	5	/home/qasim/vgb_bench_data/poses/A2_genconf_refbox/vinardo/posebusters/8DP2_UMA.sdf.gz	5663	2026-09-23T03:38:14+08:00
arm	A2_genconf_refbox	vinardo	posebusters	8F4J_PHO	20260922	ok		3	-25.3	vinardo	kcal/mol (empirical score, not a measured free energy)	-56.633	62.789	349.373	25.0	8	genconf	/home/qasim/vgb_bench_data/prepared/receptors/posebusters/8F4J_PHO/receptor.pdbqt	526.39	181.9	5	/home/qasim/vgb_bench_data/poses/A2_genconf_refbox/vinardo/posebusters/8F4J_PHO.sdf.gz	5849	2026-09-23T03:39:21+08:00
