run_kind	arm	method	dataset	key	seed	status	reason	n_poses	top_score	score_function	score_units	box_center_x	box_center_y	box_center_z	box_size	exhaustiveness	conformer_source	receptor	elapsed_s	peak_rss_mb	jobs	pose_archive	pose_archive_bytes	recorded
arm	A2_genconf_refbox	gnina	posebusters	5SAK_ZRY	20260922	ok		5	-9.48	gnina_cnn:rescore:crossdock_default2018	kcal/mol (empirical score, not a measured free energy)	25.471	5.162	58.03	25.0	8	genconf	/home/qasim/vgb_bench_data/prepared/receptors/posebusters/5SAK_ZRY/receptor.pdbqt	24.81	441.9	4	/home/qasim/vgb_bench_data/poses/A2_genconf_refbox/gnina/posebusters/5SAK_ZRY.sdf.gz	2250	2026-09-23T03:48:08+08:00
arm	A2_genconf_refbox	gnina	posebusters	5SB2_1K2	20260922	ok		5	-12.45	gnina_cnn:rescore:crossdock_default2018	kcal/mol (empirical score, not a measured free energy)	-22.44	0.413	-2.536	25.0	8	genconf	/home/qasim/vgb_bench_data/prepared/receptors/posebusters/5SB2_1K2/receptor.pdbqt	58.27	473.6	4	/home/qasim/vgb_bench_data/poses/A2_genconf_refbox/gnina/posebusters/5SB2_1K2.sdf.gz	3502	2026-09-23T03:48:08+08:00
arm	A2_genconf_refbox	gnina	posebusters	6M2B_EZO	20260922	ok		5	-10.49	gnina_cnn:rescore:crossdock_default2018	kcal/mol (empirical score, not a measured free energy)	27.402	-22.631	22.529	25.0	8	genconf	/home/qasim/vgb_bench_data/prepared/receptors/posebusters/6M2B_EZO/receptor.pdbqt	38.8	463.5	4	/home/qasim/vgb_bench_data/poses/A2_genconf_refbox/gnina/posebusters/6M2B_EZO.sdf.gz	2744	2026-09-23T03:48:33+08:00
arm	A2_genconf_refbox	gnina	posebusters	6T88_MWQ	20260922	ok		5	-6.04	gnina_cnn:rescore:crossdock_default2018	kcal/mol (empirical score, not a measured free energy)	-11.543	-53.215	-6.852	25.0	8	genconf	/home/qasim/vgb_bench_data/prepared/receptors/posebusters/6T88_MWQ/receptor.pdbqt	20.09	463.5	4	/home/qasim/vgb_bench_data/poses/A2_genconf_refbox/gnina/posebusters/6T88_MWQ.sdf.gz	1453	2026-09-23T03:49:12+08:00
arm	A2_genconf_refbox	gnina	posebusters	5SIS_JSM	20260922	ok		5	-8.13	gnina_cnn:rescore:crossdock_default2018	kcal/mol (empirical score, not a measured free energy)	32.257	108.568	58.361	25.0	8	genconf	/home/qasim/vgb_bench_data/prepared/receptors/posebusters/5SIS_JSM/receptor.pdbqt	85.02	461.9	4	/home/qasim/vgb_bench_data/poses/A2_genconf_refbox/gnina/posebusters/5SIS_JSM.sdf.gz	3997	2026-09-23T03:48:08+08:00
arm	A2_genconf_refbox	gnina	posebusters	5SD5_HWI	20260922	ok		5	-8.96	gnina_cnn:rescore:crossdock_default2018	kcal/mol (empirical score, not a measured free energy)	6.051	2.116	14.158	25.0	8	genconf	/home/qasim/vgb_bench_data/prepared/receptors/posebusters/5SD5_HWI/receptor.pdbqt	93.55	479.5	4	/home/qasim/vgb_bench_data/poses/A2_genconf_refbox/gnina/posebusters/5SD5_HWI.sdf.gz	3869	2026-09-23T03:48:08+08:00
arm	A2_genconf_refbox	gnina	posebusters	6TW7_NZB	20260922	ok		5	-9.89	gnina_cnn:rescore:crossdock_default2018	kcal/mol (empirical score, not a measured free energy)	3.995	49.111	60.156	25.0	8	genconf	/home/qasim/vgb_bench_data/prepared/receptors/posebusters/6TW7_NZB/receptor.pdbqt	54.86	461.9	4	/home/qasim/vgb_bench_data/poses/A2_genconf_refbox/gnina/posebusters/6TW7_NZB.sdf.gz	3656	2026-09-23T03:49:33+08:00
arm	A2_genconf_refbox	gnina	posebusters	6M73_FNR	20260922	ok		5	-14.07	gnina_cnn:rescore:crossdock_default2018	kcal/mol (empirical score, not a measured free energy)	26.928	10.49	37.842	25.0	8	genconf	/home/qasim/vgb_bench_data/prepared/receptors/posebusters/6M73_FNR/receptor.pdbqt	93.34	487.5	4	/home/qasim/vgb_bench_data/poses/A2_genconf_refbox/gnina/posebusters/6M73_FNR.sdf.gz	3663	2026-09-23T03:49:06+08:00
arm	A2_genconf_refbox	gnina	posebusters	6TW5_9M2	20260922	ok		5	-11.03	gnina_cnn:rescore:crossdock_default2018	kcal/mol (empirical score, not a measured free energy)	4.202	-10.518	89.123	25.0	8	genconf	/home/qasim/vgb_bench_data/prepared/receptors/posebusters/6TW5_9M2/receptor.pdbqt	71.65	463.5	4	/home/qasim/vgb_bench_data/poses/A2_genconf_refbox/gnina/posebusters/6TW5_9M2.sdf.gz	4029	2026-09-23T03:49:32+08:00
arm	A2_genconf_refbox	gnina	posebusters	6WTN_RXT	20260922	ok		5	-8.95	gnina_cnn:rescore:crossdock_default2018	kcal/mol (empirical score, not a measured free energy)	20.837	13.28	9.233	25.0	8	genconf	/home/qasim/vgb_bench_data/prepared/receptors/posebusters/6WTN_RXT/receptor.pdbqt	35.64	461.9	4	/home/qasim/vgb_bench_data/poses/A2_genconf_refbox/gnina/posebusters/6WTN_RXT.sdf.gz	2854	2026-09-23T03:50:28+08:00
arm	A2_genconf_refbox	gnina	posebusters	6XBO_5MC	20260922	ok		5	-8.98	gnina_cnn:rescore:crossdock_default2018	kcal/mol (empirical score, not a measured free energy)	17.328	-11.676	8.999	25.0	8	genconf	/home/qasim/vgb_bench_data/prepared/receptors/posebusters/6XBO_5MC/receptor.pdbqt	42.38	487.5	4	/home/qasim/vgb_bench_data/poses/A2_genconf_refbox/gnina/posebusters/6XBO_5MC.sdf.gz	2716	2026-09-23T03:50:40+08:00
arm	A2_genconf_refbox	gnina	posebusters	6XG5_TOP	20260922	ok		5	-7.86	gnina_cnn:rescore:crossdock_default2018	kcal/mol (empirical score, not a measured free energy)	-8.046	28.262	17.29	25.0	8	genconf	/home/qasim/vgb_bench_data/prepared/receptors/posebusters/6XG5_TOP/receptor.pdbqt	35.11	461.9	4	/home/qasim/vgb_bench_data/poses/A2_genconf_refbox/gnina/posebusters/6XG5_TOP.sdf.gz	2730	2026-09-23T03:51:04+08:00
arm	A2_genconf_refbox	gnina	posebusters	6XM9_V55	20260922	ok		5	-4.19	gnina_cnn:rescore:crossdock_default2018	kcal/mol (empirical score, not a measured free energy)	22.094	9.874	34.445	25.0	8	genconf	/home/qasim/vgb_bench_data/prepared/receptors/posebusters/6XM9_V55/receptor.pdbqt	13.64	461.9	4	/home/qasim/vgb_bench_data/poses/A2_genconf_refbox/gnina/posebusters/6XM9_V55.sdf.gz	1519	2026-09-23T03:51:39+08:00
arm	A2_genconf_refbox	gnina	posebusters	6YJA_2BA	20260922	failed	gnina: ATOM     26  C   UNL     1      -1.389   2.322  -0.859  1.00  0.00    +0.208 CG0			gnina_cnn:rescore:crossdock_default2018	kcal/mol (empirical score, not a measured free energy)	1.763	3.417	15.135	25.0	8	genconf	/home/qasim/vgb_bench_data/prepared/receptors/posebusters/6YJA_2BA/receptor.pdbqt	0.68		4			2026-09-23T03:51:52+08:00
arm	A2_genconf_refbox	gnina	posebusters	6VTA_AKN	20260922	ok		5	-7.91	gnina_cnn:rescore:crossdock_default2018	kcal/mol (empirical score, not a measured free energy)	92.745	8.791	30.717	25.0	8	genconf	/home/qasim/vgb_bench_data/prepared/receptors/posebusters/6VTA_AKN/receptor.pdbqt	167.82	479.5	4	/home/qasim/vgb_bench_data/poses/A2_genconf_refbox/gnina/posebusters/6VTA_AKN.sdf.gz	5740	2026-09-23T03:49:42+08:00
arm	A2_genconf_refbox	gnina	posebusters	6YQV_8K2	20260922	ok		5	-4.99	gnina_cnn:rescore:crossdock_default2018	kcal/mol (empirical score, not a measured free energy)	12.188	-11.05	22.298	25.0	8	genconf	/home/qasim/vgb_bench_data/prepared/receptors/posebusters/6YQV_8K2/receptor.pdbqt	15.23	479.5	4	/home/qasim/vgb_bench_data/poses/A2_genconf_refbox/gnina/posebusters/6YQV_8K2.sdf.gz	1204	2026-09-23T03:52:29+08:00
arm	A2_genconf_refbox	gnina	posebusters	6XCT_478	20260922	ok		5	-8.79	gnina_cnn:rescore:crossdock_default2018	kcal/mol (empirical score, not a measured free energy)	12.718	15.878	-10.671	25.0	8	genconf	/home/qasim/vgb_bench_data/prepared/receptors/posebusters/6XCT_478/receptor.pdbqt	135.9	476.8	4	/home/qasim/vgb_bench_data/poses/A2_genconf_refbox/gnina/posebusters/6XCT_478.sdf.gz	4846	2026-09-23T03:50:43+08:00
arm	A2_genconf_refbox	gnina	posebusters	6YQW_82I	20260922	ok		5	-5.61	gnina_cnn:rescore:crossdock_default2018	kcal/mol (empirical score, not a measured free energy)	-0.156	13.573	11.303	25.0	8	genconf	/home/qasim/vgb_bench_data/prepared/receptors/posebusters/6YQW_82I/receptor.pdbqt	16.82	479.5	4	/home/qasim/vgb_bench_data/poses/A2_genconf_refbox/gnina/posebusters/6YQW_82I.sdf.gz	1499	2026-09-23T03:52:45+08:00
arm	A2_genconf_refbox	gnina	posebusters	6XHT_V2V	20260922	ok		5	-7.51	gnina_cnn:rescore:crossdock_default2018	kcal/mol (empirical score, not a measured free energy)	10.645	-7.429	107.503	25.0	8	genconf	/home/qasim/vgb_bench_data/prepared/receptors/posebusters/6XHT_V2V/receptor.pdbqt	144.18	487.5	4	/home/qasim/vgb_bench_data/poses/A2_genconf_refbox/gnina/posebusters/6XHT_V2V.sdf.gz	4121	2026-09-23T03:51:22+08:00
arm	A2_genconf_refbox	gnina	posebusters	6YRV_PJ8	20260922	ok		5	-7.71	gnina_cnn:rescore:crossdock_default2018	kcal/mol (empirical score, not a measured free energy)	23.416	52.629	20.556	25.0	8	genconf	/home/qasim/vgb_bench_data/prepared/receptors/posebusters/6YRV_PJ8/receptor.pdbqt	44.92	479.5	4	/home/qasim/vgb_bench_data/poses/A2_genconf_refbox/gnina/posebusters/6YRV_PJ8.sdf.gz	3682	2026-09-23T03:53:01+08:00
arm	A2_genconf_refbox	gnina	posebusters	6YMS_OZH	20260922	ok		5	-8.0	gnina_cnn:rescore:crossdock_default2018	kcal/mol (empirical score, not a measured free energy)	35.979	39.482	-4.885	25.0	8	genconf	/home/qasim/vgb_bench_data/prepared/receptors/posebusters/6YMS_OZH/receptor.pdbqt	138.91	463.6	4	/home/qasim/vgb_bench_data/poses/A2_genconf_refbox/gnina/posebusters/6YMS_OZH.sdf.gz	4684	2026-09-23T03:51:53+08:00
arm	A2_genconf_refbox	gnina	posebusters	6YSP_PAL	20260922	ok		5	-10.21	gnina_cnn:rescore:crossdock_default2018	kcal/mol (empirical score, not a measured free energy)	21.246	29.544	-33.519	25.0	8	genconf	/home/qasim/vgb_bench_data/prepared/receptors/posebusters/6YSP_PAL/receptor.pdbqt	31.72	487.5	4	/home/qasim/vgb_bench_data/poses/A2_genconf_refbox/gnina/posebusters/6YSP_PAL.sdf.gz	1908	2026-09-23T03:53:46+08:00
arm	A2_genconf_refbox	gnina	posebusters	6Z0R_Q4H	20260922	ok		5	-4.76	gnina_cnn:rescore:crossdock_default2018	kcal/mol (empirical score, not a measured free energy)	34.603	13.784	54.536	25.0	8	genconf	/home/qasim/vgb_bench_data/prepared/receptors/posebusters/6Z0R_Q4H/receptor.pdbqt	12.19	487.5	4	/home/qasim/vgb_bench_data/poses/A2_genconf_refbox/gnina/posebusters/6Z0R_Q4H.sdf.gz	1089	2026-09-23T03:54:18+08:00
arm	A2_genconf_refbox	gnina	posebusters	6YYO_Q1K	20260922	ok		5	-7.82	gnina_cnn:rescore:crossdock_default2018	kcal/mol (empirical score, not a measured free energy)	13.714	19.724	22.568	25.0	8	genconf	/home/qasim/vgb_bench_data/prepared/receptors/posebusters/6YYO_Q1K/receptor.pdbqt	24.87	463.6	4	/home/qasim/vgb_bench_data/poses/A2_genconf_refbox/gnina/posebusters/6YYO_Q1K.sdf.gz	2387	2026-09-23T03:54:12+08:00
arm	A2_genconf_refbox	gnina	posebusters	6YR2_T1C	20260922	ok		5	108.58	gnina_cnn:rescore:crossdock_default2018	kcal/mol (empirical score, not a measured free energy)	38.373	13.166	10.108	25.0	8	genconf	/home/qasim/vgb_bench_data/prepared/receptors/posebusters/6YR2_T1C/receptor.pdbqt	105.69	476.8	4	/home/qasim/vgb_bench_data/poses/A2_genconf_refbox/gnina/posebusters/6YR2_T1C.sdf.gz	5530	2026-09-23T03:52:59+08:00
arm	A2_genconf_refbox	gnina	posebusters	6Z14_Q4Z	20260922	ok		5	-7.25	gnina_cnn:rescore:crossdock_default2018	kcal/mol (empirical score, not a measured free energy)	16.59	9.659	11.149	25.0	8	genconf	/home/qasim/vgb_bench_data/prepared/receptors/posebusters/6Z14_Q4Z/receptor.pdbqt	30.02	487.5	4	/home/qasim/vgb_bench_data/poses/A2_genconf_refbox/gnina/posebusters/6Z14_Q4Z.sdf.gz	2255	2026-09-23T03:54:30+08:00
arm	A2_genconf_refbox	gnina	posebusters	6YT6_PKE	20260922	ok		5	-9.73	gnina_cnn:rescore:crossdock_default2018	kcal/mol (empirical score, not a measured free energy)	2.505	6.105	-21.643	25.0	8	genconf	/home/qasim/vgb_bench_data/prepared/receptors/posebusters/6YT6_PKE/receptor.pdbqt	88.16	479.5	4	/home/qasim/vgb_bench_data/poses/A2_genconf_refbox/gnina/posebusters/6YT6_PKE.sdf.gz	3593	2026-09-23T03:53:46+08:00
arm	A2_genconf_refbox	gnina	posebusters	6Z1C_7EY	20260922	ok		5	-8.36	gnina_cnn:rescore:crossdock_default2018	kcal/mol (empirical score, not a measured free energy)	8.293	-4.518	22.297	25.0	8	genconf	/home/qasim/vgb_bench_data/prepared/receptors/posebusters/6Z1C_7EY/receptor.pdbqt	45.87	463.6	4	/home/qasim/vgb_bench_data/poses/A2_genconf_refbox/gnina/posebusters/6Z1C_7EY.sdf.gz	2622	2026-09-23T03:54:37+08:00
arm	A2_genconf_refbox	gnina	posebusters	6Z4N_Q7B	20260922	ok		5	-8.44	gnina_cnn:rescore:crossdock_default2018	kcal/mol (empirical score, not a measured free energy)	22.93	12.537	64.95	25.0	8	genconf	/home/qasim/vgb_bench_data/prepared/receptors/posebusters/6Z4N_Q7B/receptor.pdbqt	36.79	487.5	4	/home/qasim/vgb_bench_data/poses/A2_genconf_refbox/gnina/posebusters/6Z4N_Q7B.sdf.gz	2793	2026-09-23T03:55:00+08:00
arm	A2_genconf_refbox	gnina	posebusters	6Z2C_Q5E	20260922	ok		5	-9.81	gnina_cnn:rescore:crossdock_default2018	kcal/mol (empirical score, not a measured free energy)	-19.672	5.854	-11.941	25.0	8	genconf	/home/qasim/vgb_bench_data/prepared/receptors/posebusters/6Z2C_Q5E/receptor.pdbqt	59.33	476.8	4	/home/qasim/vgb_bench_data/poses/A2_genconf_refbox/gnina/posebusters/6Z2C_Q5E.sdf.gz	2746	2026-09-23T03:54:45+08:00
arm	A2_genconf_refbox	gnina	posebusters	6ZC3_JOR	20260922	ok		5	-6.73	gnina_cnn:rescore:crossdock_default2018	kcal/mol (empirical score, not a measured free energy)	-20.217	35.187	4.882	25.0	8	genconf	/home/qasim/vgb_bench_data/prepared/receptors/posebusters/6ZC3_JOR/receptor.pdbqt	30.07	463.6	4	/home/qasim/vgb_bench_data/poses/A2_genconf_refbox/gnina/posebusters/6ZC3_JOR.sdf.gz	1742	2026-09-23T03:55:23+08:00
arm	A2_genconf_refbox	gnina	posebusters	6ZPB_3D1	20260922	ok		5	-8.26	gnina_cnn:rescore:crossdock_default2018	kcal/mol (empirical score, not a measured free energy)	-6.229	17.988	-9.18	25.0	8	genconf	/home/qasim/vgb_bench_data/prepared/receptors/posebusters/6ZPB_3D1/receptor.pdbqt	21.66	463.6	4	/home/qasim/vgb_bench_data/poses/A2_genconf_refbox/gnina/posebusters/6ZPB_3D1.sdf.gz	2296	2026-09-23T03:55:53+08:00
arm	A2_genconf_refbox	gnina	posebusters	6ZK5_IMH	20260922	ok		5	-9.37	gnina_cnn:rescore:crossdock_default2018	kcal/mol (empirical score, not a measured free energy)	-12.611	-9.651	-1.954	25.0	8	genconf	/home/qasim/vgb_bench_data/prepared/receptors/posebusters/6ZK5_IMH/receptor.pdbqt	38.46	476.8	4	/home/qasim/vgb_bench_data/poses/A2_genconf_refbox/gnina/posebusters/6ZK5_IMH.sdf.gz	2371	2026-09-23T03:55:44+08:00
arm	A2_genconf_refbox	gnina	posebusters	7A9E_R4W	20260922	ok		5	-2.62	gnina_cnn:rescore:crossdock_default2018	kcal/mol (empirical score, not a measured free energy)	20.65	32.141	-8.804	25.0	8	genconf	/home/qasim/vgb_bench_data/prepared/receptors/posebusters/7A9E_R4W/receptor.pdbqt	10.96	476.8	4	/home/qasim/vgb_bench_data/poses/A2_genconf_refbox/gnina/posebusters/7A9E_R4W.sdf.gz	1169	2026-09-23T03:56:23+08:00
arm	A2_genconf_refbox	gnina	posebusters	7A1P_QW2	20260922	ok		5	-6.45	gnina_cnn:rescore:crossdock_default2018	kcal/mol (empirical score, not a measured free energy)	19.825	-25.135	7.844	25.0	8	genconf	/home/qasim/vgb_bench_data/prepared/receptors/posebusters/7A1P_QW2/receptor.pdbqt	31.48	463.6	4	/home/qasim/vgb_bench_data/poses/A2_genconf_refbox/gnina/posebusters/7A1P_QW2.sdf.gz	1842	2026-09-23T03:56:14+08:00
arm	A2_genconf_refbox	gnina	posebusters	6ZAE_ACV	20260922	ok		5	-6.82	gnina_cnn:rescore:crossdock_default2018	kcal/mol (empirical score, not a measured free energy)	53.622	78.349	7.904	25.0	8	genconf	/home/qasim/vgb_bench_data/prepared/receptors/posebusters/6ZAE_ACV/receptor.pdbqt	95.79	479.5	4	/home/qasim/vgb_bench_data/poses/A2_genconf_refbox/gnina/posebusters/6ZAE_ACV.sdf.gz	3493	2026-09-23T03:55:14+08:00
arm	A2_genconf_refbox	gnina	posebusters	6ZCY_QF8	20260922	ok		5	-10.2	gnina_cnn:rescore:crossdock_default2018	kcal/mol (empirical score, not a measured free energy)	1.39	0.927	13.687	25.0	8	genconf	/home/qasim/vgb_bench_data/prepared/receptors/posebusters/6ZCY_QF8/receptor.pdbqt	90.64	487.5	4	/home/qasim/vgb_bench_data/poses/A2_genconf_refbox/gnina/posebusters/6ZCY_QF8.sdf.gz	4100	2026-09-23T03:55:37+08:00
arm	A2_genconf_refbox	gnina	posebusters	7AKL_RK5	20260922	ok		5	-10.4	gnina_cnn:rescore:crossdock_default2018	kcal/mol (empirical score, not a measured free energy)	42.977	5.463	13.376	25.0	8	genconf	/home/qasim/vgb_bench_data/prepared/receptors/posebusters/7AKL_RK5/receptor.pdbqt	23.41	479.5	4	/home/qasim/vgb_bench_data/poses/A2_genconf_refbox/gnina/posebusters/7AKL_RK5.sdf.gz	2279	2026-09-23T03:56:50+08:00
arm	A2_genconf_refbox	gnina	posebusters	7AFX_R9K	20260922	ok		5	-10.08	gnina_cnn:rescore:crossdock_default2018	kcal/mol (empirical score, not a measured free energy)	-24.307	0.768	61.87	25.0	8	genconf	/home/qasim/vgb_bench_data/prepared/receptors/posebusters/7AFX_R9K/receptor.pdbqt	33.52	463.6	4	/home/qasim/vgb_bench_data/poses/A2_genconf_refbox/gnina/posebusters/7AFX_R9K.sdf.gz	2375	2026-09-23T03:56:46+08:00
arm	A2_genconf_refbox	gnina	posebusters	7AN5_RDH	20260922	ok		5	-8.15	gnina_cnn:rescore:crossdock_default2018	kcal/mol (empirical score, not a measured free energy)	5.449	-18.646	26.998	25.0	8	genconf	/home/qasim/vgb_bench_data/prepared/receptors/posebusters/7AN5_RDH/receptor.pdbqt	32.8	487.5	4	/home/qasim/vgb_bench_data/poses/A2_genconf_refbox/gnina/posebusters/7AN5_RDH.sdf.gz	1710	2026-09-23T03:57:08+08:00
arm	A2_genconf_refbox	gnina	posebusters	7A9H_TPP	20260922	ok		5	-8.69	gnina_cnn:rescore:crossdock_default2018	kcal/mol (empirical score, not a measured free energy)	1.809	9.853	-18.95	25.0	8	genconf	/home/qasim/vgb_bench_data/prepared/receptors/posebusters/7A9H_TPP/receptor.pdbqt	80.44	476.8	4	/home/qasim/vgb_bench_data/poses/A2_genconf_refbox/gnina/posebusters/7A9H_TPP.sdf.gz	3134	2026-09-23T03:56:34+08:00
arm	A2_genconf_refbox	gnina	posebusters	7BCP_GCO	20260922	ok		5	-7.87	gnina_cnn:rescore:crossdock_default2018	kcal/mol (empirical score, not a measured free energy)	-20.363	4.632	-3.678	25.0	8	genconf	/home/qasim/vgb_bench_data/prepared/receptors/posebusters/7BCP_GCO/receptor.pdbqt	26.45	487.5	4	/home/qasim/vgb_bench_data/poses/A2_genconf_refbox/gnina/posebusters/7BCP_GCO.sdf.gz	1882	2026-09-23T03:57:40+08:00
arm	A2_genconf_refbox	gnina	posebusters	7BJJ_TVW	20260922	ok		5	-4.66	gnina_cnn:rescore:crossdock_default2018	kcal/mol (empirical score, not a measured free energy)	5.613	-3.024	19.029	25.0	8	genconf	/home/qasim/vgb_bench_data/prepared/receptors/posebusters/7BJJ_TVW/receptor.pdbqt	18.89	476.8	4	/home/qasim/vgb_bench_data/poses/A2_genconf_refbox/gnina/posebusters/7BJJ_TVW.sdf.gz	1200	2026-09-23T03:57:54+08:00
arm	A2_genconf_refbox	gnina	posebusters	7BKA_4JC	20260922	ok		5	17.64	gnina_cnn:rescore:crossdock_default2018	kcal/mol (empirical score, not a measured free energy)	18.965	52.713	12.854	25.0	8	genconf	/home/qasim/vgb_bench_data/prepared/receptors/posebusters/7BKA_4JC/receptor.pdbqt	19.53	487.5	4	/home/qasim/vgb_bench_data/poses/A2_genconf_refbox/gnina/posebusters/7BKA_4JC.sdf.gz	1739	2026-09-23T03:58:07+08:00
arm	A2_genconf_refbox	gnina	posebusters	7B2C_TP7	20260922	ok		5	-8.15	gnina_cnn:rescore:crossdock_default2018	kcal/mol (empirical score, not a measured free energy)	1.81	1.75	45.652	25.0	8	genconf	/home/qasim/vgb_bench_data/prepared/receptors/posebusters/7B2C_TP7/receptor.pdbqt	79.62	508.2	4	/home/qasim/vgb_bench_data/poses/A2_genconf_refbox/gnina/posebusters/7B2C_TP7.sdf.gz	3025	2026-09-23T03:57:14+08:00
arm	A2_genconf_refbox	gnina	posebusters	7BMI_U4B	20260922	ok		5	-7.24	gnina_cnn:rescore:crossdock_default2018	kcal/mol (empirical score, not a measured free energy)	57.954	17.442	14.831	25.0	8	genconf	/home/qasim/vgb_bench_data/prepared/receptors/posebusters/7BMI_U4B/receptor.pdbqt	23.73	476.8	4	/home/qasim/vgb_bench_data/poses/A2_genconf_refbox/gnina/posebusters/7BMI_U4B.sdf.gz	1292	2026-09-23T03:58:13+08:00
arm	A2_genconf_refbox	gnina	posebusters	7BNH_BEZ	20260922	ok		5	-3.9	gnina_cnn:rescore:crossdock_default2018	kcal/mol (empirical score, not a measured free energy)	-9.21	2.666	8.903	25.0	8	genconf	/home/qasim/vgb_bench_data/prepared/receptors/posebusters/7BNH_BEZ/receptor.pdbqt	19.31	487.5	4	/home/qasim/vgb_bench_data/poses/A2_genconf_refbox/gnina/posebusters/7BNH_BEZ.sdf.gz	1249	2026-09-23T03:58:26+08:00
arm	A2_genconf_refbox	gnina	posebusters	7C3U_AZG	20260922	ok		5	-6.74	gnina_cnn:rescore:crossdock_default2018	kcal/mol (empirical score, not a measured free energy)	32.753	38.576	27.124	25.0	8	genconf	/home/qasim/vgb_bench_data/prepared/receptors/posebusters/7C3U_AZG/receptor.pdbqt	12.74	487.5	4	/home/qasim/vgb_bench_data/poses/A2_genconf_refbox/gnina/posebusters/7C3U_AZG.sdf.gz	1192	2026-09-23T03:58:46+08:00
arm	A2_genconf_refbox	gnina	posebusters	7B94_ANP	20260922	ok		5	-10.68	gnina_cnn:rescore:crossdock_default2018	kcal/mol (empirical score, not a measured free energy)	-30.843	-3.904	16.588	25.0	8	genconf	/home/qasim/vgb_bench_data/prepared/receptors/posebusters/7B94_ANP/receptor.pdbqt	116.85	463.6	4	/home/qasim/vgb_bench_data/poses/A2_genconf_refbox/gnina/posebusters/7B94_ANP.sdf.gz	3378	2026-09-23T03:57:19+08:00
arm	A2_genconf_refbox	gnina	posebusters	7C8Q_DSG	20260922	ok		5	-5.3	gnina_cnn:rescore:crossdock_default2018	kcal/mol (empirical score, not a measured free energy)	-45.884	30.457	11.658	25.0	8	genconf	/home/qasim/vgb_bench_data/prepared/receptors/posebusters/7C8Q_DSG/receptor.pdbqt	18.93	487.5	4	/home/qasim/vgb_bench_data/poses/A2_genconf_refbox/gnina/posebusters/7C8Q_DSG.sdf.gz	1378	2026-09-23T03:58:58+08:00
arm	A2_genconf_refbox	gnina	posebusters	7CIJ_G0C	20260922	ok		5	-8.31	gnina_cnn:rescore:crossdock_default2018	kcal/mol (empirical score, not a measured free energy)	26.721	-11.345	57.953	25.0	8	genconf	/home/qasim/vgb_bench_data/prepared/receptors/posebusters/7CIJ_G0C/receptor.pdbqt	40.69	487.5	4	/home/qasim/vgb_bench_data/poses/A2_genconf_refbox/gnina/posebusters/7CIJ_G0C.sdf.gz	2814	2026-09-23T03:59:17+08:00
arm	A2_genconf_refbox	gnina	posebusters	7CL8_TES	20260922	ok		5	51.11	gnina_cnn:rescore:crossdock_default2018	kcal/mol (empirical score, not a measured free energy)	17.879	-6.196	-23.977	25.0	8	genconf	/home/qasim/vgb_bench_data/prepared/receptors/posebusters/7CL8_TES/receptor.pdbqt	22.46	487.5	4	/home/qasim/vgb_bench_data/poses/A2_genconf_refbox/gnina/posebusters/7CL8_TES.sdf.gz	3522	2026-09-23T03:59:58+08:00
arm	A2_genconf_refbox	gnina	posebusters	7CD9_FVR	20260922	ok		5	-9.73	gnina_cnn:rescore:crossdock_default2018	kcal/mol (empirical score, not a measured free energy)	17.485	8.313	13.221	25.0	8	genconf	/home/qasim/vgb_bench_data/prepared/receptors/posebusters/7CD9_FVR/receptor.pdbqt	65.49	463.6	4	/home/qasim/vgb_bench_data/poses/A2_genconf_refbox/gnina/posebusters/7CD9_FVR.sdf.gz	4257	2026-09-23T03:59:16+08:00
arm	A2_genconf_refbox	gnina	posebusters	7CNQ_G8X	20260922	ok		5	-7.29	gnina_cnn:rescore:crossdock_default2018	kcal/mol (empirical score, not a measured free energy)	-0.735	12.938	63.532	25.0	8	genconf	/home/qasim/vgb_bench_data/prepared/receptors/posebusters/7CNQ_G8X/receptor.pdbqt	15.7	498.6	4	/home/qasim/vgb_bench_data/poses/A2_genconf_refbox/gnina/posebusters/7CNQ_G8X.sdf.gz	1474	2026-09-23T04:00:20+08:00
arm	A2_genconf_refbox	gnina	posebusters	7CNS_PMV	20260922	ok		5	-8.18	gnina_cnn:rescore:crossdock_default2018	kcal/mol (empirical score, not a measured free energy)	1.683	-20.259	-18.881	25.0	8	genconf	/home/qasim/vgb_bench_data/prepared/receptors/posebusters/7CNS_PMV/receptor.pdbqt	30.55	463.6	4	/home/qasim/vgb_bench_data/poses/A2_genconf_refbox/gnina/posebusters/7CNS_PMV.sdf.gz	1923	2026-09-23T04:00:22+08:00
arm	A2_genconf_refbox	gnina	posebusters	7CTM_BDP	20260922	ok		5	-8.01	gnina_cnn:rescore:crossdock_default2018	kcal/mol (empirical score, not a measured free energy)	-1.362	-6.082	107.601	25.0	8	genconf	/home/qasim/vgb_bench_data/prepared/receptors/posebusters/7CTM_BDP/receptor.pdbqt	18.79	498.6	4	/home/qasim/vgb_bench_data/poses/A2_genconf_refbox/gnina/posebusters/7CTM_BDP.sdf.gz	1771	2026-09-23T04:00:36+08:00
arm	A2_genconf_refbox	gnina	posebusters	7BTT_F8R	20260922	ok		5	-9.19	gnina_cnn:rescore:crossdock_default2018	kcal/mol (empirical score, not a measured free energy)	5.141	18.87	7.298	25.0	8	genconf	/home/qasim/vgb_bench_data/prepared/receptors/posebusters/7BTT_F8R/receptor.pdbqt	147.34	508.2	4	/home/qasim/vgb_bench_data/poses/A2_genconf_refbox/gnina/posebusters/7BTT_F8R.sdf.gz	4977	2026-09-23T03:58:33+08:00
arm	A2_genconf_refbox	gnina	posebusters	7CUO_PHB	20260922	ok		5	-6.93	gnina_cnn:rescore:crossdock_default2018	kcal/mol (empirical score, not a measured free energy)	21.572	14.329	62.51	25.0	8	genconf	/home/qasim/vgb_bench_data/prepared/receptors/posebusters/7CUO_PHB/receptor.pdbqt	17.69	463.6	4	/home/qasim/vgb_bench_data/poses/A2_genconf_refbox/gnina/posebusters/7CUO_PHB.sdf.gz	1260	2026-09-23T04:00:52+08:00
arm	A2_genconf_refbox	gnina	posebusters	7DKT_GLF	20260922	ok		5	-7.23	gnina_cnn:rescore:crossdock_default2018	kcal/mol (empirical score, not a measured free energy)	58.238	67.0	60.483	25.0	8	genconf	/home/qasim/vgb_bench_data/prepared/receptors/posebusters/7DKT_GLF/receptor.pdbqt	17.02	463.6	4	/home/qasim/vgb_bench_data/poses/A2_genconf_refbox/gnina/posebusters/7DKT_GLF.sdf.gz	1772	2026-09-23T04:01:10+08:00
arm	A2_genconf_refbox	gnina	posebusters	7DQL_4CL	20260922	ok		5	-3.79	gnina_cnn:rescore:crossdock_default2018	kcal/mol (empirical score, not a measured free energy)	-2.259	-9.174	6.37	25.0	8	genconf	/home/qasim/vgb_bench_data/prepared/receptors/posebusters/7DQL_4CL/receptor.pdbqt	12.33	463.6	4	/home/qasim/vgb_bench_data/poses/A2_genconf_refbox/gnina/posebusters/7DQL_4CL.sdf.gz	1156	2026-09-23T04:01:27+08:00
arm	A2_genconf_refbox	gnina	posebusters	7C0U_FGO	20260922	ok		5	-10.64	gnina_cnn:rescore:crossdock_default2018	kcal/mol (empirical score, not a measured free energy)	41.828	13.674	54.027	25.0	8	genconf	/home/qasim/vgb_bench_data/prepared/receptors/posebusters/7C0U_FGO/receptor.pdbqt	201.21	476.8	4	/home/qasim/vgb_bench_data/poses/A2_genconf_refbox/gnina/posebusters/7C0U_FGO.sdf.gz	4977	2026-09-23T03:58:37+08:00
arm	A2_genconf_refbox	gnina	posebusters	7D6O_MTE	20260922	ok		5	2.54	gnina_cnn:rescore:crossdock_default2018	kcal/mol (empirical score, not a measured free energy)	64.772	-21.57	48.824	25.0	8	genconf	/home/qasim/vgb_bench_data/prepared/receptors/posebusters/7D6O_MTE/receptor.pdbqt	63.48	508.2	4	/home/qasim/vgb_bench_data/poses/A2_genconf_refbox/gnina/posebusters/7D6O_MTE.sdf.gz	2771	2026-09-23T04:01:01+08:00
arm	A2_genconf_refbox	gnina	posebusters	7E4L_MDN	20260922	ok		5	-3.99	gnina_cnn:rescore:crossdock_default2018	kcal/mol (empirical score, not a measured free energy)	-3.652	5.191	-5.315	25.0	8	genconf	/home/qasim/vgb_bench_data/prepared/receptors/posebusters/7E4L_MDN/receptor.pdbqt	17.29	476.8	4	/home/qasim/vgb_bench_data/poses/A2_genconf_refbox/gnina/posebusters/7E4L_MDN.sdf.gz	1189	2026-09-23T04:01:58+08:00
arm	A2_genconf_refbox	gnina	posebusters	7EBG_J0L	20260922	ok		5	-8.0	gnina_cnn:rescore:crossdock_default2018	kcal/mol (empirical score, not a measured free energy)	-14.65	10.2	24.224	25.0	8	genconf	/home/qasim/vgb_bench_data/prepared/receptors/posebusters/7EBG_J0L/receptor.pdbqt	18.06	508.2	4	/home/qasim/vgb_bench_data/poses/A2_genconf_refbox/gnina/posebusters/7EBG_J0L.sdf.gz	2036	2026-09-23T04:02:04+08:00
arm	A2_genconf_refbox	gnina	posebusters	7DUA_HJ0	20260922	ok		5	-9.89	gnina_cnn:rescore:crossdock_default2018	kcal/mol (empirical score, not a measured free energy)	25.195	13.156	-25.513	25.0	8	genconf	/home/qasim/vgb_bench_data/prepared/receptors/posebusters/7DUA_HJ0/receptor.pdbqt	48.68	463.6	4	/home/qasim/vgb_bench_data/poses/A2_genconf_refbox/gnina/posebusters/7DUA_HJ0.sdf.gz	2774	2026-09-23T04:01:39+08:00
arm	A2_genconf_refbox	gnina	posebusters	7ECR_SIN	20260922	ok		5	-5.69	gnina_cnn:rescore:crossdock_default2018	kcal/mol (empirical score, not a measured free energy)	-58.561	-27.966	-41.428	25.0	8	genconf	/home/qasim/vgb_bench_data/prepared/receptors/posebusters/7ECR_SIN/receptor.pdbqt	22.91	476.8	4	/home/qasim/vgb_bench_data/poses/A2_genconf_refbox/gnina/posebusters/7ECR_SIN.sdf.gz	1146	2026-09-23T04:02:15+08:00
arm	A2_genconf_refbox	gnina	posebusters	7D5C_GV6	20260922	ok		5	-10.66	gnina_cnn:rescore:crossdock_default2018	kcal/mol (empirical score, not a measured free energy)	9.843	6.327	39.057	25.0	8	genconf	/home/qasim/vgb_bench_data/prepared/receptors/posebusters/7D5C_GV6/receptor.pdbqt	124.53	498.6	4	/home/qasim/vgb_bench_data/poses/A2_genconf_refbox/gnina/posebusters/7D5C_GV6.sdf.gz	3887	2026-09-23T04:00:55+08:00
arm	A2_genconf_refbox	gnina	posebusters	7ED2_A3P	20260922	ok		5	-9.6	gnina_cnn:rescore:crossdock_default2018	kcal/mol (empirical score, not a measured free energy)	-22.241	-19.733	12.747	25.0	8	genconf	/home/qasim/vgb_bench_data/prepared/receptors/posebusters/7ED2_A3P/receptor.pdbqt	60.29	508.2	4	/home/qasim/vgb_bench_data/poses/A2_genconf_refbox/gnina/posebusters/7ED2_A3P.sdf.gz	2932	2026-09-23T04:02:22+08:00
arm	A2_genconf_refbox	gnina	posebusters	7ES1_UDP	20260922	ok		5	-10.77	gnina_cnn:rescore:crossdock_default2018	kcal/mol (empirical score, not a measured free energy)	12.637	7.16	19.36	25.0	8	genconf	/home/qasim/vgb_bench_data/prepared/receptors/posebusters/7ES1_UDP/receptor.pdbqt	47.04	498.6	4	/home/qasim/vgb_bench_data/poses/A2_genconf_refbox/gnina/posebusters/7ES1_UDP.sdf.gz	2781	2026-09-23T04:02:59+08:00
arm	A2_genconf_refbox	gnina	posebusters	7F5D_EUO	20260922	ok		5	-7.88	gnina_cnn:rescore:crossdock_default2018	kcal/mol (empirical score, not a measured free energy)	7.48	-5.083	29.65	25.0	8	genconf	/home/qasim/vgb_bench_data/prepared/receptors/posebusters/7F5D_EUO/receptor.pdbqt	26.63	498.6	4	/home/qasim/vgb_bench_data/poses/A2_genconf_refbox/gnina/posebusters/7F5D_EUO.sdf.gz	2551	2026-09-23T04:03:47+08:00
arm	A2_genconf_refbox	gnina	posebusters	7ELT_TYM	20260922	ok		5	-13.2	gnina_cnn:rescore:crossdock_default2018	kcal/mol (empirical score, not a measured free energy)	12.718	46.834	13.538	25.0	8	genconf	/home/qasim/vgb_bench_data/prepared/receptors/posebusters/7ELT_TYM/receptor.pdbqt	131.62	474.9	4	/home/qasim/vgb_bench_data/poses/A2_genconf_refbox/gnina/posebusters/7ELT_TYM.sdf.gz	4267	2026-09-23T04:02:28+08:00
arm	A2_genconf_refbox	gnina	posebusters	7FB7_8NF	20260922	ok		5	-4.74	gnina_cnn:rescore:crossdock_default2018	kcal/mol (empirical score, not a measured free energy)	15.034	21.773	41.355	25.0	8	genconf	/home/qasim/vgb_bench_data/prepared/receptors/posebusters/7FB7_8NF/receptor.pdbqt	12.37	474.9	4	/home/qasim/vgb_bench_data/poses/A2_genconf_refbox/gnina/posebusters/7FB7_8NF.sdf.gz	1515	2026-09-23T04:04:40+08:00
arm	A2_genconf_refbox	gnina	posebusters	7FHA_ADX	20260922	ok		5	-10.31	gnina_cnn:rescore:crossdock_default2018	kcal/mol (empirical score, not a measured free energy)	-4.043	-0.347	-2.421	25.0	8	genconf	/home/qasim/vgb_bench_data/prepared/receptors/posebusters/7FHA_ADX/receptor.pdbqt	49.3	474.9	4	/home/qasim/vgb_bench_data/poses/A2_genconf_refbox/gnina/posebusters/7FHA_ADX.sdf.gz	2806	2026-09-23T04:04:52+08:00
arm	A2_genconf_refbox	gnina	posebusters	7F51_BA7	20260922	ok		5	-10.96	gnina_cnn:rescore:crossdock_default2018	kcal/mol (empirical score, not a measured free energy)	-2.288	5.657	9.419	25.0	8	genconf	/home/qasim/vgb_bench_data/prepared/receptors/posebusters/7F51_BA7/receptor.pdbqt	183.56	508.2	4	/home/qasim/vgb_bench_data/poses/A2_genconf_refbox/gnina/posebusters/7F51_BA7.sdf.gz	4707	2026-09-23T04:03:22+08:00
arm	A2_genconf_refbox	gnina	posebusters	7FRX_O88	20260922	ok		5	-12.9	gnina_cnn:rescore:crossdock_default2018	kcal/mol (empirical score, not a measured free energy)	83.384	-43.063	65.725	25.0	8	genconf	/home/qasim/vgb_bench_data/prepared/receptors/posebusters/7FRX_O88/receptor.pdbqt	54.7	516.3	4	/home/qasim/vgb_bench_data/poses/A2_genconf_refbox/gnina/posebusters/7FRX_O88.sdf.gz	3249	2026-09-23T04:05:41+08:00
arm	A2_genconf_refbox	gnina	posebusters	7FT9_4MB	20260922	ok		5	-5.93	gnina_cnn:rescore:crossdock_default2018	kcal/mol (empirical score, not a measured free energy)	1.097	6.755	-31.534	25.0	8	genconf	/home/qasim/vgb_bench_data/prepared/receptors/posebusters/7FT9_4MB/receptor.pdbqt	23.5	508.2	4	/home/qasim/vgb_bench_data/poses/A2_genconf_refbox/gnina/posebusters/7FT9_4MB.sdf.gz	1746	2026-09-23T04:06:26+08:00
arm	A2_genconf_refbox	gnina	posebusters	7JG0_GAR	20260922	ok		5	-5.14	gnina_cnn:rescore:crossdock_default2018	kcal/mol (empirical score, not a measured free energy)	-31.664	19.825	35.195	25.0	8	genconf	/home/qasim/vgb_bench_data/prepared/receptors/posebusters/7JG0_GAR/receptor.pdbqt	31.99	516.3	4	/home/qasim/vgb_bench_data/poses/A2_genconf_refbox/gnina/posebusters/7JG0_GAR.sdf.gz	2325	2026-09-23T04:06:36+08:00
arm	A2_genconf_refbox	gnina	posebusters	7JHQ_VAJ	20260922	ok		5	-8.24	gnina_cnn:rescore:crossdock_default2018	kcal/mol (empirical score, not a measured free energy)	37.676	-39.242	12.94	25.0	8	genconf	/home/qasim/vgb_bench_data/prepared/receptors/posebusters/7JHQ_VAJ/receptor.pdbqt	26.55	508.2	4	/home/qasim/vgb_bench_data/poses/A2_genconf_refbox/gnina/posebusters/7JHQ_VAJ.sdf.gz	2077	2026-09-23T04:06:50+08:00
arm	A2_genconf_refbox	gnina	posebusters	7JXX_VP7	20260922	failed	gnina: ATOM     24  C   UNL     1      -4.842   0.147  -0.929  1.00  0.00    +0.040 CG0			gnina_cnn:rescore:crossdock_default2018	kcal/mol (empirical score, not a measured free energy)	178.931	19.637	46.214	25.0	8	genconf	/home/qasim/vgb_bench_data/prepared/receptors/posebusters/7JXX_VP7/receptor.pdbqt	0.73		4			2026-09-23T04:07:16+08:00
arm	A2_genconf_refbox	gnina	posebusters	7JMV_4NC	20260922	ok		5	-6.55	gnina_cnn:rescore:crossdock_default2018	kcal/mol (empirical score, not a measured free energy)	33.144	-26.928	-8.617	25.0	8	genconf	/home/qasim/vgb_bench_data/prepared/receptors/posebusters/7JMV_4NC/receptor.pdbqt	20.97	516.3	4	/home/qasim/vgb_bench_data/poses/A2_genconf_refbox/gnina/posebusters/7JMV_4NC.sdf.gz	1297	2026-09-23T04:07:08+08:00
arm	A2_genconf_refbox	gnina	posebusters	7JY3_VUD	20260922	ok		5	-7.46	gnina_cnn:rescore:crossdock_default2018	kcal/mol (empirical score, not a measured free energy)	4.736	-22.119	44.042	25.0	8	genconf	/home/qasim/vgb_bench_data/prepared/receptors/posebusters/7JY3_VUD/receptor.pdbqt	45.36	508.2	4	/home/qasim/vgb_bench_data/poses/A2_genconf_refbox/gnina/posebusters/7JY3_VUD.sdf.gz	3038	2026-09-23T04:07:17+08:00
arm	A2_genconf_refbox	gnina	posebusters	7EPV_FDA	20260922	ok		5	-9.39	gnina_cnn:rescore:crossdock_default2018	kcal/mol (empirical score, not a measured free energy)	5.474	-30.532	-4.519	25.0	8	genconf	/home/qasim/vgb_bench_data/prepared/receptors/posebusters/7EPV_FDA/receptor.pdbqt	340.73	476.8	4	/home/qasim/vgb_bench_data/poses/A2_genconf_refbox/gnina/posebusters/7EPV_FDA.sdf.gz	5915	2026-09-23T04:02:38+08:00
arm	A2_genconf_refbox	gnina	posebusters	7K0V_VQP	20260922	ok		5	-13.01	gnina_cnn:rescore:crossdock_default2018	kcal/mol (empirical score, not a measured free energy)	3.975	1.37	-23.892	25.0	8	genconf	/home/qasim/vgb_bench_data/prepared/receptors/posebusters/7K0V_VQP/receptor.pdbqt	67.61	516.3	4	/home/qasim/vgb_bench_data/poses/A2_genconf_refbox/gnina/posebusters/7K0V_VQP.sdf.gz	4060	2026-09-23T04:07:29+08:00
arm	A2_genconf_refbox	gnina	posebusters	7KB1_WBJ	20260922	ok		5	-10.0	gnina_cnn:rescore:crossdock_default2018	kcal/mol (empirical score, not a measured free energy)	-1.286	-28.164	16.761	25.0	8	genconf	/home/qasim/vgb_bench_data/prepared/receptors/posebusters/7KB1_WBJ/receptor.pdbqt	58.47	508.2	4	/home/qasim/vgb_bench_data/poses/A2_genconf_refbox/gnina/posebusters/7KB1_WBJ.sdf.gz	2600	2026-09-23T04:08:02+08:00
arm	A2_genconf_refbox	gnina	posebusters	7KQU_YOF	20260922	ok		5	-9.27	gnina_cnn:rescore:crossdock_default2018	kcal/mol (empirical score, not a measured free energy)	69.713	-2.107	75.053	25.0	8	genconf	/home/qasim/vgb_bench_data/prepared/receptors/posebusters/7KQU_YOF/receptor.pdbqt	20.41	508.2	4	/home/qasim/vgb_bench_data/poses/A2_genconf_refbox/gnina/posebusters/7KQU_YOF.sdf.gz	1890	2026-09-23T04:09:01+08:00
arm	A2_genconf_refbox	gnina	posebusters	7KC5_BJZ	20260922	ok		5	-11.11	gnina_cnn:rescore:crossdock_default2018	kcal/mol (empirical score, not a measured free energy)	-3.099	-18.237	16.805	25.0	8	genconf	/home/qasim/vgb_bench_data/prepared/receptors/posebusters/7KC5_BJZ/receptor.pdbqt	77.74	476.8	4	/home/qasim/vgb_bench_data/poses/A2_genconf_refbox/gnina/posebusters/7KC5_BJZ.sdf.gz	3961	2026-09-23T04:08:19+08:00
arm	A2_genconf_refbox	gnina	posebusters	7KZ9_XN7	20260922	ok		5	-6.34	gnina_cnn:rescore:crossdock_default2018	kcal/mol (empirical score, not a measured free energy)	-55.604	47.792	-18.144	25.0	8	genconf	/home/qasim/vgb_bench_data/prepared/receptors/posebusters/7KZ9_XN7/receptor.pdbqt	19.23	476.8	4	/home/qasim/vgb_bench_data/poses/A2_genconf_refbox/gnina/posebusters/7KZ9_XN7.sdf.gz	1899	2026-09-23T04:09:37+08:00
arm	A2_genconf_refbox	gnina	posebusters	7F8T_FAD	20260922	ok		5	-11.17	gnina_cnn:rescore:crossdock_default2018	kcal/mol (empirical score, not a measured free energy)	24.933	23.491	99.914	25.0	8	genconf	/home/qasim/vgb_bench_data/prepared/receptors/posebusters/7F8T_FAD/receptor.pdbqt	351.71	498.6	4	/home/qasim/vgb_bench_data/poses/A2_genconf_refbox/gnina/posebusters/7F8T_FAD.sdf.gz	5828	2026-09-23T04:04:13+08:00
arm	A2_genconf_refbox	gnina	posebusters	7KM8_WPD	20260922	ok		5	-9.78	gnina_cnn:rescore:crossdock_default2018	kcal/mol (empirical score, not a measured free energy)	-21.641	-10.142	-23.129	25.0	8	genconf	/home/qasim/vgb_bench_data/prepared/receptors/posebusters/7KM8_WPD/receptor.pdbqt	93.69	516.3	4	/home/qasim/vgb_bench_data/poses/A2_genconf_refbox/gnina/posebusters/7KM8_WPD.sdf.gz	3687	2026-09-23T04:08:37+08:00
arm	A2_genconf_refbox	gnina	posebusters	7L00_XCJ	20260922	ok		5	-10.04	gnina_cnn:rescore:crossdock_default2018	kcal/mol (empirical score, not a measured free energy)	8.438	15.49	31.671	25.0	8	genconf	/home/qasim/vgb_bench_data/prepared/receptors/posebusters/7L00_XCJ/receptor.pdbqt	46.47	476.8	4	/home/qasim/vgb_bench_data/poses/A2_genconf_refbox/gnina/posebusters/7L00_XCJ.sdf.gz	2928	2026-09-23T04:09:56+08:00
arm	A2_genconf_refbox	gnina	posebusters	7L03_F9F	20260922	ok		5	-9.88	gnina_cnn:rescore:crossdock_default2018	kcal/mol (empirical score, not a measured free energy)	-40.818	-4.661	13.909	25.0	8	genconf	/home/qasim/vgb_bench_data/prepared/receptors/posebusters/7L03_F9F/receptor.pdbqt	42.1	498.6	4	/home/qasim/vgb_bench_data/poses/A2_genconf_refbox/gnina/posebusters/7L03_F9F.sdf.gz	2366	2026-09-23T04:10:05+08:00
arm	A2_genconf_refbox	gnina	posebusters	7KRU_ATP	20260922	ok		5	-11.88	gnina_cnn:rescore:crossdock_default2018	kcal/mol (empirical score, not a measured free energy)	46.09	39.899	203.468	25.0	8	genconf	/home/qasim/vgb_bench_data/prepared/receptors/posebusters/7KRU_ATP/receptor.pdbqt	95.48	508.2	4	/home/qasim/vgb_bench_data/poses/A2_genconf_refbox/gnina/posebusters/7KRU_ATP.sdf.gz	3302	2026-09-23T04:09:21+08:00
arm	A2_genconf_refbox	gnina	posebusters	7L5F_XNG	20260922	ok		5	-6.28	gnina_cnn:rescore:crossdock_default2018	kcal/mol (empirical score, not a measured free energy)	11.027	36.226	24.089	25.0	8	genconf	/home/qasim/vgb_bench_data/prepared/receptors/posebusters/7L5F_XNG/receptor.pdbqt	52.63	516.3	4	/home/qasim/vgb_bench_data/poses/A2_genconf_refbox/gnina/posebusters/7L5F_XNG.sdf.gz	3224	2026-09-23T04:10:10+08:00
arm	A2_genconf_refbox	gnina	posebusters	7L7C_XQ1	20260922	ok		5	-9.45	gnina_cnn:rescore:crossdock_default2018	kcal/mol (empirical score, not a measured free energy)	19.386	-11.719	3.585	25.0	8	genconf	/home/qasim/vgb_bench_data/prepared/receptors/posebusters/7L7C_XQ1/receptor.pdbqt	36.26	476.8	4	/home/qasim/vgb_bench_data/poses/A2_genconf_refbox/gnina/posebusters/7L7C_XQ1.sdf.gz	2536	2026-09-23T04:10:42+08:00
arm	A2_genconf_refbox	gnina	posebusters	7LEV_0JO	20260922	ok		5	-10.94	gnina_cnn:rescore:crossdock_default2018	kcal/mol (empirical score, not a measured free energy)	7.35	-2.396	22.005	25.0	8	genconf	/home/qasim/vgb_bench_data/prepared/receptors/posebusters/7LEV_0JO/receptor.pdbqt	43.05	508.2	4	/home/qasim/vgb_bench_data/poses/A2_genconf_refbox/gnina/posebusters/7LEV_0JO.sdf.gz	2433	2026-09-23T04:10:57+08:00
arm	A2_genconf_refbox	gnina	posebusters	7LOE_Y84	20260922	ok		5	-7.89	gnina_cnn:rescore:crossdock_default2018	kcal/mol (empirical score, not a measured free energy)	40.588	-19.668	12.392	25.0	8	genconf	/home/qasim/vgb_bench_data/prepared/receptors/posebusters/7LOE_Y84/receptor.pdbqt	10.25	508.2	4	/home/qasim/vgb_bench_data/poses/A2_genconf_refbox/gnina/posebusters/7LOE_Y84.sdf.gz	1403	2026-09-23T04:11:40+08:00
arm	A2_genconf_refbox	gnina	posebusters	7LOU_IFM	20260922	ok		5	-4.92	gnina_cnn:rescore:crossdock_default2018	kcal/mol (empirical score, not a measured free energy)	-16.971	-0.463	88.269	25.0	8	genconf	/home/qasim/vgb_bench_data/prepared/receptors/posebusters/7LOU_IFM/receptor.pdbqt	13.19	508.2	4	/home/qasim/vgb_bench_data/poses/A2_genconf_refbox/gnina/posebusters/7LOU_IFM.sdf.gz	1838	2026-09-23T04:11:50+08:00
arm	A2_genconf_refbox	gnina	posebusters	7LT0_ONJ	20260922	ok		5	-10.82	gnina_cnn:rescore:crossdock_default2018	kcal/mol (empirical score, not a measured free energy)	-32.385	-10.753	-25.082	25.0	8	genconf	/home/qasim/vgb_bench_data/prepared/receptors/posebusters/7LT0_ONJ/receptor.pdbqt	36.52	508.2	4	/home/qasim/vgb_bench_data/poses/A2_genconf_refbox/gnina/posebusters/7LT0_ONJ.sdf.gz	3370	2026-09-23T04:12:03+08:00
arm	A2_genconf_refbox	gnina	posebusters	7LJN_GTP	20260922	ok		5	-9.1	gnina_cnn:rescore:crossdock_default2018	kcal/mol (empirical score, not a measured free energy)	-63.427	10.373	-24.556	25.0	8	genconf	/home/qasim/vgb_bench_data/prepared/receptors/posebusters/7LJN_GTP/receptor.pdbqt	108.85	516.3	4	/home/qasim/vgb_bench_data/poses/A2_genconf_refbox/gnina/posebusters/7LJN_GTP.sdf.gz	3372	2026-09-23T04:11:03+08:00
arm	A2_genconf_refbox	gnina	posebusters	7LCU_XTA	20260922	ok		5	-10.22	gnina_cnn:rescore:crossdock_default2018	kcal/mol (empirical score, not a measured free energy)	-65.309	-36.33	96.808	25.0	8	genconf	/home/qasim/vgb_bench_data/prepared/receptors/posebusters/7LCU_XTA/receptor.pdbqt	126.66	498.6	4	/home/qasim/vgb_bench_data/poses/A2_genconf_refbox/gnina/posebusters/7LCU_XTA.sdf.gz	4928	2026-09-23T04:10:47+08:00
arm	A2_genconf_refbox	gnina	posebusters	7LMO_NYO	20260922	ok		5	-8.54	gnina_cnn:rescore:crossdock_default2018	kcal/mol (empirical score, not a measured free energy)	-5.026	-18.653	38.253	25.0	8	genconf	/home/qasim/vgb_bench_data/prepared/receptors/posebusters/7LMO_NYO/receptor.pdbqt	102.41	476.8	4	/home/qasim/vgb_bench_data/poses/A2_genconf_refbox/gnina/posebusters/7LMO_NYO.sdf.gz	4609	2026-09-23T04:11:19+08:00
arm	A2_genconf_refbox	gnina	posebusters	7M31_TDR	20260922	ok		5	-6.67	gnina_cnn:rescore:crossdock_default2018	kcal/mol (empirical score, not a measured free energy)	-2.318	103.306	26.987	25.0	8	genconf	/home/qasim/vgb_bench_data/prepared/receptors/posebusters/7M31_TDR/receptor.pdbqt	18.71	521.1	4	/home/qasim/vgb_bench_data/poses/A2_genconf_refbox/gnina/posebusters/7M31_TDR.sdf.gz	1209	2026-09-23T04:12:52+08:00
arm	A2_genconf_refbox	gnina	posebusters	7LZD_YHY	20260922	ok		5	-13.44	gnina_cnn:rescore:crossdock_default2018	kcal/mol (empirical score, not a measured free energy)	-5.133	28.784	10.344	25.0	8	genconf	/home/qasim/vgb_bench_data/prepared/receptors/posebusters/7LZD_YHY/receptor.pdbqt	53.56	508.2	4	/home/qasim/vgb_bench_data/poses/A2_genconf_refbox/gnina/posebusters/7LZD_YHY.sdf.gz	3966	2026-09-23T04:12:40+08:00
arm	A2_genconf_refbox	gnina	posebusters	7M3H_YPV	20260922	ok		5	-9.48	gnina_cnn:rescore:crossdock_default2018	kcal/mol (empirical score, not a measured free energy)	0.715	7.945	16.549	25.0	8	genconf	/home/qasim/vgb_bench_data/prepared/receptors/posebusters/7M3H_YPV/receptor.pdbqt	54.73	498.6	4	/home/qasim/vgb_bench_data/poses/A2_genconf_refbox/gnina/posebusters/7M3H_YPV.sdf.gz	3022	2026-09-23T04:12:54+08:00
arm	A2_genconf_refbox	gnina	posebusters	7MGY_ZD1	20260922	ok		5	-11.38	gnina_cnn:rescore:crossdock_default2018	kcal/mol (empirical score, not a measured free energy)	24.538	-31.463	274.35	25.0	8	genconf	/home/qasim/vgb_bench_data/prepared/receptors/posebusters/7MGY_ZD1/receptor.pdbqt	40.76	498.6	4	/home/qasim/vgb_bench_data/poses/A2_genconf_refbox/gnina/posebusters/7MGY_ZD1.sdf.gz	3202	2026-09-23T04:13:48+08:00
arm	A2_genconf_refbox	gnina	posebusters	7MMH_ZJY	20260922	failed	gnina: ATOM     43  C   UNL     1       1.457   4.968   0.238  1.00  0.00    +0.003 CG0			gnina_cnn:rescore:crossdock_default2018	kcal/mol (empirical score, not a measured free energy)	-13.913	19.233	-15.399	25.0	8	genconf	/home/qasim/vgb_bench_data/prepared/receptors/posebusters/7MMH_ZJY/receptor.pdbqt	1.44		4			2026-09-23T04:14:29+08:00
arm	A2_genconf_refbox	gnina	posebusters	7M6K_YRJ	20260922	ok		5	-11.09	gnina_cnn:rescore:crossdock_default2018	kcal/mol (empirical score, not a measured free energy)	26.308	-6.796	-34.909	25.0	8	genconf	/home/qasim/vgb_bench_data/prepared/receptors/posebusters/7M6K_YRJ/receptor.pdbqt	93.36	476.8	4	/home/qasim/vgb_bench_data/poses/A2_genconf_refbox/gnina/posebusters/7M6K_YRJ.sdf.gz	3913	2026-09-23T04:13:01+08:00
arm	A2_genconf_refbox	gnina	posebusters	7MGT_ZD4	20260922	ok		5	-9.97	gnina_cnn:rescore:crossdock_default2018	kcal/mol (empirical score, not a measured free energy)	38.562	34.834	19.018	25.0	8	genconf	/home/qasim/vgb_bench_data/prepared/receptors/posebusters/7MGT_ZD4/receptor.pdbqt	71.73	508.2	4	/home/qasim/vgb_bench_data/poses/A2_genconf_refbox/gnina/posebusters/7MGT_ZD4.sdf.gz	3029	2026-09-23T04:13:33+08:00
arm	A2_genconf_refbox	gnina	posebusters	7MOI_HPS	20260922	ok		5	-7.26	gnina_cnn:rescore:crossdock_default2018	kcal/mol (empirical score, not a measured free energy)	14.249	8.603	-0.138	25.0	8	genconf	/home/qasim/vgb_bench_data/prepared/receptors/posebusters/7MOI_HPS/receptor.pdbqt	22.29	498.6	4	/home/qasim/vgb_bench_data/poses/A2_genconf_refbox/gnina/posebusters/7MOI_HPS.sdf.gz	1391	2026-09-23T04:14:31+08:00
arm	A2_genconf_refbox	gnina	posebusters	7MWU_ZPM	20260922	ok		5	-6.07	gnina_cnn:rescore:crossdock_default2018	kcal/mol (empirical score, not a measured free energy)	11.764	49.303	49.006	25.0	8	genconf	/home/qasim/vgb_bench_data/prepared/receptors/posebusters/7MWU_ZPM/receptor.pdbqt	12.01	498.6	4	/home/qasim/vgb_bench_data/poses/A2_genconf_refbox/gnina/posebusters/7MWU_ZPM.sdf.gz	1222	2026-09-23T04:14:53+08:00
arm	A2_genconf_refbox	gnina	posebusters	7MY1_IPE	20260922	ok		5	-5.19	gnina_cnn:rescore:crossdock_default2018	kcal/mol (empirical score, not a measured free energy)	4.513	13.643	14.252	25.0	8	genconf	/home/qasim/vgb_bench_data/prepared/receptors/posebusters/7MY1_IPE/receptor.pdbqt	21.91	498.6	4	/home/qasim/vgb_bench_data/poses/A2_genconf_refbox/gnina/posebusters/7MY1_IPE.sdf.gz	1929	2026-09-23T04:15:05+08:00
arm	A2_genconf_refbox	gnina	posebusters	7MWN_WI5	20260922	ok		5	-12.44	gnina_cnn:rescore:crossdock_default2018	kcal/mol (empirical score, not a measured free energy)	20.83	-12.179	-15.026	25.0	8	genconf	/home/qasim/vgb_bench_data/prepared/receptors/posebusters/7MWN_WI5/receptor.pdbqt	64.54	508.2	4	/home/qasim/vgb_bench_data/poses/A2_genconf_refbox/gnina/posebusters/7MWN_WI5.sdf.gz	3896	2026-09-23T04:14:45+08:00
arm	A2_genconf_refbox	gnina	posebusters	7MYU_ZR7	20260922	ok		5	-11.7	gnina_cnn:rescore:crossdock_default2018	kcal/mol (empirical score, not a measured free energy)	23.5	55.545	87.47	25.0	8	genconf	/home/qasim/vgb_bench_data/prepared/receptors/posebusters/7MYU_ZR7/receptor.pdbqt	63.39	498.6	4	/home/qasim/vgb_bench_data/poses/A2_genconf_refbox/gnina/posebusters/7MYU_ZR7.sdf.gz	3953	2026-09-23T04:15:27+08:00
arm	A2_genconf_refbox	gnina	posebusters	7N03_ZRP	20260922	ok		5	-9.31	gnina_cnn:rescore:crossdock_default2018	kcal/mol (empirical score, not a measured free energy)	-43.911	12.065	3.738	25.0	8	genconf	/home/qasim/vgb_bench_data/prepared/receptors/posebusters/7N03_ZRP/receptor.pdbqt	63.8	508.2	4	/home/qasim/vgb_bench_data/poses/A2_genconf_refbox/gnina/posebusters/7N03_ZRP.sdf.gz	3902	2026-09-23T04:15:49+08:00
arm	A2_genconf_refbox	gnina	posebusters	7N4N_0BK	20260922	ok		5	-8.04	gnina_cnn:rescore:crossdock_default2018	kcal/mol (empirical score, not a measured free energy)	22.082	-8.22	-17.518	25.0	8	genconf	/home/qasim/vgb_bench_data/prepared/receptors/posebusters/7N4N_0BK/receptor.pdbqt	59.19	498.6	4	/home/qasim/vgb_bench_data/poses/A2_genconf_refbox/gnina/posebusters/7N4N_0BK.sdf.gz	3811	2026-09-23T04:16:30+08:00
arm	A2_genconf_refbox	gnina	posebusters	7N4W_P4V	20260922	ok		5	-8.99	gnina_cnn:rescore:crossdock_default2018	kcal/mol (empirical score, not a measured free energy)	-7.77	-11.385	12.414	25.0	8	genconf	/home/qasim/vgb_bench_data/prepared/receptors/posebusters/7N4W_P4V/receptor.pdbqt	43.12	508.2	4	/home/qasim/vgb_bench_data/poses/A2_genconf_refbox/gnina/posebusters/7N4W_P4V.sdf.gz	3541	2026-09-23T04:16:53+08:00
arm	A2_genconf_refbox	gnina	posebusters	7MFP_Z7P	20260922	ok		5	-12.54	gnina_cnn:rescore:crossdock_default2018	kcal/mol (empirical score, not a measured free energy)	-76.429	-15.353	18.161	25.0	8	genconf	/home/qasim/vgb_bench_data/prepared/receptors/posebusters/7MFP_Z7P/receptor.pdbqt	284.18	521.1	4	/home/qasim/vgb_bench_data/poses/A2_genconf_refbox/gnina/posebusters/7MFP_Z7P.sdf.gz	5656	2026-09-23T04:13:10+08:00
arm	A2_genconf_refbox	gnina	posebusters	7N6F_0I1	20260922	ok		5	-10.24	gnina_cnn:rescore:crossdock_default2018	kcal/mol (empirical score, not a measured free energy)	-17.147	-0.317	22.02	25.0	8	genconf	/home/qasim/vgb_bench_data/prepared/receptors/posebusters/7N6F_0I1/receptor.pdbqt	44.81	498.6	4	/home/qasim/vgb_bench_data/poses/A2_genconf_refbox/gnina/posebusters/7N6F_0I1.sdf.gz	3294	2026-09-23T04:17:29+08:00
arm	A2_genconf_refbox	gnina	posebusters	7N7H_CTP	20260922	ok		5	-12.06	gnina_cnn:rescore:crossdock_default2018	kcal/mol (empirical score, not a measured free energy)	15.366	51.015	156.975	25.0	8	genconf	/home/qasim/vgb_bench_data/prepared/receptors/posebusters/7N7H_CTP/receptor.pdbqt	71.5	521.1	4	/home/qasim/vgb_bench_data/poses/A2_genconf_refbox/gnina/posebusters/7N7H_CTP.sdf.gz	3088	2026-09-23T04:17:55+08:00
arm	A2_genconf_refbox	gnina	posebusters	7N7B_T3F	20260922	ok		5	-10.87	gnina_cnn:rescore:crossdock_default2018	kcal/mol (empirical score, not a measured free energy)	46.503	-15.584	8.842	25.0	8	genconf	/home/qasim/vgb_bench_data/prepared/receptors/posebusters/7N7B_T3F/receptor.pdbqt	96.09	508.2	4	/home/qasim/vgb_bench_data/poses/A2_genconf_refbox/gnina/posebusters/7N7B_T3F.sdf.gz	4290	2026-09-23T04:17:36+08:00
arm	A2_genconf_refbox	gnina	posebusters	7NF0_BYN	20260922	ok		5	-11.04	gnina_cnn:rescore:crossdock_default2018	kcal/mol (empirical score, not a measured free energy)	12.251	26.365	42.625	25.0	8	genconf	/home/qasim/vgb_bench_data/prepared/receptors/posebusters/7NF0_BYN/receptor.pdbqt	79.18	498.6	4	/home/qasim/vgb_bench_data/poses/A2_genconf_refbox/gnina/posebusters/7NF0_BYN.sdf.gz	4669	2026-09-23T04:18:14+08:00
arm	A2_genconf_refbox	gnina	posebusters	7NFB_GEN	20260922	ok		5	-10.1	gnina_cnn:rescore:crossdock_default2018	kcal/mol (empirical score, not a measured free energy)	15.433	-3.563	33.624	25.0	8	genconf	/home/qasim/vgb_bench_data/prepared/receptors/posebusters/7NFB_GEN/receptor.pdbqt	26.44	508.2	4	/home/qasim/vgb_bench_data/poses/A2_genconf_refbox/gnina/posebusters/7NFB_GEN.sdf.gz	2140	2026-09-23T04:19:12+08:00
arm	A2_genconf_refbox	gnina	posebusters	7NGW_UAW	20260922	ok		5	-4.69	gnina_cnn:rescore:crossdock_default2018	kcal/mol (empirical score, not a measured free energy)	-13.281	-28.69	2.296	25.0	8	genconf	/home/qasim/vgb_bench_data/prepared/receptors/posebusters/7NGW_UAW/receptor.pdbqt	17.91	498.6	4	/home/qasim/vgb_bench_data/poses/A2_genconf_refbox/gnina/posebusters/7NGW_UAW.sdf.gz	2667	2026-09-23T04:19:33+08:00
arm	A2_genconf_refbox	gnina	posebusters	7MSR_DCA	20260922	ok		5	-9.16	gnina_cnn:rescore:crossdock_default2018	kcal/mol (empirical score, not a measured free energy)	15.719	16.669	19.088	25.0	8	genconf	/home/qasim/vgb_bench_data/prepared/receptors/posebusters/7MSR_DCA/receptor.pdbqt	335.0	476.8	4	/home/qasim/vgb_bench_data/poses/A2_genconf_refbox/gnina/posebusters/7MSR_DCA.sdf.gz	5440	2026-09-23T04:14:34+08:00
arm	A2_genconf_refbox	gnina	posebusters	7NLV_UJE	20260922	ok		5	-8.38	gnina_cnn:rescore:crossdock_default2018	kcal/mol (empirical score, not a measured free energy)	-7.297	-9.032	19.791	25.0	8	genconf	/home/qasim/vgb_bench_data/prepared/receptors/posebusters/7NLV_UJE/receptor.pdbqt	42.36	508.2	4	/home/qasim/vgb_bench_data/poses/A2_genconf_refbox/gnina/posebusters/7NLV_UJE.sdf.gz	3282	2026-09-23T04:19:39+08:00
arm	A2_genconf_refbox	gnina	posebusters	7NF3_4LU	20260922	ok		5	-12.27	gnina_cnn:rescore:crossdock_default2018	kcal/mol (empirical score, not a measured free energy)	22.532	9.729	24.041	25.0	8	genconf	/home/qasim/vgb_bench_data/prepared/receptors/posebusters/7NF3_4LU/receptor.pdbqt	90.87	521.1	4	/home/qasim/vgb_bench_data/poses/A2_genconf_refbox/gnina/posebusters/7NF3_4LU.sdf.gz	4482	2026-09-23T04:19:06+08:00
arm	A2_genconf_refbox	gnina	posebusters	7NSW_HC4	20260922	ok		5	-7.19	gnina_cnn:rescore:crossdock_default2018	kcal/mol (empirical score, not a measured free energy)	64.411	44.282	26.768	25.0	8	genconf	/home/qasim/vgb_bench_data/prepared/receptors/posebusters/7NSW_HC4/receptor.pdbqt	17.82	521.1	4	/home/qasim/vgb_bench_data/poses/A2_genconf_refbox/gnina/posebusters/7NSW_HC4.sdf.gz	1544	2026-09-23T04:20:37+08:00
arm	A2_genconf_refbox	gnina	posebusters	7NU0_DCL	20260922	ok		5	-4.54	gnina_cnn:rescore:crossdock_default2018	kcal/mol (empirical score, not a measured free energy)	22.926	-12.641	-27.169	25.0	8	genconf	/home/qasim/vgb_bench_data/prepared/receptors/posebusters/7NU0_DCL/receptor.pdbqt	17.79	521.1	4	/home/qasim/vgb_bench_data/poses/A2_genconf_refbox/gnina/posebusters/7NU0_DCL.sdf.gz	1810	2026-09-23T04:20:55+08:00
arm	A2_genconf_refbox	gnina	posebusters	7NPL_UKZ	20260922	ok		5	-14.19	gnina_cnn:rescore:crossdock_default2018	kcal/mol (empirical score, not a measured free energy)	-18.778	1.82	8.168	25.0	8	genconf	/home/qasim/vgb_bench_data/prepared/receptors/posebusters/7NPL_UKZ/receptor.pdbqt	64.18	476.8	4	/home/qasim/vgb_bench_data/poses/A2_genconf_refbox/gnina/posebusters/7NPL_UKZ.sdf.gz	3565	2026-09-23T04:20:09+08:00
arm	A2_genconf_refbox	gnina	posebusters	7NP6_UK8	20260922	ok		5	-13.49	gnina_cnn:rescore:crossdock_default2018	kcal/mol (empirical score, not a measured free energy)	-1.397	44.195	14.65	25.0	8	genconf	/home/qasim/vgb_bench_data/prepared/receptors/posebusters/7NP6_UK8/receptor.pdbqt	95.21	498.6	4	/home/qasim/vgb_bench_data/poses/A2_genconf_refbox/gnina/posebusters/7NP6_UK8.sdf.gz	3203	2026-09-23T04:19:51+08:00
arm	A2_genconf_refbox	gnina	posebusters	7NUT_GLP	20260922	ok		5	-5.31	gnina_cnn:rescore:crossdock_default2018	kcal/mol (empirical score, not a measured free energy)	4.02	3.546	-36.639	25.0	8	genconf	/home/qasim/vgb_bench_data/prepared/receptors/posebusters/7NUT_GLP/receptor.pdbqt	27.03	521.1	4	/home/qasim/vgb_bench_data/poses/A2_genconf_refbox/gnina/posebusters/7NUT_GLP.sdf.gz	2213	2026-09-23T04:21:13+08:00
arm	A2_genconf_refbox	gnina	posebusters	7O0N_CDP	20260922	ok		5	-11.02	gnina_cnn:rescore:crossdock_default2018	kcal/mol (empirical score, not a measured free energy)	10.419	19.648	29.782	25.0	8	genconf	/home/qasim/vgb_bench_data/prepared/receptors/posebusters/7O0N_CDP/receptor.pdbqt	50.61	498.6	4	/home/qasim/vgb_bench_data/poses/A2_genconf_refbox/gnina/posebusters/7O0N_CDP.sdf.gz	2829	2026-09-23T04:21:26+08:00
arm	A2_genconf_refbox	gnina	posebusters	7NXO_UU8	20260922	ok		5	-11.0	gnina_cnn:rescore:crossdock_default2018	kcal/mol (empirical score, not a measured free energy)	41.462	-1.105	11.239	25.0	8	genconf	/home/qasim/vgb_bench_data/prepared/receptors/posebusters/7NXO_UU8/receptor.pdbqt	72.16	476.8	4	/home/qasim/vgb_bench_data/poses/A2_genconf_refbox/gnina/posebusters/7NXO_UU8.sdf.gz	3540	2026-09-23T04:21:14+08:00
arm	A2_genconf_refbox	gnina	posebusters	7O1T_5X8	20260922	ok		5	-10.26	gnina_cnn:rescore:crossdock_default2018	kcal/mol (empirical score, not a measured free energy)	-12.927	13.266	-25.113	25.0	8	genconf	/home/qasim/vgb_bench_data/prepared/receptors/posebusters/7O1T_5X8/receptor.pdbqt	58.78	521.1	4	/home/qasim/vgb_bench_data/poses/A2_genconf_refbox/gnina/posebusters/7O1T_5X8.sdf.gz	2996	2026-09-23T04:21:40+08:00
arm	A2_genconf_refbox	gnina	posebusters	7OFF_VCB	20260922	ok		5	-9.59	gnina_cnn:rescore:crossdock_default2018	kcal/mol (empirical score, not a measured free energy)	38.893	-26.855	10.487	25.0	8	genconf	/home/qasim/vgb_bench_data/prepared/receptors/posebusters/7OFF_VCB/receptor.pdbqt	37.89	521.1	4	/home/qasim/vgb_bench_data/poses/A2_genconf_refbox/gnina/posebusters/7OFF_VCB.sdf.gz	2961	2026-09-23T04:22:38+08:00
arm	A2_genconf_refbox	gnina	posebusters	7NR8_UOE	20260922	ok		5	-11.93	gnina_cnn:rescore:crossdock_default2018	kcal/mol (empirical score, not a measured free energy)	4.524	9.49	45.41	25.0	8	genconf	/home/qasim/vgb_bench_data/prepared/receptors/posebusters/7NR8_UOE/receptor.pdbqt	185.23	508.2	4	/home/qasim/vgb_bench_data/poses/A2_genconf_refbox/gnina/posebusters/7NR8_UOE.sdf.gz	5784	2026-09-23T04:20:21+08:00
arm	A2_genconf_refbox	gnina	posebusters	7ODY_DGI	20260922	ok		5	-11.01	gnina_cnn:rescore:crossdock_default2018	kcal/mol (empirical score, not a measured free energy)	3.736	-0.645	-29.192	25.0	8	genconf	/home/qasim/vgb_bench_data/prepared/receptors/posebusters/7ODY_DGI/receptor.pdbqt	72.85	498.6	4	/home/qasim/vgb_bench_data/poses/A2_genconf_refbox/gnina/posebusters/7ODY_DGI.sdf.gz	3033	2026-09-23T04:22:17+08:00
arm	A2_genconf_refbox	gnina	posebusters	7OEO_V9Z	20260922	ok		5	-8.56	gnina_cnn:rescore:crossdock_default2018	kcal/mol (empirical score, not a measured free energy)	-16.84	-7.44	-22.139	25.0	8	genconf	/home/qasim/vgb_bench_data/prepared/receptors/posebusters/7OEO_V9Z/receptor.pdbqt	86.2	476.8	4	/home/qasim/vgb_bench_data/poses/A2_genconf_refbox/gnina/posebusters/7OEO_V9Z.sdf.gz	4178	2026-09-23T04:22:26+08:00
arm	A2_genconf_refbox	gnina	posebusters	7OLI_8HG	20260922	ok		5	-7.29	gnina_cnn:rescore:crossdock_default2018	kcal/mol (empirical score, not a measured free energy)	8.203	23.724	32.454	25.0	8	genconf	/home/qasim/vgb_bench_data/prepared/receptors/posebusters/7OLI_8HG/receptor.pdbqt	31.38	508.2	4	/home/qasim/vgb_bench_data/poses/A2_genconf_refbox/gnina/posebusters/7OLI_8HG.sdf.gz	2431	2026-09-23T04:23:26+08:00
arm	A2_genconf_refbox	gnina	posebusters	7OP9_06K	20260922	ok		5	-5.45	gnina_cnn:rescore:crossdock_default2018	kcal/mol (empirical score, not a measured free energy)	-84.244	-28.109	-34.625	25.0	8	genconf	/home/qasim/vgb_bench_data/prepared/receptors/posebusters/7OP9_06K/receptor.pdbqt	16.81	505.6	4	/home/qasim/vgb_bench_data/poses/A2_genconf_refbox/gnina/posebusters/7OP9_06K.sdf.gz	1080	2026-09-23T04:23:52+08:00
arm	A2_genconf_refbox	gnina	posebusters	7OSO_0V1	20260922	ok		5	-4.38	gnina_cnn:rescore:crossdock_default2018	kcal/mol (empirical score, not a measured free energy)	31.27	8.166	10.51	25.0	8	genconf	/home/qasim/vgb_bench_data/prepared/receptors/posebusters/7OSO_0V1/receptor.pdbqt	13.05	505.6	4	/home/qasim/vgb_bench_data/poses/A2_genconf_refbox/gnina/posebusters/7OSO_0V1.sdf.gz	1382	2026-09-23T04:24:09+08:00
arm	A2_genconf_refbox	gnina	posebusters	7OPG_06N	20260922	ok		5	-9.03	gnina_cnn:rescore:crossdock_default2018	kcal/mol (empirical score, not a measured free energy)	55.492	2.581	56.51	25.0	8	genconf	/home/qasim/vgb_bench_data/prepared/receptors/posebusters/7OPG_06N/receptor.pdbqt	31.02	508.2	4	/home/qasim/vgb_bench_data/poses/A2_genconf_refbox/gnina/posebusters/7OPG_06N.sdf.gz	2486	2026-09-23T04:23:58+08:00
arm	A2_genconf_refbox	gnina	posebusters	7OFK_VCH	20260922	ok		5	-11.81	gnina_cnn:rescore:crossdock_default2018	kcal/mol (empirical score, not a measured free energy)	-27.076	3.304	-14.501	25.0	8	genconf	/home/qasim/vgb_bench_data/prepared/receptors/posebusters/7OFK_VCH/receptor.pdbqt	93.98	521.1	4	/home/qasim/vgb_bench_data/poses/A2_genconf_refbox/gnina/posebusters/7OFK_VCH.sdf.gz	3679	2026-09-23T04:23:16+08:00
arm	A2_genconf_refbox	gnina	posebusters	7OZC_G6S	20260922	ok		5	-7.92	gnina_cnn:rescore:crossdock_default2018	kcal/mol (empirical score, not a measured free energy)	15.565	-1.739	19.878	25.0	8	genconf	/home/qasim/vgb_bench_data/prepared/receptors/posebusters/7OZC_G6S/receptor.pdbqt	27.8	508.2	4	/home/qasim/vgb_bench_data/poses/A2_genconf_refbox/gnina/posebusters/7OZC_G6S.sdf.gz	2166	2026-09-23T04:24:29+08:00
arm	A2_genconf_refbox	gnina	posebusters	7OZ9_NGK	20260922	ok		5	-4.48	gnina_cnn:rescore:crossdock_default2018	kcal/mol (empirical score, not a measured free energy)	34.772	39.092	32.248	25.0	8	genconf	/home/qasim/vgb_bench_data/prepared/receptors/posebusters/7OZ9_NGK/receptor.pdbqt	42.46	505.6	4	/home/qasim/vgb_bench_data/poses/A2_genconf_refbox/gnina/posebusters/7OZ9_NGK.sdf.gz	2519	2026-09-23T04:24:22+08:00
arm	A2_genconf_refbox	gnina	posebusters	7P2I_MFU	20260922	ok		5	-6.62	gnina_cnn:rescore:crossdock_default2018	kcal/mol (empirical score, not a measured free energy)	1.161	16.471	44.189	25.0	8	genconf	/home/qasim/vgb_bench_data/prepared/receptors/posebusters/7P2I_MFU/receptor.pdbqt	12.18	505.6	4	/home/qasim/vgb_bench_data/poses/A2_genconf_refbox/gnina/posebusters/7P2I_MFU.sdf.gz	2025	2026-09-23T04:25:04+08:00
arm	A2_genconf_refbox	gnina	posebusters	7P1F_KFN	20260922	ok		5	-8.46	gnina_cnn:rescore:crossdock_default2018	kcal/mol (empirical score, not a measured free energy)	-20.183	-41.374	29.353	25.0	8	genconf	/home/qasim/vgb_bench_data/prepared/receptors/posebusters/7P1F_KFN/receptor.pdbqt	36.35	521.1	4	/home/qasim/vgb_bench_data/poses/A2_genconf_refbox/gnina/posebusters/7P1F_KFN.sdf.gz	2321	2026-09-23T04:24:50+08:00
arm	A2_genconf_refbox	gnina	posebusters	7P4C_5OV	20260922	ok		5	-4.23	gnina_cnn:rescore:crossdock_default2018	kcal/mol (empirical score, not a measured free energy)	84.073	14.334	35.709	25.0	8	genconf	/home/qasim/vgb_bench_data/prepared/receptors/posebusters/7P4C_5OV/receptor.pdbqt	20.56	505.6	4	/home/qasim/vgb_bench_data/poses/A2_genconf_refbox/gnina/posebusters/7P4C_5OV.sdf.gz	2209	2026-09-23T04:25:16+08:00
arm	A2_genconf_refbox	gnina	posebusters	7P1M_4IU	20260922	ok		5	-4.54	gnina_cnn:rescore:crossdock_default2018	kcal/mol (empirical score, not a measured free energy)	39.213	-7.827	-27.673	25.0	8	genconf	/home/qasim/vgb_bench_data/prepared/receptors/posebusters/7P1M_4IU/receptor.pdbqt	52.91	508.2	4	/home/qasim/vgb_bench_data/poses/A2_genconf_refbox/gnina/posebusters/7P1M_4IU.sdf.gz	3079	2026-09-23T04:24:57+08:00
arm	A2_genconf_refbox	gnina	posebusters	7P5T_5YG	20260922	ok		5	-4.79	gnina_cnn:rescore:crossdock_default2018	kcal/mol (empirical score, not a measured free energy)	-21.765	4.041	-13.812	25.0	8	genconf	/home/qasim/vgb_bench_data/prepared/receptors/posebusters/7P5T_5YG/receptor.pdbqt	43.56	521.1	4	/home/qasim/vgb_bench_data/poses/A2_genconf_refbox/gnina/posebusters/7P5T_5YG.sdf.gz	3104	2026-09-23T04:25:27+08:00
arm	A2_genconf_refbox	gnina	posebusters	7PJQ_OWH	20260922	ok		5	-5.05	gnina_cnn:rescore:crossdock_default2018	kcal/mol (empirical score, not a measured free energy)	11.143	25.89	-6.264	25.0	8	genconf	/home/qasim/vgb_bench_data/prepared/receptors/posebusters/7PJQ_OWH/receptor.pdbqt	13.26	521.1	4	/home/qasim/vgb_bench_data/poses/A2_genconf_refbox/gnina/posebusters/7PJQ_OWH.sdf.gz	1466	2026-09-23T04:26:10+08:00
arm	A2_genconf_refbox	gnina	posebusters	7PIH_7QW	20260922	ok		5	-9.56	gnina_cnn:rescore:crossdock_default2018	kcal/mol (empirical score, not a measured free energy)	12.966	-24.427	-27.416	25.0	8	genconf	/home/qasim/vgb_bench_data/prepared/receptors/posebusters/7PIH_7QW/receptor.pdbqt	37.46	508.2	4	/home/qasim/vgb_bench_data/poses/A2_genconf_refbox/gnina/posebusters/7PIH_7QW.sdf.gz	3141	2026-09-23T04:25:50+08:00
arm	A2_genconf_refbox	gnina	posebusters	7PGX_FMN	20260922	ok		5	-10.08	gnina_cnn:rescore:crossdock_default2018	kcal/mol (empirical score, not a measured free energy)	-20.116	3.101	-7.285	25.0	8	genconf	/home/qasim/vgb_bench_data/prepared/receptors/posebusters/7PGX_FMN/receptor.pdbqt	79.83	505.6	4	/home/qasim/vgb_bench_data/poses/A2_genconf_refbox/gnina/posebusters/7PGX_FMN.sdf.gz	3609	2026-09-23T04:25:37+08:00
arm	A2_genconf_refbox	gnina	posebusters	7OMX_CNA	20260922	ok		5	-11.68	gnina_cnn:rescore:crossdock_default2018	kcal/mol (empirical score, not a measured free energy)	11.696	-12.823	-8.436	25.0	8	genconf	/home/qasim/vgb_bench_data/prepared/receptors/posebusters/7OMX_CNA/receptor.pdbqt	238.91	498.6	4	/home/qasim/vgb_bench_data/poses/A2_genconf_refbox/gnina/posebusters/7OMX_CNA.sdf.gz	5030	2026-09-23T04:23:30+08:00
arm	A2_genconf_refbox	gnina	posebusters	7POM_7VZ	20260922	ok		5	-7.0	gnina_cnn:rescore:crossdock_default2018	kcal/mol (empirical score, not a measured free energy)	-42.269	20.375	-61.409	25.0	8	genconf	/home/qasim/vgb_bench_data/prepared/receptors/posebusters/7POM_7VZ/receptor.pdbqt	38.23	505.6	4	/home/qasim/vgb_bench_data/poses/A2_genconf_refbox/gnina/posebusters/7POM_7VZ.sdf.gz	2910	2026-09-23T04:26:57+08:00
arm	A2_genconf_refbox	gnina	posebusters	7PL1_SFG	20260922	ok		5	-8.35	gnina_cnn:rescore:crossdock_default2018	kcal/mol (empirical score, not a measured free energy)	44.268	-16.814	-7.554	25.0	8	genconf	/home/qasim/vgb_bench_data/prepared/receptors/posebusters/7PL1_SFG/receptor.pdbqt	68.88	508.2	4	/home/qasim/vgb_bench_data/poses/A2_genconf_refbox/gnina/posebusters/7PL1_SFG.sdf.gz	3472	2026-09-23T04:26:27+08:00
arm	A2_genconf_refbox	gnina	posebusters	7PRI_7TI	20260922	ok		5	-7.28	gnina_cnn:rescore:crossdock_default2018	kcal/mol (empirical score, not a measured free energy)	50.492	-44.761	-12.641	25.0	8	genconf	/home/qasim/vgb_bench_data/prepared/receptors/posebusters/7PRI_7TI/receptor.pdbqt	29.44	498.6	4	/home/qasim/vgb_bench_data/poses/A2_genconf_refbox/gnina/posebusters/7PRI_7TI.sdf.gz	2058	2026-09-23T04:27:29+08:00
arm	A2_genconf_refbox	gnina	posebusters	7PRM_81I	20260922	ok		5	-10.64	gnina_cnn:rescore:crossdock_default2018	kcal/mol (empirical score, not a measured free energy)	124.362	20.653	-7.531	25.0	8	genconf	/home/qasim/vgb_bench_data/prepared/receptors/posebusters/7PRM_81I/receptor.pdbqt	58.05	505.6	4	/home/qasim/vgb_bench_data/poses/A2_genconf_refbox/gnina/posebusters/7PRM_81I.sdf.gz	4012	2026-09-23T04:27:35+08:00
arm	A2_genconf_refbox	gnina	posebusters	7PUV_84Z	20260922	ok		5	-7.62	gnina_cnn:rescore:crossdock_default2018	kcal/mol (empirical score, not a measured free energy)	25.749	6.487	10.733	25.0	8	genconf	/home/qasim/vgb_bench_data/prepared/receptors/posebusters/7PUV_84Z/receptor.pdbqt	36.16	498.6	4	/home/qasim/vgb_bench_data/poses/A2_genconf_refbox/gnina/posebusters/7PUV_84Z.sdf.gz	2534	2026-09-23T04:27:58+08:00
arm	A2_genconf_refbox	gnina	posebusters	7Q25_8J9	20260922	ok		5	-9.21	gnina_cnn:rescore:crossdock_default2018	kcal/mol (empirical score, not a measured free energy)	-51.816	95.266	24.214	25.0	8	genconf	/home/qasim/vgb_bench_data/prepared/receptors/posebusters/7Q25_8J9/receptor.pdbqt	104.98	505.6	4	/home/qasim/vgb_bench_data/poses/A2_genconf_refbox/gnina/posebusters/7Q25_8J9.sdf.gz	4649	2026-09-23T04:28:33+08:00
arm	A2_genconf_refbox	gnina	posebusters	7Q27_8KC	20260922	ok		5	-10.04	gnina_cnn:rescore:crossdock_default2018	kcal/mol (empirical score, not a measured free energy)	-13.282	-7.792	21.754	25.0	8	genconf	/home/qasim/vgb_bench_data/prepared/receptors/posebusters/7Q27_8KC/receptor.pdbqt	114.79	498.6	4	/home/qasim/vgb_bench_data/poses/A2_genconf_refbox/gnina/posebusters/7Q27_8KC.sdf.gz	4717	2026-09-23T04:28:34+08:00
arm	A2_genconf_refbox	gnina	posebusters	7Q2B_M6H	20260922	ok		5	-6.19	gnina_cnn:rescore:crossdock_default2018	kcal/mol (empirical score, not a measured free energy)	-30.344	-11.896	13.346	25.0	8	genconf	/home/qasim/vgb_bench_data/prepared/receptors/posebusters/7Q2B_M6H/receptor.pdbqt	20.61	505.6	4	/home/qasim/vgb_bench_data/poses/A2_genconf_refbox/gnina/posebusters/7Q2B_M6H.sdf.gz	1902	2026-09-23T04:30:18+08:00
arm	A2_genconf_refbox	gnina	posebusters	7QE4_NGA	20260922	ok		5	-3.7	gnina_cnn:rescore:crossdock_default2018	kcal/mol (empirical score, not a measured free energy)	48.987	19.701	74.98	25.0	8	genconf	/home/qasim/vgb_bench_data/prepared/receptors/posebusters/7QE4_NGA/receptor.pdbqt	16.16	505.6	4	/home/qasim/vgb_bench_data/poses/A2_genconf_refbox/gnina/posebusters/7QE4_NGA.sdf.gz	2310	2026-09-23T04:30:39+08:00
arm	A2_genconf_refbox	gnina	posebusters	7Q5I_I0F	20260922	ok		5	-11.35	gnina_cnn:rescore:crossdock_default2018	kcal/mol (empirical score, not a measured free energy)	34.962	23.956	30.26	25.0	8	genconf	/home/qasim/vgb_bench_data/prepared/receptors/posebusters/7Q5I_I0F/receptor.pdbqt	47.26	498.6	4	/home/qasim/vgb_bench_data/poses/A2_genconf_refbox/gnina/posebusters/7Q5I_I0F.sdf.gz	3495	2026-09-23T04:30:29+08:00
arm	A2_genconf_refbox	gnina	posebusters	7QFM_AY3	20260922	ok		5	-9.55	gnina_cnn:rescore:crossdock_default2018	kcal/mol (empirical score, not a measured free energy)	-119.262	203.362	-0.569	25.0	8	genconf	/home/qasim/vgb_bench_data/prepared/receptors/posebusters/7QFM_AY3/receptor.pdbqt	20.39	498.6	4	/home/qasim/vgb_bench_data/poses/A2_genconf_refbox/gnina/posebusters/7QFM_AY3.sdf.gz	2248	2026-09-23T04:31:16+08:00
arm	A2_genconf_refbox	gnina	posebusters	7QGP_DJ8	20260922	failed	gnina: ATOM     26  C   UNL     1      -3.738  -2.632   0.907  1.00  0.00    +0.181 CG0			gnina_cnn:rescore:crossdock_default2018	kcal/mol (empirical score, not a measured free energy)	-26.649	4.088	11.83	25.0	8	genconf	/home/qasim/vgb_bench_data/prepared/receptors/posebusters/7QGP_DJ8/receptor.pdbqt	0.73		4			2026-09-23T04:31:37+08:00
arm	A2_genconf_refbox	gnina	posebusters	7QF4_RBF	20260922	ok		5	-11.81	gnina_cnn:rescore:crossdock_default2018	kcal/mol (empirical score, not a measured free energy)	-0.588	-4.744	-11.573	25.0	8	genconf	/home/qasim/vgb_bench_data/prepared/receptors/posebusters/7QF4_RBF/receptor.pdbqt	50.74	505.6	4	/home/qasim/vgb_bench_data/poses/A2_genconf_refbox/gnina/posebusters/7QF4_RBF.sdf.gz	3238	2026-09-23T04:30:55+08:00
arm	A2_genconf_refbox	gnina	posebusters	7QHL_D5P	20260922	ok		5	-9.09	gnina_cnn:rescore:crossdock_default2018	kcal/mol (empirical score, not a measured free energy)	23.866	-14.805	37.988	25.0	8	genconf	/home/qasim/vgb_bench_data/prepared/receptors/posebusters/7QHL_D5P/receptor.pdbqt	56.77	505.6	4	/home/qasim/vgb_bench_data/poses/A2_genconf_refbox/gnina/posebusters/7QHL_D5P.sdf.gz	3774	2026-09-23T04:31:46+08:00
arm	A2_genconf_refbox	gnina	posebusters	7QPP_VDX	20260922	ok		5	30.69	gnina_cnn:rescore:crossdock_default2018	kcal/mol (empirical score, not a measured free energy)	11.374	22.414	34.233	25.0	8	genconf	/home/qasim/vgb_bench_data/prepared/receptors/posebusters/7QPP_VDX/receptor.pdbqt	49.9	505.6	4	/home/qasim/vgb_bench_data/poses/A2_genconf_refbox/gnina/posebusters/7QPP_VDX.sdf.gz	5164	2026-09-23T04:32:42+08:00
arm	A2_genconf_refbox	gnina	posebusters	7QTA_URI	20260922	ok		5	-6.99	gnina_cnn:rescore:crossdock_default2018	kcal/mol (empirical score, not a measured free energy)	7.106	5.257	-9.162	25.0	8	genconf	/home/qasim/vgb_bench_data/prepared/receptors/posebusters/7QTA_URI/receptor.pdbqt	18.82	505.6	4	/home/qasim/vgb_bench_data/poses/A2_genconf_refbox/gnina/posebusters/7QTA_URI.sdf.gz	2188	2026-09-23T04:33:32+08:00
arm	A2_genconf_refbox	gnina	posebusters	7QHG_T3B	20260922	ok		5	-12.5	gnina_cnn:rescore:crossdock_default2018	kcal/mol (empirical score, not a measured free energy)	45.736	-10.347	109.978	25.0	8	genconf	/home/qasim/vgb_bench_data/prepared/receptors/posebusters/7QHG_T3B/receptor.pdbqt	150.59	498.6	4	/home/qasim/vgb_bench_data/poses/A2_genconf_refbox/gnina/posebusters/7QHG_T3B.sdf.gz	5106	2026-09-23T04:31:38+08:00
arm	A2_genconf_refbox	gnina	posebusters	7PK0_BYC	20260922	ok		5	-10.48	gnina_cnn:rescore:crossdock_default2018	kcal/mol (empirical score, not a measured free energy)	-19.926	27.675	-18.748	25.0	8	genconf	/home/qasim/vgb_bench_data/prepared/receptors/posebusters/7PK0_BYC/receptor.pdbqt	475.4	521.1	4	/home/qasim/vgb_bench_data/poses/A2_genconf_refbox/gnina/posebusters/7PK0_BYC.sdf.gz	6459	2026-09-23T04:26:23+08:00
arm	A2_genconf_refbox	gnina	posebusters	7R59_I5F	20260922	ok		5	-7.73	gnina_cnn:rescore:crossdock_default2018	kcal/mol (empirical score, not a measured free energy)	1.633	4.247	10.667	25.0	8	genconf	/home/qasim/vgb_bench_data/prepared/receptors/posebusters/7R59_I5F/receptor.pdbqt	21.84	498.6	4	/home/qasim/vgb_bench_data/poses/A2_genconf_refbox/gnina/posebusters/7R59_I5F.sdf.gz	1417	2026-09-23T04:34:08+08:00
arm	A2_genconf_refbox	gnina	posebusters	7R6J_2I7	20260922	ok		5	-9.47	gnina_cnn:rescore:crossdock_default2018	kcal/mol (empirical score, not a measured free energy)	-7.682	-38.199	-35.543	25.0	8	genconf	/home/qasim/vgb_bench_data/prepared/receptors/posebusters/7R6J_2I7/receptor.pdbqt	74.21	521.1	4	/home/qasim/vgb_bench_data/poses/A2_genconf_refbox/gnina/posebusters/7R6J_2I7.sdf.gz	4290	2026-09-23T04:34:19+08:00
arm	A2_genconf_refbox	gnina	posebusters	7R7R_AWJ	20260922	ok		5	-9.4	gnina_cnn:rescore:crossdock_default2018	kcal/mol (empirical score, not a measured free energy)	31.097	47.125	8.121	25.0	8	genconf	/home/qasim/vgb_bench_data/prepared/receptors/posebusters/7R7R_AWJ/receptor.pdbqt	71.38	498.6	4	/home/qasim/vgb_bench_data/poses/A2_genconf_refbox/gnina/posebusters/7R7R_AWJ.sdf.gz	3999	2026-09-23T04:34:30+08:00
arm	A2_genconf_refbox	gnina	posebusters	7R3D_APR	20260922	ok		5	-10.17	gnina_cnn:rescore:crossdock_default2018	kcal/mol (empirical score, not a measured free energy)	15.159	21.405	-50.689	25.0	8	genconf	/home/qasim/vgb_bench_data/prepared/receptors/posebusters/7R3D_APR/receptor.pdbqt	122.07	505.6	4	/home/qasim/vgb_bench_data/poses/A2_genconf_refbox/gnina/posebusters/7R3D_APR.sdf.gz	4090	2026-09-23T04:33:51+08:00
arm	A2_genconf_refbox	gnina	posebusters	7PT3_3KK	20260922	ok		5	-10.64	gnina_cnn:rescore:crossdock_default2018	kcal/mol (empirical score, not a measured free energy)	-26.2	-5.194	30.072	25.0	8	genconf	/home/qasim/vgb_bench_data/prepared/receptors/posebusters/7PT3_3KK/receptor.pdbqt	516.21	508.2	4	/home/qasim/vgb_bench_data/poses/A2_genconf_refbox/gnina/posebusters/7PT3_3KK.sdf.gz	6604	2026-09-23T04:27:36+08:00
arm	A2_genconf_refbox	gnina	posebusters	7R9N_F97	20260922	ok		5	-8.7	gnina_cnn:rescore:crossdock_default2018	kcal/mol (empirical score, not a measured free energy)	-38.94	-113.872	222.94	25.0	8	genconf	/home/qasim/vgb_bench_data/prepared/receptors/posebusters/7R9N_F97/receptor.pdbqt	64.43	521.1	4	/home/qasim/vgb_bench_data/poses/A2_genconf_refbox/gnina/posebusters/7R9N_F97.sdf.gz	3909	2026-09-23T04:35:33+08:00
arm	A2_genconf_refbox	gnina	posebusters	7RC3_SAH	20260922	ok		5	-7.69	gnina_cnn:rescore:crossdock_default2018	kcal/mol (empirical score, not a measured free energy)	-44.603	13.878	7.203	25.0	8	genconf	/home/qasim/vgb_bench_data/prepared/receptors/posebusters/7RC3_SAH/receptor.pdbqt	69.13	498.6	4	/home/qasim/vgb_bench_data/poses/A2_genconf_refbox/gnina/posebusters/7RC3_SAH.sdf.gz	3310	2026-09-23T04:35:41+08:00
arm	A2_genconf_refbox	gnina	posebusters	7RKW_5TV	20260922	ok		5	-9.77	gnina_cnn:rescore:crossdock_default2018	kcal/mol (empirical score, not a measured free energy)	19.12	-7.568	18.611	25.0	8	genconf	/home/qasim/vgb_bench_data/prepared/receptors/posebusters/7RKW_5TV/receptor.pdbqt	47.81	508.2	4	/home/qasim/vgb_bench_data/poses/A2_genconf_refbox/gnina/posebusters/7RKW_5TV.sdf.gz	2758	2026-09-23T04:36:12+08:00
arm	A2_genconf_refbox	gnina	posebusters	7RNI_60I	20260922	ok		5	-9.64	gnina_cnn:rescore:crossdock_default2018	kcal/mol (empirical score, not a measured free energy)	182.593	123.656	30.417	25.0	8	genconf	/home/qasim/vgb_bench_data/prepared/receptors/posebusters/7RNI_60I/receptor.pdbqt	56.55	521.1	4	/home/qasim/vgb_bench_data/poses/A2_genconf_refbox/gnina/posebusters/7RNI_60I.sdf.gz	4437	2026-09-23T04:36:37+08:00
arm	A2_genconf_refbox	gnina	posebusters	7RH3_59O	20260922	ok		5	-7.26	gnina_cnn:rescore:crossdock_default2018	kcal/mol (empirical score, not a measured free energy)	17.406	-9.663	0.254	25.0	8	genconf	/home/qasim/vgb_bench_data/prepared/receptors/posebusters/7RH3_59O/receptor.pdbqt	106.05	505.6	4	/home/qasim/vgb_bench_data/poses/A2_genconf_refbox/gnina/posebusters/7RH3_59O.sdf.gz	3896	2026-09-23T04:35:53+08:00
arm	A2_genconf_refbox	gnina	posebusters	7RWS_4UR	20260922	failed	gnina: ATOM     28  C   UNL     1      -2.802   1.482  -3.138  1.00  0.00    +0.208 CG0			gnina_cnn:rescore:crossdock_default2018	kcal/mol (empirical score, not a measured free energy)	15.819	51.453	39.245	25.0	8	genconf	/home/qasim/vgb_bench_data/prepared/receptors/posebusters/7RWS_4UR/receptor.pdbqt	0.64		4			2026-09-23T04:37:39+08:00
arm	A2_genconf_refbox	gnina	posebusters	7RZL_NPO	20260922	ok		5	-5.49	gnina_cnn:rescore:crossdock_default2018	kcal/mol (empirical score, not a measured free energy)	30.851	5.606	61.434	25.0	8	genconf	/home/qasim/vgb_bench_data/prepared/receptors/posebusters/7RZL_NPO/receptor.pdbqt	16.35	505.6	4	/home/qasim/vgb_bench_data/poses/A2_genconf_refbox/gnina/posebusters/7RZL_NPO.sdf.gz	1216	2026-09-23T04:37:40+08:00
arm	A2_genconf_refbox	gnina	posebusters	7RSV_7IQ	20260922	ok		5	-7.61	gnina_cnn:rescore:crossdock_default2018	kcal/mol (empirical score, not a measured free energy)	0.764	-38.561	-0.126	25.0	8	genconf	/home/qasim/vgb_bench_data/prepared/receptors/posebusters/7RSV_7IQ/receptor.pdbqt	28.28	521.1	4	/home/qasim/vgb_bench_data/poses/A2_genconf_refbox/gnina/posebusters/7RSV_7IQ.sdf.gz	2867	2026-09-23T04:37:34+08:00
arm	A2_genconf_refbox	gnina	posebusters	7ROR_69X	20260922	ok		5	-13.1	gnina_cnn:rescore:crossdock_default2018	kcal/mol (empirical score, not a measured free energy)	9.441	-3.199	55.227	25.0	8	genconf	/home/qasim/vgb_bench_data/prepared/receptors/posebusters/7ROR_69X/receptor.pdbqt	115.34	498.6	4	/home/qasim/vgb_bench_data/poses/A2_genconf_refbox/gnina/posebusters/7ROR_69X.sdf.gz	4046	2026-09-23T04:36:51+08:00
arm	A2_genconf_refbox	gnina	posebusters	7SDD_4IP	20260922	ok		5	-8.23	gnina_cnn:rescore:crossdock_default2018	kcal/mol (empirical score, not a measured free energy)	11.2	-2.117	-7.191	25.0	8	genconf	/home/qasim/vgb_bench_data/prepared/receptors/posebusters/7SDD_4IP/receptor.pdbqt	68.19	521.1	4	/home/qasim/vgb_bench_data/poses/A2_genconf_refbox/gnina/posebusters/7SDD_4IP.sdf.gz	3016	2026-09-23T04:38:02+08:00
arm	A2_genconf_refbox	gnina	posebusters	7SFO_98L	20260922	ok		5	-10.51	gnina_cnn:rescore:crossdock_default2018	kcal/mol (empirical score, not a measured free energy)	3.212	4.022	-6.077	25.0	8	genconf	/home/qasim/vgb_bench_data/prepared/receptors/posebusters/7SFO_98L/receptor.pdbqt	41.48	498.6	4	/home/qasim/vgb_bench_data/poses/A2_genconf_refbox/gnina/posebusters/7SFO_98L.sdf.gz	2716	2026-09-23T04:38:46+08:00
arm	A2_genconf_refbox	gnina	posebusters	7SCW_GSP	20260922	ok		5	-10.58	gnina_cnn:rescore:crossdock_default2018	kcal/mol (empirical score, not a measured free energy)	28.942	22.258	-5.183	25.0	8	genconf	/home/qasim/vgb_bench_data/prepared/receptors/posebusters/7SCW_GSP/receptor.pdbqt	94.72	505.6	4	/home/qasim/vgb_bench_data/poses/A2_genconf_refbox/gnina/posebusters/7SCW_GSP.sdf.gz	3404	2026-09-23T04:37:56+08:00
arm	A2_genconf_refbox	gnina	posebusters	7ROU_66I	20260922	ok		5	-12.42	gnina_cnn:rescore:crossdock_default2018	kcal/mol (empirical score, not a measured free energy)	62.242	17.754	44.64	25.0	8	genconf	/home/qasim/vgb_bench_data/prepared/receptors/posebusters/7ROU_66I/receptor.pdbqt	164.99	508.2	4	/home/qasim/vgb_bench_data/poses/A2_genconf_refbox/gnina/posebusters/7ROU_66I.sdf.gz	4301	2026-09-23T04:37:00+08:00
arm	A2_genconf_refbox	gnina	posebusters	7SUC_COM	20260922	ok		5	-3.91	gnina_cnn:rescore:crossdock_default2018	kcal/mol (empirical score, not a measured free energy)	26.496	33.108	-6.205	25.0	8	genconf	/home/qasim/vgb_bench_data/prepared/receptors/posebusters/7SUC_COM/receptor.pdbqt	19.26	502.9	4	/home/qasim/vgb_bench_data/poses/A2_genconf_refbox/gnina/posebusters/7SUC_COM.sdf.gz	1081	2026-09-23T04:39:27+08:00
arm	A2_genconf_refbox	gnina	posebusters	7SZA_DUI	20260922	ok		5	-9.43	gnina_cnn:rescore:crossdock_default2018	kcal/mol (empirical score, not a measured free energy)	-56.499	-14.938	24.342	25.0	8	genconf	/home/qasim/vgb_bench_data/prepared/receptors/posebusters/7SZA_DUI/receptor.pdbqt	29.65	505.6	4	/home/qasim/vgb_bench_data/poses/A2_genconf_refbox/gnina/posebusters/7SZA_DUI.sdf.gz	2186	2026-09-23T04:39:31+08:00
arm	A2_genconf_refbox	gnina	posebusters	7SIU_9ID	20260922	ok		5	-10.34	gnina_cnn:rescore:crossdock_default2018	kcal/mol (empirical score, not a measured free energy)	-30.454	3.92	-20.946	25.0	8	genconf	/home/qasim/vgb_bench_data/prepared/receptors/posebusters/7SIU_9ID/receptor.pdbqt	73.94	521.1	4	/home/qasim/vgb_bench_data/poses/A2_genconf_refbox/gnina/posebusters/7SIU_9ID.sdf.gz	3747	2026-09-23T04:39:10+08:00
arm	A2_genconf_refbox	gnina	posebusters	7T3E_SLB	20260922	ok		5	-9.02	gnina_cnn:rescore:crossdock_default2018	kcal/mol (empirical score, not a measured free energy)	15.356	-21.665	-23.257	25.0	8	genconf	/home/qasim/vgb_bench_data/prepared/receptors/posebusters/7T3E_SLB/receptor.pdbqt	37.66	505.6	4	/home/qasim/vgb_bench_data/poses/A2_genconf_refbox/gnina/posebusters/7T3E_SLB.sdf.gz	2860	2026-09-23T04:40:01+08:00
arm	A2_genconf_refbox	gnina	posebusters	7T0D_FPP	20260922	ok		5	-8.86	gnina_cnn:rescore:crossdock_default2018	kcal/mol (empirical score, not a measured free energy)	33.207	-31.624	-1.714	25.0	8	genconf	/home/qasim/vgb_bench_data/prepared/receptors/posebusters/7T0D_FPP/receptor.pdbqt	65.86	508.2	4	/home/qasim/vgb_bench_data/poses/A2_genconf_refbox/gnina/posebusters/7T0D_FPP.sdf.gz	3599	2026-09-23T04:39:45+08:00
arm	A2_genconf_refbox	gnina	posebusters	7T1D_E7K	20260922	ok		5	-13.78	gnina_cnn:rescore:crossdock_default2018	kcal/mol (empirical score, not a measured free energy)	23.826	-8.017	20.99	25.0	8	genconf	/home/qasim/vgb_bench_data/prepared/receptors/posebusters/7T1D_E7K/receptor.pdbqt	71.77	502.9	4	/home/qasim/vgb_bench_data/poses/A2_genconf_refbox/gnina/posebusters/7T1D_E7K.sdf.gz	4237	2026-09-23T04:39:47+08:00
arm	A2_genconf_refbox	gnina	posebusters	7TBU_S3P	20260922	ok		5	-6.81	gnina_cnn:rescore:crossdock_default2018	kcal/mol (empirical score, not a measured free energy)	26.322	69.36	7.312	25.0	8	genconf	/home/qasim/vgb_bench_data/prepared/receptors/posebusters/7TBU_S3P/receptor.pdbqt	29.01	505.6	4	/home/qasim/vgb_bench_data/poses/A2_genconf_refbox/gnina/posebusters/7TBU_S3P.sdf.gz	2093	2026-09-23T04:40:38+08:00
arm	A2_genconf_refbox	gnina	posebusters	7THI_PGA	20260922	ok		5	-6.34	gnina_cnn:rescore:crossdock_default2018	kcal/mol (empirical score, not a measured free energy)	37.848	35.762	114.861	25.0	8	genconf	/home/qasim/vgb_bench_data/prepared/receptors/posebusters/7THI_PGA/receptor.pdbqt	15.59	505.6	4	/home/qasim/vgb_bench_data/poses/A2_genconf_refbox/gnina/posebusters/7THI_PGA.sdf.gz	1127	2026-09-23T04:41:07+08:00
arm	A2_genconf_refbox	gnina	posebusters	7TM6_GPJ	20260922	ok		5	-5.52	gnina_cnn:rescore:crossdock_default2018	kcal/mol (empirical score, not a measured free energy)	-1.814	-0.483	-4.024	25.0	8	genconf	/home/qasim/vgb_bench_data/prepared/receptors/posebusters/7TM6_GPJ/receptor.pdbqt	16.63	505.6	4	/home/qasim/vgb_bench_data/poses/A2_genconf_refbox/gnina/posebusters/7TM6_GPJ.sdf.gz	1473	2026-09-23T04:41:23+08:00
arm	A2_genconf_refbox	gnina	posebusters	7TE8_P0T	20260922	ok		5	-11.5	gnina_cnn:rescore:crossdock_default2018	kcal/mol (empirical score, not a measured free energy)	-61.069	-56.962	35.599	25.0	8	genconf	/home/qasim/vgb_bench_data/prepared/receptors/posebusters/7TE8_P0T/receptor.pdbqt	61.19	508.2	4	/home/qasim/vgb_bench_data/poses/A2_genconf_refbox/gnina/posebusters/7TE8_P0T.sdf.gz	3660	2026-09-23T04:40:51+08:00
arm	A2_genconf_refbox	gnina	posebusters	7TOM_5AD	20260922	ok		5	-8.2	gnina_cnn:rescore:crossdock_default2018	kcal/mol (empirical score, not a measured free energy)	19.107	56.024	30.738	25.0	8	genconf	/home/qasim/vgb_bench_data/prepared/receptors/posebusters/7TOM_5AD/receptor.pdbqt	27.44	505.6	4	/home/qasim/vgb_bench_data/poses/A2_genconf_refbox/gnina/posebusters/7TOM_5AD.sdf.gz	2340	2026-09-23T04:41:39+08:00
arm	A2_genconf_refbox	gnina	posebusters	7TS6_KMI	20260922	ok		5	-8.65	gnina_cnn:rescore:crossdock_default2018	kcal/mol (empirical score, not a measured free energy)	-14.418	-1.031	-4.038	25.0	8	genconf	/home/qasim/vgb_bench_data/prepared/receptors/posebusters/7TS6_KMI/receptor.pdbqt	25.97	508.2	4	/home/qasim/vgb_bench_data/poses/A2_genconf_refbox/gnina/posebusters/7TS6_KMI.sdf.gz	2419	2026-09-23T04:41:52+08:00
arm	A2_genconf_refbox	gnina	posebusters	7TSF_H4B	20260922	ok		5	-8.93	gnina_cnn:rescore:crossdock_default2018	kcal/mol (empirical score, not a measured free energy)	7.112	2.973	34.75	25.0	8	genconf	/home/qasim/vgb_bench_data/prepared/receptors/posebusters/7TSF_H4B/receptor.pdbqt	26.41	505.6	4	/home/qasim/vgb_bench_data/poses/A2_genconf_refbox/gnina/posebusters/7TSF_H4B.sdf.gz	2424	2026-09-23T04:42:07+08:00
arm	A2_genconf_refbox	gnina	posebusters	7TH4_FFO	20260922	ok		5	-8.79	gnina_cnn:rescore:crossdock_default2018	kcal/mol (empirical score, not a measured free energy)	26.15	10.001	10.003	25.0	8	genconf	/home/qasim/vgb_bench_data/prepared/receptors/posebusters/7TH4_FFO/receptor.pdbqt	118.27	502.9	4	/home/qasim/vgb_bench_data/poses/A2_genconf_refbox/gnina/posebusters/7TH4_FFO.sdf.gz	3794	2026-09-23T04:40:58+08:00
arm	A2_genconf_refbox	gnina	posebusters	7TXK_LW8	20260922	ok		5	-6.91	gnina_cnn:rescore:crossdock_default2018	kcal/mol (empirical score, not a measured free energy)	29.964	44.209	90.312	25.0	8	genconf	/home/qasim/vgb_bench_data/prepared/receptors/posebusters/7TXK_LW8/receptor.pdbqt	23.44	505.6	4	/home/qasim/vgb_bench_data/poses/A2_genconf_refbox/gnina/posebusters/7TXK_LW8.sdf.gz	2257	2026-09-23T04:42:33+08:00
arm	A2_genconf_refbox	gnina	posebusters	7U0U_FK5	20260922	failed	gnina: ATOM     16  C   UNL     1      -2.675   3.773   0.499  1.00  0.00    -0.076 CG0			gnina_cnn:rescore:crossdock_default2018	kcal/mol (empirical score, not a measured free energy)	-31.598	-12.904	-24.921	25.0	8	genconf	/home/qasim/vgb_bench_data/prepared/receptors/posebusters/7U0U_FK5/receptor.pdbqt	0.72		4			2026-09-23T04:42:57+08:00
arm	A2_genconf_refbox	gnina	posebusters	7TB0_UD1	20260922	ok		5	-10.61	gnina_cnn:rescore:crossdock_default2018	kcal/mol (empirical score, not a measured free energy)	27.557	-30.334	39.859	25.0	8	genconf	/home/qasim/vgb_bench_data/prepared/receptors/posebusters/7TB0_UD1/receptor.pdbqt	162.69	521.1	4	/home/qasim/vgb_bench_data/poses/A2_genconf_refbox/gnina/posebusters/7TB0_UD1.sdf.gz	4583	2026-09-23T04:40:24+08:00
arm	A2_genconf_refbox	gnina	posebusters	7TUO_KL9	20260922	ok		5	-9.87	gnina_cnn:rescore:crossdock_default2018	kcal/mol (empirical score, not a measured free energy)	-0.488	24.023	-11.155	25.0	8	genconf	/home/qasim/vgb_bench_data/prepared/receptors/posebusters/7TUO_KL9/receptor.pdbqt	61.01	508.2	4	/home/qasim/vgb_bench_data/poses/A2_genconf_refbox/gnina/posebusters/7TUO_KL9.sdf.gz	3974	2026-09-23T04:42:18+08:00
arm	A2_genconf_refbox	gnina	posebusters	7UAW_MF6	20260922	failed	gnina: ATOM     23  C   UNL     1      -1.958  -2.425  -0.825  1.00  0.00    +0.179 CG0			gnina_cnn:rescore:crossdock_default2018	kcal/mol (empirical score, not a measured free energy)	-20.611	7.637	-16.544	25.0	8	genconf	/home/qasim/vgb_bench_data/prepared/receptors/posebusters/7UAW_MF6/receptor.pdbqt	0.75		4			2026-09-23T04:43:19+08:00
arm	A2_genconf_refbox	gnina	posebusters	7UAS_MBU	20260922	ok		5	-10.66	gnina_cnn:rescore:crossdock_default2018	kcal/mol (empirical score, not a measured free energy)	5.3	-32.533	26.597	25.0	8	genconf	/home/qasim/vgb_bench_data/prepared/receptors/posebusters/7UAS_MBU/receptor.pdbqt	93.15	521.1	4	/home/qasim/vgb_bench_data/poses/A2_genconf_refbox/gnina/posebusters/7UAS_MBU.sdf.gz	4900	2026-09-23T04:43:07+08:00
arm	A2_genconf_refbox	gnina	posebusters	7TYP_KUR	20260922	ok		5	-13.83	gnina_cnn:rescore:crossdock_default2018	kcal/mol (empirical score, not a measured free energy)	-33.626	8.911	21.193	25.0	8	genconf	/home/qasim/vgb_bench_data/prepared/receptors/posebusters/7TYP_KUR/receptor.pdbqt	107.1	502.9	4	/home/qasim/vgb_bench_data/poses/A2_genconf_refbox/gnina/posebusters/7TYP_KUR.sdf.gz	4657	2026-09-23T04:42:57+08:00
arm	A2_genconf_refbox	gnina	posebusters	7UJ5_DGL	20260922	ok		5	-6.98	gnina_cnn:rescore:crossdock_default2018	kcal/mol (empirical score, not a measured free energy)	-22.752	-18.276	-39.385	25.0	8	genconf	/home/qasim/vgb_bench_data/prepared/receptors/posebusters/7UJ5_DGL/receptor.pdbqt	19.64	521.1	4	/home/qasim/vgb_bench_data/poses/A2_genconf_refbox/gnina/posebusters/7UJ5_DGL.sdf.gz	1468	2026-09-23T04:44:40+08:00
arm	A2_genconf_refbox	gnina	posebusters	7U3J_L6U	20260922	ok		5	-10.25	gnina_cnn:rescore:crossdock_default2018	kcal/mol (empirical score, not a measured free energy)	13.364	6.371	-6.012	25.0	8	genconf	/home/qasim/vgb_bench_data/prepared/receptors/posebusters/7U3J_L6U/receptor.pdbqt	150.67	505.6	4	/home/qasim/vgb_bench_data/poses/A2_genconf_refbox/gnina/posebusters/7U3J_L6U.sdf.gz	4885	2026-09-23T04:42:57+08:00
arm	A2_genconf_refbox	gnina	posebusters	7UJF_R3V	20260922	ok		5	-11.94	gnina_cnn:rescore:crossdock_default2018	kcal/mol (empirical score, not a measured free energy)	-2.155	-15.182	-62.516	25.0	8	genconf	/home/qasim/vgb_bench_data/prepared/receptors/posebusters/7UJF_R3V/receptor.pdbqt	70.4	502.9	4	/home/qasim/vgb_bench_data/poses/A2_genconf_refbox/gnina/posebusters/7UJF_R3V.sdf.gz	4485	2026-09-23T04:44:44+08:00
arm	A2_genconf_refbox	gnina	posebusters	7UJ4_OQ4	20260922	ok		5	-9.17	gnina_cnn:rescore:crossdock_default2018	kcal/mol (empirical score, not a measured free energy)	-20.319	-2.219	23.792	25.0	8	genconf	/home/qasim/vgb_bench_data/prepared/receptors/posebusters/7UJ4_OQ4/receptor.pdbqt	162.82	508.2	4	/home/qasim/vgb_bench_data/poses/A2_genconf_refbox/gnina/posebusters/7UJ4_OQ4.sdf.gz	6231	2026-09-23T04:43:20+08:00
arm	A2_genconf_refbox	gnina	posebusters	7UQ3_O2U	20260922	ok		5	-7.15	gnina_cnn:rescore:crossdock_default2018	kcal/mol (empirical score, not a measured free energy)	8.647	141.967	100.494	25.0	8	genconf	/home/qasim/vgb_bench_data/prepared/receptors/posebusters/7UQ3_O2U/receptor.pdbqt	21.63	502.9	4	/home/qasim/vgb_bench_data/poses/A2_genconf_refbox/gnina/posebusters/7UQ3_O2U.sdf.gz	1477	2026-09-23T04:45:54+08:00
arm	A2_genconf_refbox	gnina	posebusters	7ULC_56B	20260922	ok		5	-11.96	gnina_cnn:rescore:crossdock_default2018	kcal/mol (empirical score, not a measured free energy)	72.04	15.837	68.645	25.0	8	genconf	/home/qasim/vgb_bench_data/prepared/receptors/posebusters/7ULC_56B/receptor.pdbqt	91.75	521.1	4	/home/qasim/vgb_bench_data/poses/A2_genconf_refbox/gnina/posebusters/7ULC_56B.sdf.gz	3983	2026-09-23T04:45:00+08:00
arm	A2_genconf_refbox	gnina	posebusters	7UXS_OJC	20260922	failed	gnina: ATOM     25  C   UNL     1      -3.813  -0.602  -1.522  1.00  0.00    +0.179 CG0			gnina_cnn:rescore:crossdock_default2018	kcal/mol (empirical score, not a measured free energy)	-13.912	31.725	-13.901	25.0	8	genconf	/home/qasim/vgb_bench_data/prepared/receptors/posebusters/7UXS_OJC/receptor.pdbqt	0.68		4			2026-09-23T04:46:32+08:00
arm	A2_genconf_refbox	gnina	posebusters	7USH_82V	20260922	ok		5	-7.25	gnina_cnn:rescore:crossdock_default2018	kcal/mol (empirical score, not a measured free energy)	18.426	-5.211	8.33	25.0	8	genconf	/home/qasim/vgb_bench_data/prepared/receptors/posebusters/7USH_82V/receptor.pdbqt	40.25	508.2	4	/home/qasim/vgb_bench_data/poses/A2_genconf_refbox/gnina/posebusters/7USH_82V.sdf.gz	3123	2026-09-23T04:46:02+08:00
arm	A2_genconf_refbox	gnina	posebusters	7UY4_SMI	20260922	ok		5	-6.52	gnina_cnn:rescore:crossdock_default2018	kcal/mol (empirical score, not a measured free energy)	-1.479	-29.473	17.504	25.0	8	genconf	/home/qasim/vgb_bench_data/prepared/receptors/posebusters/7UY4_SMI/receptor.pdbqt	27.26	521.1	4	/home/qasim/vgb_bench_data/poses/A2_genconf_refbox/gnina/posebusters/7UY4_SMI.sdf.gz	3513	2026-09-23T04:46:32+08:00
arm	A2_genconf_refbox	gnina	posebusters	7UYB_OK0	20260922	ok		5	-11.19	gnina_cnn:rescore:crossdock_default2018	kcal/mol (empirical score, not a measured free energy)	-21.202	-12.85	-9.595	25.0	8	genconf	/home/qasim/vgb_bench_data/prepared/receptors/posebusters/7UYB_OK0/receptor.pdbqt	56.19	508.2	4	/home/qasim/vgb_bench_data/poses/A2_genconf_refbox/gnina/posebusters/7UYB_OK0.sdf.gz	3454	2026-09-23T04:46:43+08:00
arm	A2_genconf_refbox	gnina	posebusters	7V3N_AKG	20260922	ok		5	-5.98	gnina_cnn:rescore:crossdock_default2018	kcal/mol (empirical score, not a measured free energy)	129.158	82.335	-5.565	25.0	8	genconf	/home/qasim/vgb_bench_data/prepared/receptors/posebusters/7V3N_AKG/receptor.pdbqt	16.09	508.2	4	/home/qasim/vgb_bench_data/poses/A2_genconf_refbox/gnina/posebusters/7V3N_AKG.sdf.gz	1312	2026-09-23T04:47:39+08:00
arm	A2_genconf_refbox	gnina	posebusters	7V14_ORU	20260922	ok		5	-9.5	gnina_cnn:rescore:crossdock_default2018	kcal/mol (empirical score, not a measured free energy)	32.309	5.205	-4.403	25.0	8	genconf	/home/qasim/vgb_bench_data/prepared/receptors/posebusters/7V14_ORU/receptor.pdbqt	79.27	521.1	4	/home/qasim/vgb_bench_data/poses/A2_genconf_refbox/gnina/posebusters/7V14_ORU.sdf.gz	3763	2026-09-23T04:47:00+08:00
arm	A2_genconf_refbox	gnina	posebusters	7V43_C4O	20260922	ok		5	-6.03	gnina_cnn:rescore:crossdock_default2018	kcal/mol (empirical score, not a measured free energy)	-41.595	24.817	-9.688	25.0	8	genconf	/home/qasim/vgb_bench_data/prepared/receptors/posebusters/7V43_C4O/receptor.pdbqt	12.02	521.1	4	/home/qasim/vgb_bench_data/poses/A2_genconf_refbox/gnina/posebusters/7V43_C4O.sdf.gz	1193	2026-09-23T04:48:19+08:00
arm	A2_genconf_refbox	gnina	posebusters	7VB8_STL	20260922	ok		5	-7.94	gnina_cnn:rescore:crossdock_default2018	kcal/mol (empirical score, not a measured free energy)	4.84	19.916	-31.314	25.0	8	genconf	/home/qasim/vgb_bench_data/prepared/receptors/posebusters/7VB8_STL/receptor.pdbqt	19.33	521.1	4	/home/qasim/vgb_bench_data/poses/A2_genconf_refbox/gnina/posebusters/7VB8_STL.sdf.gz	2130	2026-09-23T04:48:31+08:00
arm	A2_genconf_refbox	gnina	posebusters	7UMW_NAD	20260922	ok		5	-13.43	gnina_cnn:rescore:crossdock_default2018	kcal/mol (empirical score, not a measured free energy)	-44.374	49.774	-24.662	25.0	8	genconf	/home/qasim/vgb_bench_data/prepared/receptors/posebusters/7UMW_NAD/receptor.pdbqt	212.38	505.6	4	/home/qasim/vgb_bench_data/poses/A2_genconf_refbox/gnina/posebusters/7UMW_NAD.sdf.gz	4919	2026-09-23T04:45:28+08:00
arm	A2_genconf_refbox	gnina	posebusters	7VBU_6I4	20260922	ok		5	-8.6	gnina_cnn:rescore:crossdock_default2018	kcal/mol (empirical score, not a measured free energy)	33.756	36.917	61.942	25.0	8	genconf	/home/qasim/vgb_bench_data/prepared/receptors/posebusters/7VBU_6I4/receptor.pdbqt	19.58	521.1	4	/home/qasim/vgb_bench_data/poses/A2_genconf_refbox/gnina/posebusters/7VBU_6I4.sdf.gz	2213	2026-09-23T04:48:50+08:00
arm	A2_genconf_refbox	gnina	posebusters	7VKZ_NOJ	20260922	ok		5	-6.59	gnina_cnn:rescore:crossdock_default2018	kcal/mol (empirical score, not a measured free energy)	14.271	3.037	36.653	25.0	8	genconf	/home/qasim/vgb_bench_data/prepared/receptors/posebusters/7VKZ_NOJ/receptor.pdbqt	13.61	521.1	4	/home/qasim/vgb_bench_data/poses/A2_genconf_refbox/gnina/posebusters/7VKZ_NOJ.sdf.gz	1856	2026-09-23T04:49:10+08:00
arm	A2_genconf_refbox	gnina	posebusters	7VC5_9SF	20260922	ok		5	-9.19	gnina_cnn:rescore:crossdock_default2018	kcal/mol (empirical score, not a measured free energy)	15.639	-12.469	-2.828	25.0	8	genconf	/home/qasim/vgb_bench_data/prepared/receptors/posebusters/7VC5_9SF/receptor.pdbqt	38.02	505.6	4	/home/qasim/vgb_bench_data/poses/A2_genconf_refbox/gnina/posebusters/7VC5_9SF.sdf.gz	2953	2026-09-23T04:49:00+08:00
arm	A2_genconf_refbox	gnina	posebusters	7V3S_5I9	20260922	ok		5	-12.4	gnina_cnn:rescore:crossdock_default2018	kcal/mol (empirical score, not a measured free energy)	-10.033	-16.781	28.968	25.0	8	genconf	/home/qasim/vgb_bench_data/prepared/receptors/posebusters/7V3S_5I9/receptor.pdbqt	109.18	508.2	4	/home/qasim/vgb_bench_data/poses/A2_genconf_refbox/gnina/posebusters/7V3S_5I9.sdf.gz	3971	2026-09-23T04:47:55+08:00
arm	A2_genconf_refbox	gnina	posebusters	7VQ9_ISY	20260922	ok		5	-6.76	gnina_cnn:rescore:crossdock_default2018	kcal/mol (empirical score, not a measured free energy)	27.569	-1.459	28.758	25.0	8	genconf	/home/qasim/vgb_bench_data/prepared/receptors/posebusters/7VQ9_ISY/receptor.pdbqt	29.91	521.1	4	/home/qasim/vgb_bench_data/poses/A2_genconf_refbox/gnina/posebusters/7VQ9_ISY.sdf.gz	1946	2026-09-23T04:49:23+08:00
arm	A2_genconf_refbox	gnina	posebusters	7UTW_NAI	20260922	ok		5	-11.11	gnina_cnn:rescore:crossdock_default2018	kcal/mol (empirical score, not a measured free energy)	29.672	-5.826	-35.805	25.0	8	genconf	/home/qasim/vgb_bench_data/prepared/receptors/posebusters/7UTW_NAI/receptor.pdbqt	235.86	502.9	4	/home/qasim/vgb_bench_data/poses/A2_genconf_refbox/gnina/posebusters/7UTW_NAI.sdf.gz	4960	2026-09-23T04:46:16+08:00
arm	A2_genconf_refbox	gnina	posebusters	7W05_GMP	20260922	ok		5	-6.93	gnina_cnn:rescore:crossdock_default2018	kcal/mol (empirical score, not a measured free energy)	0.652	6.158	-12.691	25.0	8	genconf	/home/qasim/vgb_bench_data/prepared/receptors/posebusters/7W05_GMP/receptor.pdbqt	27.49	521.1	4	/home/qasim/vgb_bench_data/poses/A2_genconf_refbox/gnina/posebusters/7W05_GMP.sdf.gz	2454	2026-09-23T04:49:53+08:00
arm	A2_genconf_refbox	gnina	posebusters	7W06_ITN	20260922	ok		5	-6.23	gnina_cnn:rescore:crossdock_default2018	kcal/mol (empirical score, not a measured free energy)	-20.048	17.083	28.165	25.0	8	genconf	/home/qasim/vgb_bench_data/prepared/receptors/posebusters/7W06_ITN/receptor.pdbqt	22.34	502.9	4	/home/qasim/vgb_bench_data/poses/A2_genconf_refbox/gnina/posebusters/7W06_ITN.sdf.gz	1240	2026-09-23T04:50:12+08:00
arm	A2_genconf_refbox	gnina	posebusters	7VYJ_CA0	20260922	ok		5	-10.26	gnina_cnn:rescore:crossdock_default2018	kcal/mol (empirical score, not a measured free energy)	56.726	-45.988	25.56	25.0	8	genconf	/home/qasim/vgb_bench_data/prepared/receptors/posebusters/7VYJ_CA0/receptor.pdbqt	65.59	508.2	4	/home/qasim/vgb_bench_data/poses/A2_genconf_refbox/gnina/posebusters/7VYJ_CA0.sdf.gz	2868	2026-09-23T04:49:44+08:00
arm	A2_genconf_refbox	gnina	posebusters	7WJB_BGC	20260922	ok		5	-3.83	gnina_cnn:rescore:crossdock_default2018	kcal/mol (empirical score, not a measured free energy)	54.528	20.99	14.498	25.0	8	genconf	/home/qasim/vgb_bench_data/prepared/receptors/posebusters/7WJB_BGC/receptor.pdbqt	16.72	508.2	4	/home/qasim/vgb_bench_data/poses/A2_genconf_refbox/gnina/posebusters/7WJB_BGC.sdf.gz	1826	2026-09-23T04:50:50+08:00
arm	A2_genconf_refbox	gnina	posebusters	7WDT_NGS	20260922	ok		5	-7.12	gnina_cnn:rescore:crossdock_default2018	kcal/mol (empirical score, not a measured free energy)	23.468	-5.916	-4.431	25.0	8	genconf	/home/qasim/vgb_bench_data/prepared/receptors/posebusters/7WDT_NGS/receptor.pdbqt	32.88	502.9	4	/home/qasim/vgb_bench_data/poses/A2_genconf_refbox/gnina/posebusters/7WDT_NGS.sdf.gz	2430	2026-09-23T04:50:34+08:00
arm	A2_genconf_refbox	gnina	posebusters	7WKL_CAQ	20260922	ok		5	-7.38	gnina_cnn:rescore:crossdock_default2018	kcal/mol (empirical score, not a measured free energy)	16.373	32.443	75.28	25.0	8	genconf	/home/qasim/vgb_bench_data/prepared/receptors/posebusters/7WKL_CAQ/receptor.pdbqt	11.75	508.2	4	/home/qasim/vgb_bench_data/poses/A2_genconf_refbox/gnina/posebusters/7WKL_CAQ.sdf.gz	1123	2026-09-23T04:51:07+08:00
arm	A2_genconf_refbox	gnina	posebusters	7VWF_K55	20260922	ok		5	-11.44	gnina_cnn:rescore:crossdock_default2018	kcal/mol (empirical score, not a measured free energy)	15.469	2.622	37.807	25.0	8	genconf	/home/qasim/vgb_bench_data/prepared/receptors/posebusters/7VWF_K55/receptor.pdbqt	118.79	505.6	4	/home/qasim/vgb_bench_data/poses/A2_genconf_refbox/gnina/posebusters/7VWF_K55.sdf.gz	4171	2026-09-23T04:49:38+08:00
arm	A2_genconf_refbox	gnina	posebusters	7WCF_ACP	20260922	ok		5	-9.15	gnina_cnn:rescore:crossdock_default2018	kcal/mol (empirical score, not a measured free energy)	7.947	-20.95	-22.024	25.0	8	genconf	/home/qasim/vgb_bench_data/prepared/receptors/posebusters/7WCF_ACP/receptor.pdbqt	102.84	521.1	4	/home/qasim/vgb_bench_data/poses/A2_genconf_refbox/gnina/posebusters/7WCF_ACP.sdf.gz	3345	2026-09-23T04:50:21+08:00
arm	A2_genconf_refbox	gnina	posebusters	7WPW_F15	20260922	ok		5	-5.94	gnina_cnn:rescore:crossdock_default2018	kcal/mol (empirical score, not a measured free energy)	6.814	-20.656	-2.696	25.0	8	genconf	/home/qasim/vgb_bench_data/prepared/receptors/posebusters/7WPW_F15/receptor.pdbqt	49.34	508.2	4	/home/qasim/vgb_bench_data/poses/A2_genconf_refbox/gnina/posebusters/7WPW_F15.sdf.gz	3256	2026-09-23T04:51:18+08:00
arm	A2_genconf_refbox	gnina	posebusters	7WL4_JFU	20260922	ok		5	-9.72	gnina_cnn:rescore:crossdock_default2018	kcal/mol (empirical score, not a measured free energy)	4.345	11.129	32.356	25.0	8	genconf	/home/qasim/vgb_bench_data/prepared/receptors/posebusters/7WL4_JFU/receptor.pdbqt	73.03	502.9	4	/home/qasim/vgb_bench_data/poses/A2_genconf_refbox/gnina/posebusters/7WL4_JFU.sdf.gz	4000	2026-09-23T04:51:07+08:00
arm	A2_genconf_refbox	gnina	posebusters	7WQQ_5Z6	20260922	ok		5	-13.39	gnina_cnn:rescore:crossdock_default2018	kcal/mol (empirical score, not a measured free energy)	29.086	-6.035	9.438	25.0	8	genconf	/home/qasim/vgb_bench_data/prepared/receptors/posebusters/7WQQ_5Z6/receptor.pdbqt	57.04	505.6	4	/home/qasim/vgb_bench_data/poses/A2_genconf_refbox/gnina/posebusters/7WQQ_5Z6.sdf.gz	3836	2026-09-23T04:51:37+08:00
arm	A2_genconf_refbox	gnina	posebusters	7WUX_6OI	20260922	ok		5	-6.36	gnina_cnn:rescore:crossdock_default2018	kcal/mol (empirical score, not a measured free energy)	23.855	17.924	-11.989	25.0	8	genconf	/home/qasim/vgb_bench_data/prepared/receptors/posebusters/7WUX_6OI/receptor.pdbqt	44.48	521.1	4	/home/qasim/vgb_bench_data/poses/A2_genconf_refbox/gnina/posebusters/7WUX_6OI.sdf.gz	2393	2026-09-23T04:52:04+08:00
arm	A2_genconf_refbox	gnina	posebusters	7WUY_76N	20260922	ok		5	48.22	gnina_cnn:rescore:crossdock_default2018	kcal/mol (empirical score, not a measured free energy)	13.92	149.408	25.881	25.0	8	genconf	/home/qasim/vgb_bench_data/prepared/receptors/posebusters/7WUY_76N/receptor.pdbqt	59.34	508.2	4	/home/qasim/vgb_bench_data/poses/A2_genconf_refbox/gnina/posebusters/7WUY_76N.sdf.gz	4173	2026-09-23T04:52:08+08:00
arm	A2_genconf_refbox	gnina	posebusters	7X9K_8OG	20260922	ok		5	-10.49	gnina_cnn:rescore:crossdock_default2018	kcal/mol (empirical score, not a measured free energy)	-5.768	0.518	25.789	25.0	8	genconf	/home/qasim/vgb_bench_data/prepared/receptors/posebusters/7X9K_8OG/receptor.pdbqt	40.41	521.1	4	/home/qasim/vgb_bench_data/poses/A2_genconf_refbox/gnina/posebusters/7X9K_8OG.sdf.gz	2729	2026-09-23T04:52:48+08:00
arm	A2_genconf_refbox	gnina	posebusters	7WY1_D0L	20260922	ok		5	-9.24	gnina_cnn:rescore:crossdock_default2018	kcal/mol (empirical score, not a measured free energy)	-1.318	-27.357	-69.396	25.0	8	genconf	/home/qasim/vgb_bench_data/prepared/receptors/posebusters/7WY1_D0L/receptor.pdbqt	73.17	502.9	4	/home/qasim/vgb_bench_data/poses/A2_genconf_refbox/gnina/posebusters/7WY1_D0L.sdf.gz	4097	2026-09-23T04:52:20+08:00
arm	A2_genconf_refbox	gnina	posebusters	7X5N_5M5	20260922	ok		5	-11.73	gnina_cnn:rescore:crossdock_default2018	kcal/mol (empirical score, not a measured free energy)	82.736	49.893	54.21	25.0	8	genconf	/home/qasim/vgb_bench_data/prepared/receptors/posebusters/7X5N_5M5/receptor.pdbqt	74.78	505.6	4	/home/qasim/vgb_bench_data/poses/A2_genconf_refbox/gnina/posebusters/7X5N_5M5.sdf.gz	3620	2026-09-23T04:52:34+08:00
arm	A2_genconf_refbox	gnina	posebusters	7XG5_PLP	20260922	ok		5	-8.16	gnina_cnn:rescore:crossdock_default2018	kcal/mol (empirical score, not a measured free energy)	-38.269	-27.936	17.528	25.0	8	genconf	/home/qasim/vgb_bench_data/prepared/receptors/posebusters/7XG5_PLP/receptor.pdbqt	26.94	502.9	4	/home/qasim/vgb_bench_data/poses/A2_genconf_refbox/gnina/posebusters/7XG5_PLP.sdf.gz	1955	2026-09-23T04:53:33+08:00
arm	A2_genconf_refbox	gnina	posebusters	7XJN_NSD	20260922	ok		5	-5.67	gnina_cnn:rescore:crossdock_default2018	kcal/mol (empirical score, not a measured free energy)	-1.907	7.289	32.912	25.0	8	genconf	/home/qasim/vgb_bench_data/prepared/receptors/posebusters/7XJN_NSD/receptor.pdbqt	18.56	502.9	4	/home/qasim/vgb_bench_data/poses/A2_genconf_refbox/gnina/posebusters/7XJN_NSD.sdf.gz	1944	2026-09-23T04:54:00+08:00
arm	A2_genconf_refbox	gnina	posebusters	7XI7_4RI	20260922	ok		5	-8.53	gnina_cnn:rescore:crossdock_default2018	kcal/mol (empirical score, not a measured free energy)	-2.823	-16.569	0.714	25.0	8	genconf	/home/qasim/vgb_bench_data/prepared/receptors/posebusters/7XI7_4RI/receptor.pdbqt	40.35	505.6	4	/home/qasim/vgb_bench_data/poses/A2_genconf_refbox/gnina/posebusters/7XI7_4RI.sdf.gz	2946	2026-09-23T04:53:49+08:00
arm	A2_genconf_refbox	gnina	posebusters	7XBV_APC	20260922	ok		5	-8.33	gnina_cnn:rescore:crossdock_default2018	kcal/mol (empirical score, not a measured free energy)	-40.025	10.24	-1.215	25.0	8	genconf	/home/qasim/vgb_bench_data/prepared/receptors/posebusters/7XBV_APC/receptor.pdbqt	104.84	508.2	4	/home/qasim/vgb_bench_data/poses/A2_genconf_refbox/gnina/posebusters/7XBV_APC.sdf.gz	3494	2026-09-23T04:53:07+08:00
arm	A2_genconf_refbox	gnina	posebusters	7XRL_FWK	20260922	ok		5	-8.58	gnina_cnn:rescore:crossdock_default2018	kcal/mol (empirical score, not a measured free energy)	10.961	-1.053	40.418	25.0	8	genconf	/home/qasim/vgb_bench_data/prepared/receptors/posebusters/7XRL_FWK/receptor.pdbqt	23.13	508.2	4	/home/qasim/vgb_bench_data/poses/A2_genconf_refbox/gnina/posebusters/7XRL_FWK.sdf.gz	2499	2026-09-23T04:54:52+08:00
arm	A2_genconf_refbox	gnina	posebusters	7XQZ_FPF	20260922	ok		5	-10.43	gnina_cnn:rescore:crossdock_default2018	kcal/mol (empirical score, not a measured free energy)	-20.186	-1.457	-19.258	25.0	8	genconf	/home/qasim/vgb_bench_data/prepared/receptors/posebusters/7XQZ_FPF/receptor.pdbqt	64.16	505.6	4	/home/qasim/vgb_bench_data/poses/A2_genconf_refbox/gnina/posebusters/7XQZ_FPF.sdf.gz	3591	2026-09-23T04:54:29+08:00
arm	A2_genconf_refbox	gnina	posebusters	7YZU_DO7	20260922	ok		5	-6.2	gnina_cnn:rescore:crossdock_default2018	kcal/mol (empirical score, not a measured free energy)	11.013	-22.301	-18.805	25.0	8	genconf	/home/qasim/vgb_bench_data/prepared/receptors/posebusters/7YZU_DO7/receptor.pdbqt	20.99	508.2	4	/home/qasim/vgb_bench_data/poses/A2_genconf_refbox/gnina/posebusters/7YZU_DO7.sdf.gz	2225	2026-09-23T04:55:15+08:00
arm	A2_genconf_refbox	gnina	posebusters	7XFA_D9J	20260922	ok		5	-6.48	gnina_cnn:rescore:crossdock_default2018	kcal/mol (empirical score, not a measured free energy)	-18.287	-8.82	1.387	25.0	8	genconf	/home/qasim/vgb_bench_data/prepared/receptors/posebusters/7XFA_D9J/receptor.pdbqt	143.17	521.1	4	/home/qasim/vgb_bench_data/poses/A2_genconf_refbox/gnina/posebusters/7XFA_D9J.sdf.gz	4159	2026-09-23T04:53:29+08:00
arm	A2_genconf_refbox	gnina	posebusters	7Z1Q_NIO	20260922	ok		5	-4.39	gnina_cnn:rescore:crossdock_default2018	kcal/mol (empirical score, not a measured free energy)	1.794	21.852	-2.991	25.0	8	genconf	/home/qasim/vgb_bench_data/prepared/receptors/posebusters/7Z1Q_NIO/receptor.pdbqt	18.24	505.6	4	/home/qasim/vgb_bench_data/poses/A2_genconf_refbox/gnina/posebusters/7Z1Q_NIO.sdf.gz	1176	2026-09-23T04:55:34+08:00
arm	A2_genconf_refbox	gnina	posebusters	7Z2O_IAJ	20260922	ok		5	-6.5	gnina_cnn:rescore:crossdock_default2018	kcal/mol (empirical score, not a measured free energy)	-7.692	15.225	11.23	25.0	8	genconf	/home/qasim/vgb_bench_data/prepared/receptors/posebusters/7Z2O_IAJ/receptor.pdbqt	20.56	508.2	4	/home/qasim/vgb_bench_data/poses/A2_genconf_refbox/gnina/posebusters/7Z2O_IAJ.sdf.gz	1618	2026-09-23T04:55:36+08:00
arm	A2_genconf_refbox	gnina	posebusters	7Z7F_IF3	20260922	ok		5	-5.94	gnina_cnn:rescore:crossdock_default2018	kcal/mol (empirical score, not a measured free energy)	16.356	28.165	4.068	25.0	8	genconf	/home/qasim/vgb_bench_data/prepared/receptors/posebusters/7Z7F_IF3/receptor.pdbqt	18.98	521.1	4	/home/qasim/vgb_bench_data/poses/A2_genconf_refbox/gnina/posebusters/7Z7F_IF3.sdf.gz	1985	2026-09-23T04:55:52+08:00
arm	A2_genconf_refbox	gnina	posebusters	7ZDY_6MJ	20260922	ok		5	-3.24	gnina_cnn:rescore:crossdock_default2018	kcal/mol (empirical score, not a measured free energy)	26.593	-7.332	42.942	25.0	8	genconf	/home/qasim/vgb_bench_data/prepared/receptors/posebusters/7ZDY_6MJ/receptor.pdbqt	15.83	508.2	4	/home/qasim/vgb_bench_data/poses/A2_genconf_refbox/gnina/posebusters/7ZDY_6MJ.sdf.gz	1820	2026-09-23T04:55:56+08:00
arm	A2_genconf_refbox	gnina	posebusters	7ZHP_IQY	20260922	failed	gnina: ATOM     26  C   UNL     1      -5.400  -0.268  -0.963  1.00  0.00    +0.040 CG0			gnina_cnn:rescore:crossdock_default2018	kcal/mol (empirical score, not a measured free energy)	69.363	38.168	1.343	25.0	8	genconf	/home/qasim/vgb_bench_data/prepared/receptors/posebusters/7ZHP_IQY/receptor.pdbqt	1.1		4			2026-09-23T04:56:12+08:00
arm	A2_genconf_refbox	gnina	posebusters	7ZCC_OGA	20260922	ok		5	-5.83	gnina_cnn:rescore:crossdock_default2018	kcal/mol (empirical score, not a measured free energy)	38.538	16.497	59.474	25.0	8	genconf	/home/qasim/vgb_bench_data/prepared/receptors/posebusters/7ZCC_OGA/receptor.pdbqt	23.71	505.6	4	/home/qasim/vgb_bench_data/poses/A2_genconf_refbox/gnina/posebusters/7ZCC_OGA.sdf.gz	1210	2026-09-23T04:55:52+08:00
arm	A2_genconf_refbox	gnina	posebusters	7ZF0_DHR	20260922	ok		5	-4.58	gnina_cnn:rescore:crossdock_default2018	kcal/mol (empirical score, not a measured free energy)	33.197	58.132	48.074	25.0	8	genconf	/home/qasim/vgb_bench_data/prepared/receptors/posebusters/7ZF0_DHR/receptor.pdbqt	17.56	521.1	4	/home/qasim/vgb_bench_data/poses/A2_genconf_refbox/gnina/posebusters/7ZF0_DHR.sdf.gz	1430	2026-09-23T04:56:11+08:00
arm	A2_genconf_refbox	gnina	posebusters	7ZOC_T8E	20260922	ok		5	-6.77	gnina_cnn:rescore:crossdock_default2018	kcal/mol (empirical score, not a measured free energy)	16.218	10.527	35.456	25.0	8	genconf	/home/qasim/vgb_bench_data/prepared/receptors/posebusters/7ZOC_T8E/receptor.pdbqt	25.68	505.6	4	/home/qasim/vgb_bench_data/poses/A2_genconf_refbox/gnina/posebusters/7ZOC_T8E.sdf.gz	2122	2026-09-23T04:56:16+08:00
arm	A2_genconf_refbox	gnina	posebusters	7XPO_UPG	20260922	ok		5	-11.06	gnina_cnn:rescore:crossdock_default2018	kcal/mol (empirical score, not a measured free energy)	-19.299	-22.088	-25.646	25.0	8	genconf	/home/qasim/vgb_bench_data/prepared/receptors/posebusters/7XPO_UPG/receptor.pdbqt	147.65	502.9	4	/home/qasim/vgb_bench_data/poses/A2_genconf_refbox/gnina/posebusters/7XPO_UPG.sdf.gz	4103	2026-09-23T04:54:19+08:00
arm	A2_genconf_refbox	gnina	posebusters	7ZTL_BCN	20260922	ok		5	-3.71	gnina_cnn:rescore:crossdock_default2018	kcal/mol (empirical score, not a measured free energy)	-37.103	26.471	5.402	25.0	8	genconf	/home/qasim/vgb_bench_data/prepared/receptors/posebusters/7ZTL_BCN/receptor.pdbqt	27.93	521.1	4	/home/qasim/vgb_bench_data/poses/A2_genconf_refbox/gnina/posebusters/7ZTL_BCN.sdf.gz	1853	2026-09-23T04:56:28+08:00
arm	A2_genconf_refbox	gnina	posebusters	7ZU2_DHT	20260922	ok		5	-11.41	gnina_cnn:rescore:crossdock_default2018	kcal/mol (empirical score, not a measured free energy)	-27.276	2.137	-4.783	25.0	8	genconf	/home/qasim/vgb_bench_data/prepared/receptors/posebusters/7ZU2_DHT/receptor.pdbqt	25.12	505.6	4	/home/qasim/vgb_bench_data/poses/A2_genconf_refbox/gnina/posebusters/7ZU2_DHT.sdf.gz	3577	2026-09-23T04:56:41+08:00
arm	A2_genconf_refbox	gnina	posebusters	7ZL5_IWE	20260922	ok		5	-7.62	gnina_cnn:rescore:crossdock_default2018	kcal/mol (empirical score, not a measured free energy)	-17.961	35.94	43.787	25.0	8	genconf	/home/qasim/vgb_bench_data/prepared/receptors/posebusters/7ZL5_IWE/receptor.pdbqt	54.56	508.2	4	/home/qasim/vgb_bench_data/poses/A2_genconf_refbox/gnina/posebusters/7ZL5_IWE.sdf.gz	2479	2026-09-23T04:56:13+08:00
arm	A2_genconf_refbox	gnina	posebusters	8A1H_DLZ	20260922	ok		5	-11.08	gnina_cnn:rescore:crossdock_default2018	kcal/mol (empirical score, not a measured free energy)	-66.737	39.624	-6.751	25.0	8	genconf	/home/qasim/vgb_bench_data/prepared/receptors/posebusters/8A1H_DLZ/receptor.pdbqt	35.79	505.6	4	/home/qasim/vgb_bench_data/poses/A2_genconf_refbox/gnina/posebusters/8A1H_DLZ.sdf.gz	2903	2026-09-23T04:57:06+08:00
arm	A2_genconf_refbox	gnina	posebusters	7ZZW_KKW	20260922	ok		5	-7.71	gnina_cnn:rescore:crossdock_default2018	kcal/mol (empirical score, not a measured free energy)	23.169	-18.513	0.456	25.0	8	genconf	/home/qasim/vgb_bench_data/prepared/receptors/posebusters/7ZZW_KKW/receptor.pdbqt	47.48	521.1	4	/home/qasim/vgb_bench_data/poses/A2_genconf_refbox/gnina/posebusters/7ZZW_KKW.sdf.gz	3754	2026-09-23T04:56:56+08:00
arm	A2_genconf_refbox	gnina	posebusters	8AEM_LVF	20260922	ok		5	-7.7	gnina_cnn:rescore:crossdock_default2018	kcal/mol (empirical score, not a measured free energy)	-107.937	-176.661	311.558	25.0	8	genconf	/home/qasim/vgb_bench_data/prepared/receptors/posebusters/8AEM_LVF/receptor.pdbqt	15.42	521.1	4	/home/qasim/vgb_bench_data/poses/A2_genconf_refbox/gnina/posebusters/8AEM_LVF.sdf.gz	1528	2026-09-23T04:57:44+08:00
arm	A2_genconf_refbox	gnina	posebusters	8AAU_LH0	20260922	ok		5	-7.82	gnina_cnn:rescore:crossdock_default2018	kcal/mol (empirical score, not a measured free energy)	-13.944	43.31	-13.776	25.0	8	genconf	/home/qasim/vgb_bench_data/prepared/receptors/posebusters/8AAU_LH0/receptor.pdbqt	46.64	505.6	4	/home/qasim/vgb_bench_data/poses/A2_genconf_refbox/gnina/posebusters/8AAU_LH0.sdf.gz	2880	2026-09-23T04:57:42+08:00
arm	A2_genconf_refbox	gnina	posebusters	8AIE_M7L	20260922	ok		5	-7.57	gnina_cnn:rescore:crossdock_default2018	kcal/mol (empirical score, not a measured free energy)	18.514	3.915	24.64	25.0	8	genconf	/home/qasim/vgb_bench_data/prepared/receptors/posebusters/8AIE_M7L/receptor.pdbqt	50.53	521.1	4	/home/qasim/vgb_bench_data/poses/A2_genconf_refbox/gnina/posebusters/8AIE_M7L.sdf.gz	2781	2026-09-23T04:57:59+08:00
arm	A2_genconf_refbox	gnina	posebusters	7ZXV_45D	20260922	ok		5	12.64	gnina_cnn:rescore:crossdock_default2018	kcal/mol (empirical score, not a measured free energy)	20.661	11.418	-12.666	25.0	8	genconf	/home/qasim/vgb_bench_data/prepared/receptors/posebusters/7ZXV_45D/receptor.pdbqt	133.2	502.9	4	/home/qasim/vgb_bench_data/poses/A2_genconf_refbox/gnina/posebusters/7ZXV_45D.sdf.gz	6468	2026-09-23T04:56:46+08:00
arm	A2_genconf_refbox	gnina	posebusters	8AUH_L9I	20260922	ok		5	-4.24	gnina_cnn:rescore:crossdock_default2018	kcal/mol (empirical score, not a measured free energy)	18.94	16.628	-26.842	25.0	8	genconf	/home/qasim/vgb_bench_data/prepared/receptors/posebusters/8AUH_L9I/receptor.pdbqt	19.9	502.9	4	/home/qasim/vgb_bench_data/poses/A2_genconf_refbox/gnina/posebusters/8AUH_L9I.sdf.gz	1539	2026-09-23T04:58:59+08:00
arm	A2_genconf_refbox	gnina	posebusters	8AP0_PRP	20260922	ok		5	-9.59	gnina_cnn:rescore:crossdock_default2018	kcal/mol (empirical score, not a measured free energy)	9.191	20.001	9.165	25.0	8	genconf	/home/qasim/vgb_bench_data/prepared/receptors/posebusters/8AP0_PRP/receptor.pdbqt	51.22	505.6	4	/home/qasim/vgb_bench_data/poses/A2_genconf_refbox/gnina/posebusters/8AP0_PRP.sdf.gz	2473	2026-09-23T04:58:29+08:00
arm	A2_genconf_refbox	gnina	posebusters	8AQL_PLG	20260922	ok		5	-8.55	gnina_cnn:rescore:crossdock_default2018	kcal/mol (empirical score, not a measured free energy)	2.587	52.9	8.301	25.0	8	genconf	/home/qasim/vgb_bench_data/prepared/receptors/posebusters/8AQL_PLG/receptor.pdbqt	50.17	521.1	4	/home/qasim/vgb_bench_data/poses/A2_genconf_refbox/gnina/posebusters/8AQL_PLG.sdf.gz	2576	2026-09-23T04:58:50+08:00
arm	A2_genconf_refbox	gnina	posebusters	8AY3_OE3	20260922	ok		5	-10.16	gnina_cnn:rescore:crossdock_default2018	kcal/mol (empirical score, not a measured free energy)	1.17	5.839	32.017	25.0	8	genconf	/home/qasim/vgb_bench_data/prepared/receptors/posebusters/8AY3_OE3/receptor.pdbqt	41.83	502.9	4	/home/qasim/vgb_bench_data/poses/A2_genconf_refbox/gnina/posebusters/8AY3_OE3.sdf.gz	3140	2026-09-23T04:59:19+08:00
arm	A2_genconf_refbox	gnina	posebusters	8A2D_KXY	20260922	ok		5	-12.98	gnina_cnn:rescore:crossdock_default2018	kcal/mol (empirical score, not a measured free energy)	-2.672	-10.605	21.108	25.0	8	genconf	/home/qasim/vgb_bench_data/prepared/receptors/posebusters/8A2D_KXY/receptor.pdbqt	178.34	508.2	4	/home/qasim/vgb_bench_data/poses/A2_genconf_refbox/gnina/posebusters/8A2D_KXY.sdf.gz	5859	2026-09-23T04:57:08+08:00
arm	A2_genconf_refbox	gnina	posebusters	8B8H_OJQ	20260922	ok		5	-9.8	gnina_cnn:rescore:crossdock_default2018	kcal/mol (empirical score, not a measured free energy)	26.702	-3.123	2.184	25.0	8	genconf	/home/qasim/vgb_bench_data/prepared/receptors/posebusters/8B8H_OJQ/receptor.pdbqt	48.83	505.6	4	/home/qasim/vgb_bench_data/poses/A2_genconf_refbox/gnina/posebusters/8B8H_OJQ.sdf.gz	2587	2026-09-23T04:59:20+08:00
arm	A2_genconf_refbox	gnina	posebusters	8BTI_RFO	20260922	ok		5	-7.87	gnina_cnn:rescore:crossdock_default2018	kcal/mol (empirical score, not a measured free energy)	26.699	66.952	72.222	25.0	8	genconf	/home/qasim/vgb_bench_data/prepared/receptors/posebusters/8BTI_RFO/receptor.pdbqt	21.66	502.9	4	/home/qasim/vgb_bench_data/poses/A2_genconf_refbox/gnina/posebusters/8BTI_RFO.sdf.gz	1871	2026-09-23T05:00:01+08:00
arm	A2_genconf_refbox	gnina	posebusters	8C5M_MTA	20260922	ok		5	-6.41	gnina_cnn:rescore:crossdock_default2018	kcal/mol (empirical score, not a measured free energy)	82.631	-13.215	3.097	25.0	8	genconf	/home/qasim/vgb_bench_data/prepared/receptors/posebusters/8C5M_MTA/receptor.pdbqt	28.14	505.6	4	/home/qasim/vgb_bench_data/poses/A2_genconf_refbox/gnina/posebusters/8C5M_MTA.sdf.gz	2619	2026-09-23T05:00:09+08:00
arm	A2_genconf_refbox	gnina	posebusters	8BOM_QU6	20260922	ok		5	-12.43	gnina_cnn:rescore:crossdock_default2018	kcal/mol (empirical score, not a measured free energy)	-83.032	-19.057	87.192	25.0	8	genconf	/home/qasim/vgb_bench_data/prepared/receptors/posebusters/8BOM_QU6/receptor.pdbqt	77.32	521.1	4	/home/qasim/vgb_bench_data/poses/A2_genconf_refbox/gnina/posebusters/8BOM_QU6.sdf.gz	3974	2026-09-23T04:59:40+08:00
arm	A2_genconf_refbox	gnina	posebusters	8CNH_V6U	20260922	ok		5	-10.84	gnina_cnn:rescore:crossdock_default2018	kcal/mol (empirical score, not a measured free energy)	-29.023	1.902	1.06	25.0	8	genconf	/home/qasim/vgb_bench_data/prepared/receptors/posebusters/8CNH_V6U/receptor.pdbqt	48.1	502.9	4	/home/qasim/vgb_bench_data/poses/A2_genconf_refbox/gnina/posebusters/8CNH_V6U.sdf.gz	2851	2026-09-23T05:00:23+08:00
arm	A2_genconf_refbox	gnina	posebusters	8C3N_ADP	20260922	ok		5	-7.9	gnina_cnn:rescore:crossdock_default2018	kcal/mol (empirical score, not a measured free energy)	21.934	-37.212	-53.432	25.0	8	genconf	/home/qasim/vgb_bench_data/prepared/receptors/posebusters/8C3N_ADP/receptor.pdbqt	67.7	508.2	4	/home/qasim/vgb_bench_data/poses/A2_genconf_refbox/gnina/posebusters/8C3N_ADP.sdf.gz	2979	2026-09-23T05:00:06+08:00
arm	A2_genconf_refbox	gnina	posebusters	8CSD_C5P	20260922	ok		5	-8.72	gnina_cnn:rescore:crossdock_default2018	kcal/mol (empirical score, not a measured free energy)	14.939	73.458	34.172	25.0	8	genconf	/home/qasim/vgb_bench_data/prepared/receptors/posebusters/8CSD_C5P/receptor.pdbqt	42.41	505.6	4	/home/qasim/vgb_bench_data/poses/A2_genconf_refbox/gnina/posebusters/8CSD_C5P.sdf.gz	2660	2026-09-23T05:00:37+08:00
arm	A2_genconf_refbox	gnina	posebusters	8D39_QDB	20260922	ok		5	-10.06	gnina_cnn:rescore:crossdock_default2018	kcal/mol (empirical score, not a measured free energy)	3.57	1.706	19.707	25.0	8	genconf	/home/qasim/vgb_bench_data/prepared/receptors/posebusters/8D39_QDB/receptor.pdbqt	26.09	502.9	4	/home/qasim/vgb_bench_data/poses/A2_genconf_refbox/gnina/posebusters/8D39_QDB.sdf.gz	1984	2026-09-23T05:01:11+08:00
arm	A2_genconf_refbox	gnina	posebusters	8DKO_TFB	20260922	ok		5	-5.6	gnina_cnn:rescore:crossdock_default2018	kcal/mol (empirical score, not a measured free energy)	15.237	15.8	47.142	25.0	8	genconf	/home/qasim/vgb_bench_data/prepared/receptors/posebusters/8DKO_TFB/receptor.pdbqt	14.1	502.9	4	/home/qasim/vgb_bench_data/poses/A2_genconf_refbox/gnina/posebusters/8DKO_TFB.sdf.gz	1331	2026-09-23T05:01:37+08:00
arm	A2_genconf_refbox	gnina	posebusters	8D19_GSH	20260922	ok		5	-4.57	gnina_cnn:rescore:crossdock_default2018	kcal/mol (empirical score, not a measured free energy)	24.48	30.593	31.033	25.0	8	genconf	/home/qasim/vgb_bench_data/prepared/receptors/posebusters/8D19_GSH/receptor.pdbqt	59.48	521.1	4	/home/qasim/vgb_bench_data/poses/A2_genconf_refbox/gnina/posebusters/8D19_GSH.sdf.gz	2680	2026-09-23T05:00:57+08:00
arm	A2_genconf_refbox	gnina	posebusters	8DSC_NCA	20260922	ok		5	-6.69	gnina_cnn:rescore:crossdock_default2018	kcal/mol (empirical score, not a measured free energy)	14.938	9.381	6.125	25.0	8	genconf	/home/qasim/vgb_bench_data/prepared/receptors/posebusters/8DSC_NCA/receptor.pdbqt	14.99	521.1	4	/home/qasim/vgb_bench_data/poses/A2_genconf_refbox/gnina/posebusters/8DSC_NCA.sdf.gz	1227	2026-09-23T05:01:57+08:00
arm	A2_genconf_refbox	gnina	posebusters	8D5D_5DK	20260922	ok		5	-9.52	gnina_cnn:rescore:crossdock_default2018	kcal/mol (empirical score, not a measured free energy)	5.033	-9.295	35.445	25.0	8	genconf	/home/qasim/vgb_bench_data/prepared/receptors/posebusters/8D5D_5DK/receptor.pdbqt	87.31	508.2	4	/home/qasim/vgb_bench_data/poses/A2_genconf_refbox/gnina/posebusters/8D5D_5DK.sdf.gz	3435	2026-09-23T05:01:14+08:00
arm	A2_genconf_refbox	gnina	posebusters	8DHG_T78	20260922	ok		5	-12.22	gnina_cnn:rescore:crossdock_default2018	kcal/mol (empirical score, not a measured free energy)	26.946	-23.224	22.937	25.0	8	genconf	/home/qasim/vgb_bench_data/prepared/receptors/posebusters/8DHG_T78/receptor.pdbqt	96.15	505.6	4	/home/qasim/vgb_bench_data/poses/A2_genconf_refbox/gnina/posebusters/8DHG_T78.sdf.gz	3603	2026-09-23T05:01:19+08:00
arm	A2_genconf_refbox	gnina	posebusters	8EXL_799	20260922	failed	gnina: ATOM     21  C   UNL     1      -2.202   1.992  -2.475  1.00  0.00    +0.165 CG0			gnina_cnn:rescore:crossdock_default2018	kcal/mol (empirical score, not a measured free energy)	-17.452	14.072	29.667	25.0	8	genconf	/home/qasim/vgb_bench_data/prepared/receptors/posebusters/8EXL_799/receptor.pdbqt	0.68		4			2026-09-23T05:02:56+08:00
arm	A2_genconf_refbox	gnina	posebusters	8EX2_Q2Q	20260922	ok		5	-10.03	gnina_cnn:rescore:crossdock_default2018	kcal/mol (empirical score, not a measured free energy)	19.75	13.164	22.389	25.0	8	genconf	/home/qasim/vgb_bench_data/prepared/receptors/posebusters/8EX2_Q2Q/receptor.pdbqt	35.23	508.2	4	/home/qasim/vgb_bench_data/poses/A2_genconf_refbox/gnina/posebusters/8EX2_Q2Q.sdf.gz	2666	2026-09-23T05:02:41+08:00
arm	A2_genconf_refbox	gnina	posebusters	8EYE_X4I	20260922	ok		5	-11.29	gnina_cnn:rescore:crossdock_default2018	kcal/mol (empirical score, not a measured free energy)	13.922	9.867	15.047	25.0	8	genconf	/home/qasim/vgb_bench_data/prepared/receptors/posebusters/8EYE_X4I/receptor.pdbqt	65.53	505.6	4	/home/qasim/vgb_bench_data/poses/A2_genconf_refbox/gnina/posebusters/8EYE_X4I.sdf.gz	3336	2026-09-23T05:02:56+08:00
arm	A2_genconf_refbox	gnina	posebusters	8F8E_XJI	20260922	ok		5	-11.24	gnina_cnn:rescore:crossdock_default2018	kcal/mol (empirical score, not a measured free energy)	-22.262	-20.392	0.247	25.0	8	genconf	/home/qasim/vgb_bench_data/prepared/receptors/posebusters/8F8E_XJI/receptor.pdbqt	56.08	505.6	4	/home/qasim/vgb_bench_data/poses/A2_genconf_refbox/gnina/posebusters/8F8E_XJI.sdf.gz	3112	2026-09-23T05:04:02+08:00
arm	A2_genconf_refbox	gnina	posebusters	8EAB_VN2	20260922	ok		5	-14.38	gnina_cnn:rescore:crossdock_default2018	kcal/mol (empirical score, not a measured free energy)	6.516	-17.182	19.775	25.0	8	genconf	/home/qasim/vgb_bench_data/prepared/receptors/posebusters/8EAB_VN2/receptor.pdbqt	187.54	521.1	4	/home/qasim/vgb_bench_data/poses/A2_genconf_refbox/gnina/posebusters/8EAB_VN2.sdf.gz	4678	2026-09-23T05:02:12+08:00
arm	A2_genconf_refbox	gnina	posebusters	8FLV_ZB9	20260922	ok		5	-8.74	gnina_cnn:rescore:crossdock_default2018	kcal/mol (empirical score, not a measured free energy)	-14.057	6.765	-14.701	25.0	8	genconf	/home/qasim/vgb_bench_data/prepared/receptors/posebusters/8FLV_ZB9/receptor.pdbqt	47.52	521.1	4	/home/qasim/vgb_bench_data/poses/A2_genconf_refbox/gnina/posebusters/8FLV_ZB9.sdf.gz	3541	2026-09-23T05:05:19+08:00
arm	A2_genconf_refbox	gnina	posebusters	8FO5_Y4U	20260922	ok		5	-9.36	gnina_cnn:rescore:crossdock_default2018	kcal/mol (empirical score, not a measured free energy)	23.115	-4.087	-23.329	25.0	8	genconf	/home/qasim/vgb_bench_data/prepared/receptors/posebusters/8FO5_Y4U/receptor.pdbqt	20.12	521.1	4	/home/qasim/vgb_bench_data/poses/A2_genconf_refbox/gnina/posebusters/8FO5_Y4U.sdf.gz	2063	2026-09-23T05:06:07+08:00
arm	A2_genconf_refbox	gnina	posebusters	8FAV_4Y5	20260922	ok		5	-16.0	gnina_cnn:rescore:crossdock_default2018	kcal/mol (empirical score, not a measured free energy)	0.552	11.382	-7.237	25.0	8	genconf	/home/qasim/vgb_bench_data/prepared/receptors/posebusters/8FAV_4Y5/receptor.pdbqt	100.67	505.6	4	/home/qasim/vgb_bench_data/poses/A2_genconf_refbox/gnina/posebusters/8FAV_4Y5.sdf.gz	3049	2026-09-23T05:04:58+08:00
arm	A2_genconf_refbox	gnina	posebusters	8DP2_UMA	20260922	ok		5	-8.8	gnina_cnn:rescore:crossdock_default2018	kcal/mol (empirical score, not a measured free energy)	59.71	-1.178	0.294	25.0	8	genconf	/home/qasim/vgb_bench_data/prepared/receptors/posebusters/8DP2_UMA/receptor.pdbqt	294.09	502.9	4	/home/qasim/vgb_bench_data/poses/A2_genconf_refbox/gnina/posebusters/8DP2_UMA.sdf.gz	5695	2026-09-23T05:01:51+08:00
arm	A2_genconf_refbox	gnina	posebusters	8G6P_API	20260922	ok		5	-4.83	gnina_cnn:rescore:crossdock_default2018	kcal/mol (empirical score, not a measured free energy)	-30.746	7.33	-6.047	25.0	8	genconf	/home/qasim/vgb_bench_data/prepared/receptors/posebusters/8G6P_API/receptor.pdbqt	27.96	505.6	4	/home/qasim/vgb_bench_data/poses/A2_genconf_refbox/gnina/posebusters/8G6P_API.sdf.gz	2007	2026-09-23T05:06:39+08:00
arm	A2_genconf_refbox	gnina	posebusters	8G0V_YHT	20260922	ok		5	-9.79	gnina_cnn:rescore:crossdock_default2018	kcal/mol (empirical score, not a measured free energy)	-12.608	19.716	-31.583	25.0	8	genconf	/home/qasim/vgb_bench_data/prepared/receptors/posebusters/8G0V_YHT/receptor.pdbqt	60.84	521.1	4	/home/qasim/vgb_bench_data/poses/A2_genconf_refbox/gnina/posebusters/8G0V_YHT.sdf.gz	2992	2026-09-23T05:06:27+08:00
arm	A2_genconf_refbox	gnina	posebusters	8GFD_ZHR	20260922	ok		5	-6.63	gnina_cnn:rescore:crossdock_default2018	kcal/mol (empirical score, not a measured free energy)	-31.654	-62.844	-13.686	25.0	8	genconf	/home/qasim/vgb_bench_data/prepared/receptors/posebusters/8GFD_ZHR/receptor.pdbqt	53.93	502.9	4	/home/qasim/vgb_bench_data/poses/A2_genconf_refbox/gnina/posebusters/8GFD_ZHR.sdf.gz	3586	2026-09-23T05:06:45+08:00
arm	A2_genconf_refbox	gnina	posebusters	8HFN_XGC	20260922	ok		5	-8.9	gnina_cnn:rescore:crossdock_default2018	kcal/mol (empirical score, not a measured free energy)	69.801	-0.069	-1.758	25.0	8	genconf	/home/qasim/vgb_bench_data/prepared/receptors/posebusters/8HFN_XGC/receptor.pdbqt	52.41	505.6	4	/home/qasim/vgb_bench_data/poses/A2_genconf_refbox/gnina/posebusters/8HFN_XGC.sdf.gz	2869	2026-09-23T05:07:06+08:00
arm	A2_genconf_refbox	gnina	posebusters	8HO0_3ZI	20260922	ok		5	-9.01	gnina_cnn:rescore:crossdock_default2018	kcal/mol (empirical score, not a measured free energy)	3.885	30.468	-7.291	25.0	8	genconf	/home/qasim/vgb_bench_data/prepared/receptors/posebusters/8HO0_3ZI/receptor.pdbqt	32.19	521.1	4	/home/qasim/vgb_bench_data/poses/A2_genconf_refbox/gnina/posebusters/8HO0_3ZI.sdf.gz	2766	2026-09-23T05:07:28+08:00
arm	A2_genconf_refbox	gnina	posebusters	8SLG_G5A	20260922	ok		5	-11.58	gnina_cnn:rescore:crossdock_default2018	kcal/mol (empirical score, not a measured free energy)	-40.256	43.746	25.588	25.0	8	genconf	/home/qasim/vgb_bench_data/prepared/receptors/posebusters/8SLG_G5A/receptor.pdbqt	49.06	502.9	4	/home/qasim/vgb_bench_data/poses/A2_genconf_refbox/gnina/posebusters/8SLG_G5A.sdf.gz	3131	2026-09-23T05:07:39+08:00
arm	A2_genconf_refbox	gnina	posebusters	8F4J_PHO	20260922	ok		5	20.24	gnina_cnn:rescore:crossdock_default2018	kcal/mol (empirical score, not a measured free energy)	-56.633	62.789	349.373	25.0	8	genconf	/home/qasim/vgb_bench_data/prepared/receptors/posebusters/8F4J_PHO/receptor.pdbqt	424.61	546.3	4	/home/qasim/vgb_bench_data/poses/A2_genconf_refbox/gnina/posebusters/8F4J_PHO.sdf.gz	9236	2026-09-23T05:03:17+08:00
