run_kind	arm	method	dataset	key	seed	status	reason	n_poses	top_score	score_function	score_units	box_center_x	box_center_y	box_center_z	box_size	exhaustiveness	conformer_source	receptor	elapsed_s	peak_rss_mb	jobs	pose_archive	pose_archive_bytes	recorded
arm	A3_genconf_detbox	gnina	posebusters	5SAK_ZRY	20260922	ok		5	-8.13	gnina_cnn:rescore:crossdock_default2018	kcal/mol (empirical score, not a measured free energy)	23.112	4.138	56.26	25.0	8	genconf	/home/qasim/vgb_bench_data/prepared/receptors/posebusters/5SAK_ZRY/receptor.pdbqt	31.54	443.7	4	/home/qasim/vgb_bench_data/poses/A3_genconf_detbox/gnina/posebusters/5SAK_ZRY.sdf.gz	2272	2026-09-24T16:48:39+08:00
arm	A3_genconf_detbox	gnina	posebusters	5SB2_1K2	20260922	ok		5	-12.48	gnina_cnn:rescore:crossdock_default2018	kcal/mol (empirical score, not a measured free energy)	-20.734	0.85	0.395	25.0	8	genconf	/home/qasim/vgb_bench_data/prepared/receptors/posebusters/5SB2_1K2/receptor.pdbqt	88.59	450.1	4	/home/qasim/vgb_bench_data/poses/A3_genconf_detbox/gnina/posebusters/5SB2_1K2.sdf.gz	3519	2026-09-24T16:48:39+08:00
arm	A3_genconf_detbox	gnina	posebusters	6M2B_EZO	20260922	ok		5	-10.49	gnina_cnn:rescore:crossdock_default2018	kcal/mol (empirical score, not a measured free energy)	31.987	-20.751	19.54	25.0	8	genconf	/home/qasim/vgb_bench_data/prepared/receptors/posebusters/6M2B_EZO/receptor.pdbqt	74.39	463.4	4	/home/qasim/vgb_bench_data/poses/A3_genconf_detbox/gnina/posebusters/6M2B_EZO.sdf.gz	2755	2026-09-24T16:49:10+08:00
arm	A3_genconf_detbox	gnina	posebusters	5SIS_JSM	20260922	ok		5	-7.53	gnina_cnn:rescore:crossdock_default2018	kcal/mol (empirical score, not a measured free energy)	33.655	105.873	62.69	25.0	8	genconf	/home/qasim/vgb_bench_data/prepared/receptors/posebusters/5SIS_JSM/receptor.pdbqt	133.86	467.4	4	/home/qasim/vgb_bench_data/poses/A3_genconf_detbox/gnina/posebusters/5SIS_JSM.sdf.gz	3983	2026-09-24T16:48:39+08:00
arm	A3_genconf_detbox	gnina	posebusters	6T88_MWQ	20260922	ok		5	-3.12	gnina_cnn:rescore:crossdock_default2018	kcal/mol (empirical score, not a measured free energy)	0.161	-30.86	-12.163	25.0	8	genconf	/home/qasim/vgb_bench_data/prepared/receptors/posebusters/6T88_MWQ/receptor.pdbqt	29.0	463.4	4	/home/qasim/vgb_bench_data/poses/A3_genconf_detbox/gnina/posebusters/6T88_MWQ.sdf.gz	1448	2026-09-24T16:50:25+08:00
arm	A3_genconf_detbox	gnina	posebusters	5SD5_HWI	20260922	ok		5	-9.13	gnina_cnn:rescore:crossdock_default2018	kcal/mol (empirical score, not a measured free energy)	15.561	-2.809	13.331	25.0	8	genconf	/home/qasim/vgb_bench_data/prepared/receptors/posebusters/5SD5_HWI/receptor.pdbqt	154.92	472.7	4	/home/qasim/vgb_bench_data/poses/A3_genconf_detbox/gnina/posebusters/5SD5_HWI.sdf.gz	3856	2026-09-24T16:48:39+08:00
arm	A3_genconf_detbox	gnina	posebusters	6M73_FNR	20260922	ok		5	-14.05	gnina_cnn:rescore:crossdock_default2018	kcal/mol (empirical score, not a measured free energy)	25.78	10.868	37.383	25.0	8	genconf	/home/qasim/vgb_bench_data/prepared/receptors/posebusters/6M73_FNR/receptor.pdbqt	127.75	467.9	4	/home/qasim/vgb_bench_data/poses/A3_genconf_detbox/gnina/posebusters/6M73_FNR.sdf.gz	3718	2026-09-24T16:50:07+08:00
arm	A3_genconf_detbox	gnina	posebusters	6TW5_9M2	20260922	ok		5	-8.4	gnina_cnn:rescore:crossdock_default2018	kcal/mol (empirical score, not a measured free energy)	22.199	23.531	53.329	25.0	8	genconf	/home/qasim/vgb_bench_data/prepared/receptors/posebusters/6TW5_9M2/receptor.pdbqt	98.52	467.4	4	/home/qasim/vgb_bench_data/poses/A3_genconf_detbox/gnina/posebusters/6TW5_9M2.sdf.gz	4102	2026-09-24T16:50:52+08:00
arm	A3_genconf_detbox	gnina	posebusters	6TW7_NZB	20260922	ok		5	-8.32	gnina_cnn:rescore:crossdock_default2018	kcal/mol (empirical score, not a measured free energy)	5.118	37.427	52.062	25.0	8	genconf	/home/qasim/vgb_bench_data/prepared/receptors/posebusters/6TW7_NZB/receptor.pdbqt	108.15	463.4	4	/home/qasim/vgb_bench_data/poses/A3_genconf_detbox/gnina/posebusters/6TW7_NZB.sdf.gz	3648	2026-09-24T16:50:54+08:00
arm	A3_genconf_detbox	gnina	posebusters	6WTN_RXT	20260922	ok		5	-5.93	gnina_cnn:rescore:crossdock_default2018	kcal/mol (empirical score, not a measured free energy)	33.94	16.991	1.654	25.0	8	genconf	/home/qasim/vgb_bench_data/prepared/receptors/posebusters/6WTN_RXT/receptor.pdbqt	53.94	467.9	4	/home/qasim/vgb_bench_data/poses/A3_genconf_detbox/gnina/posebusters/6WTN_RXT.sdf.gz	2972	2026-09-24T16:52:15+08:00
arm	A3_genconf_detbox	gnina	posebusters	6XBO_5MC	20260922	ok		5	-7.9	gnina_cnn:rescore:crossdock_default2018	kcal/mol (empirical score, not a measured free energy)	16.385	-16.019	10.818	25.0	8	genconf	/home/qasim/vgb_bench_data/prepared/receptors/posebusters/6XBO_5MC/receptor.pdbqt	51.59	476.2	4	/home/qasim/vgb_bench_data/poses/A3_genconf_detbox/gnina/posebusters/6XBO_5MC.sdf.gz	2764	2026-09-24T16:52:31+08:00
arm	A3_genconf_detbox	gnina	posebusters	6XG5_TOP	20260922	ok		5	-5.02	gnina_cnn:rescore:crossdock_default2018	kcal/mol (empirical score, not a measured free energy)	-22.775	24.325	5.632	25.0	8	genconf	/home/qasim/vgb_bench_data/prepared/receptors/posebusters/6XG5_TOP/receptor.pdbqt	51.05	467.9	4	/home/qasim/vgb_bench_data/poses/A3_genconf_detbox/gnina/posebusters/6XG5_TOP.sdf.gz	2733	2026-09-24T16:53:09+08:00
arm	A3_genconf_detbox	gnina	posebusters	6XM9_V55	20260922	ok		5	-4.35	gnina_cnn:rescore:crossdock_default2018	kcal/mol (empirical score, not a measured free energy)	15.798	23.342	41.569	25.0	8	genconf	/home/qasim/vgb_bench_data/prepared/receptors/posebusters/6XM9_V55/receptor.pdbqt	28.37	467.9	4	/home/qasim/vgb_bench_data/poses/A3_genconf_detbox/gnina/posebusters/6XM9_V55.sdf.gz	1539	2026-09-24T16:54:00+08:00
arm	A3_genconf_detbox	gnina	posebusters	6YJA_2BA	20260922	failed	gnina: ATOM     26  C   UNL     1      -1.389   2.322  -0.859  1.00  0.00    +0.208 CG0			gnina_cnn:rescore:crossdock_default2018	kcal/mol (empirical score, not a measured free energy)	15.05	-11.848	35.02	25.0	8	genconf	/home/qasim/vgb_bench_data/prepared/receptors/posebusters/6YJA_2BA/receptor.pdbqt	0.81		4			2026-09-24T16:54:28+08:00
arm	A3_genconf_detbox	gnina	posebusters	6VTA_AKN	20260922	ok		5	-5.15	gnina_cnn:rescore:crossdock_default2018	kcal/mol (empirical score, not a measured free energy)	99.974	12.932	42.699	25.0	8	genconf	/home/qasim/vgb_bench_data/prepared/receptors/posebusters/6VTA_AKN/receptor.pdbqt	466.23	472.7	4	/home/qasim/vgb_bench_data/poses/A3_genconf_detbox/gnina/posebusters/6VTA_AKN.sdf.gz	5874	2026-09-24T16:51:14+08:00
arm	A3_genconf_detbox	gnina	posebusters	6XCT_478	20260922	ok		5	-5.61	gnina_cnn:rescore:crossdock_default2018	kcal/mol (empirical score, not a measured free energy)	10.744	6.507	13.239	25.0	8	genconf	/home/qasim/vgb_bench_data/prepared/receptors/posebusters/6XCT_478/receptor.pdbqt	397.85	463.4	4	/home/qasim/vgb_bench_data/poses/A3_genconf_detbox/gnina/posebusters/6XCT_478.sdf.gz	4867	2026-09-24T16:52:42+08:00
arm	A3_genconf_detbox	gnina	posebusters	6YQV_8K2	20260922	ok		5	-5.08	gnina_cnn:rescore:crossdock_default2018	kcal/mol (empirical score, not a measured free energy)	2.752	-12.447	30.5	25.0	8	genconf	/home/qasim/vgb_bench_data/prepared/receptors/posebusters/6YQV_8K2/receptor.pdbqt	49.07	472.7	4	/home/qasim/vgb_bench_data/poses/A3_genconf_detbox/gnina/posebusters/6YQV_8K2.sdf.gz	1217	2026-09-24T16:59:00+08:00
arm	A3_genconf_detbox	gnina	posebusters	6YQW_82I	20260922	ok		5	-5.6	gnina_cnn:rescore:crossdock_default2018	kcal/mol (empirical score, not a measured free energy)	0.585	12.909	11.068	25.0	8	genconf	/home/qasim/vgb_bench_data/prepared/receptors/posebusters/6YQW_82I/receptor.pdbqt	41.6	463.4	4	/home/qasim/vgb_bench_data/poses/A3_genconf_detbox/gnina/posebusters/6YQW_82I.sdf.gz	1499	2026-09-24T16:59:20+08:00
arm	A3_genconf_detbox	gnina	posebusters	6XHT_V2V	20260922	ok		5	-6.89	gnina_cnn:rescore:crossdock_default2018	kcal/mol (empirical score, not a measured free energy)	13.724	-32.811	21.19	25.0	8	genconf	/home/qasim/vgb_bench_data/prepared/receptors/posebusters/6XHT_V2V/receptor.pdbqt	428.07	476.2	4	/home/qasim/vgb_bench_data/poses/A3_genconf_detbox/gnina/posebusters/6XHT_V2V.sdf.gz	4136	2026-09-24T16:53:23+08:00
arm	A3_genconf_detbox	gnina	posebusters	6YSP_PAL	20260922	ok		5	-6.91	gnina_cnn:rescore:crossdock_default2018	kcal/mol (empirical score, not a measured free energy)	3.901	28.481	-40.352	25.0	8	genconf	/home/qasim/vgb_bench_data/prepared/receptors/posebusters/6YSP_PAL/receptor.pdbqt	45.77	476.2	4	/home/qasim/vgb_bench_data/poses/A3_genconf_detbox/gnina/posebusters/6YSP_PAL.sdf.gz	1988	2026-09-24T17:00:31+08:00
arm	A3_genconf_detbox	gnina	posebusters	6YMS_OZH	20260922	ok		5	-5.46	gnina_cnn:rescore:crossdock_default2018	kcal/mol (empirical score, not a measured free energy)	47.014	45.697	-21.547	25.0	8	genconf	/home/qasim/vgb_bench_data/prepared/receptors/posebusters/6YMS_OZH/receptor.pdbqt	425.31	467.9	4	/home/qasim/vgb_bench_data/poses/A3_genconf_detbox/gnina/posebusters/6YMS_OZH.sdf.gz	4668	2026-09-24T16:54:29+08:00
arm	A3_genconf_detbox	gnina	posebusters	6YRV_PJ8	20260922	ok		5	-7.44	gnina_cnn:rescore:crossdock_default2018	kcal/mol (empirical score, not a measured free energy)	23.507	51.942	20.078	25.0	8	genconf	/home/qasim/vgb_bench_data/prepared/receptors/posebusters/6YRV_PJ8/receptor.pdbqt	101.23	463.4	4	/home/qasim/vgb_bench_data/poses/A3_genconf_detbox/gnina/posebusters/6YRV_PJ8.sdf.gz	3693	2026-09-24T17:00:01+08:00
arm	A3_genconf_detbox	gnina	posebusters	6Z0R_Q4H	20260922	ok		5	-2.82	gnina_cnn:rescore:crossdock_default2018	kcal/mol (empirical score, not a measured free energy)	25.545	-9.027	66.3	25.0	8	genconf	/home/qasim/vgb_bench_data/prepared/receptors/posebusters/6Z0R_Q4H/receptor.pdbqt	33.3	463.4	4	/home/qasim/vgb_bench_data/poses/A3_genconf_detbox/gnina/posebusters/6Z0R_Q4H.sdf.gz	1116	2026-09-24T17:01:42+08:00
arm	A3_genconf_detbox	gnina	posebusters	6YYO_Q1K	20260922	ok		5	-5.52	gnina_cnn:rescore:crossdock_default2018	kcal/mol (empirical score, not a measured free energy)	23.365	-0.563	15.61	25.0	8	genconf	/home/qasim/vgb_bench_data/prepared/receptors/posebusters/6YYO_Q1K/receptor.pdbqt	54.09	467.9	4	/home/qasim/vgb_bench_data/poses/A3_genconf_detbox/gnina/posebusters/6YYO_Q1K.sdf.gz	2416	2026-09-24T17:01:34+08:00
arm	A3_genconf_detbox	gnina	posebusters	6Z14_Q4Z	20260922	ok		5	-7.24	gnina_cnn:rescore:crossdock_default2018	kcal/mol (empirical score, not a measured free energy)	16.622	5.766	7.464	25.0	8	genconf	/home/qasim/vgb_bench_data/prepared/receptors/posebusters/6Z14_Q4Z/receptor.pdbqt	51.42	463.4	4	/home/qasim/vgb_bench_data/poses/A3_genconf_detbox/gnina/posebusters/6Z14_Q4Z.sdf.gz	2238	2026-09-24T17:02:16+08:00
arm	A3_genconf_detbox	gnina	posebusters	6YT6_PKE	20260922	ok		5	-5.29	gnina_cnn:rescore:crossdock_default2018	kcal/mol (empirical score, not a measured free energy)	6.207	25.319	0.906	25.0	8	genconf	/home/qasim/vgb_bench_data/prepared/receptors/posebusters/6YT6_PKE/receptor.pdbqt	146.48	476.2	4	/home/qasim/vgb_bench_data/poses/A3_genconf_detbox/gnina/posebusters/6YT6_PKE.sdf.gz	3677	2026-09-24T17:01:16+08:00
arm	A3_genconf_detbox	gnina	posebusters	6Z1C_7EY	20260922	ok		5	-4.28	gnina_cnn:rescore:crossdock_default2018	kcal/mol (empirical score, not a measured free energy)	32.508	-13.366	-0.724	25.0	8	genconf	/home/qasim/vgb_bench_data/prepared/receptors/posebusters/6Z1C_7EY/receptor.pdbqt	74.93	467.9	4	/home/qasim/vgb_bench_data/poses/A3_genconf_detbox/gnina/posebusters/6Z1C_7EY.sdf.gz	2637	2026-09-24T17:02:29+08:00
arm	A3_genconf_detbox	gnina	posebusters	6YR2_T1C	20260922	ok		5	-2.27	gnina_cnn:rescore:crossdock_default2018	kcal/mol (empirical score, not a measured free energy)	65.007	17.634	12.398	25.0	8	genconf	/home/qasim/vgb_bench_data/prepared/receptors/posebusters/6YR2_T1C/receptor.pdbqt	261.48	472.7	4	/home/qasim/vgb_bench_data/poses/A3_genconf_detbox/gnina/posebusters/6YR2_T1C.sdf.gz	5517	2026-09-24T16:59:49+08:00
arm	A3_genconf_detbox	gnina	posebusters	6Z2C_Q5E	20260922	ok		5	-9.31	gnina_cnn:rescore:crossdock_default2018	kcal/mol (empirical score, not a measured free energy)	-6.846	6.833	28.958	25.0	8	genconf	/home/qasim/vgb_bench_data/prepared/receptors/posebusters/6Z2C_Q5E/receptor.pdbqt	95.15	463.4	4	/home/qasim/vgb_bench_data/poses/A3_genconf_detbox/gnina/posebusters/6Z2C_Q5E.sdf.gz	2793	2026-09-24T17:03:07+08:00
arm	A3_genconf_detbox	gnina	posebusters	6Z4N_Q7B	20260922	ok		5	-8.38	gnina_cnn:rescore:crossdock_default2018	kcal/mol (empirical score, not a measured free energy)	29.378	12.733	60.561	25.0	8	genconf	/home/qasim/vgb_bench_data/prepared/receptors/posebusters/6Z4N_Q7B/receptor.pdbqt	72.68	476.2	4	/home/qasim/vgb_bench_data/poses/A3_genconf_detbox/gnina/posebusters/6Z4N_Q7B.sdf.gz	2759	2026-09-24T17:03:43+08:00
arm	A3_genconf_detbox	gnina	posebusters	6ZC3_JOR	20260922	ok		5	-6.24	gnina_cnn:rescore:crossdock_default2018	kcal/mol (empirical score, not a measured free energy)	-8.391	24.209	12.76	25.0	8	genconf	/home/qasim/vgb_bench_data/prepared/receptors/posebusters/6ZC3_JOR/receptor.pdbqt	53.83	472.7	4	/home/qasim/vgb_bench_data/poses/A3_genconf_detbox/gnina/posebusters/6ZC3_JOR.sdf.gz	1719	2026-09-24T17:04:10+08:00
arm	A3_genconf_detbox	gnina	posebusters	6ZPB_3D1	20260922	ok		5	-7.5	gnina_cnn:rescore:crossdock_default2018	kcal/mol (empirical score, not a measured free energy)	-4.204	23.767	-8.502	25.0	8	genconf	/home/qasim/vgb_bench_data/prepared/receptors/posebusters/6ZPB_3D1/receptor.pdbqt	42.51	472.7	4	/home/qasim/vgb_bench_data/poses/A3_genconf_detbox/gnina/posebusters/6ZPB_3D1.sdf.gz	2318	2026-09-24T17:05:04+08:00
arm	A3_genconf_detbox	gnina	posebusters	6ZK5_IMH	20260922	ok		5	-5.85	gnina_cnn:rescore:crossdock_default2018	kcal/mol (empirical score, not a measured free energy)	1.059	0.395	-9.058	25.0	8	genconf	/home/qasim/vgb_bench_data/prepared/receptors/posebusters/6ZK5_IMH/receptor.pdbqt	56.01	476.2	4	/home/qasim/vgb_bench_data/poses/A3_genconf_detbox/gnina/posebusters/6ZK5_IMH.sdf.gz	2378	2026-09-24T17:04:56+08:00
arm	A3_genconf_detbox	gnina	posebusters	6ZAE_ACV	20260922	ok		5	-6.83	gnina_cnn:rescore:crossdock_default2018	kcal/mol (empirical score, not a measured free energy)	55.455	77.612	9.685	25.0	8	genconf	/home/qasim/vgb_bench_data/prepared/receptors/posebusters/6ZAE_ACV/receptor.pdbqt	162.93	476.5	4	/home/qasim/vgb_bench_data/poses/A3_genconf_detbox/gnina/posebusters/6ZAE_ACV.sdf.gz	3478	2026-09-24T17:03:43+08:00
arm	A3_genconf_detbox	gnina	posebusters	7A9E_R4W	20260922	ok		5	-2.86	gnina_cnn:rescore:crossdock_default2018	kcal/mol (empirical score, not a measured free energy)	19.845	28.215	-6.04	25.0	8	genconf	/home/qasim/vgb_bench_data/prepared/receptors/posebusters/7A9E_R4W/receptor.pdbqt	39.19	476.2	4	/home/qasim/vgb_bench_data/poses/A3_genconf_detbox/gnina/posebusters/7A9E_R4W.sdf.gz	1139	2026-09-24T17:05:52+08:00
arm	A3_genconf_detbox	gnina	posebusters	7A1P_QW2	20260922	ok		5	-6.43	gnina_cnn:rescore:crossdock_default2018	kcal/mol (empirical score, not a measured free energy)	19.508	-25.524	4.663	25.0	8	genconf	/home/qasim/vgb_bench_data/prepared/receptors/posebusters/7A1P_QW2/receptor.pdbqt	57.1	472.7	4	/home/qasim/vgb_bench_data/poses/A3_genconf_detbox/gnina/posebusters/7A1P_QW2.sdf.gz	1856	2026-09-24T17:05:47+08:00
arm	A3_genconf_detbox	gnina	posebusters	7AFX_R9K	20260922	ok		5	-4.03	gnina_cnn:rescore:crossdock_default2018	kcal/mol (empirical score, not a measured free energy)	-39.296	11.366	95.078	25.0	8	genconf	/home/qasim/vgb_bench_data/prepared/receptors/posebusters/7AFX_R9K/receptor.pdbqt	32.15	476.2	4	/home/qasim/vgb_bench_data/poses/A3_genconf_detbox/gnina/posebusters/7AFX_R9K.sdf.gz	2347	2026-09-24T17:06:31+08:00
arm	A3_genconf_detbox	gnina	posebusters	7AKL_RK5	20260922	ok		5	-8.11	gnina_cnn:rescore:crossdock_default2018	kcal/mol (empirical score, not a measured free energy)	21.014	12.125	8.028	25.0	8	genconf	/home/qasim/vgb_bench_data/prepared/receptors/posebusters/7AKL_RK5/receptor.pdbqt	29.37	472.7	4	/home/qasim/vgb_bench_data/poses/A3_genconf_detbox/gnina/posebusters/7AKL_RK5.sdf.gz	2307	2026-09-24T17:06:44+08:00
arm	A3_genconf_detbox	gnina	posebusters	6ZCY_QF8	20260922	ok		5	-6.66	gnina_cnn:rescore:crossdock_default2018	kcal/mol (empirical score, not a measured free energy)	-2.363	29.609	16.727	25.0	8	genconf	/home/qasim/vgb_bench_data/prepared/receptors/posebusters/6ZCY_QF8/receptor.pdbqt	159.9	463.4	4	/home/qasim/vgb_bench_data/poses/A3_genconf_detbox/gnina/posebusters/6ZCY_QF8.sdf.gz	4184	2026-09-24T17:04:42+08:00
arm	A3_genconf_detbox	gnina	posebusters	7AN5_RDH	20260922	ok		5	-8.14	gnina_cnn:rescore:crossdock_default2018	kcal/mol (empirical score, not a measured free energy)	5.374	-18.276	27.068	25.0	8	genconf	/home/qasim/vgb_bench_data/prepared/receptors/posebusters/7AN5_RDH/receptor.pdbqt	37.05	476.2	4	/home/qasim/vgb_bench_data/poses/A3_genconf_detbox/gnina/posebusters/7AN5_RDH.sdf.gz	1722	2026-09-24T17:07:03+08:00
arm	A3_genconf_detbox	gnina	posebusters	7A9H_TPP	20260922	ok		5	-8.93	gnina_cnn:rescore:crossdock_default2018	kcal/mol (empirical score, not a measured free energy)	1.871	9.008	-19.628	25.0	8	genconf	/home/qasim/vgb_bench_data/prepared/receptors/posebusters/7A9H_TPP/receptor.pdbqt	96.08	476.5	4	/home/qasim/vgb_bench_data/poses/A3_genconf_detbox/gnina/posebusters/7A9H_TPP.sdf.gz	3132	2026-09-24T17:06:26+08:00
arm	A3_genconf_detbox	gnina	posebusters	7BCP_GCO	20260922	ok		5	-4.28	gnina_cnn:rescore:crossdock_default2018	kcal/mol (empirical score, not a measured free energy)	-23.492	-5.852	-16.477	25.0	8	genconf	/home/qasim/vgb_bench_data/prepared/receptors/posebusters/7BCP_GCO/receptor.pdbqt	40.46	476.2	4	/home/qasim/vgb_bench_data/poses/A3_genconf_detbox/gnina/posebusters/7BCP_GCO.sdf.gz	1891	2026-09-24T17:07:40+08:00
arm	A3_genconf_detbox	gnina	posebusters	7BJJ_TVW	20260922	ok		5	-4.32	gnina_cnn:rescore:crossdock_default2018	kcal/mol (empirical score, not a measured free energy)	12.173	8.96	-3.458	25.0	8	genconf	/home/qasim/vgb_bench_data/prepared/receptors/posebusters/7BJJ_TVW/receptor.pdbqt	22.89	476.5	4	/home/qasim/vgb_bench_data/poses/A3_genconf_detbox/gnina/posebusters/7BJJ_TVW.sdf.gz	1248	2026-09-24T17:08:02+08:00
arm	A3_genconf_detbox	gnina	posebusters	7BKA_4JC	20260922	ok		5	-7.59	gnina_cnn:rescore:crossdock_default2018	kcal/mol (empirical score, not a measured free energy)	20.363	9.914	26.91	25.0	8	genconf	/home/qasim/vgb_bench_data/prepared/receptors/posebusters/7BKA_4JC/receptor.pdbqt	20.69	476.2	4	/home/qasim/vgb_bench_data/poses/A3_genconf_detbox/gnina/posebusters/7BKA_4JC.sdf.gz	1740	2026-09-24T17:08:20+08:00
arm	A3_genconf_detbox	gnina	posebusters	7BMI_U4B	20260922	ok		5	-3.85	gnina_cnn:rescore:crossdock_default2018	kcal/mol (empirical score, not a measured free energy)	61.936	31.217	51.286	25.0	8	genconf	/home/qasim/vgb_bench_data/prepared/receptors/posebusters/7BMI_U4B/receptor.pdbqt	26.02	476.5	4	/home/qasim/vgb_bench_data/poses/A3_genconf_detbox/gnina/posebusters/7BMI_U4B.sdf.gz	1406	2026-09-24T17:08:25+08:00
arm	A3_genconf_detbox	gnina	posebusters	7BNH_BEZ	20260922	ok		5	-3.54	gnina_cnn:rescore:crossdock_default2018	kcal/mol (empirical score, not a measured free energy)	-8.997	2.072	10.312	25.0	8	genconf	/home/qasim/vgb_bench_data/prepared/receptors/posebusters/7BNH_BEZ/receptor.pdbqt	21.24	476.2	4	/home/qasim/vgb_bench_data/poses/A3_genconf_detbox/gnina/posebusters/7BNH_BEZ.sdf.gz	1240	2026-09-24T17:08:41+08:00
arm	A3_genconf_detbox	gnina	posebusters	7B2C_TP7	20260922	ok		5	11.09	gnina_cnn:rescore:crossdock_default2018	kcal/mol (empirical score, not a measured free energy)	-14.859	-14.44	8.308	25.0	8	genconf	/home/qasim/vgb_bench_data/prepared/receptors/posebusters/7B2C_TP7/receptor.pdbqt	139.98	507.3	4	/home/qasim/vgb_bench_data/poses/A3_genconf_detbox/gnina/posebusters/7B2C_TP7.sdf.gz	3043	2026-09-24T17:07:13+08:00
arm	A3_genconf_detbox	gnina	posebusters	7C3U_AZG	20260922	ok		5	-6.65	gnina_cnn:rescore:crossdock_default2018	kcal/mol (empirical score, not a measured free energy)	20.701	33.299	45.843	25.0	8	genconf	/home/qasim/vgb_bench_data/prepared/receptors/posebusters/7C3U_AZG/receptor.pdbqt	18.33	507.3	4	/home/qasim/vgb_bench_data/poses/A3_genconf_detbox/gnina/posebusters/7C3U_AZG.sdf.gz	1175	2026-09-24T17:09:33+08:00
arm	A3_genconf_detbox	gnina	posebusters	7B94_ANP	20260922	ok		5	-10.32	gnina_cnn:rescore:crossdock_default2018	kcal/mol (empirical score, not a measured free energy)	-26.788	5.749	-5.979	25.0	8	genconf	/home/qasim/vgb_bench_data/prepared/receptors/posebusters/7B94_ANP/receptor.pdbqt	151.43	466.2	4	/home/qasim/vgb_bench_data/poses/A3_genconf_detbox/gnina/posebusters/7B94_ANP.sdf.gz	3306	2026-09-24T17:07:22+08:00
arm	A3_genconf_detbox	gnina	posebusters	7C8Q_DSG	20260922	ok		5	-4.32	gnina_cnn:rescore:crossdock_default2018	kcal/mol (empirical score, not a measured free energy)	-27.216	24.41	18.636	25.0	8	genconf	/home/qasim/vgb_bench_data/prepared/receptors/posebusters/7C8Q_DSG/receptor.pdbqt	22.55	507.3	4	/home/qasim/vgb_bench_data/poses/A3_genconf_detbox/gnina/posebusters/7C8Q_DSG.sdf.gz	1364	2026-09-24T17:09:51+08:00
arm	A3_genconf_detbox	gnina	posebusters	7CIJ_G0C	20260922	ok		5	-8.46	gnina_cnn:rescore:crossdock_default2018	kcal/mol (empirical score, not a measured free energy)	27.226	14.1	47.597	25.0	8	genconf	/home/qasim/vgb_bench_data/prepared/receptors/posebusters/7CIJ_G0C/receptor.pdbqt	62.57	507.3	4	/home/qasim/vgb_bench_data/poses/A3_genconf_detbox/gnina/posebusters/7CIJ_G0C.sdf.gz	2831	2026-09-24T17:10:14+08:00
arm	A3_genconf_detbox	gnina	posebusters	7CD9_FVR	20260922	ok		5	-8.12	gnina_cnn:rescore:crossdock_default2018	kcal/mol (empirical score, not a measured free energy)	4.973	18.315	14.924	25.0	8	genconf	/home/qasim/vgb_bench_data/prepared/receptors/posebusters/7CD9_FVR/receptor.pdbqt	96.46	466.2	4	/home/qasim/vgb_bench_data/poses/A3_genconf_detbox/gnina/posebusters/7CD9_FVR.sdf.gz	4295	2026-09-24T17:09:54+08:00
arm	A3_genconf_detbox	gnina	posebusters	7CL8_TES	20260922	ok		5	80.64	gnina_cnn:rescore:crossdock_default2018	kcal/mol (empirical score, not a measured free energy)	20.294	-5.716	-24.912	25.0	8	genconf	/home/qasim/vgb_bench_data/prepared/receptors/posebusters/7CL8_TES/receptor.pdbqt	35.21	507.3	4	/home/qasim/vgb_bench_data/poses/A3_genconf_detbox/gnina/posebusters/7CL8_TES.sdf.gz	3605	2026-09-24T17:11:17+08:00
arm	A3_genconf_detbox	gnina	posebusters	7CNQ_G8X	20260922	ok		5	-5.38	gnina_cnn:rescore:crossdock_default2018	kcal/mol (empirical score, not a measured free energy)	-21.915	52.294	49.515	25.0	8	genconf	/home/qasim/vgb_bench_data/prepared/receptors/posebusters/7CNQ_G8X/receptor.pdbqt	24.42	498.6	4	/home/qasim/vgb_bench_data/poses/A3_genconf_detbox/gnina/posebusters/7CNQ_G8X.sdf.gz	1421	2026-09-24T17:11:30+08:00
arm	A3_genconf_detbox	gnina	posebusters	7CTM_BDP	20260922	ok		5	-5.51	gnina_cnn:rescore:crossdock_default2018	kcal/mol (empirical score, not a measured free energy)	9.51	-5.191	100.136	25.0	8	genconf	/home/qasim/vgb_bench_data/prepared/receptors/posebusters/7CTM_BDP/receptor.pdbqt	18.89	498.6	4	/home/qasim/vgb_bench_data/poses/A3_genconf_detbox/gnina/posebusters/7CTM_BDP.sdf.gz	1791	2026-09-24T17:11:54+08:00
arm	A3_genconf_detbox	gnina	posebusters	7BTT_F8R	20260922	ok		5	-5.88	gnina_cnn:rescore:crossdock_default2018	kcal/mol (empirical score, not a measured free energy)	18.168	38.571	15.442	25.0	8	genconf	/home/qasim/vgb_bench_data/prepared/receptors/posebusters/7BTT_F8R/receptor.pdbqt	217.84	476.5	4	/home/qasim/vgb_bench_data/poses/A3_genconf_detbox/gnina/posebusters/7BTT_F8R.sdf.gz	4972	2026-09-24T17:08:51+08:00
arm	A3_genconf_detbox	gnina	posebusters	7CUO_PHB	20260922	ok		5	-6.94	gnina_cnn:rescore:crossdock_default2018	kcal/mol (empirical score, not a measured free energy)	21.924	15.097	62.522	25.0	8	genconf	/home/qasim/vgb_bench_data/prepared/receptors/posebusters/7CUO_PHB/receptor.pdbqt	27.46	498.6	4	/home/qasim/vgb_bench_data/poses/A3_genconf_detbox/gnina/posebusters/7CUO_PHB.sdf.gz	1254	2026-09-24T17:12:13+08:00
arm	A3_genconf_detbox	gnina	posebusters	7CNS_PMV	20260922	ok		5	-3.28	gnina_cnn:rescore:crossdock_default2018	kcal/mol (empirical score, not a measured free energy)	3.87	-7.765	-9.94	25.0	8	genconf	/home/qasim/vgb_bench_data/prepared/receptors/posebusters/7CNS_PMV/receptor.pdbqt	49.22	507.3	4	/home/qasim/vgb_bench_data/poses/A3_genconf_detbox/gnina/posebusters/7CNS_PMV.sdf.gz	1989	2026-09-24T17:11:52+08:00
arm	A3_genconf_detbox	gnina	posebusters	7DKT_GLF	20260922	ok		5	-7.18	gnina_cnn:rescore:crossdock_default2018	kcal/mol (empirical score, not a measured free energy)	56.692	69.511	62.417	25.0	8	genconf	/home/qasim/vgb_bench_data/prepared/receptors/posebusters/7DKT_GLF/receptor.pdbqt	17.29	507.3	4	/home/qasim/vgb_bench_data/poses/A3_genconf_detbox/gnina/posebusters/7DKT_GLF.sdf.gz	1778	2026-09-24T17:12:41+08:00
arm	A3_genconf_detbox	gnina	posebusters	7DQL_4CL	20260922	ok		5	-3.88	gnina_cnn:rescore:crossdock_default2018	kcal/mol (empirical score, not a measured free energy)	15.88	1.262	13.769	25.0	8	genconf	/home/qasim/vgb_bench_data/prepared/receptors/posebusters/7DQL_4CL/receptor.pdbqt	14.77	507.3	4	/home/qasim/vgb_bench_data/poses/A3_genconf_detbox/gnina/posebusters/7DQL_4CL.sdf.gz	1212	2026-09-24T17:12:58+08:00
arm	A3_genconf_detbox	gnina	posebusters	7C0U_FGO	20260922	ok		5	-7.0	gnina_cnn:rescore:crossdock_default2018	kcal/mol (empirical score, not a measured free energy)	34.052	15.742	78.639	25.0	8	genconf	/home/qasim/vgb_bench_data/prepared/receptors/posebusters/7C0U_FGO/receptor.pdbqt	288.24	476.2	4	/home/qasim/vgb_bench_data/poses/A3_genconf_detbox/gnina/posebusters/7C0U_FGO.sdf.gz	4998	2026-09-24T17:09:02+08:00
arm	A3_genconf_detbox	gnina	posebusters	7D6O_MTE	20260922	ok		5	2.91	gnina_cnn:rescore:crossdock_default2018	kcal/mol (empirical score, not a measured free energy)	67.516	-23.132	45.574	25.0	8	genconf	/home/qasim/vgb_bench_data/prepared/receptors/posebusters/7D6O_MTE/receptor.pdbqt	73.04	507.1	4	/home/qasim/vgb_bench_data/poses/A3_genconf_detbox/gnina/posebusters/7D6O_MTE.sdf.gz	2737	2026-09-24T17:12:41+08:00
arm	A3_genconf_detbox	gnina	posebusters	7DUA_HJ0	20260922	ok		5	-9.45	gnina_cnn:rescore:crossdock_default2018	kcal/mol (empirical score, not a measured free energy)	21.335	1.764	-14.528	25.0	8	genconf	/home/qasim/vgb_bench_data/prepared/receptors/posebusters/7DUA_HJ0/receptor.pdbqt	47.84	507.3	4	/home/qasim/vgb_bench_data/poses/A3_genconf_detbox/gnina/posebusters/7DUA_HJ0.sdf.gz	2865	2026-09-24T17:13:13+08:00
arm	A3_genconf_detbox	gnina	posebusters	7E4L_MDN	20260922	ok		5	-3.59	gnina_cnn:rescore:crossdock_default2018	kcal/mol (empirical score, not a measured free energy)	-37.883	-22.35	-16.09	25.0	8	genconf	/home/qasim/vgb_bench_data/prepared/receptors/posebusters/7E4L_MDN/receptor.pdbqt	26.81	476.2	4	/home/qasim/vgb_bench_data/poses/A3_genconf_detbox/gnina/posebusters/7E4L_MDN.sdf.gz	1208	2026-09-24T17:13:51+08:00
arm	A3_genconf_detbox	gnina	posebusters	7EBG_J0L	20260922	ok		5	-5.03	gnina_cnn:rescore:crossdock_default2018	kcal/mol (empirical score, not a measured free energy)	12.393	9.019	12.689	25.0	8	genconf	/home/qasim/vgb_bench_data/prepared/receptors/posebusters/7EBG_J0L/receptor.pdbqt	35.78	507.1	4	/home/qasim/vgb_bench_data/poses/A3_genconf_detbox/gnina/posebusters/7EBG_J0L.sdf.gz	2098	2026-09-24T17:13:54+08:00
arm	A3_genconf_detbox	gnina	posebusters	7ECR_SIN	20260922	ok		5	-5.57	gnina_cnn:rescore:crossdock_default2018	kcal/mol (empirical score, not a measured free energy)	-64.056	-34.797	-46.413	25.0	8	genconf	/home/qasim/vgb_bench_data/prepared/receptors/posebusters/7ECR_SIN/receptor.pdbqt	31.2	507.3	4	/home/qasim/vgb_bench_data/poses/A3_genconf_detbox/gnina/posebusters/7ECR_SIN.sdf.gz	1144	2026-09-24T17:14:01+08:00
arm	A3_genconf_detbox	gnina	posebusters	7D5C_GV6	20260922	ok		5	-4.95	gnina_cnn:rescore:crossdock_default2018	kcal/mol (empirical score, not a measured free energy)	16.537	-7.99	42.066	25.0	8	genconf	/home/qasim/vgb_bench_data/prepared/receptors/posebusters/7D5C_GV6/receptor.pdbqt	162.5	476.5	4	/home/qasim/vgb_bench_data/poses/A3_genconf_detbox/gnina/posebusters/7D5C_GV6.sdf.gz	4043	2026-09-24T17:12:29+08:00
arm	A3_genconf_detbox	gnina	posebusters	7ED2_A3P	20260922	ok		5	-9.89	gnina_cnn:rescore:crossdock_default2018	kcal/mol (empirical score, not a measured free energy)	-20.9	-9.178	22.79	25.0	8	genconf	/home/qasim/vgb_bench_data/prepared/receptors/posebusters/7ED2_A3P/receptor.pdbqt	81.46	476.2	4	/home/qasim/vgb_bench_data/poses/A3_genconf_detbox/gnina/posebusters/7ED2_A3P.sdf.gz	2966	2026-09-24T17:14:17+08:00
arm	A3_genconf_detbox	gnina	posebusters	7ES1_UDP	20260922	ok		5	-10.35	gnina_cnn:rescore:crossdock_default2018	kcal/mol (empirical score, not a measured free energy)	15.577	4.358	23.951	25.0	8	genconf	/home/qasim/vgb_bench_data/prepared/receptors/posebusters/7ES1_UDP/receptor.pdbqt	61.27	476.6	4	/home/qasim/vgb_bench_data/poses/A3_genconf_detbox/gnina/posebusters/7ES1_UDP.sdf.gz	2753	2026-09-24T17:15:12+08:00
arm	A3_genconf_detbox	gnina	posebusters	7F5D_EUO	20260922	ok		5	-7.88	gnina_cnn:rescore:crossdock_default2018	kcal/mol (empirical score, not a measured free energy)	7.364	-4.616	28.25	25.0	8	genconf	/home/qasim/vgb_bench_data/prepared/receptors/posebusters/7F5D_EUO/receptor.pdbqt	32.86	476.6	4	/home/qasim/vgb_bench_data/poses/A3_genconf_detbox/gnina/posebusters/7F5D_EUO.sdf.gz	2580	2026-09-24T17:16:13+08:00
arm	A3_genconf_detbox	gnina	posebusters	7ELT_TYM	20260922	ok		5	-6.72	gnina_cnn:rescore:crossdock_default2018	kcal/mol (empirical score, not a measured free energy)	1.724	22.927	4.086	25.0	8	genconf	/home/qasim/vgb_bench_data/prepared/receptors/posebusters/7ELT_TYM/receptor.pdbqt	182.57	507.1	4	/home/qasim/vgb_bench_data/poses/A3_genconf_detbox/gnina/posebusters/7ELT_TYM.sdf.gz	4352	2026-09-24T17:14:30+08:00
arm	A3_genconf_detbox	gnina	posebusters	7FB7_8NF	20260922	ok		5	-2.91	gnina_cnn:rescore:crossdock_default2018	kcal/mol (empirical score, not a measured free energy)	34.107	29.102	48.551	25.0	8	genconf	/home/qasim/vgb_bench_data/prepared/receptors/posebusters/7FB7_8NF/receptor.pdbqt	18.68	507.1	4	/home/qasim/vgb_bench_data/poses/A3_genconf_detbox/gnina/posebusters/7FB7_8NF.sdf.gz	1489	2026-09-24T17:17:32+08:00
arm	A3_genconf_detbox	gnina	posebusters	7FHA_ADX	20260922	ok		5	-4.91	gnina_cnn:rescore:crossdock_default2018	kcal/mol (empirical score, not a measured free energy)	9.75	6.914	6.501	25.0	8	genconf	/home/qasim/vgb_bench_data/prepared/receptors/posebusters/7FHA_ADX/receptor.pdbqt	68.89	507.1	4	/home/qasim/vgb_bench_data/poses/A3_genconf_detbox/gnina/posebusters/7FHA_ADX.sdf.gz	2910	2026-09-24T17:17:51+08:00
arm	A3_genconf_detbox	gnina	posebusters	7F51_BA7	20260922	ok		5	-11.08	gnina_cnn:rescore:crossdock_default2018	kcal/mol (empirical score, not a measured free energy)	1.712	5.166	4.35	25.0	8	genconf	/home/qasim/vgb_bench_data/prepared/receptors/posebusters/7F51_BA7/receptor.pdbqt	304.29	476.2	4	/home/qasim/vgb_bench_data/poses/A3_genconf_detbox/gnina/posebusters/7F51_BA7.sdf.gz	4811	2026-09-24T17:15:39+08:00
arm	A3_genconf_detbox	gnina	posebusters	7FRX_O88	20260922	ok		5	-5.67	gnina_cnn:rescore:crossdock_default2018	kcal/mol (empirical score, not a measured free energy)	8.456	-28.173	37.199	25.0	8	genconf	/home/qasim/vgb_bench_data/prepared/receptors/posebusters/7FRX_O88/receptor.pdbqt	110.2	516.8	4	/home/qasim/vgb_bench_data/poses/A3_genconf_detbox/gnina/posebusters/7FRX_O88.sdf.gz	3319	2026-09-24T17:19:00+08:00
arm	A3_genconf_detbox	gnina	posebusters	7FT9_4MB	20260922	ok		5	-4.11	gnina_cnn:rescore:crossdock_default2018	kcal/mol (empirical score, not a measured free energy)	-27.431	-10.244	-48.384	25.0	8	genconf	/home/qasim/vgb_bench_data/prepared/receptors/posebusters/7FT9_4MB/receptor.pdbqt	27.58	476.2	4	/home/qasim/vgb_bench_data/poses/A3_genconf_detbox/gnina/posebusters/7FT9_4MB.sdf.gz	1799	2026-09-24T17:20:43+08:00
arm	A3_genconf_detbox	gnina	posebusters	7JG0_GAR	20260922	ok		5	-7.17	gnina_cnn:rescore:crossdock_default2018	kcal/mol (empirical score, not a measured free energy)	-31.532	18.929	34.713	25.0	8	genconf	/home/qasim/vgb_bench_data/prepared/receptors/posebusters/7JG0_GAR/receptor.pdbqt	42.53	516.8	4	/home/qasim/vgb_bench_data/poses/A3_genconf_detbox/gnina/posebusters/7JG0_GAR.sdf.gz	2318	2026-09-24T17:20:50+08:00
arm	A3_genconf_detbox	gnina	posebusters	7JHQ_VAJ	20260922	ok		5	-7.44	gnina_cnn:rescore:crossdock_default2018	kcal/mol (empirical score, not a measured free energy)	40.475	-65.065	-3.991	25.0	8	genconf	/home/qasim/vgb_bench_data/prepared/receptors/posebusters/7JHQ_VAJ/receptor.pdbqt	33.01	476.2	4	/home/qasim/vgb_bench_data/poses/A3_genconf_detbox/gnina/posebusters/7JHQ_VAJ.sdf.gz	2060	2026-09-24T17:21:11+08:00
arm	A3_genconf_detbox	gnina	posebusters	7JXX_VP7	20260922	failed	gnina: ATOM     24  C   UNL     1      -4.842   0.147  -0.929  1.00  0.00    +0.040 CG0			gnina_cnn:rescore:crossdock_default2018	kcal/mol (empirical score, not a measured free energy)	165.748	18.67	55.427	25.0	8	genconf	/home/qasim/vgb_bench_data/prepared/receptors/posebusters/7JXX_VP7/receptor.pdbqt	0.8		4			2026-09-24T17:21:44+08:00
arm	A3_genconf_detbox	gnina	posebusters	7JMV_4NC	20260922	ok		5	-6.56	gnina_cnn:rescore:crossdock_default2018	kcal/mol (empirical score, not a measured free energy)	33.431	-26.577	-8.889	25.0	8	genconf	/home/qasim/vgb_bench_data/prepared/receptors/posebusters/7JMV_4NC/receptor.pdbqt	24.5	516.8	4	/home/qasim/vgb_bench_data/poses/A3_genconf_detbox/gnina/posebusters/7JMV_4NC.sdf.gz	1291	2026-09-24T17:21:32+08:00
arm	A3_genconf_detbox	gnina	posebusters	7EPV_FDA	20260922	ok		5	-7.94	gnina_cnn:rescore:crossdock_default2018	kcal/mol (empirical score, not a measured free energy)	2.849	-8.525	-1.643	25.0	8	genconf	/home/qasim/vgb_bench_data/prepared/receptors/posebusters/7EPV_FDA/receptor.pdbqt	511.74	507.3	4	/home/qasim/vgb_bench_data/poses/A3_genconf_detbox/gnina/posebusters/7EPV_FDA.sdf.gz	5936	2026-09-24T17:14:32+08:00
arm	A3_genconf_detbox	gnina	posebusters	7JY3_VUD	20260922	ok		5	-6.59	gnina_cnn:rescore:crossdock_default2018	kcal/mol (empirical score, not a measured free energy)	13.964	-10.947	29.317	25.0	8	genconf	/home/qasim/vgb_bench_data/prepared/receptors/posebusters/7JY3_VUD/receptor.pdbqt	97.67	476.2	4	/home/qasim/vgb_bench_data/poses/A3_genconf_detbox/gnina/posebusters/7JY3_VUD.sdf.gz	3119	2026-09-24T17:21:45+08:00
arm	A3_genconf_detbox	gnina	posebusters	7K0V_VQP	20260922	ok		5	-13.0	gnina_cnn:rescore:crossdock_default2018	kcal/mol (empirical score, not a measured free energy)	36.131	-6.581	-29.542	25.0	8	genconf	/home/qasim/vgb_bench_data/prepared/receptors/posebusters/7K0V_VQP/receptor.pdbqt	101.56	516.8	4	/home/qasim/vgb_bench_data/poses/A3_genconf_detbox/gnina/posebusters/7K0V_VQP.sdf.gz	4073	2026-09-24T17:21:57+08:00
arm	A3_genconf_detbox	gnina	posebusters	7KB1_WBJ	20260922	ok		5	19.38	gnina_cnn:rescore:crossdock_default2018	kcal/mol (empirical score, not a measured free energy)	13.769	-19.132	53.722	25.0	8	genconf	/home/qasim/vgb_bench_data/prepared/receptors/posebusters/7KB1_WBJ/receptor.pdbqt	82.58	507.3	4	/home/qasim/vgb_bench_data/poses/A3_genconf_detbox/gnina/posebusters/7KB1_WBJ.sdf.gz	2653	2026-09-24T17:23:04+08:00
arm	A3_genconf_detbox	gnina	posebusters	7KQU_YOF	20260922	ok		5	-9.24	gnina_cnn:rescore:crossdock_default2018	kcal/mol (empirical score, not a measured free energy)	69.569	6.933	48.314	25.0	8	genconf	/home/qasim/vgb_bench_data/prepared/receptors/posebusters/7KQU_YOF/receptor.pdbqt	32.29	507.3	4	/home/qasim/vgb_bench_data/poses/A3_genconf_detbox/gnina/posebusters/7KQU_YOF.sdf.gz	1850	2026-09-24T17:24:26+08:00
arm	A3_genconf_detbox	gnina	posebusters	7F8T_FAD	20260922	ok		5	-9.62	gnina_cnn:rescore:crossdock_default2018	kcal/mol (empirical score, not a measured free energy)	14.277	32.218	113.615	25.0	8	genconf	/home/qasim/vgb_bench_data/prepared/receptors/posebusters/7F8T_FAD/receptor.pdbqt	517.19	476.6	4	/home/qasim/vgb_bench_data/poses/A3_genconf_detbox/gnina/posebusters/7F8T_FAD.sdf.gz	5912	2026-09-24T17:16:46+08:00
arm	A3_genconf_detbox	gnina	posebusters	7KC5_BJZ	20260922	ok		5	-10.53	gnina_cnn:rescore:crossdock_default2018	kcal/mol (empirical score, not a measured free energy)	-4.271	-19.773	-33.614	25.0	8	genconf	/home/qasim/vgb_bench_data/prepared/receptors/posebusters/7KC5_BJZ/receptor.pdbqt	122.26	476.2	4	/home/qasim/vgb_bench_data/poses/A3_genconf_detbox/gnina/posebusters/7KC5_BJZ.sdf.gz	3941	2026-09-24T17:23:22+08:00
arm	A3_genconf_detbox	gnina	posebusters	7KM8_WPD	20260922	ok		5	-9.58	gnina_cnn:rescore:crossdock_default2018	kcal/mol (empirical score, not a measured free energy)	-36.639	-4.801	-10.87	25.0	8	genconf	/home/qasim/vgb_bench_data/prepared/receptors/posebusters/7KM8_WPD/receptor.pdbqt	152.0	516.8	4	/home/qasim/vgb_bench_data/poses/A3_genconf_detbox/gnina/posebusters/7KM8_WPD.sdf.gz	3668	2026-09-24T17:23:39+08:00
arm	A3_genconf_detbox	gnina	posebusters	7KZ9_XN7	20260922	ok		5	-6.47	gnina_cnn:rescore:crossdock_default2018	kcal/mol (empirical score, not a measured free energy)	-37.71	16.578	16.934	25.0	8	genconf	/home/qasim/vgb_bench_data/prepared/receptors/posebusters/7KZ9_XN7/receptor.pdbqt	52.32	476.6	4	/home/qasim/vgb_bench_data/poses/A3_genconf_detbox/gnina/posebusters/7KZ9_XN7.sdf.gz	1840	2026-09-24T17:25:23+08:00
arm	A3_genconf_detbox	gnina	posebusters	7L00_XCJ	20260922	ok		5	-10.57	gnina_cnn:rescore:crossdock_default2018	kcal/mol (empirical score, not a measured free energy)	-17.64	30.202	38.601	25.0	8	genconf	/home/qasim/vgb_bench_data/prepared/receptors/posebusters/7L00_XCJ/receptor.pdbqt	75.21	476.2	4	/home/qasim/vgb_bench_data/poses/A3_genconf_detbox/gnina/posebusters/7L00_XCJ.sdf.gz	2923	2026-09-24T17:25:25+08:00
arm	A3_genconf_detbox	gnina	posebusters	7L7C_XQ1	20260922	ok		5	-6.09	gnina_cnn:rescore:crossdock_default2018	kcal/mol (empirical score, not a measured free energy)	40.094	-2.017	-3.265	25.0	8	genconf	/home/qasim/vgb_bench_data/prepared/receptors/posebusters/7L7C_XQ1/receptor.pdbqt	35.03	476.2	4	/home/qasim/vgb_bench_data/poses/A3_genconf_detbox/gnina/posebusters/7L7C_XQ1.sdf.gz	2557	2026-09-24T17:26:40+08:00
arm	A3_genconf_detbox	gnina	posebusters	7L5F_XNG	20260922	ok		5	-6.5	gnina_cnn:rescore:crossdock_default2018	kcal/mol (empirical score, not a measured free energy)	9.838	36.422	23.1	25.0	8	genconf	/home/qasim/vgb_bench_data/prepared/receptors/posebusters/7L5F_XNG/receptor.pdbqt	70.96	476.6	4	/home/qasim/vgb_bench_data/poses/A3_genconf_detbox/gnina/posebusters/7L5F_XNG.sdf.gz	3214	2026-09-24T17:26:15+08:00
arm	A3_genconf_detbox	gnina	posebusters	7L03_F9F	20260922	ok		5	11.37	gnina_cnn:rescore:crossdock_default2018	kcal/mol (empirical score, not a measured free energy)	-9.261	-17.156	12.365	25.0	8	genconf	/home/qasim/vgb_bench_data/prepared/receptors/posebusters/7L03_F9F/receptor.pdbqt	82.08	516.8	4	/home/qasim/vgb_bench_data/poses/A3_genconf_detbox/gnina/posebusters/7L03_F9F.sdf.gz	2378	2026-09-24T17:26:11+08:00
arm	A3_genconf_detbox	gnina	posebusters	7KRU_ATP	20260922	ok		5	-2.02	gnina_cnn:rescore:crossdock_default2018	kcal/mol (empirical score, not a measured free energy)	59.035	40.554	207.751	25.0	8	genconf	/home/qasim/vgb_bench_data/prepared/receptors/posebusters/7KRU_ATP/receptor.pdbqt	181.64	507.3	4	/home/qasim/vgb_bench_data/poses/A3_genconf_detbox/gnina/posebusters/7KRU_ATP.sdf.gz	3419	2026-09-24T17:24:59+08:00
arm	A3_genconf_detbox	gnina	posebusters	7LEV_0JO	20260922	ok		5	-10.87	gnina_cnn:rescore:crossdock_default2018	kcal/mol (empirical score, not a measured free energy)	5.906	-3.003	21.899	25.0	8	genconf	/home/qasim/vgb_bench_data/prepared/receptors/posebusters/7LEV_0JO/receptor.pdbqt	64.27	476.6	4	/home/qasim/vgb_bench_data/poses/A3_genconf_detbox/gnina/posebusters/7LEV_0JO.sdf.gz	2424	2026-09-24T17:27:26+08:00
arm	A3_genconf_detbox	gnina	posebusters	7LOE_Y84	20260922	ok		5	-8.18	gnina_cnn:rescore:crossdock_default2018	kcal/mol (empirical score, not a measured free energy)	40.418	-19.428	12.221	25.0	8	genconf	/home/qasim/vgb_bench_data/prepared/receptors/posebusters/7LOE_Y84/receptor.pdbqt	14.56	476.6	4	/home/qasim/vgb_bench_data/poses/A3_genconf_detbox/gnina/posebusters/7LOE_Y84.sdf.gz	1385	2026-09-24T17:28:31+08:00
arm	A3_genconf_detbox	gnina	posebusters	7LOU_IFM	20260922	ok		5	-3.75	gnina_cnn:rescore:crossdock_default2018	kcal/mol (empirical score, not a measured free energy)	-10.897	-2.427	43.832	25.0	8	genconf	/home/qasim/vgb_bench_data/prepared/receptors/posebusters/7LOU_IFM/receptor.pdbqt	15.16	476.6	4	/home/qasim/vgb_bench_data/poses/A3_genconf_detbox/gnina/posebusters/7LOU_IFM.sdf.gz	1844	2026-09-24T17:28:45+08:00
arm	A3_genconf_detbox	gnina	posebusters	7LT0_ONJ	20260922	ok		5	-9.47	gnina_cnn:rescore:crossdock_default2018	kcal/mol (empirical score, not a measured free energy)	-27.47	-12.839	-25.556	25.0	8	genconf	/home/qasim/vgb_bench_data/prepared/receptors/posebusters/7LT0_ONJ/receptor.pdbqt	55.91	476.6	4	/home/qasim/vgb_bench_data/poses/A3_genconf_detbox/gnina/posebusters/7LT0_ONJ.sdf.gz	3365	2026-09-24T17:29:00+08:00
arm	A3_genconf_detbox	gnina	posebusters	7LJN_GTP	20260922	ok		5	-9.49	gnina_cnn:rescore:crossdock_default2018	kcal/mol (empirical score, not a measured free energy)	-19.024	38.359	-39.827	25.0	8	genconf	/home/qasim/vgb_bench_data/prepared/receptors/posebusters/7LJN_GTP/receptor.pdbqt	169.9	516.8	4	/home/qasim/vgb_bench_data/poses/A3_genconf_detbox/gnina/posebusters/7LJN_GTP.sdf.gz	3376	2026-09-24T17:27:33+08:00
arm	A3_genconf_detbox	gnina	posebusters	7LCU_XTA	20260922	ok		5	-10.27	gnina_cnn:rescore:crossdock_default2018	kcal/mol (empirical score, not a measured free energy)	-64.202	-34.531	94.712	25.0	8	genconf	/home/qasim/vgb_bench_data/prepared/receptors/posebusters/7LCU_XTA/receptor.pdbqt	200.29	476.2	4	/home/qasim/vgb_bench_data/poses/A3_genconf_detbox/gnina/posebusters/7LCU_XTA.sdf.gz	4924	2026-09-24T17:27:15+08:00
arm	A3_genconf_detbox	gnina	posebusters	7LMO_NYO	20260922	ok		5	-11.67	gnina_cnn:rescore:crossdock_default2018	kcal/mol (empirical score, not a measured free energy)	-0.502	-21.47	35.713	25.0	8	genconf	/home/qasim/vgb_bench_data/prepared/receptors/posebusters/7LMO_NYO/receptor.pdbqt	164.98	507.3	4	/home/qasim/vgb_bench_data/poses/A3_genconf_detbox/gnina/posebusters/7LMO_NYO.sdf.gz	4636	2026-09-24T17:28:00+08:00
arm	A3_genconf_detbox	gnina	posebusters	7M31_TDR	20260922	ok		5	-5.79	gnina_cnn:rescore:crossdock_default2018	kcal/mol (empirical score, not a measured free energy)	3.82	93.328	14.207	25.0	8	genconf	/home/qasim/vgb_bench_data/prepared/receptors/posebusters/7M31_TDR/receptor.pdbqt	25.56	521.1	4	/home/qasim/vgb_bench_data/poses/A3_genconf_detbox/gnina/posebusters/7M31_TDR.sdf.gz	1241	2026-09-24T17:30:23+08:00
arm	A3_genconf_detbox	gnina	posebusters	7LZD_YHY	20260922	ok		5	-12.77	gnina_cnn:rescore:crossdock_default2018	kcal/mol (empirical score, not a measured free energy)	-3.621	29.37	12.601	25.0	8	genconf	/home/qasim/vgb_bench_data/prepared/receptors/posebusters/7LZD_YHY/receptor.pdbqt	100.83	476.6	4	/home/qasim/vgb_bench_data/poses/A3_genconf_detbox/gnina/posebusters/7LZD_YHY.sdf.gz	3977	2026-09-24T17:29:56+08:00
arm	A3_genconf_detbox	gnina	posebusters	7M3H_YPV	20260922	ok		5	-0.19	gnina_cnn:rescore:crossdock_default2018	kcal/mol (empirical score, not a measured free energy)	-8.102	-7.84	18.906	25.0	8	genconf	/home/qasim/vgb_bench_data/prepared/receptors/posebusters/7M3H_YPV/receptor.pdbqt	108.85	476.2	4	/home/qasim/vgb_bench_data/poses/A3_genconf_detbox/gnina/posebusters/7M3H_YPV.sdf.gz	3112	2026-09-24T17:30:35+08:00
arm	A3_genconf_detbox	gnina	posebusters	7M6K_YRJ	20260922	ok		5	-9.36	gnina_cnn:rescore:crossdock_default2018	kcal/mol (empirical score, not a measured free energy)	12.508	-1.264	-21.769	25.0	8	genconf	/home/qasim/vgb_bench_data/prepared/receptors/posebusters/7M6K_YRJ/receptor.pdbqt	127.71	507.3	4	/home/qasim/vgb_bench_data/poses/A3_genconf_detbox/gnina/posebusters/7M6K_YRJ.sdf.gz	3926	2026-09-24T17:30:45+08:00
arm	A3_genconf_detbox	gnina	posebusters	7MMH_ZJY	20260922	failed	gnina: ATOM     43  C   UNL     1       1.457   4.968   0.238  1.00  0.00    +0.003 CG0			gnina_cnn:rescore:crossdock_default2018	kcal/mol (empirical score, not a measured free energy)	-1.131	25.374	-21.038	25.0	8	genconf	/home/qasim/vgb_bench_data/prepared/receptors/posebusters/7MMH_ZJY/receptor.pdbqt	0.87		4			2026-09-24T17:32:53+08:00
arm	A3_genconf_detbox	gnina	posebusters	7MOI_HPS	20260922	ok		5	-5.09	gnina_cnn:rescore:crossdock_default2018	kcal/mol (empirical score, not a measured free energy)	32.358	16.914	7.308	25.0	8	genconf	/home/qasim/vgb_bench_data/prepared/receptors/posebusters/7MOI_HPS/receptor.pdbqt	19.21	507.3	4	/home/qasim/vgb_bench_data/poses/A3_genconf_detbox/gnina/posebusters/7MOI_HPS.sdf.gz	1446	2026-09-24T17:32:54+08:00
arm	A3_genconf_detbox	gnina	posebusters	7MGT_ZD4	20260922	ok		5	-9.97	gnina_cnn:rescore:crossdock_default2018	kcal/mol (empirical score, not a measured free energy)	45.543	25.917	12.282	25.0	8	genconf	/home/qasim/vgb_bench_data/prepared/receptors/posebusters/7MGT_ZD4/receptor.pdbqt	104.21	476.6	4	/home/qasim/vgb_bench_data/poses/A3_genconf_detbox/gnina/posebusters/7MGT_ZD4.sdf.gz	2989	2026-09-24T17:31:37+08:00
arm	A3_genconf_detbox	gnina	posebusters	7MGY_ZD1	20260922	ok		5	-11.36	gnina_cnn:rescore:crossdock_default2018	kcal/mol (empirical score, not a measured free energy)	33.888	-27.987	354.135	25.0	8	genconf	/home/qasim/vgb_bench_data/prepared/receptors/posebusters/7MGY_ZD1/receptor.pdbqt	70.89	476.2	4	/home/qasim/vgb_bench_data/poses/A3_genconf_detbox/gnina/posebusters/7MGY_ZD1.sdf.gz	3238	2026-09-24T17:32:24+08:00
arm	A3_genconf_detbox	gnina	posebusters	7MWU_ZPM	20260922	ok		5	-3.43	gnina_cnn:rescore:crossdock_default2018	kcal/mol (empirical score, not a measured free energy)	-7.554	45.408	42.901	25.0	8	genconf	/home/qasim/vgb_bench_data/prepared/receptors/posebusters/7MWU_ZPM/receptor.pdbqt	15.02	476.2	4	/home/qasim/vgb_bench_data/poses/A3_genconf_detbox/gnina/posebusters/7MWU_ZPM.sdf.gz	1245	2026-09-24T17:33:35+08:00
arm	A3_genconf_detbox	gnina	posebusters	7MY1_IPE	20260922	ok		5	-3.44	gnina_cnn:rescore:crossdock_default2018	kcal/mol (empirical score, not a measured free energy)	-4.878	-3.129	14.386	25.0	8	genconf	/home/qasim/vgb_bench_data/prepared/receptors/posebusters/7MY1_IPE/receptor.pdbqt	29.05	476.2	4	/home/qasim/vgb_bench_data/poses/A3_genconf_detbox/gnina/posebusters/7MY1_IPE.sdf.gz	1929	2026-09-24T17:33:50+08:00
arm	A3_genconf_detbox	gnina	posebusters	7MWN_WI5	20260922	ok		5	-12.43	gnina_cnn:rescore:crossdock_default2018	kcal/mol (empirical score, not a measured free energy)	19.906	-11.695	-15.346	25.0	8	genconf	/home/qasim/vgb_bench_data/prepared/receptors/posebusters/7MWN_WI5/receptor.pdbqt	81.9	476.6	4	/home/qasim/vgb_bench_data/poses/A3_genconf_detbox/gnina/posebusters/7MWN_WI5.sdf.gz	3900	2026-09-24T17:33:21+08:00
arm	A3_genconf_detbox	gnina	posebusters	7MYU_ZR7	20260922	ok		5	-5.62	gnina_cnn:rescore:crossdock_default2018	kcal/mol (empirical score, not a measured free energy)	83.715	36.003	72.011	25.0	8	genconf	/home/qasim/vgb_bench_data/prepared/receptors/posebusters/7MYU_ZR7/receptor.pdbqt	93.31	476.2	4	/home/qasim/vgb_bench_data/poses/A3_genconf_detbox/gnina/posebusters/7MYU_ZR7.sdf.gz	3927	2026-09-24T17:34:19+08:00
arm	A3_genconf_detbox	gnina	posebusters	7N03_ZRP	20260922	ok		5	-9.37	gnina_cnn:rescore:crossdock_default2018	kcal/mol (empirical score, not a measured free energy)	-44.558	11.838	3.734	25.0	8	genconf	/home/qasim/vgb_bench_data/prepared/receptors/posebusters/7N03_ZRP/receptor.pdbqt	79.0	476.6	4	/home/qasim/vgb_bench_data/poses/A3_genconf_detbox/gnina/posebusters/7N03_ZRP.sdf.gz	3922	2026-09-24T17:34:43+08:00
arm	A3_genconf_detbox	gnina	posebusters	7N4W_P4V	20260922	ok		5	-4.73	gnina_cnn:rescore:crossdock_default2018	kcal/mol (empirical score, not a measured free energy)	-5.404	-25.968	12.561	25.0	8	genconf	/home/qasim/vgb_bench_data/prepared/receptors/posebusters/7N4W_P4V/receptor.pdbqt	48.76	476.6	4	/home/qasim/vgb_bench_data/poses/A3_genconf_detbox/gnina/posebusters/7N4W_P4V.sdf.gz	3591	2026-09-24T17:36:02+08:00
arm	A3_genconf_detbox	gnina	posebusters	7N6F_0I1	20260922	ok		5	-10.28	gnina_cnn:rescore:crossdock_default2018	kcal/mol (empirical score, not a measured free energy)	-17.844	0.831	21.156	25.0	8	genconf	/home/qasim/vgb_bench_data/prepared/receptors/posebusters/7N6F_0I1/receptor.pdbqt	69.26	476.6	4	/home/qasim/vgb_bench_data/poses/A3_genconf_detbox/gnina/posebusters/7N6F_0I1.sdf.gz	3268	2026-09-24T17:36:51+08:00
arm	A3_genconf_detbox	gnina	posebusters	7N4N_0BK	20260922	ok		5	-6.58	gnina_cnn:rescore:crossdock_default2018	kcal/mol (empirical score, not a measured free energy)	16.628	4.888	-10.198	25.0	8	genconf	/home/qasim/vgb_bench_data/prepared/receptors/posebusters/7N4N_0BK/receptor.pdbqt	150.57	476.2	4	/home/qasim/vgb_bench_data/poses/A3_genconf_detbox/gnina/posebusters/7N4N_0BK.sdf.gz	3811	2026-09-24T17:35:52+08:00
arm	A3_genconf_detbox	gnina	posebusters	7MFP_Z7P	20260922	ok		5	-3.65	gnina_cnn:rescore:crossdock_default2018	kcal/mol (empirical score, not a measured free energy)	-66.688	-15.886	2.564	25.0	8	genconf	/home/qasim/vgb_bench_data/prepared/receptors/posebusters/7MFP_Z7P/receptor.pdbqt	480.97	521.1	4	/home/qasim/vgb_bench_data/poses/A3_genconf_detbox/gnina/posebusters/7MFP_Z7P.sdf.gz	5742	2026-09-24T17:30:48+08:00
arm	A3_genconf_detbox	gnina	posebusters	7N7H_CTP	20260922	ok		5	-12.15	gnina_cnn:rescore:crossdock_default2018	kcal/mol (empirical score, not a measured free energy)	12.34	48.981	157.28	25.0	8	genconf	/home/qasim/vgb_bench_data/prepared/receptors/posebusters/7N7H_CTP/receptor.pdbqt	97.36	476.2	4	/home/qasim/vgb_bench_data/poses/A3_genconf_detbox/gnina/posebusters/7N7H_CTP.sdf.gz	3099	2026-09-24T17:38:23+08:00
arm	A3_genconf_detbox	gnina	posebusters	7N7B_T3F	20260922	ok		5	-12.11	gnina_cnn:rescore:crossdock_default2018	kcal/mol (empirical score, not a measured free energy)	47.345	-12.462	6.293	25.0	8	genconf	/home/qasim/vgb_bench_data/prepared/receptors/posebusters/7N7B_T3F/receptor.pdbqt	131.32	476.6	4	/home/qasim/vgb_bench_data/poses/A3_genconf_detbox/gnina/posebusters/7N7B_T3F.sdf.gz	4294	2026-09-24T17:38:00+08:00
arm	A3_genconf_detbox	gnina	posebusters	7NF0_BYN	20260922	ok		5	-11.54	gnina_cnn:rescore:crossdock_default2018	kcal/mol (empirical score, not a measured free energy)	11.077	26.615	42.704	25.0	8	genconf	/home/qasim/vgb_bench_data/prepared/receptors/posebusters/7NF0_BYN/receptor.pdbqt	101.05	521.1	4	/home/qasim/vgb_bench_data/poses/A3_genconf_detbox/gnina/posebusters/7NF0_BYN.sdf.gz	4677	2026-09-24T17:38:49+08:00
arm	A3_genconf_detbox	gnina	posebusters	7NFB_GEN	20260922	ok		5	-5.82	gnina_cnn:rescore:crossdock_default2018	kcal/mol (empirical score, not a measured free energy)	1.723	-3.365	35.486	25.0	8	genconf	/home/qasim/vgb_bench_data/prepared/receptors/posebusters/7NFB_GEN/receptor.pdbqt	27.09	476.6	4	/home/qasim/vgb_bench_data/poses/A3_genconf_detbox/gnina/posebusters/7NFB_GEN.sdf.gz	2216	2026-09-24T17:40:11+08:00
arm	A3_genconf_detbox	gnina	posebusters	7NGW_UAW	20260922	ok		5	-8.54	gnina_cnn:rescore:crossdock_default2018	kcal/mol (empirical score, not a measured free energy)	-9.869	-28.658	2.453	25.0	8	genconf	/home/qasim/vgb_bench_data/prepared/receptors/posebusters/7NGW_UAW/receptor.pdbqt	25.51	521.1	4	/home/qasim/vgb_bench_data/poses/A3_genconf_detbox/gnina/posebusters/7NGW_UAW.sdf.gz	2511	2026-09-24T17:40:30+08:00
arm	A3_genconf_detbox	gnina	posebusters	7MSR_DCA	20260922	ok		5	-7.98	gnina_cnn:rescore:crossdock_default2018	kcal/mol (empirical score, not a measured free energy)	16.145	11.026	17.802	25.0	8	genconf	/home/qasim/vgb_bench_data/prepared/receptors/posebusters/7MSR_DCA/receptor.pdbqt	485.11	507.3	4	/home/qasim/vgb_bench_data/poses/A3_genconf_detbox/gnina/posebusters/7MSR_DCA.sdf.gz	5549	2026-09-24T17:33:13+08:00
arm	A3_genconf_detbox	gnina	posebusters	7NLV_UJE	20260922	ok		5	-8.67	gnina_cnn:rescore:crossdock_default2018	kcal/mol (empirical score, not a measured free energy)	-3.997	10.343	22.937	25.0	8	genconf	/home/qasim/vgb_bench_data/prepared/receptors/posebusters/7NLV_UJE/receptor.pdbqt	54.63	476.6	4	/home/qasim/vgb_bench_data/poses/A3_genconf_detbox/gnina/posebusters/7NLV_UJE.sdf.gz	3260	2026-09-24T17:40:39+08:00
arm	A3_genconf_detbox	gnina	posebusters	7NF3_4LU	20260922	ok		5	-11.29	gnina_cnn:rescore:crossdock_default2018	kcal/mol (empirical score, not a measured free energy)	21.732	9.456	24.673	25.0	8	genconf	/home/qasim/vgb_bench_data/prepared/receptors/posebusters/7NF3_4LU/receptor.pdbqt	124.9	476.2	4	/home/qasim/vgb_bench_data/poses/A3_genconf_detbox/gnina/posebusters/7NF3_4LU.sdf.gz	4492	2026-09-24T17:40:00+08:00
arm	A3_genconf_detbox	gnina	posebusters	7NSW_HC4	20260922	ok		5	-5.92	gnina_cnn:rescore:crossdock_default2018	kcal/mol (empirical score, not a measured free energy)	64.397	39.062	38.753	25.0	8	genconf	/home/qasim/vgb_bench_data/prepared/receptors/posebusters/7NSW_HC4/receptor.pdbqt	27.25	476.2	4	/home/qasim/vgb_bench_data/poses/A3_genconf_detbox/gnina/posebusters/7NSW_HC4.sdf.gz	1508	2026-09-24T17:42:05+08:00
arm	A3_genconf_detbox	gnina	posebusters	7NPL_UKZ	20260922	ok		5	-5.74	gnina_cnn:rescore:crossdock_default2018	kcal/mol (empirical score, not a measured free energy)	-17.399	6.599	26.567	25.0	8	genconf	/home/qasim/vgb_bench_data/prepared/receptors/posebusters/7NPL_UKZ/receptor.pdbqt	105.64	507.3	4	/home/qasim/vgb_bench_data/poses/A3_genconf_detbox/gnina/posebusters/7NPL_UKZ.sdf.gz	3610	2026-09-24T17:41:18+08:00
arm	A3_genconf_detbox	gnina	posebusters	7NP6_UK8	20260922	ok		5	-8.74	gnina_cnn:rescore:crossdock_default2018	kcal/mol (empirical score, not a measured free energy)	-6.469	35.843	5.178	25.0	8	genconf	/home/qasim/vgb_bench_data/prepared/receptors/posebusters/7NP6_UK8/receptor.pdbqt	132.01	521.1	4	/home/qasim/vgb_bench_data/poses/A3_genconf_detbox/gnina/posebusters/7NP6_UK8.sdf.gz	3162	2026-09-24T17:40:56+08:00
arm	A3_genconf_detbox	gnina	posebusters	7NU0_DCL	20260922	ok		5	-5.33	gnina_cnn:rescore:crossdock_default2018	kcal/mol (empirical score, not a measured free energy)	18.01	-14.913	-24.404	25.0	8	genconf	/home/qasim/vgb_bench_data/prepared/receptors/posebusters/7NU0_DCL/receptor.pdbqt	38.72	476.2	4	/home/qasim/vgb_bench_data/poses/A3_genconf_detbox/gnina/posebusters/7NU0_DCL.sdf.gz	1814	2026-09-24T17:42:32+08:00
arm	A3_genconf_detbox	gnina	posebusters	7NUT_GLP	20260922	ok		5	-6.67	gnina_cnn:rescore:crossdock_default2018	kcal/mol (empirical score, not a measured free energy)	5.196	3.817	-35.583	25.0	8	genconf	/home/qasim/vgb_bench_data/prepared/receptors/posebusters/7NUT_GLP/receptor.pdbqt	43.97	507.3	4	/home/qasim/vgb_bench_data/poses/A3_genconf_detbox/gnina/posebusters/7NUT_GLP.sdf.gz	2203	2026-09-24T17:43:04+08:00
arm	A3_genconf_detbox	gnina	posebusters	7O0N_CDP	20260922	ok		5	-10.93	gnina_cnn:rescore:crossdock_default2018	kcal/mol (empirical score, not a measured free energy)	13.919	21.03	26.479	25.0	8	genconf	/home/qasim/vgb_bench_data/prepared/receptors/posebusters/7O0N_CDP/receptor.pdbqt	70.78	476.2	4	/home/qasim/vgb_bench_data/poses/A3_genconf_detbox/gnina/posebusters/7O0N_CDP.sdf.gz	2853	2026-09-24T17:43:11+08:00
arm	A3_genconf_detbox	gnina	posebusters	7NXO_UU8	20260922	ok		5	-10.41	gnina_cnn:rescore:crossdock_default2018	kcal/mol (empirical score, not a measured free energy)	37.964	-3.411	15.241	25.0	8	genconf	/home/qasim/vgb_bench_data/prepared/receptors/posebusters/7NXO_UU8/receptor.pdbqt	90.53	521.1	4	/home/qasim/vgb_bench_data/poses/A3_genconf_detbox/gnina/posebusters/7NXO_UU8.sdf.gz	3542	2026-09-24T17:43:08+08:00
arm	A3_genconf_detbox	gnina	posebusters	7O1T_5X8	20260922	ok		5	-10.49	gnina_cnn:rescore:crossdock_default2018	kcal/mol (empirical score, not a measured free energy)	-13.087	13.537	-24.535	25.0	8	genconf	/home/qasim/vgb_bench_data/prepared/receptors/posebusters/7O1T_5X8/receptor.pdbqt	62.65	507.3	4	/home/qasim/vgb_bench_data/poses/A3_genconf_detbox/gnina/posebusters/7O1T_5X8.sdf.gz	3045	2026-09-24T17:43:48+08:00
arm	A3_genconf_detbox	gnina	posebusters	7ODY_DGI	20260922	ok		5	-10.45	gnina_cnn:rescore:crossdock_default2018	kcal/mol (empirical score, not a measured free energy)	13.382	-21.147	-7.831	25.0	8	genconf	/home/qasim/vgb_bench_data/prepared/receptors/posebusters/7ODY_DGI/receptor.pdbqt	76.63	476.2	4	/home/qasim/vgb_bench_data/poses/A3_genconf_detbox/gnina/posebusters/7ODY_DGI.sdf.gz	3057	2026-09-24T17:44:22+08:00
arm	A3_genconf_detbox	gnina	posebusters	7OFF_VCB	20260922	ok		5	-6.34	gnina_cnn:rescore:crossdock_default2018	kcal/mol (empirical score, not a measured free energy)	34.566	-11.73	-4.248	25.0	8	genconf	/home/qasim/vgb_bench_data/prepared/receptors/posebusters/7OFF_VCB/receptor.pdbqt	53.15	507.3	4	/home/qasim/vgb_bench_data/poses/A3_genconf_detbox/gnina/posebusters/7OFF_VCB.sdf.gz	2992	2026-09-24T17:44:51+08:00
arm	A3_genconf_detbox	gnina	posebusters	7OLI_8HG	20260922	ok		5	-8.85	gnina_cnn:rescore:crossdock_default2018	kcal/mol (empirical score, not a measured free energy)	5.559	23.545	32.88	25.0	8	genconf	/home/qasim/vgb_bench_data/prepared/receptors/posebusters/7OLI_8HG/receptor.pdbqt	32.79	507.3	4	/home/qasim/vgb_bench_data/poses/A3_genconf_detbox/gnina/posebusters/7OLI_8HG.sdf.gz	2438	2026-09-24T17:45:44+08:00
arm	A3_genconf_detbox	gnina	posebusters	7OEO_V9Z	20260922	ok		5	-6.9	gnina_cnn:rescore:crossdock_default2018	kcal/mol (empirical score, not a measured free energy)	-13.763	12.035	-5.358	25.0	8	genconf	/home/qasim/vgb_bench_data/prepared/receptors/posebusters/7OEO_V9Z/receptor.pdbqt	109.74	521.1	4	/home/qasim/vgb_bench_data/poses/A3_genconf_detbox/gnina/posebusters/7OEO_V9Z.sdf.gz	4252	2026-09-24T17:44:38+08:00
arm	A3_genconf_detbox	gnina	posebusters	7OP9_06K	20260922	ok		5	-3.89	gnina_cnn:rescore:crossdock_default2018	kcal/mol (empirical score, not a measured free energy)	-40.505	-42.901	-29.303	25.0	8	genconf	/home/qasim/vgb_bench_data/prepared/receptors/posebusters/7OP9_06K/receptor.pdbqt	13.81	521.1	4	/home/qasim/vgb_bench_data/poses/A3_genconf_detbox/gnina/posebusters/7OP9_06K.sdf.gz	1117	2026-09-24T17:46:28+08:00
arm	A3_genconf_detbox	gnina	posebusters	7NR8_UOE	20260922	ok		5	-6.48	gnina_cnn:rescore:crossdock_default2018	kcal/mol (empirical score, not a measured free energy)	-7.918	6.257	35.001	25.0	8	genconf	/home/qasim/vgb_bench_data/prepared/receptors/posebusters/7NR8_UOE/receptor.pdbqt	324.1	476.6	4	/home/qasim/vgb_bench_data/poses/A3_genconf_detbox/gnina/posebusters/7NR8_UOE.sdf.gz	5870	2026-09-24T17:41:33+08:00
arm	A3_genconf_detbox	gnina	posebusters	7OSO_0V1	20260922	ok		5	-4.41	gnina_cnn:rescore:crossdock_default2018	kcal/mol (empirical score, not a measured free energy)	30.087	8.187	10.103	25.0	8	genconf	/home/qasim/vgb_bench_data/prepared/receptors/posebusters/7OSO_0V1/receptor.pdbqt	34.51	476.6	4	/home/qasim/vgb_bench_data/poses/A3_genconf_detbox/gnina/posebusters/7OSO_0V1.sdf.gz	1377	2026-09-24T17:46:57+08:00
arm	A3_genconf_detbox	gnina	posebusters	7OPG_06N	20260922	ok		5	-5.86	gnina_cnn:rescore:crossdock_default2018	kcal/mol (empirical score, not a measured free energy)	32.893	16.373	79.518	25.0	8	genconf	/home/qasim/vgb_bench_data/prepared/receptors/posebusters/7OPG_06N/receptor.pdbqt	54.96	521.1	4	/home/qasim/vgb_bench_data/poses/A3_genconf_detbox/gnina/posebusters/7OPG_06N.sdf.gz	2436	2026-09-24T17:46:42+08:00
arm	A3_genconf_detbox	gnina	posebusters	7OFK_VCH	20260922	ok		5	-11.81	gnina_cnn:rescore:crossdock_default2018	kcal/mol (empirical score, not a measured free energy)	-26.143	4.177	-15.008	25.0	8	genconf	/home/qasim/vgb_bench_data/prepared/receptors/posebusters/7OFK_VCH/receptor.pdbqt	138.02	476.2	4	/home/qasim/vgb_bench_data/poses/A3_genconf_detbox/gnina/posebusters/7OFK_VCH.sdf.gz	3663	2026-09-24T17:45:38+08:00
arm	A3_genconf_detbox	gnina	posebusters	7OZC_G6S	20260922	ok		5	-5.16	gnina_cnn:rescore:crossdock_default2018	kcal/mol (empirical score, not a measured free energy)	-4.391	18.133	29.506	25.0	8	genconf	/home/qasim/vgb_bench_data/prepared/receptors/posebusters/7OZC_G6S/receptor.pdbqt	36.82	521.1	4	/home/qasim/vgb_bench_data/poses/A3_genconf_detbox/gnina/posebusters/7OZC_G6S.sdf.gz	2084	2026-09-24T17:47:37+08:00
arm	A3_genconf_detbox	gnina	posebusters	7OZ9_NGK	20260922	ok		5	-4.05	gnina_cnn:rescore:crossdock_default2018	kcal/mol (empirical score, not a measured free energy)	35.068	40.74	31.007	25.0	8	genconf	/home/qasim/vgb_bench_data/prepared/receptors/posebusters/7OZ9_NGK/receptor.pdbqt	58.08	476.6	4	/home/qasim/vgb_bench_data/poses/A3_genconf_detbox/gnina/posebusters/7OZ9_NGK.sdf.gz	2527	2026-09-24T17:47:32+08:00
arm	A3_genconf_detbox	gnina	posebusters	7P1F_KFN	20260922	ok		5	-7.18	gnina_cnn:rescore:crossdock_default2018	kcal/mol (empirical score, not a measured free energy)	10.801	-13.564	16.839	25.0	8	genconf	/home/qasim/vgb_bench_data/prepared/receptors/posebusters/7P1F_KFN/receptor.pdbqt	41.1	476.2	4	/home/qasim/vgb_bench_data/poses/A3_genconf_detbox/gnina/posebusters/7P1F_KFN.sdf.gz	2260	2026-09-24T17:47:56+08:00
arm	A3_genconf_detbox	gnina	posebusters	7P2I_MFU	20260922	ok		5	-6.5	gnina_cnn:rescore:crossdock_default2018	kcal/mol (empirical score, not a measured free energy)	3.961	11.759	35.35	25.0	8	genconf	/home/qasim/vgb_bench_data/prepared/receptors/posebusters/7P2I_MFU/receptor.pdbqt	27.45	476.6	4	/home/qasim/vgb_bench_data/poses/A3_genconf_detbox/gnina/posebusters/7P2I_MFU.sdf.gz	1950	2026-09-24T17:48:30+08:00
arm	A3_genconf_detbox	gnina	posebusters	7P4C_5OV	20260922	ok		5	-6.47	gnina_cnn:rescore:crossdock_default2018	kcal/mol (empirical score, not a measured free energy)	79.457	46.974	40.877	25.0	8	genconf	/home/qasim/vgb_bench_data/prepared/receptors/posebusters/7P4C_5OV/receptor.pdbqt	36.56	476.2	4	/home/qasim/vgb_bench_data/poses/A3_genconf_detbox/gnina/posebusters/7P4C_5OV.sdf.gz	2158	2026-09-24T17:48:38+08:00
arm	A3_genconf_detbox	gnina	posebusters	7P1M_4IU	20260922	ok		5	-5.77	gnina_cnn:rescore:crossdock_default2018	kcal/mol (empirical score, not a measured free energy)	30.28	-4.762	-27.616	25.0	8	genconf	/home/qasim/vgb_bench_data/prepared/receptors/posebusters/7P1M_4IU/receptor.pdbqt	77.07	521.1	4	/home/qasim/vgb_bench_data/poses/A3_genconf_detbox/gnina/posebusters/7P1M_4IU.sdf.gz	2988	2026-09-24T17:48:14+08:00
arm	A3_genconf_detbox	gnina	posebusters	7P5T_5YG	20260922	ok		5	-7.33	gnina_cnn:rescore:crossdock_default2018	kcal/mol (empirical score, not a measured free energy)	-21.855	2.721	-13.43	25.0	8	genconf	/home/qasim/vgb_bench_data/prepared/receptors/posebusters/7P5T_5YG/receptor.pdbqt	60.76	476.6	4	/home/qasim/vgb_bench_data/poses/A3_genconf_detbox/gnina/posebusters/7P5T_5YG.sdf.gz	3059	2026-09-24T17:48:57+08:00
arm	A3_genconf_detbox	gnina	posebusters	7PIH_7QW	20260922	ok		5	-5.96	gnina_cnn:rescore:crossdock_default2018	kcal/mol (empirical score, not a measured free energy)	-2.364	-23.555	-34.135	25.0	8	genconf	/home/qasim/vgb_bench_data/prepared/receptors/posebusters/7PIH_7QW/receptor.pdbqt	51.12	521.1	4	/home/qasim/vgb_bench_data/poses/A3_genconf_detbox/gnina/posebusters/7PIH_7QW.sdf.gz	3267	2026-09-24T17:49:31+08:00
arm	A3_genconf_detbox	gnina	posebusters	7PJQ_OWH	20260922	ok		5	-5.07	gnina_cnn:rescore:crossdock_default2018	kcal/mol (empirical score, not a measured free energy)	10.561	26.083	-5.309	25.0	8	genconf	/home/qasim/vgb_bench_data/prepared/receptors/posebusters/7PJQ_OWH/receptor.pdbqt	23.72	476.6	4	/home/qasim/vgb_bench_data/poses/A3_genconf_detbox/gnina/posebusters/7PJQ_OWH.sdf.gz	1450	2026-09-24T17:49:58+08:00
arm	A3_genconf_detbox	gnina	posebusters	7PGX_FMN	20260922	ok		5	-10.94	gnina_cnn:rescore:crossdock_default2018	kcal/mol (empirical score, not a measured free energy)	-19.451	2.817	-6.799	25.0	8	genconf	/home/qasim/vgb_bench_data/prepared/receptors/posebusters/7PGX_FMN/receptor.pdbqt	110.48	476.2	4	/home/qasim/vgb_bench_data/poses/A3_genconf_detbox/gnina/posebusters/7PGX_FMN.sdf.gz	3618	2026-09-24T17:49:14+08:00
arm	A3_genconf_detbox	gnina	posebusters	7POM_7VZ	20260922	ok		5	-6.24	gnina_cnn:rescore:crossdock_default2018	kcal/mol (empirical score, not a measured free energy)	-26.977	12.459	-60.362	25.0	8	genconf	/home/qasim/vgb_bench_data/prepared/receptors/posebusters/7POM_7VZ/receptor.pdbqt	48.85	476.2	4	/home/qasim/vgb_bench_data/poses/A3_genconf_detbox/gnina/posebusters/7POM_7VZ.sdf.gz	2872	2026-09-24T17:51:05+08:00
arm	A3_genconf_detbox	gnina	posebusters	7PL1_SFG	20260922	ok		5	-5.29	gnina_cnn:rescore:crossdock_default2018	kcal/mol (empirical score, not a measured free energy)	28.407	-29.453	7.093	25.0	8	genconf	/home/qasim/vgb_bench_data/prepared/receptors/posebusters/7PL1_SFG/receptor.pdbqt	94.66	476.6	4	/home/qasim/vgb_bench_data/poses/A3_genconf_detbox/gnina/posebusters/7PL1_SFG.sdf.gz	3617	2026-09-24T17:50:22+08:00
arm	A3_genconf_detbox	gnina	posebusters	7OMX_CNA	20260922	ok		5	-9.93	gnina_cnn:rescore:crossdock_default2018	kcal/mol (empirical score, not a measured free energy)	10.09	-10.596	-15.784	25.0	8	genconf	/home/qasim/vgb_bench_data/prepared/receptors/posebusters/7OMX_CNA/receptor.pdbqt	359.62	507.3	4	/home/qasim/vgb_bench_data/poses/A3_genconf_detbox/gnina/posebusters/7OMX_CNA.sdf.gz	4949	2026-09-24T17:46:16+08:00
arm	A3_genconf_detbox	gnina	posebusters	7PRI_7TI	20260922	ok		5	48.23	gnina_cnn:rescore:crossdock_default2018	kcal/mol (empirical score, not a measured free energy)	41.057	-20.924	-15.174	25.0	8	genconf	/home/qasim/vgb_bench_data/prepared/receptors/posebusters/7PRI_7TI/receptor.pdbqt	56.18	476.2	4	/home/qasim/vgb_bench_data/poses/A3_genconf_detbox/gnina/posebusters/7PRI_7TI.sdf.gz	2095	2026-09-24T17:51:53+08:00
arm	A3_genconf_detbox	gnina	posebusters	7PRM_81I	20260922	ok		5	16.51	gnina_cnn:rescore:crossdock_default2018	kcal/mol (empirical score, not a measured free energy)	120.463	20.535	-10.591	25.0	8	genconf	/home/qasim/vgb_bench_data/prepared/receptors/posebusters/7PRM_81I/receptor.pdbqt	82.29	476.6	4	/home/qasim/vgb_bench_data/poses/A3_genconf_detbox/gnina/posebusters/7PRM_81I.sdf.gz	4009	2026-09-24T17:51:56+08:00
arm	A3_genconf_detbox	gnina	posebusters	7PUV_84Z	20260922	ok		5	13.0	gnina_cnn:rescore:crossdock_default2018	kcal/mol (empirical score, not a measured free energy)	22.724	1.345	-34.055	25.0	8	genconf	/home/qasim/vgb_bench_data/prepared/receptors/posebusters/7PUV_84Z/receptor.pdbqt	53.76	476.2	4	/home/qasim/vgb_bench_data/poses/A3_genconf_detbox/gnina/posebusters/7PUV_84Z.sdf.gz	2622	2026-09-24T17:52:50+08:00
arm	A3_genconf_detbox	gnina	posebusters	7Q25_8J9	20260922	ok		5	-9.2	gnina_cnn:rescore:crossdock_default2018	kcal/mol (empirical score, not a measured free energy)	-52.644	63.115	-18.459	25.0	8	genconf	/home/qasim/vgb_bench_data/prepared/receptors/posebusters/7Q25_8J9/receptor.pdbqt	175.09	476.6	4	/home/qasim/vgb_bench_data/poses/A3_genconf_detbox/gnina/posebusters/7Q25_8J9.sdf.gz	4470	2026-09-24T17:53:19+08:00
arm	A3_genconf_detbox	gnina	posebusters	7Q2B_M6H	20260922	ok		5	-6.19	gnina_cnn:rescore:crossdock_default2018	kcal/mol (empirical score, not a measured free energy)	-27.691	-12.751	16.88	25.0	8	genconf	/home/qasim/vgb_bench_data/prepared/receptors/posebusters/7Q2B_M6H/receptor.pdbqt	22.32	476.6	4	/home/qasim/vgb_bench_data/poses/A3_genconf_detbox/gnina/posebusters/7Q2B_M6H.sdf.gz	1917	2026-09-24T17:56:14+08:00
arm	A3_genconf_detbox	gnina	posebusters	7Q27_8KC	20260922	ok		5	-10.13	gnina_cnn:rescore:crossdock_default2018	kcal/mol (empirical score, not a measured free energy)	-12.348	-4.986	20.685	25.0	8	genconf	/home/qasim/vgb_bench_data/prepared/receptors/posebusters/7Q27_8KC/receptor.pdbqt	198.36	476.2	4	/home/qasim/vgb_bench_data/poses/A3_genconf_detbox/gnina/posebusters/7Q27_8KC.sdf.gz	4729	2026-09-24T17:53:43+08:00
arm	A3_genconf_detbox	gnina	posebusters	7QE4_NGA	20260922	ok		5	-0.94	gnina_cnn:rescore:crossdock_default2018	kcal/mol (empirical score, not a measured free energy)	26.333	22.687	80.397	25.0	8	genconf	/home/qasim/vgb_bench_data/prepared/receptors/posebusters/7QE4_NGA/receptor.pdbqt	22.94	476.2	4	/home/qasim/vgb_bench_data/poses/A3_genconf_detbox/gnina/posebusters/7QE4_NGA.sdf.gz	2272	2026-09-24T17:57:02+08:00
arm	A3_genconf_detbox	gnina	posebusters	7Q5I_I0F	20260922	ok		5	-6.14	gnina_cnn:rescore:crossdock_default2018	kcal/mol (empirical score, not a measured free energy)	36.355	27.446	30.771	25.0	8	genconf	/home/qasim/vgb_bench_data/prepared/receptors/posebusters/7Q5I_I0F/receptor.pdbqt	64.59	476.6	4	/home/qasim/vgb_bench_data/poses/A3_genconf_detbox/gnina/posebusters/7Q5I_I0F.sdf.gz	3500	2026-09-24T17:56:36+08:00
arm	A3_genconf_detbox	gnina	posebusters	7QFM_AY3	20260922	ok		5	-4.49	gnina_cnn:rescore:crossdock_default2018	kcal/mol (empirical score, not a measured free energy)	-126.954	185.757	-2.211	25.0	8	genconf	/home/qasim/vgb_bench_data/prepared/receptors/posebusters/7QFM_AY3/receptor.pdbqt	31.44	476.6	4	/home/qasim/vgb_bench_data/poses/A3_genconf_detbox/gnina/posebusters/7QFM_AY3.sdf.gz	2321	2026-09-24T17:57:41+08:00
arm	A3_genconf_detbox	gnina	posebusters	7QGP_DJ8	20260922	failed	gnina: ATOM     26  C   UNL     1      -3.738  -2.632   0.907  1.00  0.00    +0.181 CG0			gnina_cnn:rescore:crossdock_default2018	kcal/mol (empirical score, not a measured free energy)	-41.831	-9.533	18.458	25.0	8	genconf	/home/qasim/vgb_bench_data/prepared/receptors/posebusters/7QGP_DJ8/receptor.pdbqt	0.82		4			2026-09-24T17:58:12+08:00
arm	A3_genconf_detbox	gnina	posebusters	7QF4_RBF	20260922	ok		5	-11.8	gnina_cnn:rescore:crossdock_default2018	kcal/mol (empirical score, not a measured free energy)	-0.977	-4.339	-9.532	25.0	8	genconf	/home/qasim/vgb_bench_data/prepared/receptors/posebusters/7QF4_RBF/receptor.pdbqt	65.95	476.2	4	/home/qasim/vgb_bench_data/poses/A3_genconf_detbox/gnina/posebusters/7QF4_RBF.sdf.gz	3235	2026-09-24T17:57:25+08:00
arm	A3_genconf_detbox	gnina	posebusters	7QHL_D5P	20260922	ok		5	-6.93	gnina_cnn:rescore:crossdock_default2018	kcal/mol (empirical score, not a measured free energy)	12.692	27.66	17.753	25.0	8	genconf	/home/qasim/vgb_bench_data/prepared/receptors/posebusters/7QHL_D5P/receptor.pdbqt	83.82	476.2	4	/home/qasim/vgb_bench_data/poses/A3_genconf_detbox/gnina/posebusters/7QHL_D5P.sdf.gz	3839	2026-09-24T17:58:31+08:00
arm	A3_genconf_detbox	gnina	posebusters	7QPP_VDX	20260922	ok		5	-12.92	gnina_cnn:rescore:crossdock_default2018	kcal/mol (empirical score, not a measured free energy)	14.315	17.211	33.877	25.0	8	genconf	/home/qasim/vgb_bench_data/prepared/receptors/posebusters/7QPP_VDX/receptor.pdbqt	69.88	476.2	4	/home/qasim/vgb_bench_data/poses/A3_genconf_detbox/gnina/posebusters/7QPP_VDX.sdf.gz	5255	2026-09-24T17:59:55+08:00
arm	A3_genconf_detbox	gnina	posebusters	7QHG_T3B	20260922	ok		5	-12.47	gnina_cnn:rescore:crossdock_default2018	kcal/mol (empirical score, not a measured free energy)	45.838	-11.882	108.792	25.0	8	genconf	/home/qasim/vgb_bench_data/prepared/receptors/posebusters/7QHG_T3B/receptor.pdbqt	184.66	476.6	4	/home/qasim/vgb_bench_data/poses/A3_genconf_detbox/gnina/posebusters/7QHG_T3B.sdf.gz	5100	2026-09-24T17:58:13+08:00
arm	A3_genconf_detbox	gnina	posebusters	7QTA_URI	20260922	ok		5	-4.34	gnina_cnn:rescore:crossdock_default2018	kcal/mol (empirical score, not a measured free energy)	13.918	11.848	12.989	25.0	8	genconf	/home/qasim/vgb_bench_data/prepared/receptors/posebusters/7QTA_URI/receptor.pdbqt	31.45	476.2	4	/home/qasim/vgb_bench_data/poses/A3_genconf_detbox/gnina/posebusters/7QTA_URI.sdf.gz	2183	2026-09-24T18:01:04+08:00
arm	A3_genconf_detbox	gnina	posebusters	7R59_I5F	20260922	ok		5	-7.8	gnina_cnn:rescore:crossdock_default2018	kcal/mol (empirical score, not a measured free energy)	3.972	10.767	10.183	25.0	8	genconf	/home/qasim/vgb_bench_data/prepared/receptors/posebusters/7R59_I5F/receptor.pdbqt	19.51	476.2	4	/home/qasim/vgb_bench_data/poses/A3_genconf_detbox/gnina/posebusters/7R59_I5F.sdf.gz	1411	2026-09-24T18:01:36+08:00
arm	A3_genconf_detbox	gnina	posebusters	7PK0_BYC	20260922	ok		5	-9.23	gnina_cnn:rescore:crossdock_default2018	kcal/mol (empirical score, not a measured free energy)	-11.297	27.736	-12.722	25.0	8	genconf	/home/qasim/vgb_bench_data/prepared/receptors/posebusters/7PK0_BYC/receptor.pdbqt	782.31	521.1	4	/home/qasim/vgb_bench_data/poses/A3_genconf_detbox/gnina/posebusters/7PK0_BYC.sdf.gz	6544	2026-09-24T17:50:22+08:00
arm	A3_genconf_detbox	gnina	posebusters	7PT3_3KK	20260922	ok		5	-11.07	gnina_cnn:rescore:crossdock_default2018	kcal/mol (empirical score, not a measured free energy)	6.989	-43.295	12.429	25.0	8	genconf	/home/qasim/vgb_bench_data/prepared/receptors/posebusters/7PT3_3KK/receptor.pdbqt	703.63	507.3	4	/home/qasim/vgb_bench_data/poses/A3_genconf_detbox/gnina/posebusters/7PT3_3KK.sdf.gz	6556	2026-09-24T17:52:16+08:00
arm	A3_genconf_detbox	gnina	posebusters	7R3D_APR	20260922	ok		5	-11.63	gnina_cnn:rescore:crossdock_default2018	kcal/mol (empirical score, not a measured free energy)	5.144	14.152	-47.686	25.0	8	genconf	/home/qasim/vgb_bench_data/prepared/receptors/posebusters/7R3D_APR/receptor.pdbqt	170.53	476.6	4	/home/qasim/vgb_bench_data/poses/A3_genconf_detbox/gnina/posebusters/7R3D_APR.sdf.gz	4211	2026-09-24T18:01:18+08:00
arm	A3_genconf_detbox	gnina	posebusters	7R6J_2I7	20260922	ok		5	-7.19	gnina_cnn:rescore:crossdock_default2018	kcal/mol (empirical score, not a measured free energy)	-27.424	-3.245	-77.014	25.0	8	genconf	/home/qasim/vgb_bench_data/prepared/receptors/posebusters/7R6J_2I7/receptor.pdbqt	148.13	485.2	4	/home/qasim/vgb_bench_data/poses/A3_genconf_detbox/gnina/posebusters/7R6J_2I7.sdf.gz	4462	2026-09-24T18:01:55+08:00
arm	A3_genconf_detbox	gnina	posebusters	7R9N_F97	20260922	ok		5	-6.62	gnina_cnn:rescore:crossdock_default2018	kcal/mol (empirical score, not a measured free energy)	-50.456	-87.311	257.072	25.0	8	genconf	/home/qasim/vgb_bench_data/prepared/receptors/posebusters/7R9N_F97/receptor.pdbqt	84.64	507.3	4	/home/qasim/vgb_bench_data/poses/A3_genconf_detbox/gnina/posebusters/7R9N_F97.sdf.gz	3967	2026-09-24T18:04:00+08:00
arm	A3_genconf_detbox	gnina	posebusters	7RC3_SAH	20260922	ok		5	-7.54	gnina_cnn:rescore:crossdock_default2018	kcal/mol (empirical score, not a measured free energy)	-41.621	17.407	6.558	25.0	8	genconf	/home/qasim/vgb_bench_data/prepared/receptors/posebusters/7RC3_SAH/receptor.pdbqt	94.29	476.6	4	/home/qasim/vgb_bench_data/poses/A3_genconf_detbox/gnina/posebusters/7RC3_SAH.sdf.gz	3328	2026-09-24T18:04:08+08:00
arm	A3_genconf_detbox	gnina	posebusters	7R7R_AWJ	20260922	ok		5	-7.44	gnina_cnn:rescore:crossdock_default2018	kcal/mol (empirical score, not a measured free energy)	43.524	66.974	15.835	25.0	8	genconf	/home/qasim/vgb_bench_data/prepared/receptors/posebusters/7R7R_AWJ/receptor.pdbqt	147.61	521.1	4	/home/qasim/vgb_bench_data/poses/A3_genconf_detbox/gnina/posebusters/7R7R_AWJ.sdf.gz	4030	2026-09-24T18:03:24+08:00
arm	A3_genconf_detbox	gnina	posebusters	7RKW_5TV	20260922	ok		5	-8.87	gnina_cnn:rescore:crossdock_default2018	kcal/mol (empirical score, not a measured free energy)	14.887	-6.963	15.65	25.0	8	genconf	/home/qasim/vgb_bench_data/prepared/receptors/posebusters/7RKW_5TV/receptor.pdbqt	60.07	507.3	4	/home/qasim/vgb_bench_data/poses/A3_genconf_detbox/gnina/posebusters/7RKW_5TV.sdf.gz	2739	2026-09-24T18:05:24+08:00
arm	A3_genconf_detbox	gnina	posebusters	7RH3_59O	20260922	ok		5	-5.25	gnina_cnn:rescore:crossdock_default2018	kcal/mol (empirical score, not a measured free energy)	23.129	0.935	9.376	25.0	8	genconf	/home/qasim/vgb_bench_data/prepared/receptors/posebusters/7RH3_59O/receptor.pdbqt	131.22	485.2	4	/home/qasim/vgb_bench_data/poses/A3_genconf_detbox/gnina/posebusters/7RH3_59O.sdf.gz	3955	2026-09-24T18:04:23+08:00
arm	A3_genconf_detbox	gnina	posebusters	7RSV_7IQ	20260922	ok		5	-4.5	gnina_cnn:rescore:crossdock_default2018	kcal/mol (empirical score, not a measured free energy)	27.584	-18.356	20.316	25.0	8	genconf	/home/qasim/vgb_bench_data/prepared/receptors/posebusters/7RSV_7IQ/receptor.pdbqt	33.59	485.2	4	/home/qasim/vgb_bench_data/poses/A3_genconf_detbox/gnina/posebusters/7RSV_7IQ.sdf.gz	2914	2026-09-24T18:06:35+08:00
arm	A3_genconf_detbox	gnina	posebusters	7RWS_4UR	20260922	failed	gnina: ATOM     28  C   UNL     1      -2.802   1.482  -3.138  1.00  0.00    +0.208 CG0			gnina_cnn:rescore:crossdock_default2018	kcal/mol (empirical score, not a measured free energy)	16.636	49.119	40.785	25.0	8	genconf	/home/qasim/vgb_bench_data/prepared/receptors/posebusters/7RWS_4UR/receptor.pdbqt	0.98		4			2026-09-24T18:07:08+08:00
arm	A3_genconf_detbox	gnina	posebusters	7RNI_60I	20260922	ok		5	-8.52	gnina_cnn:rescore:crossdock_default2018	kcal/mol (empirical score, not a measured free energy)	187.614	122.341	19.174	25.0	8	genconf	/home/qasim/vgb_bench_data/prepared/receptors/posebusters/7RNI_60I/receptor.pdbqt	106.58	476.6	4	/home/qasim/vgb_bench_data/poses/A3_genconf_detbox/gnina/posebusters/7RNI_60I.sdf.gz	4466	2026-09-24T18:05:43+08:00
arm	A3_genconf_detbox	gnina	posebusters	7RZL_NPO	20260922	ok		5	-5.93	gnina_cnn:rescore:crossdock_default2018	kcal/mol (empirical score, not a measured free energy)	2.825	1.091	47.57	25.0	8	genconf	/home/qasim/vgb_bench_data/prepared/receptors/posebusters/7RZL_NPO/receptor.pdbqt	28.02	485.2	4	/home/qasim/vgb_bench_data/poses/A3_genconf_detbox/gnina/posebusters/7RZL_NPO.sdf.gz	1266	2026-09-24T18:07:09+08:00
arm	A3_genconf_detbox	gnina	posebusters	7ROR_69X	20260922	ok		5	-13.14	gnina_cnn:rescore:crossdock_default2018	kcal/mol (empirical score, not a measured free energy)	3.517	-3.474	56.686	25.0	8	genconf	/home/qasim/vgb_bench_data/prepared/receptors/posebusters/7ROR_69X/receptor.pdbqt	161.77	521.1	4	/home/qasim/vgb_bench_data/poses/A3_genconf_detbox/gnina/posebusters/7ROR_69X.sdf.gz	4071	2026-09-24T18:05:52+08:00
arm	A3_genconf_detbox	gnina	posebusters	7SDD_4IP	20260922	ok		5	-4.02	gnina_cnn:rescore:crossdock_default2018	kcal/mol (empirical score, not a measured free energy)	21.821	-25.205	-10.623	25.0	8	genconf	/home/qasim/vgb_bench_data/prepared/receptors/posebusters/7SDD_4IP/receptor.pdbqt	113.26	485.2	4	/home/qasim/vgb_bench_data/poses/A3_genconf_detbox/gnina/posebusters/7SDD_4IP.sdf.gz	3077	2026-09-24T18:07:37+08:00
arm	A3_genconf_detbox	gnina	posebusters	7SFO_98L	20260922	ok		5	-10.48	gnina_cnn:rescore:crossdock_default2018	kcal/mol (empirical score, not a measured free energy)	2.665	4.182	-5.973	25.0	8	genconf	/home/qasim/vgb_bench_data/prepared/receptors/posebusters/7SFO_98L/receptor.pdbqt	74.41	521.1	4	/home/qasim/vgb_bench_data/poses/A3_genconf_detbox/gnina/posebusters/7SFO_98L.sdf.gz	2753	2026-09-24T18:08:33+08:00
arm	A3_genconf_detbox	gnina	posebusters	7SCW_GSP	20260922	ok		5	-12.07	gnina_cnn:rescore:crossdock_default2018	kcal/mol (empirical score, not a measured free energy)	27.387	21.921	-4.879	25.0	8	genconf	/home/qasim/vgb_bench_data/prepared/receptors/posebusters/7SCW_GSP/receptor.pdbqt	147.58	476.7	4	/home/qasim/vgb_bench_data/poses/A3_genconf_detbox/gnina/posebusters/7SCW_GSP.sdf.gz	3377	2026-09-24T18:07:29+08:00
arm	A3_genconf_detbox	gnina	posebusters	7SUC_COM	20260922	ok		5	-2.73	gnina_cnn:rescore:crossdock_default2018	kcal/mol (empirical score, not a measured free energy)	26.126	36.908	-13.843	25.0	8	genconf	/home/qasim/vgb_bench_data/prepared/receptors/posebusters/7SUC_COM/receptor.pdbqt	25.6	521.1	4	/home/qasim/vgb_bench_data/poses/A3_genconf_detbox/gnina/posebusters/7SUC_COM.sdf.gz	1090	2026-09-24T18:09:48+08:00
arm	A3_genconf_detbox	gnina	posebusters	7SZA_DUI	20260922	ok		5	-4.15	gnina_cnn:rescore:crossdock_default2018	kcal/mol (empirical score, not a measured free energy)	-27.308	25.325	3.802	25.0	8	genconf	/home/qasim/vgb_bench_data/prepared/receptors/posebusters/7SZA_DUI/receptor.pdbqt	40.38	476.7	4	/home/qasim/vgb_bench_data/poses/A3_genconf_detbox/gnina/posebusters/7SZA_DUI.sdf.gz	2302	2026-09-24T18:09:57+08:00
arm	A3_genconf_detbox	gnina	posebusters	7ROU_66I	20260922	ok		5	-12.31	gnina_cnn:rescore:crossdock_default2018	kcal/mol (empirical score, not a measured free energy)	59.915	18.798	45.295	25.0	8	genconf	/home/qasim/vgb_bench_data/prepared/receptors/posebusters/7ROU_66I/receptor.pdbqt	274.94	507.3	4	/home/qasim/vgb_bench_data/poses/A3_genconf_detbox/gnina/posebusters/7ROU_66I.sdf.gz	4360	2026-09-24T18:06:24+08:00
arm	A3_genconf_detbox	gnina	posebusters	7SIU_9ID	20260922	ok		5	-5.58	gnina_cnn:rescore:crossdock_default2018	kcal/mol (empirical score, not a measured free energy)	-16.469	12.744	32.974	25.0	8	genconf	/home/qasim/vgb_bench_data/prepared/receptors/posebusters/7SIU_9ID/receptor.pdbqt	121.94	485.2	4	/home/qasim/vgb_bench_data/poses/A3_genconf_detbox/gnina/posebusters/7SIU_9ID.sdf.gz	3857	2026-09-24T18:09:31+08:00
arm	A3_genconf_detbox	gnina	posebusters	7T3E_SLB	20260922	ok		5	-9.41	gnina_cnn:rescore:crossdock_default2018	kcal/mol (empirical score, not a measured free energy)	15.473	-21.988	-22.262	25.0	8	genconf	/home/qasim/vgb_bench_data/prepared/receptors/posebusters/7T3E_SLB/receptor.pdbqt	46.95	507.3	4	/home/qasim/vgb_bench_data/poses/A3_genconf_detbox/gnina/posebusters/7T3E_SLB.sdf.gz	2743	2026-09-24T18:10:59+08:00
arm	A3_genconf_detbox	gnina	posebusters	7T0D_FPP	20260922	ok		5	-4.87	gnina_cnn:rescore:crossdock_default2018	kcal/mol (empirical score, not a measured free energy)	27.879	-36.533	-6.84	25.0	8	genconf	/home/qasim/vgb_bench_data/prepared/receptors/posebusters/7T0D_FPP/receptor.pdbqt	100.75	521.1	4	/home/qasim/vgb_bench_data/poses/A3_genconf_detbox/gnina/posebusters/7T0D_FPP.sdf.gz	3614	2026-09-24T18:10:13+08:00
arm	A3_genconf_detbox	gnina	posebusters	7T1D_E7K	20260922	ok		5	7.22	gnina_cnn:rescore:crossdock_default2018	kcal/mol (empirical score, not a measured free energy)	23.166	-12.42	21.661	25.0	8	genconf	/home/qasim/vgb_bench_data/prepared/receptors/posebusters/7T1D_E7K/receptor.pdbqt	95.33	476.7	4	/home/qasim/vgb_bench_data/poses/A3_genconf_detbox/gnina/posebusters/7T1D_E7K.sdf.gz	4249	2026-09-24T18:10:37+08:00
arm	A3_genconf_detbox	gnina	posebusters	7TBU_S3P	20260922	ok		5	-4.81	gnina_cnn:rescore:crossdock_default2018	kcal/mol (empirical score, not a measured free energy)	28.455	84.477	-14.511	25.0	8	genconf	/home/qasim/vgb_bench_data/prepared/receptors/posebusters/7TBU_S3P/receptor.pdbqt	38.39	507.3	4	/home/qasim/vgb_bench_data/poses/A3_genconf_detbox/gnina/posebusters/7TBU_S3P.sdf.gz	2069	2026-09-24T18:11:46+08:00
arm	A3_genconf_detbox	gnina	posebusters	7THI_PGA	20260922	ok		5	-6.3	gnina_cnn:rescore:crossdock_default2018	kcal/mol (empirical score, not a measured free energy)	34.749	29.766	123.741	25.0	8	genconf	/home/qasim/vgb_bench_data/prepared/receptors/posebusters/7THI_PGA/receptor.pdbqt	18.54	507.3	4	/home/qasim/vgb_bench_data/poses/A3_genconf_detbox/gnina/posebusters/7THI_PGA.sdf.gz	1109	2026-09-24T18:12:25+08:00
arm	A3_genconf_detbox	gnina	posebusters	7TM6_GPJ	20260922	ok		5	-3.9	gnina_cnn:rescore:crossdock_default2018	kcal/mol (empirical score, not a measured free energy)	-2.67	0.674	-0.276	25.0	8	genconf	/home/qasim/vgb_bench_data/prepared/receptors/posebusters/7TM6_GPJ/receptor.pdbqt	21.24	507.3	4	/home/qasim/vgb_bench_data/poses/A3_genconf_detbox/gnina/posebusters/7TM6_GPJ.sdf.gz	1440	2026-09-24T18:12:43+08:00
arm	A3_genconf_detbox	gnina	posebusters	7TE8_P0T	20260922	ok		5	-11.54	gnina_cnn:rescore:crossdock_default2018	kcal/mol (empirical score, not a measured free energy)	-27.261	-48.15	42.425	25.0	8	genconf	/home/qasim/vgb_bench_data/prepared/receptors/posebusters/7TE8_P0T/receptor.pdbqt	80.9	521.1	4	/home/qasim/vgb_bench_data/poses/A3_genconf_detbox/gnina/posebusters/7TE8_P0T.sdf.gz	3730	2026-09-24T18:11:54+08:00
arm	A3_genconf_detbox	gnina	posebusters	7TOM_5AD	20260922	ok		5	17.57	gnina_cnn:rescore:crossdock_default2018	kcal/mol (empirical score, not a measured free energy)	16.321	51.883	35.935	25.0	8	genconf	/home/qasim/vgb_bench_data/prepared/receptors/posebusters/7TOM_5AD/receptor.pdbqt	37.04	507.3	4	/home/qasim/vgb_bench_data/poses/A3_genconf_detbox/gnina/posebusters/7TOM_5AD.sdf.gz	2331	2026-09-24T18:13:04+08:00
arm	A3_genconf_detbox	gnina	posebusters	7TS6_KMI	20260922	ok		5	-5.41	gnina_cnn:rescore:crossdock_default2018	kcal/mol (empirical score, not a measured free energy)	15.6	-47.995	-60.935	25.0	8	genconf	/home/qasim/vgb_bench_data/prepared/receptors/posebusters/7TS6_KMI/receptor.pdbqt	35.17	521.1	4	/home/qasim/vgb_bench_data/poses/A3_genconf_detbox/gnina/posebusters/7TS6_KMI.sdf.gz	2420	2026-09-24T18:13:15+08:00
arm	A3_genconf_detbox	gnina	posebusters	7TSF_H4B	20260922	ok		5	-6.7	gnina_cnn:rescore:crossdock_default2018	kcal/mol (empirical score, not a measured free energy)	11.683	1.783	22.738	25.0	8	genconf	/home/qasim/vgb_bench_data/prepared/receptors/posebusters/7TSF_H4B/receptor.pdbqt	32.02	507.3	4	/home/qasim/vgb_bench_data/poses/A3_genconf_detbox/gnina/posebusters/7TSF_H4B.sdf.gz	2404	2026-09-24T18:13:42+08:00
arm	A3_genconf_detbox	gnina	posebusters	7TXK_LW8	20260922	ok		5	-6.72	gnina_cnn:rescore:crossdock_default2018	kcal/mol (empirical score, not a measured free energy)	17.491	58.991	72.714	25.0	8	genconf	/home/qasim/vgb_bench_data/prepared/receptors/posebusters/7TXK_LW8/receptor.pdbqt	28.02	507.3	4	/home/qasim/vgb_bench_data/poses/A3_genconf_detbox/gnina/posebusters/7TXK_LW8.sdf.gz	2159	2026-09-24T18:14:14+08:00
arm	A3_genconf_detbox	gnina	posebusters	7TH4_FFO	20260922	ok		5	-6.11	gnina_cnn:rescore:crossdock_default2018	kcal/mol (empirical score, not a measured free energy)	18.322	-14.083	-20.113	25.0	8	genconf	/home/qasim/vgb_bench_data/prepared/receptors/posebusters/7TH4_FFO/receptor.pdbqt	152.79	476.7	4	/home/qasim/vgb_bench_data/poses/A3_genconf_detbox/gnina/posebusters/7TH4_FFO.sdf.gz	3911	2026-09-24T18:12:12+08:00
arm	A3_genconf_detbox	gnina	posebusters	7U0U_FK5	20260922	failed	gnina: ATOM     16  C   UNL     1      -2.675   3.773   0.499  1.00  0.00    -0.076 CG0			gnina_cnn:rescore:crossdock_default2018	kcal/mol (empirical score, not a measured free energy)	-28.344	-17.848	-21.946	25.0	8	genconf	/home/qasim/vgb_bench_data/prepared/receptors/posebusters/7U0U_FK5/receptor.pdbqt	0.82		4			2026-09-24T18:14:45+08:00
arm	A3_genconf_detbox	gnina	posebusters	7TB0_UD1	20260922	ok		5	-10.85	gnina_cnn:rescore:crossdock_default2018	kcal/mol (empirical score, not a measured free energy)	19.582	-27.355	62.492	25.0	8	genconf	/home/qasim/vgb_bench_data/prepared/receptors/posebusters/7TB0_UD1/receptor.pdbqt	206.65	486.1	4	/home/qasim/vgb_bench_data/poses/A3_genconf_detbox/gnina/posebusters/7TB0_UD1.sdf.gz	4576	2026-09-24T18:11:32+08:00
arm	A3_genconf_detbox	gnina	posebusters	7TUO_KL9	20260922	ok		5	-9.53	gnina_cnn:rescore:crossdock_default2018	kcal/mol (empirical score, not a measured free energy)	-4.748	21.456	-4.294	25.0	8	genconf	/home/qasim/vgb_bench_data/prepared/receptors/posebusters/7TUO_KL9/receptor.pdbqt	76.41	521.1	4	/home/qasim/vgb_bench_data/poses/A3_genconf_detbox/gnina/posebusters/7TUO_KL9.sdf.gz	4052	2026-09-24T18:13:50+08:00
arm	A3_genconf_detbox	gnina	posebusters	7UAW_MF6	20260922	failed	gnina: ATOM     23  C   UNL     1      -1.958  -2.425  -0.825  1.00  0.00    +0.179 CG0			gnina_cnn:rescore:crossdock_default2018	kcal/mol (empirical score, not a measured free energy)	-5.836	20.74	-40.302	25.0	8	genconf	/home/qasim/vgb_bench_data/prepared/receptors/posebusters/7UAW_MF6/receptor.pdbqt	0.8		4			2026-09-24T18:15:07+08:00
arm	A3_genconf_detbox	gnina	posebusters	7TYP_KUR	20260922	ok		5	-14.39	gnina_cnn:rescore:crossdock_default2018	kcal/mol (empirical score, not a measured free energy)	-37.91	-9.807	15.998	25.0	8	genconf	/home/qasim/vgb_bench_data/prepared/receptors/posebusters/7TYP_KUR/receptor.pdbqt	108.11	507.3	4	/home/qasim/vgb_bench_data/poses/A3_genconf_detbox/gnina/posebusters/7TYP_KUR.sdf.gz	4674	2026-09-24T18:14:42+08:00
arm	A3_genconf_detbox	gnina	posebusters	7UJ5_DGL	20260922	ok		5	-3.41	gnina_cnn:rescore:crossdock_default2018	kcal/mol (empirical score, not a measured free energy)	-17.122	15.22	1.671	25.0	8	genconf	/home/qasim/vgb_bench_data/prepared/receptors/posebusters/7UJ5_DGL/receptor.pdbqt	19.44	507.3	4	/home/qasim/vgb_bench_data/poses/A3_genconf_detbox/gnina/posebusters/7UJ5_DGL.sdf.gz	1533	2026-09-24T18:16:30+08:00
arm	A3_genconf_detbox	gnina	posebusters	7UAS_MBU	20260922	ok		5	-10.69	gnina_cnn:rescore:crossdock_default2018	kcal/mol (empirical score, not a measured free energy)	8.352	-31.092	22.958	25.0	8	genconf	/home/qasim/vgb_bench_data/prepared/receptors/posebusters/7UAS_MBU/receptor.pdbqt	136.16	486.1	4	/home/qasim/vgb_bench_data/poses/A3_genconf_detbox/gnina/posebusters/7UAS_MBU.sdf.gz	4868	2026-09-24T18:14:59+08:00
arm	A3_genconf_detbox	gnina	posebusters	7U3J_L6U	20260922	ok		5	-10.25	gnina_cnn:rescore:crossdock_default2018	kcal/mol (empirical score, not a measured free energy)	12.629	7.058	-5.901	25.0	8	genconf	/home/qasim/vgb_bench_data/prepared/receptors/posebusters/7U3J_L6U/receptor.pdbqt	195.59	476.7	4	/home/qasim/vgb_bench_data/poses/A3_genconf_detbox/gnina/posebusters/7U3J_L6U.sdf.gz	4901	2026-09-24T18:14:46+08:00
arm	A3_genconf_detbox	gnina	posebusters	7UJF_R3V	20260922	ok		5	-6.1	gnina_cnn:rescore:crossdock_default2018	kcal/mol (empirical score, not a measured free energy)	-10.162	-51.083	-65.175	25.0	8	genconf	/home/qasim/vgb_bench_data/prepared/receptors/posebusters/7UJF_R3V/receptor.pdbqt	74.62	507.3	4	/home/qasim/vgb_bench_data/poses/A3_genconf_detbox/gnina/posebusters/7UJF_R3V.sdf.gz	4701	2026-09-24T18:16:49+08:00
arm	A3_genconf_detbox	gnina	posebusters	7UQ3_O2U	20260922	ok		5	-7.14	gnina_cnn:rescore:crossdock_default2018	kcal/mol (empirical score, not a measured free energy)	8.852	140.996	101.494	25.0	8	genconf	/home/qasim/vgb_bench_data/prepared/receptors/posebusters/7UQ3_O2U/receptor.pdbqt	18.3	507.3	4	/home/qasim/vgb_bench_data/poses/A3_genconf_detbox/gnina/posebusters/7UQ3_O2U.sdf.gz	1478	2026-09-24T18:18:04+08:00
arm	A3_genconf_detbox	gnina	posebusters	7USH_82V	20260922	ok		5	-7.42	gnina_cnn:rescore:crossdock_default2018	kcal/mol (empirical score, not a measured free energy)	15.827	-5.379	6.079	25.0	8	genconf	/home/qasim/vgb_bench_data/prepared/receptors/posebusters/7USH_82V/receptor.pdbqt	33.65	507.3	4	/home/qasim/vgb_bench_data/poses/A3_genconf_detbox/gnina/posebusters/7USH_82V.sdf.gz	3104	2026-09-24T18:18:22+08:00
arm	A3_genconf_detbox	gnina	posebusters	7ULC_56B	20260922	ok		5	-12.2	gnina_cnn:rescore:crossdock_default2018	kcal/mol (empirical score, not a measured free energy)	26.677	1.872	49.129	25.0	8	genconf	/home/qasim/vgb_bench_data/prepared/receptors/posebusters/7ULC_56B/receptor.pdbqt	114.1	486.1	4	/home/qasim/vgb_bench_data/poses/A3_genconf_detbox/gnina/posebusters/7ULC_56B.sdf.gz	4145	2026-09-24T18:17:15+08:00
arm	A3_genconf_detbox	gnina	posebusters	7UXS_OJC	20260922	failed	gnina: ATOM     25  C   UNL     1      -3.813  -0.602  -1.522  1.00  0.00    +0.179 CG0			gnina_cnn:rescore:crossdock_default2018	kcal/mol (empirical score, not a measured free energy)	6.683	31.585	-25.461	25.0	8	genconf	/home/qasim/vgb_bench_data/prepared/receptors/posebusters/7UXS_OJC/receptor.pdbqt	0.86		4			2026-09-24T18:19:09+08:00
arm	A3_genconf_detbox	gnina	posebusters	7UY4_SMI	20260922	ok		5	-6.95	gnina_cnn:rescore:crossdock_default2018	kcal/mol (empirical score, not a measured free energy)	-2.905	-32.809	19.257	25.0	8	genconf	/home/qasim/vgb_bench_data/prepared/receptors/posebusters/7UY4_SMI/receptor.pdbqt	26.84	486.1	4	/home/qasim/vgb_bench_data/poses/A3_genconf_detbox/gnina/posebusters/7UY4_SMI.sdf.gz	3585	2026-09-24T18:19:10+08:00
arm	A3_genconf_detbox	gnina	posebusters	7UJ4_OQ4	20260922	ok		5	-6.91	gnina_cnn:rescore:crossdock_default2018	kcal/mol (empirical score, not a measured free energy)	-32.276	7.697	19.354	25.0	8	genconf	/home/qasim/vgb_bench_data/prepared/receptors/posebusters/7UJ4_OQ4/receptor.pdbqt	299.94	521.1	4	/home/qasim/vgb_bench_data/poses/A3_genconf_detbox/gnina/posebusters/7UJ4_OQ4.sdf.gz	6363	2026-09-24T18:15:07+08:00
arm	A3_genconf_detbox	gnina	posebusters	7UYB_OK0	20260922	ok		5	-4.55	gnina_cnn:rescore:crossdock_default2018	kcal/mol (empirical score, not a measured free energy)	-15.482	14.399	-7.166	25.0	8	genconf	/home/qasim/vgb_bench_data/prepared/receptors/posebusters/7UYB_OK0/receptor.pdbqt	92.96	486.1	4	/home/qasim/vgb_bench_data/poses/A3_genconf_detbox/gnina/posebusters/7UYB_OK0.sdf.gz	3584	2026-09-24T18:19:37+08:00
arm	A3_genconf_detbox	gnina	posebusters	7V3N_AKG	20260922	ok		5	-5.97	gnina_cnn:rescore:crossdock_default2018	kcal/mol (empirical score, not a measured free energy)	128.019	75.71	0.989	25.0	8	genconf	/home/qasim/vgb_bench_data/prepared/receptors/posebusters/7V3N_AKG/receptor.pdbqt	25.74	486.1	4	/home/qasim/vgb_bench_data/poses/A3_genconf_detbox/gnina/posebusters/7V3N_AKG.sdf.gz	1279	2026-09-24T18:21:10+08:00
arm	A3_genconf_detbox	gnina	posebusters	7V14_ORU	20260922	ok		5	-9.67	gnina_cnn:rescore:crossdock_default2018	kcal/mol (empirical score, not a measured free energy)	28.689	7.378	-4.558	25.0	8	genconf	/home/qasim/vgb_bench_data/prepared/receptors/posebusters/7V14_ORU/receptor.pdbqt	115.15	521.1	4	/home/qasim/vgb_bench_data/poses/A3_genconf_detbox/gnina/posebusters/7V14_ORU.sdf.gz	3784	2026-09-24T18:20:07+08:00
arm	A3_genconf_detbox	gnina	posebusters	7V43_C4O	20260922	ok		5	-2.91	gnina_cnn:rescore:crossdock_default2018	kcal/mol (empirical score, not a measured free energy)	-25.258	26.022	1.964	25.0	8	genconf	/home/qasim/vgb_bench_data/prepared/receptors/posebusters/7V43_C4O/receptor.pdbqt	12.31	521.1	4	/home/qasim/vgb_bench_data/poses/A3_genconf_detbox/gnina/posebusters/7V43_C4O.sdf.gz	1247	2026-09-24T18:22:03+08:00
arm	A3_genconf_detbox	gnina	posebusters	7VB8_STL	20260922	ok		5	-9.01	gnina_cnn:rescore:crossdock_default2018	kcal/mol (empirical score, not a measured free energy)	-13.717	31.871	-4.522	25.0	8	genconf	/home/qasim/vgb_bench_data/prepared/receptors/posebusters/7VB8_STL/receptor.pdbqt	23.14	521.1	4	/home/qasim/vgb_bench_data/poses/A3_genconf_detbox/gnina/posebusters/7VB8_STL.sdf.gz	2133	2026-09-24T18:22:15+08:00
arm	A3_genconf_detbox	gnina	posebusters	7VBU_6I4	20260922	ok		5	-4.02	gnina_cnn:rescore:crossdock_default2018	kcal/mol (empirical score, not a measured free energy)	59.156	57.747	75.543	25.0	8	genconf	/home/qasim/vgb_bench_data/prepared/receptors/posebusters/7VBU_6I4/receptor.pdbqt	19.76	521.1	4	/home/qasim/vgb_bench_data/poses/A3_genconf_detbox/gnina/posebusters/7VBU_6I4.sdf.gz	2298	2026-09-24T18:22:38+08:00
arm	A3_genconf_detbox	gnina	posebusters	7V3S_5I9	20260922	ok		5	-12.59	gnina_cnn:rescore:crossdock_default2018	kcal/mol (empirical score, not a measured free energy)	-8.398	-15.145	28.272	25.0	8	genconf	/home/qasim/vgb_bench_data/prepared/receptors/posebusters/7V3S_5I9/receptor.pdbqt	125.18	486.1	4	/home/qasim/vgb_bench_data/poses/A3_genconf_detbox/gnina/posebusters/7V3S_5I9.sdf.gz	3931	2026-09-24T18:21:36+08:00
arm	A3_genconf_detbox	gnina	posebusters	7VC5_9SF	20260922	ok		5	-9.04	gnina_cnn:rescore:crossdock_default2018	kcal/mol (empirical score, not a measured free energy)	15.484	-12.553	1.862	25.0	8	genconf	/home/qasim/vgb_bench_data/prepared/receptors/posebusters/7VC5_9SF/receptor.pdbqt	43.82	521.1	4	/home/qasim/vgb_bench_data/poses/A3_genconf_detbox/gnina/posebusters/7VC5_9SF.sdf.gz	2927	2026-09-24T18:22:58+08:00
arm	A3_genconf_detbox	gnina	posebusters	7VKZ_NOJ	20260922	ok		5	-5.36	gnina_cnn:rescore:crossdock_default2018	kcal/mol (empirical score, not a measured free energy)	49.919	14.577	48.397	25.0	8	genconf	/home/qasim/vgb_bench_data/prepared/receptors/posebusters/7VKZ_NOJ/receptor.pdbqt	19.84	486.1	4	/home/qasim/vgb_bench_data/poses/A3_genconf_detbox/gnina/posebusters/7VKZ_NOJ.sdf.gz	1906	2026-09-24T18:23:41+08:00
arm	A3_genconf_detbox	gnina	posebusters	7UMW_NAD	20260922	ok		5	-11.9	gnina_cnn:rescore:crossdock_default2018	kcal/mol (empirical score, not a measured free energy)	-33.622	23.693	-7.814	25.0	8	genconf	/home/qasim/vgb_bench_data/prepared/receptors/posebusters/7UMW_NAD/receptor.pdbqt	362.12	476.7	4	/home/qasim/vgb_bench_data/poses/A3_genconf_detbox/gnina/posebusters/7UMW_NAD.sdf.gz	4926	2026-09-24T18:18:02+08:00
arm	A3_genconf_detbox	gnina	posebusters	7VQ9_ISY	20260922	ok		5	-6.78	gnina_cnn:rescore:crossdock_default2018	kcal/mol (empirical score, not a measured free energy)	20.17	-1.114	0.54	25.0	8	genconf	/home/qasim/vgb_bench_data/prepared/receptors/posebusters/7VQ9_ISY/receptor.pdbqt	40.69	521.1	4	/home/qasim/vgb_bench_data/poses/A3_genconf_detbox/gnina/posebusters/7VQ9_ISY.sdf.gz	1868	2026-09-24T18:23:42+08:00
arm	A3_genconf_detbox	gnina	posebusters	7UTW_NAI	20260922	ok		5	-8.88	gnina_cnn:rescore:crossdock_default2018	kcal/mol (empirical score, not a measured free energy)	17.442	-15.733	-2.773	25.0	8	genconf	/home/qasim/vgb_bench_data/prepared/receptors/posebusters/7UTW_NAI/receptor.pdbqt	363.53	507.3	4	/home/qasim/vgb_bench_data/poses/A3_genconf_detbox/gnina/posebusters/7UTW_NAI.sdf.gz	5034	2026-09-24T18:18:56+08:00
arm	A3_genconf_detbox	gnina	posebusters	7W05_GMP	20260922	ok		5	-5.41	gnina_cnn:rescore:crossdock_default2018	kcal/mol (empirical score, not a measured free energy)	-10.528	1.938	8.335	25.0	8	genconf	/home/qasim/vgb_bench_data/prepared/receptors/posebusters/7W05_GMP/receptor.pdbqt	41.31	521.1	4	/home/qasim/vgb_bench_data/poses/A3_genconf_detbox/gnina/posebusters/7W05_GMP.sdf.gz	2395	2026-09-24T18:24:22+08:00
arm	A3_genconf_detbox	gnina	posebusters	7W06_ITN	20260922	ok		5	-6.24	gnina_cnn:rescore:crossdock_default2018	kcal/mol (empirical score, not a measured free energy)	-20.687	17.259	27.243	25.0	8	genconf	/home/qasim/vgb_bench_data/prepared/receptors/posebusters/7W06_ITN/receptor.pdbqt	45.73	507.3	4	/home/qasim/vgb_bench_data/poses/A3_genconf_detbox/gnina/posebusters/7W06_ITN.sdf.gz	1235	2026-09-24T18:24:59+08:00
arm	A3_genconf_detbox	gnina	posebusters	7VYJ_CA0	20260922	ok		5	-5.54	gnina_cnn:rescore:crossdock_default2018	kcal/mol (empirical score, not a measured free energy)	23.75	-63.248	18.392	25.0	8	genconf	/home/qasim/vgb_bench_data/prepared/receptors/posebusters/7VYJ_CA0/receptor.pdbqt	121.32	476.7	4	/home/qasim/vgb_bench_data/poses/A3_genconf_detbox/gnina/posebusters/7VYJ_CA0.sdf.gz	2974	2026-09-24T18:24:04+08:00
arm	A3_genconf_detbox	gnina	posebusters	7WJB_BGC	20260922	ok		5	-5.95	gnina_cnn:rescore:crossdock_default2018	kcal/mol (empirical score, not a measured free energy)	30.316	21.425	21.115	25.0	8	genconf	/home/qasim/vgb_bench_data/prepared/receptors/posebusters/7WJB_BGC/receptor.pdbqt	19.75	476.7	4	/home/qasim/vgb_bench_data/poses/A3_genconf_detbox/gnina/posebusters/7WJB_BGC.sdf.gz	1814	2026-09-24T18:26:05+08:00
arm	A3_genconf_detbox	gnina	posebusters	7WKL_CAQ	20260922	ok		5	-5.04	gnina_cnn:rescore:crossdock_default2018	kcal/mol (empirical score, not a measured free energy)	13.979	34.027	56.639	25.0	8	genconf	/home/qasim/vgb_bench_data/prepared/receptors/posebusters/7WKL_CAQ/receptor.pdbqt	30.95	476.7	4	/home/qasim/vgb_bench_data/poses/A3_genconf_detbox/gnina/posebusters/7WKL_CAQ.sdf.gz	1166	2026-09-24T18:26:25+08:00
arm	A3_genconf_detbox	gnina	posebusters	7WDT_NGS	20260922	ok		5	-3.75	gnina_cnn:rescore:crossdock_default2018	kcal/mol (empirical score, not a measured free energy)	10.64	-27.762	60.095	25.0	8	genconf	/home/qasim/vgb_bench_data/prepared/receptors/posebusters/7WDT_NGS/receptor.pdbqt	75.51	507.3	4	/home/qasim/vgb_bench_data/poses/A3_genconf_detbox/gnina/posebusters/7WDT_NGS.sdf.gz	2543	2026-09-24T18:25:45+08:00
arm	A3_genconf_detbox	gnina	posebusters	7VWF_K55	20260922	ok		5	-5.29	gnina_cnn:rescore:crossdock_default2018	kcal/mol (empirical score, not a measured free energy)	18.982	-14.214	27.569	25.0	8	genconf	/home/qasim/vgb_bench_data/prepared/receptors/posebusters/7VWF_K55/receptor.pdbqt	287.41	486.1	4	/home/qasim/vgb_bench_data/poses/A3_genconf_detbox/gnina/posebusters/7VWF_K55.sdf.gz	4178	2026-09-24T18:24:01+08:00
arm	A3_genconf_detbox	gnina	posebusters	7WCF_ACP	20260922	ok		5	-6.35	gnina_cnn:rescore:crossdock_default2018	kcal/mol (empirical score, not a measured free energy)	33.107	-9.09	-28.336	25.0	8	genconf	/home/qasim/vgb_bench_data/prepared/receptors/posebusters/7WCF_ACP/receptor.pdbqt	248.34	521.1	4	/home/qasim/vgb_bench_data/poses/A3_genconf_detbox/gnina/posebusters/7WCF_ACP.sdf.gz	3532	2026-09-24T18:25:04+08:00
arm	A3_genconf_detbox	gnina	posebusters	7WPW_F15	20260922	ok		5	-5.63	gnina_cnn:rescore:crossdock_default2018	kcal/mol (empirical score, not a measured free energy)	8.343	-20.128	-2.823	25.0	8	genconf	/home/qasim/vgb_bench_data/prepared/receptors/posebusters/7WPW_F15/receptor.pdbqt	149.21	507.3	4	/home/qasim/vgb_bench_data/poses/A3_genconf_detbox/gnina/posebusters/7WPW_F15.sdf.gz	3262	2026-09-24T18:27:00+08:00
arm	A3_genconf_detbox	gnina	posebusters	7WL4_JFU	20260922	ok		5	-9.15	gnina_cnn:rescore:crossdock_default2018	kcal/mol (empirical score, not a measured free energy)	-2.785	20.394	12.028	25.0	8	genconf	/home/qasim/vgb_bench_data/prepared/receptors/posebusters/7WL4_JFU/receptor.pdbqt	209.29	476.7	4	/home/qasim/vgb_bench_data/poses/A3_genconf_detbox/gnina/posebusters/7WL4_JFU.sdf.gz	3998	2026-09-24T18:26:56+08:00
arm	A3_genconf_detbox	gnina	posebusters	7WUX_6OI	20260922	ok		5	-7.38	gnina_cnn:rescore:crossdock_default2018	kcal/mol (empirical score, not a measured free energy)	25.218	-11.553	-30.084	25.0	8	genconf	/home/qasim/vgb_bench_data/prepared/receptors/posebusters/7WUX_6OI/receptor.pdbqt	122.46	521.1	4	/home/qasim/vgb_bench_data/poses/A3_genconf_detbox/gnina/posebusters/7WUX_6OI.sdf.gz	2391	2026-09-24T18:29:12+08:00
arm	A3_genconf_detbox	gnina	posebusters	7WQQ_5Z6	20260922	ok		5	-13.45	gnina_cnn:rescore:crossdock_default2018	kcal/mol (empirical score, not a measured free energy)	29.369	-5.719	11.535	25.0	8	genconf	/home/qasim/vgb_bench_data/prepared/receptors/posebusters/7WQQ_5Z6/receptor.pdbqt	178.68	486.1	4	/home/qasim/vgb_bench_data/poses/A3_genconf_detbox/gnina/posebusters/7WQQ_5Z6.sdf.gz	3864	2026-09-24T18:28:48+08:00
arm	A3_genconf_detbox	gnina	posebusters	7WUY_76N	20260922	ok		5	62.15	gnina_cnn:rescore:crossdock_default2018	kcal/mol (empirical score, not a measured free energy)	17.346	152.778	25.526	25.0	8	genconf	/home/qasim/vgb_bench_data/prepared/receptors/posebusters/7WUY_76N/receptor.pdbqt	144.64	507.3	4	/home/qasim/vgb_bench_data/poses/A3_genconf_detbox/gnina/posebusters/7WUY_76N.sdf.gz	4237	2026-09-24T18:29:30+08:00
arm	A3_genconf_detbox	gnina	posebusters	7X9K_8OG	20260922	ok		5	-10.49	gnina_cnn:rescore:crossdock_default2018	kcal/mol (empirical score, not a measured free energy)	-6.637	0.33	25.265	25.0	8	genconf	/home/qasim/vgb_bench_data/prepared/receptors/posebusters/7X9K_8OG/receptor.pdbqt	74.5	486.1	4	/home/qasim/vgb_bench_data/poses/A3_genconf_detbox/gnina/posebusters/7X9K_8OG.sdf.gz	2723	2026-09-24T18:31:47+08:00
arm	A3_genconf_detbox	gnina	posebusters	7X5N_5M5	20260922	ok		5	-9.62	gnina_cnn:rescore:crossdock_default2018	kcal/mol (empirical score, not a measured free energy)	87.106	64.451	46.244	25.0	8	genconf	/home/qasim/vgb_bench_data/prepared/receptors/posebusters/7X5N_5M5/receptor.pdbqt	116.97	521.1	4	/home/qasim/vgb_bench_data/poses/A3_genconf_detbox/gnina/posebusters/7X5N_5M5.sdf.gz	3845	2026-09-24T18:31:14+08:00
arm	A3_genconf_detbox	gnina	posebusters	7WY1_D0L	20260922	ok		5	-7.01	gnina_cnn:rescore:crossdock_default2018	kcal/mol (empirical score, not a measured free energy)	16.369	-19.759	-7.991	25.0	8	genconf	/home/qasim/vgb_bench_data/prepared/receptors/posebusters/7WY1_D0L/receptor.pdbqt	167.4	476.7	4	/home/qasim/vgb_bench_data/poses/A3_genconf_detbox/gnina/posebusters/7WY1_D0L.sdf.gz	4020	2026-09-24T18:30:25+08:00
arm	A3_genconf_detbox	gnina	posebusters	7XG5_PLP	20260922	ok		5	-8.32	gnina_cnn:rescore:crossdock_default2018	kcal/mol (empirical score, not a measured free energy)	-31.018	-48.656	35.42	25.0	8	genconf	/home/qasim/vgb_bench_data/prepared/receptors/posebusters/7XG5_PLP/receptor.pdbqt	39.06	521.1	4	/home/qasim/vgb_bench_data/poses/A3_genconf_detbox/gnina/posebusters/7XG5_PLP.sdf.gz	1943	2026-09-24T18:33:11+08:00
arm	A3_genconf_detbox	gnina	posebusters	7XI7_4RI	20260922	ok		5	-6.43	gnina_cnn:rescore:crossdock_default2018	kcal/mol (empirical score, not a measured free energy)	2.344	-35.142	-3.915	25.0	8	genconf	/home/qasim/vgb_bench_data/prepared/receptors/posebusters/7XI7_4RI/receptor.pdbqt	64.91	476.7	4	/home/qasim/vgb_bench_data/poses/A3_genconf_detbox/gnina/posebusters/7XI7_4RI.sdf.gz	2974	2026-09-24T18:33:13+08:00
arm	A3_genconf_detbox	gnina	posebusters	7XJN_NSD	20260922	ok		5	-5.65	gnina_cnn:rescore:crossdock_default2018	kcal/mol (empirical score, not a measured free energy)	-29.608	-13.692	6.56	25.0	8	genconf	/home/qasim/vgb_bench_data/prepared/receptors/posebusters/7XJN_NSD/receptor.pdbqt	43.2	521.1	4	/home/qasim/vgb_bench_data/poses/A3_genconf_detbox/gnina/posebusters/7XJN_NSD.sdf.gz	1984	2026-09-24T18:33:50+08:00
arm	A3_genconf_detbox	gnina	posebusters	7XBV_APC	20260922	ok		5	-9.12	gnina_cnn:rescore:crossdock_default2018	kcal/mol (empirical score, not a measured free energy)	-40.36	5.494	-0.261	25.0	8	genconf	/home/qasim/vgb_bench_data/prepared/receptors/posebusters/7XBV_APC/receptor.pdbqt	183.62	507.3	4	/home/qasim/vgb_bench_data/poses/A3_genconf_detbox/gnina/posebusters/7XBV_APC.sdf.gz	3481	2026-09-24T18:31:54+08:00
arm	A3_genconf_detbox	gnina	posebusters	7XRL_FWK	20260922	ok		5	-8.55	gnina_cnn:rescore:crossdock_default2018	kcal/mol (empirical score, not a measured free energy)	17.307	8.909	34.857	25.0	8	genconf	/home/qasim/vgb_bench_data/prepared/receptors/posebusters/7XRL_FWK/receptor.pdbqt	42.04	507.3	4	/home/qasim/vgb_bench_data/poses/A3_genconf_detbox/gnina/posebusters/7XRL_FWK.sdf.gz	2515	2026-09-24T18:34:58+08:00
arm	A3_genconf_detbox	gnina	posebusters	7YZU_DO7	20260922	ok		5	-7.83	gnina_cnn:rescore:crossdock_default2018	kcal/mol (empirical score, not a measured free energy)	11.203	-22.829	-18.311	25.0	8	genconf	/home/qasim/vgb_bench_data/prepared/receptors/posebusters/7YZU_DO7/receptor.pdbqt	34.99	507.3	4	/home/qasim/vgb_bench_data/poses/A3_genconf_detbox/gnina/posebusters/7YZU_DO7.sdf.gz	2204	2026-09-24T18:35:40+08:00
arm	A3_genconf_detbox	gnina	posebusters	7XQZ_FPF	20260922	ok		5	-10.33	gnina_cnn:rescore:crossdock_default2018	kcal/mol (empirical score, not a measured free energy)	-20.043	-3.147	-19.633	25.0	8	genconf	/home/qasim/vgb_bench_data/prepared/receptors/posebusters/7XQZ_FPF/receptor.pdbqt	122.44	521.1	4	/home/qasim/vgb_bench_data/poses/A3_genconf_detbox/gnina/posebusters/7XQZ_FPF.sdf.gz	3597	2026-09-24T18:34:34+08:00
arm	A3_genconf_detbox	gnina	posebusters	7Z1Q_NIO	20260922	ok		5	-4.22	gnina_cnn:rescore:crossdock_default2018	kcal/mol (empirical score, not a measured free energy)	1.721	29.09	-8.607	25.0	8	genconf	/home/qasim/vgb_bench_data/prepared/receptors/posebusters/7Z1Q_NIO/receptor.pdbqt	29.74	507.3	4	/home/qasim/vgb_bench_data/poses/A3_genconf_detbox/gnina/posebusters/7Z1Q_NIO.sdf.gz	1168	2026-09-24T18:36:15+08:00
arm	A3_genconf_detbox	gnina	posebusters	7Z2O_IAJ	20260922	ok		5	-5.63	gnina_cnn:rescore:crossdock_default2018	kcal/mol (empirical score, not a measured free energy)	1.189	5.847	29.406	25.0	8	genconf	/home/qasim/vgb_bench_data/prepared/receptors/posebusters/7Z2O_IAJ/receptor.pdbqt	31.75	521.1	4	/home/qasim/vgb_bench_data/poses/A3_genconf_detbox/gnina/posebusters/7Z2O_IAJ.sdf.gz	1629	2026-09-24T18:36:36+08:00
arm	A3_genconf_detbox	gnina	posebusters	7Z7F_IF3	20260922	ok		5	-5.93	gnina_cnn:rescore:crossdock_default2018	kcal/mol (empirical score, not a measured free energy)	15.635	28.827	4.435	25.0	8	genconf	/home/qasim/vgb_bench_data/prepared/receptors/posebusters/7Z7F_IF3/receptor.pdbqt	36.86	507.3	4	/home/qasim/vgb_bench_data/poses/A3_genconf_detbox/gnina/posebusters/7Z7F_IF3.sdf.gz	1952	2026-09-24T18:36:45+08:00
arm	A3_genconf_detbox	gnina	posebusters	7XFA_D9J	20260922	ok		5	-6.08	gnina_cnn:rescore:crossdock_default2018	kcal/mol (empirical score, not a measured free energy)	-13.623	-10.433	-2.28	25.0	8	genconf	/home/qasim/vgb_bench_data/prepared/receptors/posebusters/7XFA_D9J/receptor.pdbqt	262.73	486.1	4	/home/qasim/vgb_bench_data/poses/A3_genconf_detbox/gnina/posebusters/7XFA_D9J.sdf.gz	4151	2026-09-24T18:33:01+08:00
arm	A3_genconf_detbox	gnina	posebusters	7ZCC_OGA	20260922	ok		5	-5.75	gnina_cnn:rescore:crossdock_default2018	kcal/mol (empirical score, not a measured free energy)	39.442	17.444	56.926	25.0	8	genconf	/home/qasim/vgb_bench_data/prepared/receptors/posebusters/7ZCC_OGA/receptor.pdbqt	39.9	521.1	4	/home/qasim/vgb_bench_data/poses/A3_genconf_detbox/gnina/posebusters/7ZCC_OGA.sdf.gz	1212	2026-09-24T18:37:08+08:00
arm	A3_genconf_detbox	gnina	posebusters	7ZHP_IQY	20260922	failed	gnina: ATOM     26  C   UNL     1      -5.400  -0.268  -0.963  1.00  0.00    +0.040 CG0			gnina_cnn:rescore:crossdock_default2018	kcal/mol (empirical score, not a measured free energy)	69.453	37.403	1.75	25.0	8	genconf	/home/qasim/vgb_bench_data/prepared/receptors/posebusters/7ZHP_IQY/receptor.pdbqt	2.28		4			2026-09-24T18:37:48+08:00
arm	A3_genconf_detbox	gnina	posebusters	7ZDY_6MJ	20260922	ok		5	-4.4	gnina_cnn:rescore:crossdock_default2018	kcal/mol (empirical score, not a measured free energy)	9.593	-3.525	61.233	25.0	8	genconf	/home/qasim/vgb_bench_data/prepared/receptors/posebusters/7ZDY_6MJ/receptor.pdbqt	31.66	507.3	4	/home/qasim/vgb_bench_data/poses/A3_genconf_detbox/gnina/posebusters/7ZDY_6MJ.sdf.gz	1789	2026-09-24T18:37:22+08:00
arm	A3_genconf_detbox	gnina	posebusters	7ZF0_DHR	20260922	ok		5	-6.03	gnina_cnn:rescore:crossdock_default2018	kcal/mol (empirical score, not a measured free energy)	32.512	57.275	47.858	25.0	8	genconf	/home/qasim/vgb_bench_data/prepared/receptors/posebusters/7ZF0_DHR/receptor.pdbqt	33.1	486.1	4	/home/qasim/vgb_bench_data/poses/A3_genconf_detbox/gnina/posebusters/7ZF0_DHR.sdf.gz	1447	2026-09-24T18:37:24+08:00
arm	A3_genconf_detbox	gnina	posebusters	7ZOC_T8E	20260922	ok		5	-6.72	gnina_cnn:rescore:crossdock_default2018	kcal/mol (empirical score, not a measured free energy)	17.918	13.052	35.954	25.0	8	genconf	/home/qasim/vgb_bench_data/prepared/receptors/posebusters/7ZOC_T8E/receptor.pdbqt	41.4	507.3	4	/home/qasim/vgb_bench_data/poses/A3_genconf_detbox/gnina/posebusters/7ZOC_T8E.sdf.gz	2115	2026-09-24T18:37:53+08:00
arm	A3_genconf_detbox	gnina	posebusters	7ZTL_BCN	20260922	ok		5	-3.34	gnina_cnn:rescore:crossdock_default2018	kcal/mol (empirical score, not a measured free energy)	-29.37	32.574	8.707	25.0	8	genconf	/home/qasim/vgb_bench_data/prepared/receptors/posebusters/7ZTL_BCN/receptor.pdbqt	44.72	486.1	4	/home/qasim/vgb_bench_data/poses/A3_genconf_detbox/gnina/posebusters/7ZTL_BCN.sdf.gz	1874	2026-09-24T18:37:57+08:00
arm	A3_genconf_detbox	gnina	posebusters	7ZU2_DHT	20260922	ok		5	-11.42	gnina_cnn:rescore:crossdock_default2018	kcal/mol (empirical score, not a measured free energy)	-26.314	2.725	-4.986	25.0	8	genconf	/home/qasim/vgb_bench_data/prepared/receptors/posebusters/7ZU2_DHT/receptor.pdbqt	33.28	507.3	4	/home/qasim/vgb_bench_data/poses/A3_genconf_detbox/gnina/posebusters/7ZU2_DHT.sdf.gz	3630	2026-09-24T18:38:35+08:00
arm	A3_genconf_detbox	gnina	posebusters	7XPO_UPG	20260922	ok		5	-5.85	gnina_cnn:rescore:crossdock_default2018	kcal/mol (empirical score, not a measured free energy)	5.404	-7.19	21.705	25.0	8	genconf	/home/qasim/vgb_bench_data/prepared/receptors/posebusters/7XPO_UPG/receptor.pdbqt	292.09	476.7	4	/home/qasim/vgb_bench_data/poses/A3_genconf_detbox/gnina/posebusters/7XPO_UPG.sdf.gz	4272	2026-09-24T18:34:17+08:00
arm	A3_genconf_detbox	gnina	posebusters	7ZL5_IWE	20260922	ok		5	-6.76	gnina_cnn:rescore:crossdock_default2018	kcal/mol (empirical score, not a measured free energy)	5.963	32.259	49.703	25.0	8	genconf	/home/qasim/vgb_bench_data/prepared/receptors/posebusters/7ZL5_IWE/receptor.pdbqt	93.7	521.1	4	/home/qasim/vgb_bench_data/poses/A3_genconf_detbox/gnina/posebusters/7ZL5_IWE.sdf.gz	2487	2026-09-24T18:37:50+08:00
arm	A3_genconf_detbox	gnina	posebusters	8A1H_DLZ	20260922	ok		5	-11.09	gnina_cnn:rescore:crossdock_default2018	kcal/mol (empirical score, not a measured free energy)	-68.205	39.334	-6.652	25.0	8	genconf	/home/qasim/vgb_bench_data/prepared/receptors/posebusters/8A1H_DLZ/receptor.pdbqt	74.05	476.7	4	/home/qasim/vgb_bench_data/poses/A3_genconf_detbox/gnina/posebusters/8A1H_DLZ.sdf.gz	2943	2026-09-24T18:39:09+08:00
arm	A3_genconf_detbox	gnina	posebusters	7ZZW_KKW	20260922	ok		5	-7.85	gnina_cnn:rescore:crossdock_default2018	kcal/mol (empirical score, not a measured free energy)	21.17	-19.171	1.971	25.0	8	genconf	/home/qasim/vgb_bench_data/prepared/receptors/posebusters/7ZZW_KKW/receptor.pdbqt	102.96	507.3	4	/home/qasim/vgb_bench_data/poses/A3_genconf_detbox/gnina/posebusters/7ZZW_KKW.sdf.gz	3736	2026-09-24T18:39:08+08:00
arm	A3_genconf_detbox	gnina	posebusters	8AEM_LVF	20260922	ok		5	-5.88	gnina_cnn:rescore:crossdock_default2018	kcal/mol (empirical score, not a measured free energy)	-122.061	-181.881	310.716	25.0	8	genconf	/home/qasim/vgb_bench_data/prepared/receptors/posebusters/8AEM_LVF/receptor.pdbqt	29.59	507.3	4	/home/qasim/vgb_bench_data/poses/A3_genconf_detbox/gnina/posebusters/8AEM_LVF.sdf.gz	1600	2026-09-24T18:40:51+08:00
arm	A3_genconf_detbox	gnina	posebusters	8AAU_LH0	20260922	ok		5	-7.6	gnina_cnn:rescore:crossdock_default2018	kcal/mol (empirical score, not a measured free energy)	-19.812	37.302	-19.403	25.0	8	genconf	/home/qasim/vgb_bench_data/prepared/receptors/posebusters/8AAU_LH0/receptor.pdbqt	110.16	476.7	4	/home/qasim/vgb_bench_data/poses/A3_genconf_detbox/gnina/posebusters/8AAU_LH0.sdf.gz	2933	2026-09-24T18:40:24+08:00
arm	A3_genconf_detbox	gnina	posebusters	7ZXV_45D	20260922	ok		5	41.72	gnina_cnn:rescore:crossdock_default2018	kcal/mol (empirical score, not a measured free energy)	20.272	12.483	-11.493	25.0	8	genconf	/home/qasim/vgb_bench_data/prepared/receptors/posebusters/7ZXV_45D/receptor.pdbqt	259.59	486.1	4	/home/qasim/vgb_bench_data/poses/A3_genconf_detbox/gnina/posebusters/7ZXV_45D.sdf.gz	6536	2026-09-24T18:38:42+08:00
arm	A3_genconf_detbox	gnina	posebusters	8AIE_M7L	20260922	ok		5	-6.4	gnina_cnn:rescore:crossdock_default2018	kcal/mol (empirical score, not a measured free energy)	-6.703	-8.269	7.77	25.0	8	genconf	/home/qasim/vgb_bench_data/prepared/receptors/posebusters/8AIE_M7L/receptor.pdbqt	131.82	507.3	4	/home/qasim/vgb_bench_data/poses/A3_genconf_detbox/gnina/posebusters/8AIE_M7L.sdf.gz	2754	2026-09-24T18:41:20+08:00
arm	A3_genconf_detbox	gnina	posebusters	8AP0_PRP	20260922	ok		5	-4.43	gnina_cnn:rescore:crossdock_default2018	kcal/mol (empirical score, not a measured free energy)	16.496	1.181	33.252	25.0	8	genconf	/home/qasim/vgb_bench_data/prepared/receptors/posebusters/8AP0_PRP/receptor.pdbqt	104.79	476.7	4	/home/qasim/vgb_bench_data/poses/A3_genconf_detbox/gnina/posebusters/8AP0_PRP.sdf.gz	2543	2026-09-24T18:42:14+08:00
arm	A3_genconf_detbox	gnina	posebusters	8AUH_L9I	20260922	ok		5	-4.39	gnina_cnn:rescore:crossdock_default2018	kcal/mol (empirical score, not a measured free energy)	-12.56	16.317	-3.573	25.0	8	genconf	/home/qasim/vgb_bench_data/prepared/receptors/posebusters/8AUH_L9I/receptor.pdbqt	49.44	507.3	4	/home/qasim/vgb_bench_data/poses/A3_genconf_detbox/gnina/posebusters/8AUH_L9I.sdf.gz	1589	2026-09-24T18:43:32+08:00
arm	A3_genconf_detbox	gnina	posebusters	8AQL_PLG	20260922	ok		5	4.9	gnina_cnn:rescore:crossdock_default2018	kcal/mol (empirical score, not a measured free energy)	4.138	39.627	13.826	25.0	8	genconf	/home/qasim/vgb_bench_data/prepared/receptors/posebusters/8AQL_PLG/receptor.pdbqt	131.68	500.3	4	/home/qasim/vgb_bench_data/poses/A3_genconf_detbox/gnina/posebusters/8AQL_PLG.sdf.gz	2558	2026-09-24T18:43:02+08:00
arm	A3_genconf_detbox	gnina	posebusters	8B8H_OJQ	20260922	ok		5	-9.59	gnina_cnn:rescore:crossdock_default2018	kcal/mol (empirical score, not a measured free energy)	48.367	24.858	8.936	25.0	8	genconf	/home/qasim/vgb_bench_data/prepared/receptors/posebusters/8B8H_OJQ/receptor.pdbqt	104.99	507.3	4	/home/qasim/vgb_bench_data/poses/A3_genconf_detbox/gnina/posebusters/8B8H_OJQ.sdf.gz	2615	2026-09-24T18:44:22+08:00
arm	A3_genconf_detbox	gnina	posebusters	8AY3_OE3	20260922	ok		5	-9.98	gnina_cnn:rescore:crossdock_default2018	kcal/mol (empirical score, not a measured free energy)	-3.354	7.368	42.018	25.0	8	genconf	/home/qasim/vgb_bench_data/prepared/receptors/posebusters/8AY3_OE3/receptor.pdbqt	142.26	476.7	4	/home/qasim/vgb_bench_data/poses/A3_genconf_detbox/gnina/posebusters/8AY3_OE3.sdf.gz	3166	2026-09-24T18:43:58+08:00
arm	A3_genconf_detbox	gnina	posebusters	8A2D_KXY	20260922	ok		5	-6.64	gnina_cnn:rescore:crossdock_default2018	kcal/mol (empirical score, not a measured free energy)	-22.493	-11.704	-3.109	25.0	8	genconf	/home/qasim/vgb_bench_data/prepared/receptors/posebusters/8A2D_KXY/receptor.pdbqt	428.18	521.1	4	/home/qasim/vgb_bench_data/poses/A3_genconf_detbox/gnina/posebusters/8A2D_KXY.sdf.gz	5887	2026-09-24T18:39:24+08:00
arm	A3_genconf_detbox	gnina	posebusters	8BTI_RFO	20260922	ok		5	-7.9	gnina_cnn:rescore:crossdock_default2018	kcal/mol (empirical score, not a measured free energy)	25.158	67.69	72.633	25.0	8	genconf	/home/qasim/vgb_bench_data/prepared/receptors/posebusters/8BTI_RFO/receptor.pdbqt	55.64	507.3	4	/home/qasim/vgb_bench_data/poses/A3_genconf_detbox/gnina/posebusters/8BTI_RFO.sdf.gz	1875	2026-09-24T18:46:07+08:00
arm	A3_genconf_detbox	gnina	posebusters	8C5M_MTA	20260922	ok		5	-5.55	gnina_cnn:rescore:crossdock_default2018	kcal/mol (empirical score, not a measured free energy)	69.905	-24.919	18.552	25.0	8	genconf	/home/qasim/vgb_bench_data/prepared/receptors/posebusters/8C5M_MTA/receptor.pdbqt	69.72	521.1	4	/home/qasim/vgb_bench_data/poses/A3_genconf_detbox/gnina/posebusters/8C5M_MTA.sdf.gz	2568	2026-09-24T18:46:32+08:00
arm	A3_genconf_detbox	gnina	posebusters	8BOM_QU6	20260922	ok		5	-5.86	gnina_cnn:rescore:crossdock_default2018	kcal/mol (empirical score, not a measured free energy)	-78.736	-1.863	108.239	25.0	8	genconf	/home/qasim/vgb_bench_data/prepared/receptors/posebusters/8BOM_QU6/receptor.pdbqt	218.98	500.3	4	/home/qasim/vgb_bench_data/poses/A3_genconf_detbox/gnina/posebusters/8BOM_QU6.sdf.gz	4053	2026-09-24T18:45:13+08:00
arm	A3_genconf_detbox	gnina	posebusters	8CNH_V6U	20260922	ok		5	-6.78	gnina_cnn:rescore:crossdock_default2018	kcal/mol (empirical score, not a measured free energy)	-30.5	14.964	-7.482	25.0	8	genconf	/home/qasim/vgb_bench_data/prepared/receptors/posebusters/8CNH_V6U/receptor.pdbqt	114.8	507.3	4	/home/qasim/vgb_bench_data/poses/A3_genconf_detbox/gnina/posebusters/8CNH_V6U.sdf.gz	2932	2026-09-24T18:47:02+08:00
arm	A3_genconf_detbox	gnina	posebusters	8C3N_ADP	20260922	ok		5	-5.67	gnina_cnn:rescore:crossdock_default2018	kcal/mol (empirical score, not a measured free energy)	4.35	-22.938	-44.592	25.0	8	genconf	/home/qasim/vgb_bench_data/prepared/receptors/posebusters/8C3N_ADP/receptor.pdbqt	161.91	476.7	4	/home/qasim/vgb_bench_data/poses/A3_genconf_detbox/gnina/posebusters/8C3N_ADP.sdf.gz	3105	2026-09-24T18:46:21+08:00
arm	A3_genconf_detbox	gnina	posebusters	8CSD_C5P	20260922	ok		5	-8.44	gnina_cnn:rescore:crossdock_default2018	kcal/mol (empirical score, not a measured free energy)	12.845	19.064	20.666	25.0	8	genconf	/home/qasim/vgb_bench_data/prepared/receptors/posebusters/8CSD_C5P/receptor.pdbqt	97.29	521.1	4	/home/qasim/vgb_bench_data/poses/A3_genconf_detbox/gnina/posebusters/8CSD_C5P.sdf.gz	2489	2026-09-24T18:47:42+08:00
arm	A3_genconf_detbox	gnina	posebusters	8D39_QDB	20260922	ok		5	-8.64	gnina_cnn:rescore:crossdock_default2018	kcal/mol (empirical score, not a measured free energy)	3.535	1.169	19.568	25.0	8	genconf	/home/qasim/vgb_bench_data/prepared/receptors/posebusters/8D39_QDB/receptor.pdbqt	76.08	507.3	4	/home/qasim/vgb_bench_data/poses/A3_genconf_detbox/gnina/posebusters/8D39_QDB.sdf.gz	2004	2026-09-24T18:48:57+08:00
arm	A3_genconf_detbox	gnina	posebusters	8DKO_TFB	20260922	ok		5	-2.46	gnina_cnn:rescore:crossdock_default2018	kcal/mol (empirical score, not a measured free energy)	34.648	-12.592	20.758	25.0	8	genconf	/home/qasim/vgb_bench_data/prepared/receptors/posebusters/8DKO_TFB/receptor.pdbqt	28.34	507.3	4	/home/qasim/vgb_bench_data/poses/A3_genconf_detbox/gnina/posebusters/8DKO_TFB.sdf.gz	1359	2026-09-24T18:50:13+08:00
arm	A3_genconf_detbox	gnina	posebusters	8D19_GSH	20260922	ok		5	-5.26	gnina_cnn:rescore:crossdock_default2018	kcal/mol (empirical score, not a measured free energy)	9.379	15.904	39.398	25.0	8	genconf	/home/qasim/vgb_bench_data/prepared/receptors/posebusters/8D19_GSH/receptor.pdbqt	143.52	500.3	4	/home/qasim/vgb_bench_data/poses/A3_genconf_detbox/gnina/posebusters/8D19_GSH.sdf.gz	2685	2026-09-24T18:48:52+08:00
arm	A3_genconf_detbox	gnina	posebusters	8DSC_NCA	20260922	ok		5	-6.76	gnina_cnn:rescore:crossdock_default2018	kcal/mol (empirical score, not a measured free energy)	7.712	-9.16	36.287	25.0	8	genconf	/home/qasim/vgb_bench_data/prepared/receptors/posebusters/8DSC_NCA/receptor.pdbqt	36.04	500.3	4	/home/qasim/vgb_bench_data/poses/A3_genconf_detbox/gnina/posebusters/8DSC_NCA.sdf.gz	1236	2026-09-24T18:51:16+08:00
arm	A3_genconf_detbox	gnina	posebusters	8D5D_5DK	20260922	ok		5	-9.42	gnina_cnn:rescore:crossdock_default2018	kcal/mol (empirical score, not a measured free energy)	6.699	-11.207	36.928	25.0	8	genconf	/home/qasim/vgb_bench_data/prepared/receptors/posebusters/8D5D_5DK/receptor.pdbqt	227.88	476.7	4	/home/qasim/vgb_bench_data/poses/A3_genconf_detbox/gnina/posebusters/8D5D_5DK.sdf.gz	3429	2026-09-24T18:49:03+08:00
arm	A3_genconf_detbox	gnina	posebusters	8EX2_Q2Q	20260922	ok		5	-10.33	gnina_cnn:rescore:crossdock_default2018	kcal/mol (empirical score, not a measured free energy)	26.646	5.493	21.325	25.0	8	genconf	/home/qasim/vgb_bench_data/prepared/receptors/posebusters/8EX2_Q2Q/receptor.pdbqt	97.76	476.7	4	/home/qasim/vgb_bench_data/poses/A3_genconf_detbox/gnina/posebusters/8EX2_Q2Q.sdf.gz	2712	2026-09-24T18:52:51+08:00
arm	A3_genconf_detbox	gnina	posebusters	8EXL_799	20260922	failed	gnina: ATOM     21  C   UNL     1      -2.202   1.992  -2.475  1.00  0.00    +0.165 CG0			gnina_cnn:rescore:crossdock_default2018	kcal/mol (empirical score, not a measured free energy)	9.032	14.605	28.177	25.0	8	genconf	/home/qasim/vgb_bench_data/prepared/receptors/posebusters/8EXL_799/receptor.pdbqt	3.64		4			2026-09-24T18:54:28+08:00
arm	A3_genconf_detbox	gnina	posebusters	8DHG_T78	20260922	ok		5	-8.89	gnina_cnn:rescore:crossdock_default2018	kcal/mol (empirical score, not a measured free energy)	33.836	-18.751	19.743	25.0	8	genconf	/home/qasim/vgb_bench_data/prepared/receptors/posebusters/8DHG_T78/receptor.pdbqt	323.77	521.1	4	/home/qasim/vgb_bench_data/poses/A3_genconf_detbox/gnina/posebusters/8DHG_T78.sdf.gz	3718	2026-09-24T18:49:19+08:00
arm	A3_genconf_detbox	gnina	posebusters	8EYE_X4I	20260922	ok		5	-8.51	gnina_cnn:rescore:crossdock_default2018	kcal/mol (empirical score, not a measured free energy)	33.607	-7.862	7.283	25.0	8	genconf	/home/qasim/vgb_bench_data/prepared/receptors/posebusters/8EYE_X4I/receptor.pdbqt	194.06	476.7	4	/home/qasim/vgb_bench_data/poses/A3_genconf_detbox/gnina/posebusters/8EYE_X4I.sdf.gz	3512	2026-09-24T18:54:32+08:00
arm	A3_genconf_detbox	gnina	posebusters	8F8E_XJI	20260922	ok		5	-11.23	gnina_cnn:rescore:crossdock_default2018	kcal/mol (empirical score, not a measured free energy)	-24.766	-23.222	-7.655	25.0	8	genconf	/home/qasim/vgb_bench_data/prepared/receptors/posebusters/8F8E_XJI/receptor.pdbqt	175.05	476.7	4	/home/qasim/vgb_bench_data/poses/A3_genconf_detbox/gnina/posebusters/8F8E_XJI.sdf.gz	3045	2026-09-24T18:57:46+08:00
arm	A3_genconf_detbox	gnina	posebusters	8EAB_VN2	20260922	ok		5	-4.96	gnina_cnn:rescore:crossdock_default2018	kcal/mol (empirical score, not a measured free energy)	25.852	-4.19	37.328	25.0	8	genconf	/home/qasim/vgb_bench_data/prepared/receptors/posebusters/8EAB_VN2/receptor.pdbqt	657.73	500.3	4	/home/qasim/vgb_bench_data/poses/A3_genconf_detbox/gnina/posebusters/8EAB_VN2.sdf.gz	4822	2026-09-24T18:51:52+08:00
arm	A3_genconf_detbox	gnina	posebusters	8FAV_4Y5	20260922	ok		5	-5.72	gnina_cnn:rescore:crossdock_default2018	kcal/mol (empirical score, not a measured free energy)	-10.067	-56.057	-24.807	25.0	8	genconf	/home/qasim/vgb_bench_data/prepared/receptors/posebusters/8FAV_4Y5/receptor.pdbqt	234.5	476.7	4	/home/qasim/vgb_bench_data/poses/A3_genconf_detbox/gnina/posebusters/8FAV_4Y5.sdf.gz	3044	2026-09-24T19:00:41+08:00
arm	A3_genconf_detbox	gnina	posebusters	8FLV_ZB9	20260922	ok		5	-8.75	gnina_cnn:rescore:crossdock_default2018	kcal/mol (empirical score, not a measured free energy)	-16.041	6.689	-9.236	25.0	8	genconf	/home/qasim/vgb_bench_data/prepared/receptors/posebusters/8FLV_ZB9/receptor.pdbqt	193.28	500.3	4	/home/qasim/vgb_bench_data/poses/A3_genconf_detbox/gnina/posebusters/8FLV_ZB9.sdf.gz	3550	2026-09-24T19:02:50+08:00
arm	A3_genconf_detbox	gnina	posebusters	8FO5_Y4U	20260922	ok		5	-9.37	gnina_cnn:rescore:crossdock_default2018	kcal/mol (empirical score, not a measured free energy)	23.248	-4.339	-23.182	25.0	8	genconf	/home/qasim/vgb_bench_data/prepared/receptors/posebusters/8FO5_Y4U/receptor.pdbqt	89.42	476.7	4	/home/qasim/vgb_bench_data/poses/A3_genconf_detbox/gnina/posebusters/8FO5_Y4U.sdf.gz	2045	2026-09-24T19:04:36+08:00
arm	A3_genconf_detbox	gnina	posebusters	8G6P_API	20260922	ok		5	-5.45	gnina_cnn:rescore:crossdock_default2018	kcal/mol (empirical score, not a measured free energy)	-22.05	14.914	-14.122	25.0	8	genconf	/home/qasim/vgb_bench_data/prepared/receptors/posebusters/8G6P_API/receptor.pdbqt	88.71	476.7	4	/home/qasim/vgb_bench_data/poses/A3_genconf_detbox/gnina/posebusters/8G6P_API.sdf.gz	2001	2026-09-24T19:06:05+08:00
arm	A3_genconf_detbox	gnina	posebusters	8DP2_UMA	20260922	ok		5	-7.54	gnina_cnn:rescore:crossdock_default2018	kcal/mol (empirical score, not a measured free energy)	54.949	13.907	16.427	25.0	8	genconf	/home/qasim/vgb_bench_data/prepared/receptors/posebusters/8DP2_UMA/receptor.pdbqt	1082.03	507.3	4	/home/qasim/vgb_bench_data/poses/A3_genconf_detbox/gnina/posebusters/8DP2_UMA.sdf.gz	5652	2026-09-24T18:50:42+08:00
arm	A3_genconf_detbox	gnina	posebusters	8G0V_YHT	20260922	ok		5	-6.79	gnina_cnn:rescore:crossdock_default2018	kcal/mol (empirical score, not a measured free energy)	-8.54	-1.725	-1.23	25.0	8	genconf	/home/qasim/vgb_bench_data/prepared/receptors/posebusters/8G0V_YHT/receptor.pdbqt	258.11	502.2	4	/home/qasim/vgb_bench_data/poses/A3_genconf_detbox/gnina/posebusters/8G0V_YHT.sdf.gz	3015	2026-09-24T19:06:03+08:00
arm	A3_genconf_detbox	gnina	posebusters	8GFD_ZHR	20260922	ok		5	-7.94	gnina_cnn:rescore:crossdock_default2018	kcal/mol (empirical score, not a measured free energy)	-44.179	-60.438	-9.002	25.0	8	genconf	/home/qasim/vgb_bench_data/prepared/receptors/posebusters/8GFD_ZHR/receptor.pdbqt	270.73	476.7	4	/home/qasim/vgb_bench_data/poses/A3_genconf_detbox/gnina/posebusters/8GFD_ZHR.sdf.gz	3492	2026-09-24T19:07:34+08:00
arm	A3_genconf_detbox	gnina	posebusters	8HO0_3ZI	20260922	ok		5	-5.67	gnina_cnn:rescore:crossdock_default2018	kcal/mol (empirical score, not a measured free energy)	-10.823	23.737	-4.247	25.0	8	genconf	/home/qasim/vgb_bench_data/prepared/receptors/posebusters/8HO0_3ZI/receptor.pdbqt	180.2	502.2	4	/home/qasim/vgb_bench_data/poses/A3_genconf_detbox/gnina/posebusters/8HO0_3ZI.sdf.gz	2849	2026-09-24T19:10:21+08:00
arm	A3_genconf_detbox	gnina	posebusters	8HFN_XGC	20260922	ok		5	-6.8	gnina_cnn:rescore:crossdock_default2018	kcal/mol (empirical score, not a measured free energy)	59.56	0.382	-7.312	25.0	8	genconf	/home/qasim/vgb_bench_data/prepared/receptors/posebusters/8HFN_XGC/receptor.pdbqt	295.27	507.3	4	/home/qasim/vgb_bench_data/poses/A3_genconf_detbox/gnina/posebusters/8HFN_XGC.sdf.gz	2931	2026-09-24T19:08:44+08:00
arm	A3_genconf_detbox	gnina	posebusters	8SLG_G5A	20260922	ok		5	-5.75	gnina_cnn:rescore:crossdock_default2018	kcal/mol (empirical score, not a measured free energy)	-17.725	59.623	-1.42	25.0	8	genconf	/home/qasim/vgb_bench_data/prepared/receptors/posebusters/8SLG_G5A/receptor.pdbqt	239.2	476.7	4	/home/qasim/vgb_bench_data/poses/A3_genconf_detbox/gnina/posebusters/8SLG_G5A.sdf.gz	3237	2026-09-24T19:12:04+08:00
arm	A3_genconf_detbox	gnina	posebusters	8F4J_PHO	20260922	ok		5	24.42	gnina_cnn:rescore:crossdock_default2018	kcal/mol (empirical score, not a measured free energy)	-48.712	42.826	333.776	25.0	8	genconf	/home/qasim/vgb_bench_data/prepared/receptors/posebusters/8F4J_PHO/receptor.pdbqt	1810.75	546.5	4	/home/qasim/vgb_bench_data/poses/A3_genconf_detbox/gnina/posebusters/8F4J_PHO.sdf.gz	9297	2026-09-24T18:54:43+08:00
