run_kind	arm	method	dataset	key	seed	status	reason	n_poses	top_score	score_function	score_units	box_center_x	box_center_y	box_center_z	box_size	exhaustiveness	conformer_source	receptor	elapsed_s	peak_rss_mb	jobs	pose_archive	pose_archive_bytes	recorded
arm	A3_genconf_detbox	vinardo	posebusters	5SAK_ZRY	20260922	ok		5	-9.4	vinardo	kcal/mol (empirical score, not a measured free energy)	23.112	4.138	56.26	25.0	8	genconf	/home/qasim/vgb_bench_data/prepared/receptors/posebusters/5SAK_ZRY/receptor.pdbqt	25.13	65.1	5	/home/qasim/vgb_bench_data/poses/A3_genconf_detbox/vinardo/posebusters/5SAK_ZRY.sdf.gz	2200	2026-09-24T14:56:16+08:00
arm	A3_genconf_detbox	vinardo	posebusters	6M2B_EZO	20260922	ok		5	-9.5	vinardo	kcal/mol (empirical score, not a measured free energy)	31.987	-20.751	19.54	25.0	8	genconf	/home/qasim/vgb_bench_data/prepared/receptors/posebusters/6M2B_EZO/receptor.pdbqt	68.23	73.4	5	/home/qasim/vgb_bench_data/poses/A3_genconf_detbox/vinardo/posebusters/6M2B_EZO.sdf.gz	2781	2026-09-24T14:56:16+08:00
arm	A3_genconf_detbox	vinardo	posebusters	6T88_MWQ	20260922	ok		5	-4.4	vinardo	kcal/mol (empirical score, not a measured free energy)	0.161	-30.86	-12.163	25.0	8	genconf	/home/qasim/vgb_bench_data/prepared/receptors/posebusters/6T88_MWQ/receptor.pdbqt	11.12	182.1	5	/home/qasim/vgb_bench_data/poses/A3_genconf_detbox/vinardo/posebusters/6T88_MWQ.sdf.gz	1487	2026-09-24T14:57:25+08:00
arm	A3_genconf_detbox	vinardo	posebusters	5SB2_1K2	20260922	ok		3	-13.7	vinardo	kcal/mol (empirical score, not a measured free energy)	-20.734	0.85	0.395	25.0	8	genconf	/home/qasim/vgb_bench_data/prepared/receptors/posebusters/5SB2_1K2/receptor.pdbqt	94.48	70.0	5	/home/qasim/vgb_bench_data/poses/A3_genconf_detbox/vinardo/posebusters/5SB2_1K2.sdf.gz	2290	2026-09-24T14:56:16+08:00
arm	A3_genconf_detbox	vinardo	posebusters	6M73_FNR	20260922	ok		2	-13.8	vinardo	kcal/mol (empirical score, not a measured free energy)	25.78	10.868	37.383	25.0	8	genconf	/home/qasim/vgb_bench_data/prepared/receptors/posebusters/6M73_FNR/receptor.pdbqt	110.98	182.1	5	/home/qasim/vgb_bench_data/poses/A3_genconf_detbox/vinardo/posebusters/6M73_FNR.sdf.gz	1752	2026-09-24T14:56:42+08:00
arm	A3_genconf_detbox	vinardo	posebusters	5SIS_JSM	20260922	ok		5	-8.8	vinardo	kcal/mol (empirical score, not a measured free energy)	33.655	105.873	62.69	25.0	8	genconf	/home/qasim/vgb_bench_data/prepared/receptors/posebusters/5SIS_JSM/receptor.pdbqt	139.59	73.0	5	/home/qasim/vgb_bench_data/poses/A3_genconf_detbox/vinardo/posebusters/5SIS_JSM.sdf.gz	3985	2026-09-24T14:56:16+08:00
arm	A3_genconf_detbox	vinardo	posebusters	6WTN_RXT	20260922	ok		5	-6.4	vinardo	kcal/mol (empirical score, not a measured free energy)	33.94	16.991	1.654	25.0	8	genconf	/home/qasim/vgb_bench_data/prepared/receptors/posebusters/6WTN_RXT/receptor.pdbqt	39.46	182.0	5	/home/qasim/vgb_bench_data/poses/A3_genconf_detbox/vinardo/posebusters/6WTN_RXT.sdf.gz	2982	2026-09-24T14:58:36+08:00
arm	A3_genconf_detbox	vinardo	posebusters	5SD5_HWI	20260922	ok		5	-10.1	vinardo	kcal/mol (empirical score, not a measured free energy)	15.561	-2.809	13.331	25.0	8	genconf	/home/qasim/vgb_bench_data/prepared/receptors/posebusters/5SD5_HWI/receptor.pdbqt	183.66	70.9	5	/home/qasim/vgb_bench_data/poses/A3_genconf_detbox/vinardo/posebusters/5SD5_HWI.sdf.gz	3919	2026-09-24T14:56:16+08:00
arm	A3_genconf_detbox	vinardo	posebusters	6TW5_9M2	20260922	ok		5	-7.0	vinardo	kcal/mol (empirical score, not a measured free energy)	22.199	23.531	53.329	25.0	8	genconf	/home/qasim/vgb_bench_data/prepared/receptors/posebusters/6TW5_9M2/receptor.pdbqt	135.13	182.1	5	/home/qasim/vgb_bench_data/poses/A3_genconf_detbox/vinardo/posebusters/6TW5_9M2.sdf.gz	4144	2026-09-24T14:57:36+08:00
arm	A3_genconf_detbox	vinardo	posebusters	6XBO_5MC	20260922	ok		5	-8.4	vinardo	kcal/mol (empirical score, not a measured free energy)	16.385	-16.019	10.818	25.0	8	genconf	/home/qasim/vgb_bench_data/prepared/receptors/posebusters/6XBO_5MC/receptor.pdbqt	36.36	182.3	5	/home/qasim/vgb_bench_data/poses/A3_genconf_detbox/vinardo/posebusters/6XBO_5MC.sdf.gz	2760	2026-09-24T14:59:15+08:00
arm	A3_genconf_detbox	vinardo	posebusters	6TW7_NZB	20260922	ok		5	-8.0	vinardo	kcal/mol (empirical score, not a measured free energy)	5.118	37.427	52.062	25.0	8	genconf	/home/qasim/vgb_bench_data/prepared/receptors/posebusters/6TW7_NZB/receptor.pdbqt	149.99	182.3	5	/home/qasim/vgb_bench_data/poses/A3_genconf_detbox/vinardo/posebusters/6TW7_NZB.sdf.gz	3684	2026-09-24T14:57:51+08:00
arm	A3_genconf_detbox	vinardo	posebusters	6XG5_TOP	20260922	ok		5	-5.7	vinardo	kcal/mol (empirical score, not a measured free energy)	-22.775	24.325	5.632	25.0	8	genconf	/home/qasim/vgb_bench_data/prepared/receptors/posebusters/6XG5_TOP/receptor.pdbqt	31.68	182.3	5	/home/qasim/vgb_bench_data/poses/A3_genconf_detbox/vinardo/posebusters/6XG5_TOP.sdf.gz	2716	2026-09-24T14:59:51+08:00
arm	A3_genconf_detbox	vinardo	posebusters	6YJA_2BA	20260922	failed	vinardo: ATOM     26  C   UNL     1      -1.389   2.322  -0.859  1.00  0.00    +0.208 CG0			vinardo	kcal/mol (empirical score, not a measured free energy)	15.05	-11.848	35.02	25.0	8	genconf	/home/qasim/vgb_bench_data/prepared/receptors/posebusters/6YJA_2BA/receptor.pdbqt	0.13		5			2026-09-24T15:00:23+08:00
arm	A3_genconf_detbox	vinardo	posebusters	6XM9_V55	20260922	ok		5	-5.4	vinardo	kcal/mol (empirical score, not a measured free energy)	15.798	23.342	41.569	25.0	8	genconf	/home/qasim/vgb_bench_data/prepared/receptors/posebusters/6XM9_V55/receptor.pdbqt	8.82	182.3	5	/home/qasim/vgb_bench_data/poses/A3_genconf_detbox/vinardo/posebusters/6XM9_V55.sdf.gz	1478	2026-09-24T15:00:21+08:00
arm	A3_genconf_detbox	vinardo	posebusters	6YQV_8K2	20260922	ok		5	-4.8	vinardo	kcal/mol (empirical score, not a measured free energy)	2.752	-12.447	30.5	25.0	8	genconf	/home/qasim/vgb_bench_data/prepared/receptors/posebusters/6YQV_8K2/receptor.pdbqt	6.46	182.3	5	/home/qasim/vgb_bench_data/poses/A3_genconf_detbox/vinardo/posebusters/6YQV_8K2.sdf.gz	1209	2026-09-24T15:00:30+08:00
arm	A3_genconf_detbox	vinardo	posebusters	6YQW_82I	20260922	ok		5	-4.6	vinardo	kcal/mol (empirical score, not a measured free energy)	0.585	12.909	11.068	25.0	8	genconf	/home/qasim/vgb_bench_data/prepared/receptors/posebusters/6YQW_82I/receptor.pdbqt	6.88	182.3	5	/home/qasim/vgb_bench_data/poses/A3_genconf_detbox/vinardo/posebusters/6YQW_82I.sdf.gz	1481	2026-09-24T15:00:36+08:00
arm	A3_genconf_detbox	vinardo	posebusters	6XCT_478	20260922	ok		5	-6.7	vinardo	kcal/mol (empirical score, not a measured free energy)	10.744	6.507	13.239	25.0	8	genconf	/home/qasim/vgb_bench_data/prepared/receptors/posebusters/6XCT_478/receptor.pdbqt	174.86	182.0	5	/home/qasim/vgb_bench_data/poses/A3_genconf_detbox/vinardo/posebusters/6XCT_478.sdf.gz	4829	2026-09-24T14:59:20+08:00
arm	A3_genconf_detbox	vinardo	posebusters	6VTA_AKN	20260922	ok		5	-6.8	vinardo	kcal/mol (empirical score, not a measured free energy)	99.974	12.932	42.699	25.0	8	genconf	/home/qasim/vgb_bench_data/prepared/receptors/posebusters/6VTA_AKN/receptor.pdbqt	269.58	182.4	5	/home/qasim/vgb_bench_data/poses/A3_genconf_detbox/vinardo/posebusters/6VTA_AKN.sdf.gz	5828	2026-09-24T14:58:33+08:00
arm	A3_genconf_detbox	vinardo	posebusters	6YRV_PJ8	20260922	ok		3	-10.6	vinardo	kcal/mol (empirical score, not a measured free energy)	23.507	51.942	20.078	25.0	8	genconf	/home/qasim/vgb_bench_data/prepared/receptors/posebusters/6YRV_PJ8/receptor.pdbqt	55.1	182.2	5	/home/qasim/vgb_bench_data/poses/A3_genconf_detbox/vinardo/posebusters/6YRV_PJ8.sdf.gz	2371	2026-09-24T15:02:15+08:00
arm	A3_genconf_detbox	vinardo	posebusters	6YSP_PAL	20260922	ok		5	-6.7	vinardo	kcal/mol (empirical score, not a measured free energy)	3.901	28.481	-40.352	25.0	8	genconf	/home/qasim/vgb_bench_data/prepared/receptors/posebusters/6YSP_PAL/receptor.pdbqt	27.69	182.5	5	/home/qasim/vgb_bench_data/poses/A3_genconf_detbox/vinardo/posebusters/6YSP_PAL.sdf.gz	1937	2026-09-24T15:03:02+08:00
arm	A3_genconf_detbox	vinardo	posebusters	6XHT_V2V	20260922	ok		5	-9.0	vinardo	kcal/mol (empirical score, not a measured free energy)	13.724	-32.811	21.19	25.0	8	genconf	/home/qasim/vgb_bench_data/prepared/receptors/posebusters/6XHT_V2V/receptor.pdbqt	230.37	182.3	5	/home/qasim/vgb_bench_data/poses/A3_genconf_detbox/vinardo/posebusters/6XHT_V2V.sdf.gz	4135	2026-09-24T14:59:52+08:00
arm	A3_genconf_detbox	vinardo	posebusters	6YYO_Q1K	20260922	ok		5	-4.8	vinardo	kcal/mol (empirical score, not a measured free energy)	23.365	-0.563	15.61	25.0	8	genconf	/home/qasim/vgb_bench_data/prepared/receptors/posebusters/6YYO_Q1K/receptor.pdbqt	17.16	182.5	5	/home/qasim/vgb_bench_data/poses/A3_genconf_detbox/vinardo/posebusters/6YYO_Q1K.sdf.gz	2491	2026-09-24T15:03:30+08:00
arm	A3_genconf_detbox	vinardo	posebusters	6Z0R_Q4H	20260922	ok		5	-4.5	vinardo	kcal/mol (empirical score, not a measured free energy)	25.545	-9.027	66.3	25.0	8	genconf	/home/qasim/vgb_bench_data/prepared/receptors/posebusters/6Z0R_Q4H/receptor.pdbqt	5.8	182.3	5	/home/qasim/vgb_bench_data/poses/A3_genconf_detbox/vinardo/posebusters/6Z0R_Q4H.sdf.gz	1099	2026-09-24T15:03:42+08:00
arm	A3_genconf_detbox	vinardo	posebusters	6YMS_OZH	20260922	ok		5	-8.0	vinardo	kcal/mol (empirical score, not a measured free energy)	47.014	45.697	-21.547	25.0	8	genconf	/home/qasim/vgb_bench_data/prepared/receptors/posebusters/6YMS_OZH/receptor.pdbqt	207.46	182.3	5	/home/qasim/vgb_bench_data/poses/A3_genconf_detbox/vinardo/posebusters/6YMS_OZH.sdf.gz	4609	2026-09-24T15:00:23+08:00
arm	A3_genconf_detbox	vinardo	posebusters	6YR2_T1C	20260922	ok		5	-6.0	vinardo	kcal/mol (empirical score, not a measured free energy)	65.007	17.634	12.398	25.0	8	genconf	/home/qasim/vgb_bench_data/prepared/receptors/posebusters/6YR2_T1C/receptor.pdbqt	193.6	182.3	5	/home/qasim/vgb_bench_data/poses/A3_genconf_detbox/vinardo/posebusters/6YR2_T1C.sdf.gz	5528	2026-09-24T15:00:43+08:00
arm	A3_genconf_detbox	vinardo	posebusters	6Z14_Q4Z	20260922	ok		5	-7.6	vinardo	kcal/mol (empirical score, not a measured free energy)	16.622	5.766	7.464	25.0	8	genconf	/home/qasim/vgb_bench_data/prepared/receptors/posebusters/6Z14_Q4Z/receptor.pdbqt	23.54	182.5	5	/home/qasim/vgb_bench_data/poses/A3_genconf_detbox/vinardo/posebusters/6Z14_Q4Z.sdf.gz	2228	2026-09-24T15:03:47+08:00
arm	A3_genconf_detbox	vinardo	posebusters	6Z4N_Q7B	20260922	ok		5	-7.7	vinardo	kcal/mol (empirical score, not a measured free energy)	29.378	12.733	60.561	25.0	8	genconf	/home/qasim/vgb_bench_data/prepared/receptors/posebusters/6Z4N_Q7B/receptor.pdbqt	36.39	182.3	5	/home/qasim/vgb_bench_data/poses/A3_genconf_detbox/vinardo/posebusters/6Z4N_Q7B.sdf.gz	2758	2026-09-24T15:03:57+08:00
arm	A3_genconf_detbox	vinardo	posebusters	6Z1C_7EY	20260922	ok		5	-6.0	vinardo	kcal/mol (empirical score, not a measured free energy)	32.508	-13.366	-0.724	25.0	8	genconf	/home/qasim/vgb_bench_data/prepared/receptors/posebusters/6Z1C_7EY/receptor.pdbqt	46.25	182.3	5	/home/qasim/vgb_bench_data/poses/A3_genconf_detbox/vinardo/posebusters/6Z1C_7EY.sdf.gz	2577	2026-09-24T15:03:48+08:00
arm	A3_genconf_detbox	vinardo	posebusters	6Z2C_Q5E	20260922	ok		5	-8.7	vinardo	kcal/mol (empirical score, not a measured free energy)	-6.846	6.833	28.958	25.0	8	genconf	/home/qasim/vgb_bench_data/prepared/receptors/posebusters/6Z2C_Q5E/receptor.pdbqt	52.9	182.4	5	/home/qasim/vgb_bench_data/poses/A3_genconf_detbox/vinardo/posebusters/6Z2C_Q5E.sdf.gz	2782	2026-09-24T15:03:50+08:00
arm	A3_genconf_detbox	vinardo	posebusters	6ZC3_JOR	20260922	ok		5	-6.0	vinardo	kcal/mol (empirical score, not a measured free energy)	-8.391	24.209	12.76	25.0	8	genconf	/home/qasim/vgb_bench_data/prepared/receptors/posebusters/6ZC3_JOR/receptor.pdbqt	16.55	182.3	5	/home/qasim/vgb_bench_data/poses/A3_genconf_detbox/vinardo/posebusters/6ZC3_JOR.sdf.gz	1731	2026-09-24T15:04:33+08:00
arm	A3_genconf_detbox	vinardo	posebusters	6YT6_PKE	20260922	ok		5	-6.1	vinardo	kcal/mol (empirical score, not a measured free energy)	6.207	25.319	0.906	25.0	8	genconf	/home/qasim/vgb_bench_data/prepared/receptors/posebusters/6YT6_PKE/receptor.pdbqt	118.05	182.2	5	/home/qasim/vgb_bench_data/poses/A3_genconf_detbox/vinardo/posebusters/6YT6_PKE.sdf.gz	3688	2026-09-24T15:03:10+08:00
arm	A3_genconf_detbox	vinardo	posebusters	6ZK5_IMH	20260922	ok		5	-6.1	vinardo	kcal/mol (empirical score, not a measured free energy)	1.059	0.395	-9.058	25.0	8	genconf	/home/qasim/vgb_bench_data/prepared/receptors/posebusters/6ZK5_IMH/receptor.pdbqt	26.38	182.4	5	/home/qasim/vgb_bench_data/poses/A3_genconf_detbox/vinardo/posebusters/6ZK5_IMH.sdf.gz	2384	2026-09-24T15:04:43+08:00
arm	A3_genconf_detbox	vinardo	posebusters	6ZPB_3D1	20260922	ok		5	-7.4	vinardo	kcal/mol (empirical score, not a measured free energy)	-4.204	23.767	-8.502	25.0	8	genconf	/home/qasim/vgb_bench_data/prepared/receptors/posebusters/6ZPB_3D1/receptor.pdbqt	22.83	182.3	5	/home/qasim/vgb_bench_data/poses/A3_genconf_detbox/vinardo/posebusters/6ZPB_3D1.sdf.gz	2266	2026-09-24T15:04:50+08:00
arm	A3_genconf_detbox	vinardo	posebusters	7A9E_R4W	20260922	ok		5	-3.1	vinardo	kcal/mol (empirical score, not a measured free energy)	19.845	28.215	-6.04	25.0	8	genconf	/home/qasim/vgb_bench_data/prepared/receptors/posebusters/7A9E_R4W/receptor.pdbqt	4.58	182.4	5	/home/qasim/vgb_bench_data/poses/A3_genconf_detbox/vinardo/posebusters/7A9E_R4W.sdf.gz	1170	2026-09-24T15:05:09+08:00
arm	A3_genconf_detbox	vinardo	posebusters	7A1P_QW2	20260922	ok		5	-7.0	vinardo	kcal/mol (empirical score, not a measured free energy)	19.508	-25.524	4.663	25.0	8	genconf	/home/qasim/vgb_bench_data/prepared/receptors/posebusters/7A1P_QW2/receptor.pdbqt	24.79	182.2	5	/home/qasim/vgb_bench_data/poses/A3_genconf_detbox/vinardo/posebusters/7A1P_QW2.sdf.gz	1888	2026-09-24T15:05:08+08:00
arm	A3_genconf_detbox	vinardo	posebusters	7AFX_R9K	20260922	ok		5	-5.9	vinardo	kcal/mol (empirical score, not a measured free energy)	-39.296	11.366	95.078	25.0	8	genconf	/home/qasim/vgb_bench_data/prepared/receptors/posebusters/7AFX_R9K/receptor.pdbqt	18.87	182.4	5	/home/qasim/vgb_bench_data/poses/A3_genconf_detbox/vinardo/posebusters/7AFX_R9K.sdf.gz	2320	2026-09-24T15:05:14+08:00
arm	A3_genconf_detbox	vinardo	posebusters	6ZAE_ACV	20260922	ok		5	-7.5	vinardo	kcal/mol (empirical score, not a measured free energy)	55.455	77.612	9.685	25.0	8	genconf	/home/qasim/vgb_bench_data/prepared/receptors/posebusters/6ZAE_ACV/receptor.pdbqt	89.02	182.5	5	/home/qasim/vgb_bench_data/poses/A3_genconf_detbox/vinardo/posebusters/6ZAE_ACV.sdf.gz	3489	2026-09-24T15:04:10+08:00
arm	A3_genconf_detbox	vinardo	posebusters	7B2C_TP7	20260922	failed	vinardo: ATOM      1  XE  XE  A1208     -15.408  10.179  53.240  1.00  0.00    +0.000 Xe			vinardo	kcal/mol (empirical score, not a measured free energy)	-14.859	-14.44	8.308	25.0	8	genconf	/home/qasim/vgb_bench_data/prepared/receptors/posebusters/7B2C_TP7/receptor.pdbqt	0.05		5			2026-09-24T15:05:40+08:00
arm	A3_genconf_detbox	vinardo	posebusters	7AKL_RK5	20260922	ok		5	-7.0	vinardo	kcal/mol (empirical score, not a measured free energy)	21.014	12.125	8.028	25.0	8	genconf	/home/qasim/vgb_bench_data/prepared/receptors/posebusters/7AKL_RK5/receptor.pdbqt	22.45	182.2	5	/home/qasim/vgb_bench_data/poses/A3_genconf_detbox/vinardo/posebusters/7AKL_RK5.sdf.gz	2397	2026-09-24T15:05:33+08:00
arm	A3_genconf_detbox	vinardo	posebusters	7AN5_RDH	20260922	ok		5	-8.2	vinardo	kcal/mol (empirical score, not a measured free energy)	5.374	-18.276	27.068	25.0	8	genconf	/home/qasim/vgb_bench_data/prepared/receptors/posebusters/7AN5_RDH/receptor.pdbqt	27.29	182.4	5	/home/qasim/vgb_bench_data/poses/A3_genconf_detbox/vinardo/posebusters/7AN5_RDH.sdf.gz	1728	2026-09-24T15:05:33+08:00
arm	A3_genconf_detbox	vinardo	posebusters	7BJJ_TVW	20260922	ok		5	-4.3	vinardo	kcal/mol (empirical score, not a measured free energy)	12.173	8.96	-3.458	25.0	8	genconf	/home/qasim/vgb_bench_data/prepared/receptors/posebusters/7BJJ_TVW/receptor.pdbqt	5.69	182.4	5	/home/qasim/vgb_bench_data/poses/A3_genconf_detbox/vinardo/posebusters/7BJJ_TVW.sdf.gz	1223	2026-09-24T15:06:00+08:00
arm	A3_genconf_detbox	vinardo	posebusters	7BCP_GCO	20260922	ok		5	-5.7	vinardo	kcal/mol (empirical score, not a measured free energy)	-23.492	-5.852	-16.477	25.0	8	genconf	/home/qasim/vgb_bench_data/prepared/receptors/posebusters/7BCP_GCO/receptor.pdbqt	21.93	182.2	5	/home/qasim/vgb_bench_data/poses/A3_genconf_detbox/vinardo/posebusters/7BCP_GCO.sdf.gz	1843	2026-09-24T15:05:55+08:00
arm	A3_genconf_detbox	vinardo	posebusters	7BKA_4JC	20260922	ok		5	-7.2	vinardo	kcal/mol (empirical score, not a measured free energy)	20.363	9.914	26.91	25.0	8	genconf	/home/qasim/vgb_bench_data/prepared/receptors/posebusters/7BKA_4JC/receptor.pdbqt	12.79	182.4	5	/home/qasim/vgb_bench_data/poses/A3_genconf_detbox/vinardo/posebusters/7BKA_4JC.sdf.gz	1765	2026-09-24T15:06:06+08:00
arm	A3_genconf_detbox	vinardo	posebusters	7BNH_BEZ	20260922	ok		5	-5.2	vinardo	kcal/mol (empirical score, not a measured free energy)	-8.997	2.072	10.312	25.0	8	genconf	/home/qasim/vgb_bench_data/prepared/receptors/posebusters/7BNH_BEZ/receptor.pdbqt	6.49	182.4	5	/home/qasim/vgb_bench_data/poses/A3_genconf_detbox/vinardo/posebusters/7BNH_BEZ.sdf.gz	1195	2026-09-24T15:06:19+08:00
arm	A3_genconf_detbox	vinardo	posebusters	7BMI_U4B	20260922	ok		5	-5.3	vinardo	kcal/mol (empirical score, not a measured free energy)	61.936	31.217	51.286	25.0	8	genconf	/home/qasim/vgb_bench_data/prepared/receptors/posebusters/7BMI_U4B/receptor.pdbqt	11.29	182.2	5	/home/qasim/vgb_bench_data/poses/A3_genconf_detbox/vinardo/posebusters/7BMI_U4B.sdf.gz	1369	2026-09-24T15:06:17+08:00
arm	A3_genconf_detbox	vinardo	posebusters	6ZCY_QF8	20260922	ok		5	-8.2	vinardo	kcal/mol (empirical score, not a measured free energy)	-2.363	29.609	16.727	25.0	8	genconf	/home/qasim/vgb_bench_data/prepared/receptors/posebusters/6ZCY_QF8/receptor.pdbqt	119.85	182.3	5	/home/qasim/vgb_bench_data/poses/A3_genconf_detbox/vinardo/posebusters/6ZCY_QF8.sdf.gz	4110	2026-09-24T15:04:34+08:00
arm	A3_genconf_detbox	vinardo	posebusters	7C3U_AZG	20260922	ok		5	-7.1	vinardo	kcal/mol (empirical score, not a measured free energy)	20.701	33.299	45.843	25.0	8	genconf	/home/qasim/vgb_bench_data/prepared/receptors/posebusters/7C3U_AZG/receptor.pdbqt	6.48	182.3	5	/home/qasim/vgb_bench_data/poses/A3_genconf_detbox/vinardo/posebusters/7C3U_AZG.sdf.gz	1169	2026-09-24T15:06:34+08:00
arm	A3_genconf_detbox	vinardo	posebusters	7C8Q_DSG	20260922	ok		5	-4.8	vinardo	kcal/mol (empirical score, not a measured free energy)	-27.216	24.41	18.636	25.0	8	genconf	/home/qasim/vgb_bench_data/prepared/receptors/posebusters/7C8Q_DSG/receptor.pdbqt	9.37	182.3	5	/home/qasim/vgb_bench_data/poses/A3_genconf_detbox/vinardo/posebusters/7C8Q_DSG.sdf.gz	1356	2026-09-24T15:06:41+08:00
arm	A3_genconf_detbox	vinardo	posebusters	7A9H_TPP	20260922	ok		5	-9.6	vinardo	kcal/mol (empirical score, not a measured free energy)	1.871	9.008	-19.628	25.0	8	genconf	/home/qasim/vgb_bench_data/prepared/receptors/posebusters/7A9H_TPP/receptor.pdbqt	102.81	182.3	5	/home/qasim/vgb_bench_data/poses/A3_genconf_detbox/vinardo/posebusters/7A9H_TPP.sdf.gz	3133	2026-09-24T15:05:12+08:00
arm	A3_genconf_detbox	vinardo	posebusters	7CIJ_G0C	20260922	ok		5	-9.2	vinardo	kcal/mol (empirical score, not a measured free energy)	27.226	14.1	47.597	25.0	8	genconf	/home/qasim/vgb_bench_data/prepared/receptors/posebusters/7CIJ_G0C/receptor.pdbqt	52.43	182.3	5	/home/qasim/vgb_bench_data/poses/A3_genconf_detbox/vinardo/posebusters/7CIJ_G0C.sdf.gz	2859	2026-09-24T15:06:55+08:00
arm	A3_genconf_detbox	vinardo	posebusters	7CL8_TES	20260922	ok		5	-7.9	vinardo	kcal/mol (empirical score, not a measured free energy)	20.294	-5.716	-24.912	25.0	8	genconf	/home/qasim/vgb_bench_data/prepared/receptors/posebusters/7CL8_TES/receptor.pdbqt	15.31	182.3	5	/home/qasim/vgb_bench_data/poses/A3_genconf_detbox/vinardo/posebusters/7CL8_TES.sdf.gz	3474	2026-09-24T15:07:48+08:00
arm	A3_genconf_detbox	vinardo	posebusters	7CNQ_G8X	20260922	ok		5	-4.2	vinardo	kcal/mol (empirical score, not a measured free energy)	-21.915	52.294	49.515	25.0	8	genconf	/home/qasim/vgb_bench_data/prepared/receptors/posebusters/7CNQ_G8X/receptor.pdbqt	6.96	182.3	5	/home/qasim/vgb_bench_data/poses/A3_genconf_detbox/vinardo/posebusters/7CNQ_G8X.sdf.gz	1456	2026-09-24T15:08:03+08:00
arm	A3_genconf_detbox	vinardo	posebusters	7B94_ANP	20260922	ok		5	-11.1	vinardo	kcal/mol (empirical score, not a measured free energy)	-26.788	5.749	-5.979	25.0	8	genconf	/home/qasim/vgb_bench_data/prepared/receptors/posebusters/7B94_ANP/receptor.pdbqt	154.53	182.5	5	/home/qasim/vgb_bench_data/poses/A3_genconf_detbox/vinardo/posebusters/7B94_ANP.sdf.gz	3401	2026-09-24T15:05:40+08:00
arm	A3_genconf_detbox	vinardo	posebusters	7CTM_BDP	20260922	ok		5	-6.3	vinardo	kcal/mol (empirical score, not a measured free energy)	9.51	-5.191	100.136	25.0	8	genconf	/home/qasim/vgb_bench_data/prepared/receptors/posebusters/7CTM_BDP/receptor.pdbqt	12.86	182.5	5	/home/qasim/vgb_bench_data/poses/A3_genconf_detbox/vinardo/posebusters/7CTM_BDP.sdf.gz	1805	2026-09-24T15:08:14+08:00
arm	A3_genconf_detbox	vinardo	posebusters	7CD9_FVR	20260922	ok		5	-10.3	vinardo	kcal/mol (empirical score, not a measured free energy)	4.973	18.315	14.924	25.0	8	genconf	/home/qasim/vgb_bench_data/prepared/receptors/posebusters/7CD9_FVR/receptor.pdbqt	97.12	182.3	5	/home/qasim/vgb_bench_data/poses/A3_genconf_detbox/vinardo/posebusters/7CD9_FVR.sdf.gz	4227	2026-09-24T15:06:50+08:00
arm	A3_genconf_detbox	vinardo	posebusters	7CUO_PHB	20260922	ok		5	-6.8	vinardo	kcal/mol (empirical score, not a measured free energy)	21.924	15.097	62.522	25.0	8	genconf	/home/qasim/vgb_bench_data/prepared/receptors/posebusters/7CUO_PHB/receptor.pdbqt	8.19	182.5	5	/home/qasim/vgb_bench_data/poses/A3_genconf_detbox/vinardo/posebusters/7CUO_PHB.sdf.gz	1261	2026-09-24T15:08:27+08:00
arm	A3_genconf_detbox	vinardo	posebusters	7D6O_MTE	20260922	failed	vinardo: ATOM      1  MO  MOS A1404      65.162  25.480  32.582  1.00  0.00    +0.000 Mo			vinardo	kcal/mol (empirical score, not a measured free energy)	67.516	-23.132	45.574	25.0	8	genconf	/home/qasim/vgb_bench_data/prepared/receptors/posebusters/7D6O_MTE/receptor.pdbqt	0.06		5			2026-09-24T15:08:35+08:00
arm	A3_genconf_detbox	vinardo	posebusters	7CNS_PMV	20260922	ok		5	-4.1	vinardo	kcal/mol (empirical score, not a measured free energy)	3.87	-7.765	-9.94	25.0	8	genconf	/home/qasim/vgb_bench_data/prepared/receptors/posebusters/7CNS_PMV/receptor.pdbqt	31.18	182.3	5	/home/qasim/vgb_bench_data/poses/A3_genconf_detbox/vinardo/posebusters/7CNS_PMV.sdf.gz	2040	2026-09-24T15:08:10+08:00
arm	A3_genconf_detbox	vinardo	posebusters	7DKT_GLF	20260922	ok		5	-6.3	vinardo	kcal/mol (empirical score, not a measured free energy)	56.692	69.511	62.417	25.0	8	genconf	/home/qasim/vgb_bench_data/prepared/receptors/posebusters/7DKT_GLF/receptor.pdbqt	9.5	182.5	5	/home/qasim/vgb_bench_data/poses/A3_genconf_detbox/vinardo/posebusters/7DKT_GLF.sdf.gz	1759	2026-09-24T15:08:35+08:00
arm	A3_genconf_detbox	vinardo	posebusters	7DQL_4CL	20260922	ok		5	-5.0	vinardo	kcal/mol (empirical score, not a measured free energy)	15.88	1.262	13.769	25.0	8	genconf	/home/qasim/vgb_bench_data/prepared/receptors/posebusters/7DQL_4CL/receptor.pdbqt	5.57	182.3	5	/home/qasim/vgb_bench_data/poses/A3_genconf_detbox/vinardo/posebusters/7DQL_4CL.sdf.gz	1173	2026-09-24T15:08:41+08:00
arm	A3_genconf_detbox	vinardo	posebusters	7E4L_MDN	20260922	ok		5	-4.4	vinardo	kcal/mol (empirical score, not a measured free energy)	-37.883	-22.35	-16.09	25.0	8	genconf	/home/qasim/vgb_bench_data/prepared/receptors/posebusters/7E4L_MDN/receptor.pdbqt	7.48	182.3	5	/home/qasim/vgb_bench_data/poses/A3_genconf_detbox/vinardo/posebusters/7E4L_MDN.sdf.gz	1208	2026-09-24T15:08:47+08:00
arm	A3_genconf_detbox	vinardo	posebusters	7EBG_J0L	20260922	ok		5	-5.6	vinardo	kcal/mol (empirical score, not a measured free energy)	12.393	9.019	12.689	25.0	8	genconf	/home/qasim/vgb_bench_data/prepared/receptors/posebusters/7EBG_J0L/receptor.pdbqt	10.23	182.3	5	/home/qasim/vgb_bench_data/poses/A3_genconf_detbox/vinardo/posebusters/7EBG_J0L.sdf.gz	2052	2026-09-24T15:08:54+08:00
arm	A3_genconf_detbox	vinardo	posebusters	7ECR_SIN	20260922	ok		5	-5.4	vinardo	kcal/mol (empirical score, not a measured free energy)	-64.056	-34.797	-46.413	25.0	8	genconf	/home/qasim/vgb_bench_data/prepared/receptors/posebusters/7ECR_SIN/receptor.pdbqt	9.58	182.3	5	/home/qasim/vgb_bench_data/poses/A3_genconf_detbox/vinardo/posebusters/7ECR_SIN.sdf.gz	1128	2026-09-24T15:09:04+08:00
arm	A3_genconf_detbox	vinardo	posebusters	7DUA_HJ0	20260922	ok		5	-9.5	vinardo	kcal/mol (empirical score, not a measured free energy)	21.335	1.764	-14.528	25.0	8	genconf	/home/qasim/vgb_bench_data/prepared/receptors/posebusters/7DUA_HJ0/receptor.pdbqt	39.78	182.5	5	/home/qasim/vgb_bench_data/poses/A3_genconf_detbox/vinardo/posebusters/7DUA_HJ0.sdf.gz	2841	2026-09-24T15:08:45+08:00
arm	A3_genconf_detbox	vinardo	posebusters	7BTT_F8R	20260922	ok		5	-10.2	vinardo	kcal/mol (empirical score, not a measured free energy)	18.168	38.571	15.442	25.0	8	genconf	/home/qasim/vgb_bench_data/prepared/receptors/posebusters/7BTT_F8R/receptor.pdbqt	183.98	182.4	5	/home/qasim/vgb_bench_data/poses/A3_genconf_detbox/vinardo/posebusters/7BTT_F8R.sdf.gz	5014	2026-09-24T15:06:25+08:00
arm	A3_genconf_detbox	vinardo	posebusters	7ED2_A3P	20260922	ok		5	-10.6	vinardo	kcal/mol (empirical score, not a measured free energy)	-20.9	-9.178	22.79	25.0	8	genconf	/home/qasim/vgb_bench_data/prepared/receptors/posebusters/7ED2_A3P/receptor.pdbqt	71.38	182.3	5	/home/qasim/vgb_bench_data/poses/A3_genconf_detbox/vinardo/posebusters/7ED2_A3P.sdf.gz	2983	2026-09-24T15:09:14+08:00
arm	A3_genconf_detbox	vinardo	posebusters	7C0U_FGO	20260922	ok		5	-7.2	vinardo	kcal/mol (empirical score, not a measured free energy)	34.052	15.742	78.639	25.0	8	genconf	/home/qasim/vgb_bench_data/prepared/receptors/posebusters/7C0U_FGO/receptor.pdbqt	288.78	182.2	5	/home/qasim/vgb_bench_data/poses/A3_genconf_detbox/vinardo/posebusters/7C0U_FGO.sdf.gz	4947	2026-09-24T15:06:29+08:00
arm	A3_genconf_detbox	vinardo	posebusters	7D5C_GV6	20260922	ok		5	-8.2	vinardo	kcal/mol (empirical score, not a measured free energy)	16.537	-7.99	42.066	25.0	8	genconf	/home/qasim/vgb_bench_data/prepared/receptors/posebusters/7D5C_GV6/receptor.pdbqt	178.05	182.4	5	/home/qasim/vgb_bench_data/poses/A3_genconf_detbox/vinardo/posebusters/7D5C_GV6.sdf.gz	3991	2026-09-24T15:08:27+08:00
arm	A3_genconf_detbox	vinardo	posebusters	7F5D_EUO	20260922	ok		5	-9.3	vinardo	kcal/mol (empirical score, not a measured free energy)	7.364	-4.616	28.25	25.0	8	genconf	/home/qasim/vgb_bench_data/prepared/receptors/posebusters/7F5D_EUO/receptor.pdbqt	25.96	182.4	5	/home/qasim/vgb_bench_data/poses/A3_genconf_detbox/vinardo/posebusters/7F5D_EUO.sdf.gz	2546	2026-09-24T15:11:25+08:00
arm	A3_genconf_detbox	vinardo	posebusters	7ES1_UDP	20260922	ok		5	-10.1	vinardo	kcal/mol (empirical score, not a measured free energy)	15.577	4.358	23.951	25.0	8	genconf	/home/qasim/vgb_bench_data/prepared/receptors/posebusters/7ES1_UDP/receptor.pdbqt	91.27	182.4	5	/home/qasim/vgb_bench_data/poses/A3_genconf_detbox/vinardo/posebusters/7ES1_UDP.sdf.gz	2813	2026-09-24T15:10:25+08:00
arm	A3_genconf_detbox	vinardo	posebusters	7FB7_8NF	20260922	ok		5	-5.0	vinardo	kcal/mol (empirical score, not a measured free energy)	34.107	29.102	48.551	25.0	8	genconf	/home/qasim/vgb_bench_data/prepared/receptors/posebusters/7FB7_8NF/receptor.pdbqt	5.57	182.4	5	/home/qasim/vgb_bench_data/poses/A3_genconf_detbox/vinardo/posebusters/7FB7_8NF.sdf.gz	1506	2026-09-24T15:11:57+08:00
arm	A3_genconf_detbox	vinardo	posebusters	7FHA_ADX	20260922	ok		5	-5.1	vinardo	kcal/mol (empirical score, not a measured free energy)	9.75	6.914	6.501	25.0	8	genconf	/home/qasim/vgb_bench_data/prepared/receptors/posebusters/7FHA_ADX/receptor.pdbqt	82.03	182.4	5	/home/qasim/vgb_bench_data/poses/A3_genconf_detbox/vinardo/posebusters/7FHA_ADX.sdf.gz	2867	2026-09-24T15:12:02+08:00
arm	A3_genconf_detbox	vinardo	posebusters	7ELT_TYM	20260922	ok		5	-4.5	vinardo	kcal/mol (empirical score, not a measured free energy)	1.724	22.927	4.086	25.0	8	genconf	/home/qasim/vgb_bench_data/prepared/receptors/posebusters/7ELT_TYM/receptor.pdbqt	243.16	182.5	5	/home/qasim/vgb_bench_data/poses/A3_genconf_detbox/vinardo/posebusters/7ELT_TYM.sdf.gz	4349	2026-09-24T15:09:24+08:00
arm	A3_genconf_detbox	vinardo	posebusters	7FT9_4MB	20260922	ok		5	-5.2	vinardo	kcal/mol (empirical score, not a measured free energy)	-27.431	-10.244	-48.384	25.0	8	genconf	/home/qasim/vgb_bench_data/prepared/receptors/posebusters/7FT9_4MB/receptor.pdbqt	15.25	182.5	5	/home/qasim/vgb_bench_data/poses/A3_genconf_detbox/vinardo/posebusters/7FT9_4MB.sdf.gz	1769	2026-09-24T15:13:28+08:00
arm	A3_genconf_detbox	vinardo	posebusters	7JG0_GAR	20260922	ok		5	-5.8	vinardo	kcal/mol (empirical score, not a measured free energy)	-31.532	18.929	34.713	25.0	8	genconf	/home/qasim/vgb_bench_data/prepared/receptors/posebusters/7JG0_GAR/receptor.pdbqt	35.14	182.5	5	/home/qasim/vgb_bench_data/poses/A3_genconf_detbox/vinardo/posebusters/7JG0_GAR.sdf.gz	2258	2026-09-24T15:13:43+08:00
arm	A3_genconf_detbox	vinardo	posebusters	7JHQ_VAJ	20260922	ok		5	-6.8	vinardo	kcal/mol (empirical score, not a measured free energy)	40.475	-65.065	-3.991	25.0	8	genconf	/home/qasim/vgb_bench_data/prepared/receptors/posebusters/7JHQ_VAJ/receptor.pdbqt	21.27	182.5	5	/home/qasim/vgb_bench_data/poses/A3_genconf_detbox/vinardo/posebusters/7JHQ_VAJ.sdf.gz	2079	2026-09-24T15:14:18+08:00
arm	A3_genconf_detbox	vinardo	posebusters	7JMV_4NC	20260922	ok		5	-7.4	vinardo	kcal/mol (empirical score, not a measured free energy)	33.431	-26.577	-8.889	25.0	8	genconf	/home/qasim/vgb_bench_data/prepared/receptors/posebusters/7JMV_4NC/receptor.pdbqt	7.88	182.5	5	/home/qasim/vgb_bench_data/poses/A3_genconf_detbox/vinardo/posebusters/7JMV_4NC.sdf.gz	1269	2026-09-24T15:14:39+08:00
arm	A3_genconf_detbox	vinardo	posebusters	7JXX_VP7	20260922	failed	vinardo: ATOM     24  C   UNL     1      -4.842   0.147  -0.929  1.00  0.00    +0.040 CG0			vinardo	kcal/mol (empirical score, not a measured free energy)	165.748	18.67	55.427	25.0	8	genconf	/home/qasim/vgb_bench_data/prepared/receptors/posebusters/7JXX_VP7/receptor.pdbqt	0.08		5			2026-09-24T15:14:47+08:00
arm	A3_genconf_detbox	vinardo	posebusters	7FRX_O88	20260922	ok		5	-11.3	vinardo	kcal/mol (empirical score, not a measured free energy)	8.456	-28.173	37.199	25.0	8	genconf	/home/qasim/vgb_bench_data/prepared/receptors/posebusters/7FRX_O88/receptor.pdbqt	83.99	182.4	5	/home/qasim/vgb_bench_data/poses/A3_genconf_detbox/vinardo/posebusters/7FRX_O88.sdf.gz	3278	2026-09-24T15:13:24+08:00
arm	A3_genconf_detbox	vinardo	posebusters	7JY3_VUD	20260922	ok		5	-6.6	vinardo	kcal/mol (empirical score, not a measured free energy)	13.964	-10.947	29.317	25.0	8	genconf	/home/qasim/vgb_bench_data/prepared/receptors/posebusters/7JY3_VUD/receptor.pdbqt	102.78	182.5	5	/home/qasim/vgb_bench_data/poses/A3_genconf_detbox/vinardo/posebusters/7JY3_VUD.sdf.gz	3032	2026-09-24T15:14:47+08:00
arm	A3_genconf_detbox	vinardo	posebusters	7K0V_VQP	20260922	ok		5	-10.5	vinardo	kcal/mol (empirical score, not a measured free energy)	36.131	-6.581	-29.542	25.0	8	genconf	/home/qasim/vgb_bench_data/prepared/receptors/posebusters/7K0V_VQP/receptor.pdbqt	112.3	182.4	5	/home/qasim/vgb_bench_data/poses/A3_genconf_detbox/vinardo/posebusters/7K0V_VQP.sdf.gz	4168	2026-09-24T15:14:48+08:00
arm	A3_genconf_detbox	vinardo	posebusters	7KB1_WBJ	20260922	ok		5	2.9	vinardo	kcal/mol (empirical score, not a measured free energy)	13.769	-19.132	53.722	25.0	8	genconf	/home/qasim/vgb_bench_data/prepared/receptors/posebusters/7KB1_WBJ/receptor.pdbqt	56.41	182.5	5	/home/qasim/vgb_bench_data/poses/A3_genconf_detbox/vinardo/posebusters/7KB1_WBJ.sdf.gz	2589	2026-09-24T15:16:30+08:00
arm	A3_genconf_detbox	vinardo	posebusters	7KC5_BJZ	20260922	ok		5	-10.0	vinardo	kcal/mol (empirical score, not a measured free energy)	-4.271	-19.773	-33.614	25.0	8	genconf	/home/qasim/vgb_bench_data/prepared/receptors/posebusters/7KC5_BJZ/receptor.pdbqt	124.6	182.4	5	/home/qasim/vgb_bench_data/poses/A3_genconf_detbox/vinardo/posebusters/7KC5_BJZ.sdf.gz	3958	2026-09-24T15:16:40+08:00
arm	A3_genconf_detbox	vinardo	posebusters	7F51_BA7	20260922	ok		5	-11.0	vinardo	kcal/mol (empirical score, not a measured free energy)	1.712	5.166	4.35	25.0	8	genconf	/home/qasim/vgb_bench_data/prepared/receptors/posebusters/7F51_BA7/receptor.pdbqt	464.46	182.4	5	/home/qasim/vgb_bench_data/poses/A3_genconf_detbox/vinardo/posebusters/7F51_BA7.sdf.gz	4785	2026-09-24T15:11:17+08:00
arm	A3_genconf_detbox	vinardo	posebusters	7KQU_YOF	20260922	ok		2	-10.7	vinardo	kcal/mol (empirical score, not a measured free energy)	69.569	6.933	48.314	25.0	8	genconf	/home/qasim/vgb_bench_data/prepared/receptors/posebusters/7KQU_YOF/receptor.pdbqt	21.71	182.4	5	/home/qasim/vgb_bench_data/poses/A3_genconf_detbox/vinardo/posebusters/7KQU_YOF.sdf.gz	912	2026-09-24T15:18:45+08:00
arm	A3_genconf_detbox	vinardo	posebusters	7KZ9_XN7	20260922	ok		5	-6.9	vinardo	kcal/mol (empirical score, not a measured free energy)	-37.71	16.578	16.934	25.0	8	genconf	/home/qasim/vgb_bench_data/prepared/receptors/posebusters/7KZ9_XN7/receptor.pdbqt	22.67	182.4	5	/home/qasim/vgb_bench_data/poses/A3_genconf_detbox/vinardo/posebusters/7KZ9_XN7.sdf.gz	1863	2026-09-24T15:19:07+08:00
arm	A3_genconf_detbox	vinardo	posebusters	7KM8_WPD	20260922	ok		5	-12.7	vinardo	kcal/mol (empirical score, not a measured free energy)	-36.639	-4.801	-10.87	25.0	8	genconf	/home/qasim/vgb_bench_data/prepared/receptors/posebusters/7KM8_WPD/receptor.pdbqt	168.34	182.5	5	/home/qasim/vgb_bench_data/poses/A3_genconf_detbox/vinardo/posebusters/7KM8_WPD.sdf.gz	3662	2026-09-24T15:17:26+08:00
arm	A3_genconf_detbox	vinardo	posebusters	7L00_XCJ	20260922	ok		5	-12.1	vinardo	kcal/mol (empirical score, not a measured free energy)	-17.64	30.202	38.601	25.0	8	genconf	/home/qasim/vgb_bench_data/prepared/receptors/posebusters/7L00_XCJ/receptor.pdbqt	60.88	182.4	5	/home/qasim/vgb_bench_data/poses/A3_genconf_detbox/vinardo/posebusters/7L00_XCJ.sdf.gz	2945	2026-09-24T15:19:29+08:00
arm	A3_genconf_detbox	vinardo	posebusters	7L03_F9F	20260922	ok		3	10.8	vinardo	kcal/mol (empirical score, not a measured free energy)	-9.261	-17.156	12.365	25.0	8	genconf	/home/qasim/vgb_bench_data/prepared/receptors/posebusters/7L03_F9F/receptor.pdbqt	70.49	182.5	5	/home/qasim/vgb_bench_data/poses/A3_genconf_detbox/vinardo/posebusters/7L03_F9F.sdf.gz	1592	2026-09-24T15:20:15+08:00
arm	A3_genconf_detbox	vinardo	posebusters	7L5F_XNG	20260922	ok		5	-8.0	vinardo	kcal/mol (empirical score, not a measured free energy)	9.838	36.422	23.1	25.0	8	genconf	/home/qasim/vgb_bench_data/prepared/receptors/posebusters/7L5F_XNG/receptor.pdbqt	63.48	182.4	5	/home/qasim/vgb_bench_data/poses/A3_genconf_detbox/vinardo/posebusters/7L5F_XNG.sdf.gz	3202	2026-09-24T15:20:30+08:00
arm	A3_genconf_detbox	vinardo	posebusters	7L7C_XQ1	20260922	ok		5	-6.5	vinardo	kcal/mol (empirical score, not a measured free energy)	40.094	-2.017	-3.265	25.0	8	genconf	/home/qasim/vgb_bench_data/prepared/receptors/posebusters/7L7C_XQ1/receptor.pdbqt	26.59	182.5	5	/home/qasim/vgb_bench_data/poses/A3_genconf_detbox/vinardo/posebusters/7L7C_XQ1.sdf.gz	2550	2026-09-24T15:21:25+08:00
arm	A3_genconf_detbox	vinardo	posebusters	7KRU_ATP	20260922	ok		5	-9.4	vinardo	kcal/mol (empirical score, not a measured free energy)	59.035	40.554	207.751	25.0	8	genconf	/home/qasim/vgb_bench_data/prepared/receptors/posebusters/7KRU_ATP/receptor.pdbqt	200.41	182.4	5	/home/qasim/vgb_bench_data/poses/A3_genconf_detbox/vinardo/posebusters/7KRU_ATP.sdf.gz	3302	2026-09-24T15:19:02+08:00
arm	A3_genconf_detbox	vinardo	posebusters	7EPV_FDA	20260922	ok		5	-10.3	vinardo	kcal/mol (empirical score, not a measured free energy)	2.849	-8.525	-1.643	25.0	8	genconf	/home/qasim/vgb_bench_data/prepared/receptors/posebusters/7EPV_FDA/receptor.pdbqt	779.8	182.4	5	/home/qasim/vgb_bench_data/poses/A3_genconf_detbox/vinardo/posebusters/7EPV_FDA.sdf.gz	5798	2026-09-24T15:09:29+08:00
arm	A3_genconf_detbox	vinardo	posebusters	7LEV_0JO	20260922	ok		4	-11.9	vinardo	kcal/mol (empirical score, not a measured free energy)	5.906	-3.003	21.899	25.0	8	genconf	/home/qasim/vgb_bench_data/prepared/receptors/posebusters/7LEV_0JO/receptor.pdbqt	43.48	182.5	5	/home/qasim/vgb_bench_data/poses/A3_genconf_detbox/vinardo/posebusters/7LEV_0JO.sdf.gz	2023	2026-09-24T15:21:52+08:00
arm	A3_genconf_detbox	vinardo	posebusters	7LOE_Y84	20260922	ok		5	-7.2	vinardo	kcal/mol (empirical score, not a measured free energy)	40.418	-19.428	12.221	25.0	8	genconf	/home/qasim/vgb_bench_data/prepared/receptors/posebusters/7LOE_Y84/receptor.pdbqt	5.53	182.5	5	/home/qasim/vgb_bench_data/poses/A3_genconf_detbox/vinardo/posebusters/7LOE_Y84.sdf.gz	1428	2026-09-24T15:22:35+08:00
arm	A3_genconf_detbox	vinardo	posebusters	7LOU_IFM	20260922	ok		5	-5.4	vinardo	kcal/mol (empirical score, not a measured free energy)	-10.897	-2.427	43.832	25.0	8	genconf	/home/qasim/vgb_bench_data/prepared/receptors/posebusters/7LOU_IFM/receptor.pdbqt	8.36	182.5	5	/home/qasim/vgb_bench_data/poses/A3_genconf_detbox/vinardo/posebusters/7LOU_IFM.sdf.gz	1846	2026-09-24T15:22:41+08:00
arm	A3_genconf_detbox	vinardo	posebusters	7LT0_ONJ	20260922	ok		5	-10.2	vinardo	kcal/mol (empirical score, not a measured free energy)	-27.47	-12.839	-25.556	25.0	8	genconf	/home/qasim/vgb_bench_data/prepared/receptors/posebusters/7LT0_ONJ/receptor.pdbqt	45.68	182.5	5	/home/qasim/vgb_bench_data/poses/A3_genconf_detbox/vinardo/posebusters/7LT0_ONJ.sdf.gz	3337	2026-09-24T15:22:49+08:00
arm	A3_genconf_detbox	vinardo	posebusters	7LCU_XTA	20260922	ok		5	-11.9	vinardo	kcal/mol (empirical score, not a measured free energy)	-64.202	-34.531	94.712	25.0	8	genconf	/home/qasim/vgb_bench_data/prepared/receptors/posebusters/7LCU_XTA/receptor.pdbqt	376.46	182.4	5	/home/qasim/vgb_bench_data/poses/A3_genconf_detbox/vinardo/posebusters/7LCU_XTA.sdf.gz	4914	2026-09-24T15:21:34+08:00
arm	A3_genconf_detbox	vinardo	posebusters	7M31_TDR	20260922	ok		5	-4.8	vinardo	kcal/mol (empirical score, not a measured free energy)	3.82	93.328	14.207	25.0	8	genconf	/home/qasim/vgb_bench_data/prepared/receptors/posebusters/7M31_TDR/receptor.pdbqt	4.19	182.4	5	/home/qasim/vgb_bench_data/poses/A3_genconf_detbox/vinardo/posebusters/7M31_TDR.sdf.gz	1265	2026-09-24T15:27:50+08:00
arm	A3_genconf_detbox	vinardo	posebusters	7LZD_YHY	20260922	ok		5	-13.4	vinardo	kcal/mol (empirical score, not a measured free energy)	-3.621	29.37	12.601	25.0	8	genconf	/home/qasim/vgb_bench_data/prepared/receptors/posebusters/7LZD_YHY/receptor.pdbqt	260.93	182.5	5	/home/qasim/vgb_bench_data/poses/A3_genconf_detbox/vinardo/posebusters/7LZD_YHY.sdf.gz	3948	2026-09-24T15:23:35+08:00
arm	A3_genconf_detbox	vinardo	posebusters	7LJN_GTP	20260922	ok		5	-7.7	vinardo	kcal/mol (empirical score, not a measured free energy)	-19.024	38.359	-39.827	25.0	8	genconf	/home/qasim/vgb_bench_data/prepared/receptors/posebusters/7LJN_GTP/receptor.pdbqt	359.46	182.4	5	/home/qasim/vgb_bench_data/poses/A3_genconf_detbox/vinardo/posebusters/7LJN_GTP.sdf.gz	3313	2026-09-24T15:22:22+08:00
arm	A3_genconf_detbox	vinardo	posebusters	7LMO_NYO	20260922	ok		5	-13.1	vinardo	kcal/mol (empirical score, not a measured free energy)	-0.502	-21.47	35.713	25.0	8	genconf	/home/qasim/vgb_bench_data/prepared/receptors/posebusters/7LMO_NYO/receptor.pdbqt	369.47	182.4	5	/home/qasim/vgb_bench_data/poses/A3_genconf_detbox/vinardo/posebusters/7LMO_NYO.sdf.gz	4621	2026-09-24T15:22:29+08:00
arm	A3_genconf_detbox	vinardo	posebusters	7M3H_YPV	20260922	ok		3	-4.4	vinardo	kcal/mol (empirical score, not a measured free energy)	-8.102	-7.84	18.906	25.0	8	genconf	/home/qasim/vgb_bench_data/prepared/receptors/posebusters/7M3H_YPV/receptor.pdbqt	54.39	182.4	5	/home/qasim/vgb_bench_data/poses/A3_genconf_detbox/vinardo/posebusters/7M3H_YPV.sdf.gz	1975	2026-09-24T15:27:54+08:00
arm	A3_genconf_detbox	vinardo	posebusters	7MGY_ZD1	20260922	ok		5	-6.8	vinardo	kcal/mol (empirical score, not a measured free energy)	33.888	-27.987	354.135	25.0	8	genconf	/home/qasim/vgb_bench_data/prepared/receptors/posebusters/7MGY_ZD1/receptor.pdbqt	47.33	182.4	5	/home/qasim/vgb_bench_data/poses/A3_genconf_detbox/vinardo/posebusters/7MGY_ZD1.sdf.gz	3380	2026-09-24T15:28:49+08:00
arm	A3_genconf_detbox	vinardo	posebusters	7MMH_ZJY	20260922	failed	vinardo: ATOM     43  C   UNL     1       1.457   4.968   0.238  1.00  0.00    +0.003 CG0			vinardo	kcal/mol (empirical score, not a measured free energy)	-1.131	25.374	-21.038	25.0	8	genconf	/home/qasim/vgb_bench_data/prepared/receptors/posebusters/7MMH_ZJY/receptor.pdbqt	0.1		5			2026-09-24T15:29:36+08:00
arm	A3_genconf_detbox	vinardo	posebusters	7M6K_YRJ	20260922	ok		5	-10.4	vinardo	kcal/mol (empirical score, not a measured free energy)	12.508	-1.264	-21.769	25.0	8	genconf	/home/qasim/vgb_bench_data/prepared/receptors/posebusters/7M6K_YRJ/receptor.pdbqt	107.45	182.5	5	/home/qasim/vgb_bench_data/poses/A3_genconf_detbox/vinardo/posebusters/7M6K_YRJ.sdf.gz	3990	2026-09-24T15:27:56+08:00
arm	A3_genconf_detbox	vinardo	posebusters	7MOI_HPS	20260922	ok		5	-5.7	vinardo	kcal/mol (empirical score, not a measured free energy)	32.358	16.914	7.308	25.0	8	genconf	/home/qasim/vgb_bench_data/prepared/receptors/posebusters/7MOI_HPS/receptor.pdbqt	9.5	182.4	5	/home/qasim/vgb_bench_data/poses/A3_genconf_detbox/vinardo/posebusters/7MOI_HPS.sdf.gz	1429	2026-09-24T15:29:36+08:00
arm	A3_genconf_detbox	vinardo	posebusters	7MGT_ZD4	20260922	ok		5	-9.5	vinardo	kcal/mol (empirical score, not a measured free energy)	45.543	25.917	12.282	25.0	8	genconf	/home/qasim/vgb_bench_data/prepared/receptors/posebusters/7MGT_ZD4/receptor.pdbqt	87.56	182.4	5	/home/qasim/vgb_bench_data/poses/A3_genconf_detbox/vinardo/posebusters/7MGT_ZD4.sdf.gz	2973	2026-09-24T15:28:38+08:00
arm	A3_genconf_detbox	vinardo	posebusters	7MWU_ZPM	20260922	ok		5	-4.0	vinardo	kcal/mol (empirical score, not a measured free energy)	-7.554	45.408	42.901	25.0	8	genconf	/home/qasim/vgb_bench_data/prepared/receptors/posebusters/7MWU_ZPM/receptor.pdbqt	4.24	182.4	5	/home/qasim/vgb_bench_data/poses/A3_genconf_detbox/vinardo/posebusters/7MWU_ZPM.sdf.gz	1234	2026-09-24T15:30:06+08:00
arm	A3_genconf_detbox	vinardo	posebusters	7F8T_FAD	20260922	ok		5	-7.6	vinardo	kcal/mol (empirical score, not a measured free energy)	14.277	32.218	113.615	25.0	8	genconf	/home/qasim/vgb_bench_data/prepared/receptors/posebusters/7F8T_FAD/receptor.pdbqt	1108.46	182.4	5	/home/qasim/vgb_bench_data/poses/A3_genconf_detbox/vinardo/posebusters/7F8T_FAD.sdf.gz	5864	2026-09-24T15:11:51+08:00
arm	A3_genconf_detbox	vinardo	posebusters	7MY1_IPE	20260922	ok		5	-5.1	vinardo	kcal/mol (empirical score, not a measured free energy)	-4.878	-3.129	14.386	25.0	8	genconf	/home/qasim/vgb_bench_data/prepared/receptors/posebusters/7MY1_IPE/receptor.pdbqt	17.97	182.4	5	/home/qasim/vgb_bench_data/poses/A3_genconf_detbox/vinardo/posebusters/7MY1_IPE.sdf.gz	1926	2026-09-24T15:30:10+08:00
arm	A3_genconf_detbox	vinardo	posebusters	7MWN_WI5	20260922	ok		5	-9.1	vinardo	kcal/mol (empirical score, not a measured free energy)	19.906	-11.695	-15.346	25.0	8	genconf	/home/qasim/vgb_bench_data/prepared/receptors/posebusters/7MWN_WI5/receptor.pdbqt	66.17	182.4	5	/home/qasim/vgb_bench_data/poses/A3_genconf_detbox/vinardo/posebusters/7MWN_WI5.sdf.gz	3894	2026-09-24T15:29:46+08:00
arm	A3_genconf_detbox	vinardo	posebusters	7N03_ZRP	20260922	ok		5	-11.6	vinardo	kcal/mol (empirical score, not a measured free energy)	-44.558	11.838	3.734	25.0	8	genconf	/home/qasim/vgb_bench_data/prepared/receptors/posebusters/7N03_ZRP/receptor.pdbqt	87.87	182.4	5	/home/qasim/vgb_bench_data/poses/A3_genconf_detbox/vinardo/posebusters/7N03_ZRP.sdf.gz	3930	2026-09-24T15:30:28+08:00
arm	A3_genconf_detbox	vinardo	posebusters	7MYU_ZR7	20260922	ok		5	-8.2	vinardo	kcal/mol (empirical score, not a measured free energy)	83.715	36.003	72.011	25.0	8	genconf	/home/qasim/vgb_bench_data/prepared/receptors/posebusters/7MYU_ZR7/receptor.pdbqt	101.39	182.6	5	/home/qasim/vgb_bench_data/poses/A3_genconf_detbox/vinardo/posebusters/7MYU_ZR7.sdf.gz	3931	2026-09-24T15:30:20+08:00
arm	A3_genconf_detbox	vinardo	posebusters	7N4W_P4V	20260922	ok		5	-5.2	vinardo	kcal/mol (empirical score, not a measured free energy)	-5.404	-25.968	12.561	25.0	8	genconf	/home/qasim/vgb_bench_data/prepared/receptors/posebusters/7N4W_P4V/receptor.pdbqt	22.67	182.4	5	/home/qasim/vgb_bench_data/poses/A3_genconf_detbox/vinardo/posebusters/7N4W_P4V.sdf.gz	3604	2026-09-24T15:31:56+08:00
arm	A3_genconf_detbox	vinardo	posebusters	7N6F_0I1	20260922	ok		5	-7.7	vinardo	kcal/mol (empirical score, not a measured free energy)	-17.844	0.831	21.156	25.0	8	genconf	/home/qasim/vgb_bench_data/prepared/receptors/posebusters/7N6F_0I1/receptor.pdbqt	37.25	182.6	5	/home/qasim/vgb_bench_data/poses/A3_genconf_detbox/vinardo/posebusters/7N6F_0I1.sdf.gz	3252	2026-09-24T15:32:01+08:00
arm	A3_genconf_detbox	vinardo	posebusters	7N4N_0BK	20260922	ok		5	-7.4	vinardo	kcal/mol (empirical score, not a measured free energy)	16.628	4.888	-10.198	25.0	8	genconf	/home/qasim/vgb_bench_data/prepared/receptors/posebusters/7N4N_0BK/receptor.pdbqt	125.78	182.4	5	/home/qasim/vgb_bench_data/poses/A3_genconf_detbox/vinardo/posebusters/7N4N_0BK.sdf.gz	3897	2026-09-24T15:30:52+08:00
arm	A3_genconf_detbox	vinardo	posebusters	7N7H_CTP	20260922	ok		3	-11.1	vinardo	kcal/mol (empirical score, not a measured free energy)	12.34	48.981	157.28	25.0	8	genconf	/home/qasim/vgb_bench_data/prepared/receptors/posebusters/7N7H_CTP/receptor.pdbqt	111.33	182.6	5	/home/qasim/vgb_bench_data/poses/A3_genconf_detbox/vinardo/posebusters/7N7H_CTP.sdf.gz	2044	2026-09-24T15:32:38+08:00
arm	A3_genconf_detbox	vinardo	posebusters	7NF0_BYN	20260922	ok		2	-9.1	vinardo	kcal/mol (empirical score, not a measured free energy)	11.077	26.615	42.704	25.0	8	genconf	/home/qasim/vgb_bench_data/prepared/receptors/posebusters/7NF0_BYN/receptor.pdbqt	119.87	182.4	5	/home/qasim/vgb_bench_data/poses/A3_genconf_detbox/vinardo/posebusters/7NF0_BYN.sdf.gz	2146	2026-09-24T15:32:58+08:00
arm	A3_genconf_detbox	vinardo	posebusters	7NFB_GEN	20260922	ok		5	-7.2	vinardo	kcal/mol (empirical score, not a measured free energy)	1.723	-3.365	35.486	25.0	8	genconf	/home/qasim/vgb_bench_data/prepared/receptors/posebusters/7NFB_GEN/receptor.pdbqt	18.45	182.4	5	/home/qasim/vgb_bench_data/poses/A3_genconf_detbox/vinardo/posebusters/7NFB_GEN.sdf.gz	2166	2026-09-24T15:34:58+08:00
arm	A3_genconf_detbox	vinardo	posebusters	7NGW_UAW	20260922	ok		5	-7.5	vinardo	kcal/mol (empirical score, not a measured free energy)	-9.869	-28.658	2.453	25.0	8	genconf	/home/qasim/vgb_bench_data/prepared/receptors/posebusters/7NGW_UAW/receptor.pdbqt	15.36	182.4	5	/home/qasim/vgb_bench_data/poses/A3_genconf_detbox/vinardo/posebusters/7NGW_UAW.sdf.gz	2498	2026-09-24T15:35:16+08:00
arm	A3_genconf_detbox	vinardo	posebusters	7N7B_T3F	20260922	ok		5	-9.3	vinardo	kcal/mol (empirical score, not a measured free energy)	47.345	-12.462	6.293	25.0	8	genconf	/home/qasim/vgb_bench_data/prepared/receptors/posebusters/7N7B_T3F/receptor.pdbqt	218.8	182.4	5	/home/qasim/vgb_bench_data/poses/A3_genconf_detbox/vinardo/posebusters/7N7B_T3F.sdf.gz	4342	2026-09-24T15:32:19+08:00
arm	A3_genconf_detbox	vinardo	posebusters	7NF3_4LU	20260922	ok		4	-9.4	vinardo	kcal/mol (empirical score, not a measured free energy)	21.732	9.456	24.673	25.0	8	genconf	/home/qasim/vgb_bench_data/prepared/receptors/posebusters/7NF3_4LU/receptor.pdbqt	107.97	182.6	5	/home/qasim/vgb_bench_data/poses/A3_genconf_detbox/vinardo/posebusters/7NF3_4LU.sdf.gz	3688	2026-09-24T15:34:29+08:00
arm	A3_genconf_detbox	vinardo	posebusters	7NLV_UJE	20260922	ok		5	-5.8	vinardo	kcal/mol (empirical score, not a measured free energy)	-3.997	10.343	22.937	25.0	8	genconf	/home/qasim/vgb_bench_data/prepared/receptors/posebusters/7NLV_UJE/receptor.pdbqt	61.33	182.4	5	/home/qasim/vgb_bench_data/poses/A3_genconf_detbox/vinardo/posebusters/7NLV_UJE.sdf.gz	3241	2026-09-24T15:35:31+08:00
arm	A3_genconf_detbox	vinardo	posebusters	7NPL_UKZ	20260922	ok		5	-6.6	vinardo	kcal/mol (empirical score, not a measured free energy)	-17.399	6.599	26.567	25.0	8	genconf	/home/qasim/vgb_bench_data/prepared/receptors/posebusters/7NPL_UKZ/receptor.pdbqt	87.61	182.6	5	/home/qasim/vgb_bench_data/poses/A3_genconf_detbox/vinardo/posebusters/7NPL_UKZ.sdf.gz	3662	2026-09-24T15:36:17+08:00
arm	A3_genconf_detbox	vinardo	posebusters	7NP6_UK8	20260922	ok		5	-9.2	vinardo	kcal/mol (empirical score, not a measured free energy)	-6.469	35.843	5.178	25.0	8	genconf	/home/qasim/vgb_bench_data/prepared/receptors/posebusters/7NP6_UK8/receptor.pdbqt	113.09	182.4	5	/home/qasim/vgb_bench_data/poses/A3_genconf_detbox/vinardo/posebusters/7NP6_UK8.sdf.gz	3155	2026-09-24T15:35:57+08:00
arm	A3_genconf_detbox	vinardo	posebusters	7NSW_HC4	20260922	ok		5	-5.8	vinardo	kcal/mol (empirical score, not a measured free energy)	64.397	39.062	38.753	25.0	8	genconf	/home/qasim/vgb_bench_data/prepared/receptors/posebusters/7NSW_HC4/receptor.pdbqt	12.54	182.6	5	/home/qasim/vgb_bench_data/poses/A3_genconf_detbox/vinardo/posebusters/7NSW_HC4.sdf.gz	1540	2026-09-24T15:37:45+08:00
arm	A3_genconf_detbox	vinardo	posebusters	7NU0_DCL	20260922	ok		5	-5.9	vinardo	kcal/mol (empirical score, not a measured free energy)	18.01	-14.913	-24.404	25.0	8	genconf	/home/qasim/vgb_bench_data/prepared/receptors/posebusters/7NU0_DCL/receptor.pdbqt	10.29	182.4	5	/home/qasim/vgb_bench_data/poses/A3_genconf_detbox/vinardo/posebusters/7NU0_DCL.sdf.gz	1783	2026-09-24T15:37:51+08:00
arm	A3_genconf_detbox	vinardo	posebusters	7NUT_GLP	20260922	ok		5	-5.9	vinardo	kcal/mol (empirical score, not a measured free energy)	5.196	3.817	-35.583	25.0	8	genconf	/home/qasim/vgb_bench_data/prepared/receptors/posebusters/7NUT_GLP/receptor.pdbqt	21.03	182.6	5	/home/qasim/vgb_bench_data/poses/A3_genconf_detbox/vinardo/posebusters/7NUT_GLP.sdf.gz	2195	2026-09-24T15:37:58+08:00
arm	A3_genconf_detbox	vinardo	posebusters	7MFP_Z7P	20260922	ok		5	-3.8	vinardo	kcal/mol (empirical score, not a measured free energy)	-66.688	-15.886	2.564	25.0	8	genconf	/home/qasim/vgb_bench_data/prepared/receptors/posebusters/7MFP_Z7P/receptor.pdbqt	603.92	182.4	5	/home/qasim/vgb_bench_data/poses/A3_genconf_detbox/vinardo/posebusters/7MFP_Z7P.sdf.gz	5637	2026-09-24T15:28:22+08:00
arm	A3_genconf_detbox	vinardo	posebusters	7O0N_CDP	20260922	ok		5	-10.4	vinardo	kcal/mol (empirical score, not a measured free energy)	13.919	21.03	26.479	25.0	8	genconf	/home/qasim/vgb_bench_data/prepared/receptors/posebusters/7O0N_CDP/receptor.pdbqt	59.25	182.6	5	/home/qasim/vgb_bench_data/poses/A3_genconf_detbox/vinardo/posebusters/7O0N_CDP.sdf.gz	2853	2026-09-24T15:38:19+08:00
arm	A3_genconf_detbox	vinardo	posebusters	7O1T_5X8	20260922	ok		1	-11.2	vinardo	kcal/mol (empirical score, not a measured free energy)	-13.087	13.537	-24.535	25.0	8	genconf	/home/qasim/vgb_bench_data/prepared/receptors/posebusters/7O1T_5X8/receptor.pdbqt	60.42	182.4	5	/home/qasim/vgb_bench_data/poses/A3_genconf_detbox/vinardo/posebusters/7O1T_5X8.sdf.gz	941	2026-09-24T15:38:26+08:00
arm	A3_genconf_detbox	vinardo	posebusters	7NXO_UU8	20260922	ok		4	-12.8	vinardo	kcal/mol (empirical score, not a measured free energy)	37.964	-3.411	15.241	25.0	8	genconf	/home/qasim/vgb_bench_data/prepared/receptors/posebusters/7NXO_UU8/receptor.pdbqt	85.64	182.4	5	/home/qasim/vgb_bench_data/poses/A3_genconf_detbox/vinardo/posebusters/7NXO_UU8.sdf.gz	2921	2026-09-24T15:38:01+08:00
arm	A3_genconf_detbox	vinardo	posebusters	7OFF_VCB	20260922	ok		5	-5.3	vinardo	kcal/mol (empirical score, not a measured free energy)	34.566	-11.73	-4.248	25.0	8	genconf	/home/qasim/vgb_bench_data/prepared/receptors/posebusters/7OFF_VCB/receptor.pdbqt	66.28	182.4	5	/home/qasim/vgb_bench_data/poses/A3_genconf_detbox/vinardo/posebusters/7OFF_VCB.sdf.gz	2895	2026-09-24T15:39:27+08:00
arm	A3_genconf_detbox	vinardo	posebusters	7MSR_DCA	20260922	ok		5	-7.1	vinardo	kcal/mol (empirical score, not a measured free energy)	16.145	11.026	17.802	25.0	8	genconf	/home/qasim/vgb_bench_data/prepared/receptors/posebusters/7MSR_DCA/receptor.pdbqt	683.3	182.6	5	/home/qasim/vgb_bench_data/poses/A3_genconf_detbox/vinardo/posebusters/7MSR_DCA.sdf.gz	5547	2026-09-24T15:29:43+08:00
arm	A3_genconf_detbox	vinardo	posebusters	7ODY_DGI	20260922	ok		5	-8.2	vinardo	kcal/mol (empirical score, not a measured free energy)	13.382	-21.147	-7.831	25.0	8	genconf	/home/qasim/vgb_bench_data/prepared/receptors/posebusters/7ODY_DGI/receptor.pdbqt	124.18	182.6	5	/home/qasim/vgb_bench_data/poses/A3_genconf_detbox/vinardo/posebusters/7ODY_DGI.sdf.gz	3022	2026-09-24T15:39:18+08:00
arm	A3_genconf_detbox	vinardo	posebusters	7OEO_V9Z	20260922	ok		5	-6.1	vinardo	kcal/mol (empirical score, not a measured free energy)	-13.763	12.035	-5.358	25.0	8	genconf	/home/qasim/vgb_bench_data/prepared/receptors/posebusters/7OEO_V9Z/receptor.pdbqt	124.5	182.4	5	/home/qasim/vgb_bench_data/poses/A3_genconf_detbox/vinardo/posebusters/7OEO_V9Z.sdf.gz	4203	2026-09-24T15:39:26+08:00
arm	A3_genconf_detbox	vinardo	posebusters	7OLI_8HG	20260922	ok		5	-6.1	vinardo	kcal/mol (empirical score, not a measured free energy)	5.559	23.545	32.88	25.0	8	genconf	/home/qasim/vgb_bench_data/prepared/receptors/posebusters/7OLI_8HG/receptor.pdbqt	28.64	182.6	5	/home/qasim/vgb_bench_data/poses/A3_genconf_detbox/vinardo/posebusters/7OLI_8HG.sdf.gz	2443	2026-09-24T15:41:07+08:00
arm	A3_genconf_detbox	vinardo	posebusters	7OP9_06K	20260922	ok		5	-4.7	vinardo	kcal/mol (empirical score, not a measured free energy)	-40.505	-42.901	-29.303	25.0	8	genconf	/home/qasim/vgb_bench_data/prepared/receptors/posebusters/7OP9_06K/receptor.pdbqt	5.18	182.4	5	/home/qasim/vgb_bench_data/poses/A3_genconf_detbox/vinardo/posebusters/7OP9_06K.sdf.gz	1083	2026-09-24T15:41:30+08:00
arm	A3_genconf_detbox	vinardo	posebusters	7OSO_0V1	20260922	ok		5	-4.2	vinardo	kcal/mol (empirical score, not a measured free energy)	30.087	8.187	10.103	25.0	8	genconf	/home/qasim/vgb_bench_data/prepared/receptors/posebusters/7OSO_0V1/receptor.pdbqt	8.59	182.4	5	/home/qasim/vgb_bench_data/poses/A3_genconf_detbox/vinardo/posebusters/7OSO_0V1.sdf.gz	1380	2026-09-24T15:41:36+08:00
arm	A3_genconf_detbox	vinardo	posebusters	7OPG_06N	20260922	ok		5	-6.9	vinardo	kcal/mol (empirical score, not a measured free energy)	32.893	16.373	79.518	25.0	8	genconf	/home/qasim/vgb_bench_data/prepared/receptors/posebusters/7OPG_06N/receptor.pdbqt	27.17	182.6	5	/home/qasim/vgb_bench_data/poses/A3_genconf_detbox/vinardo/posebusters/7OPG_06N.sdf.gz	2441	2026-09-24T15:41:35+08:00
arm	A3_genconf_detbox	vinardo	posebusters	7OZ9_NGK	20260922	ok		5	-5.5	vinardo	kcal/mol (empirical score, not a measured free energy)	35.068	40.74	31.007	25.0	8	genconf	/home/qasim/vgb_bench_data/prepared/receptors/posebusters/7OZ9_NGK/receptor.pdbqt	32.29	182.4	5	/home/qasim/vgb_bench_data/poses/A3_genconf_detbox/vinardo/posebusters/7OZ9_NGK.sdf.gz	2486	2026-09-24T15:41:44+08:00
arm	A3_genconf_detbox	vinardo	posebusters	7OZC_G6S	20260922	ok		5	-5.1	vinardo	kcal/mol (empirical score, not a measured free energy)	-4.391	18.133	29.506	25.0	8	genconf	/home/qasim/vgb_bench_data/prepared/receptors/posebusters/7OZC_G6S/receptor.pdbqt	21.17	182.6	5	/home/qasim/vgb_bench_data/poses/A3_genconf_detbox/vinardo/posebusters/7OZC_G6S.sdf.gz	2165	2026-09-24T15:42:02+08:00
arm	A3_genconf_detbox	vinardo	posebusters	7OFK_VCH	20260922	ok		5	-11.3	vinardo	kcal/mol (empirical score, not a measured free energy)	-26.143	4.177	-15.008	25.0	8	genconf	/home/qasim/vgb_bench_data/prepared/receptors/posebusters/7OFK_VCH/receptor.pdbqt	111.49	182.4	5	/home/qasim/vgb_bench_data/poses/A3_genconf_detbox/vinardo/posebusters/7OFK_VCH.sdf.gz	3689	2026-09-24T15:40:33+08:00
arm	A3_genconf_detbox	vinardo	posebusters	7P2I_MFU	20260922	ok		5	-6.4	vinardo	kcal/mol (empirical score, not a measured free energy)	3.961	11.759	35.35	25.0	8	genconf	/home/qasim/vgb_bench_data/prepared/receptors/posebusters/7P2I_MFU/receptor.pdbqt	7.9	182.4	5	/home/qasim/vgb_bench_data/poses/A3_genconf_detbox/vinardo/posebusters/7P2I_MFU.sdf.gz	2013	2026-09-24T15:42:24+08:00
arm	A3_genconf_detbox	vinardo	posebusters	7P1F_KFN	20260922	ok		5	-6.5	vinardo	kcal/mol (empirical score, not a measured free energy)	10.801	-13.564	16.839	25.0	8	genconf	/home/qasim/vgb_bench_data/prepared/receptors/posebusters/7P1F_KFN/receptor.pdbqt	28.17	182.4	5	/home/qasim/vgb_bench_data/poses/A3_genconf_detbox/vinardo/posebusters/7P1F_KFN.sdf.gz	2286	2026-09-24T15:42:17+08:00
arm	A3_genconf_detbox	vinardo	posebusters	7P4C_5OV	20260922	ok		5	-5.3	vinardo	kcal/mol (empirical score, not a measured free energy)	79.457	46.974	40.877	25.0	8	genconf	/home/qasim/vgb_bench_data/prepared/receptors/posebusters/7P4C_5OV/receptor.pdbqt	14.96	182.4	5	/home/qasim/vgb_bench_data/poses/A3_genconf_detbox/vinardo/posebusters/7P4C_5OV.sdf.gz	2149	2026-09-24T15:42:32+08:00
arm	A3_genconf_detbox	vinardo	posebusters	7P1M_4IU	20260922	ok		5	-7.9	vinardo	kcal/mol (empirical score, not a measured free energy)	30.28	-4.762	-27.616	25.0	8	genconf	/home/qasim/vgb_bench_data/prepared/receptors/posebusters/7P1M_4IU/receptor.pdbqt	53.73	182.6	5	/home/qasim/vgb_bench_data/poses/A3_genconf_detbox/vinardo/posebusters/7P1M_4IU.sdf.gz	2955	2026-09-24T15:42:24+08:00
arm	A3_genconf_detbox	vinardo	posebusters	7NR8_UOE	20260922	ok		5	-8.9	vinardo	kcal/mol (empirical score, not a measured free energy)	-7.918	6.257	35.001	25.0	8	genconf	/home/qasim/vgb_bench_data/prepared/receptors/posebusters/7NR8_UOE/receptor.pdbqt	418.53	182.4	5	/home/qasim/vgb_bench_data/poses/A3_genconf_detbox/vinardo/posebusters/7NR8_UOE.sdf.gz	5766	2026-09-24T15:36:33+08:00
arm	A3_genconf_detbox	vinardo	posebusters	7PJQ_OWH	20260922	ok		5	-4.8	vinardo	kcal/mol (empirical score, not a measured free energy)	10.561	26.083	-5.309	25.0	8	genconf	/home/qasim/vgb_bench_data/prepared/receptors/posebusters/7PJQ_OWH/receptor.pdbqt	8.01	182.5	5	/home/qasim/vgb_bench_data/poses/A3_genconf_detbox/vinardo/posebusters/7PJQ_OWH.sdf.gz	1461	2026-09-24T15:43:31+08:00
arm	A3_genconf_detbox	vinardo	posebusters	7P5T_5YG	20260922	ok		5	-10.5	vinardo	kcal/mol (empirical score, not a measured free energy)	-21.855	2.721	-13.43	25.0	8	genconf	/home/qasim/vgb_bench_data/prepared/receptors/posebusters/7P5T_5YG/receptor.pdbqt	60.19	182.4	5	/home/qasim/vgb_bench_data/poses/A3_genconf_detbox/vinardo/posebusters/7P5T_5YG.sdf.gz	3070	2026-09-24T15:42:45+08:00
arm	A3_genconf_detbox	vinardo	posebusters	7PIH_7QW	20260922	ok		5	-6.5	vinardo	kcal/mol (empirical score, not a measured free energy)	-2.364	-23.555	-34.135	25.0	8	genconf	/home/qasim/vgb_bench_data/prepared/receptors/posebusters/7PIH_7QW/receptor.pdbqt	38.14	182.6	5	/home/qasim/vgb_bench_data/poses/A3_genconf_detbox/vinardo/posebusters/7PIH_7QW.sdf.gz	3236	2026-09-24T15:43:17+08:00
arm	A3_genconf_detbox	vinardo	posebusters	7POM_7VZ	20260922	ok		5	-6.8	vinardo	kcal/mol (empirical score, not a measured free energy)	-26.977	12.459	-60.362	25.0	8	genconf	/home/qasim/vgb_bench_data/prepared/receptors/posebusters/7POM_7VZ/receptor.pdbqt	42.38	182.6	5	/home/qasim/vgb_bench_data/poses/A3_genconf_detbox/vinardo/posebusters/7POM_7VZ.sdf.gz	2908	2026-09-24T15:43:55+08:00
arm	A3_genconf_detbox	vinardo	posebusters	7PGX_FMN	20260922	ok		5	-10.5	vinardo	kcal/mol (empirical score, not a measured free energy)	-19.451	2.817	-6.799	25.0	8	genconf	/home/qasim/vgb_bench_data/prepared/receptors/posebusters/7PGX_FMN/receptor.pdbqt	150.08	182.4	5	/home/qasim/vgb_bench_data/poses/A3_genconf_detbox/vinardo/posebusters/7PGX_FMN.sdf.gz	3636	2026-09-24T15:42:47+08:00
arm	A3_genconf_detbox	vinardo	posebusters	7PRI_7TI	20260922	ok		2	-0.1	vinardo	kcal/mol (empirical score, not a measured free energy)	41.057	-20.924	-15.174	25.0	8	genconf	/home/qasim/vgb_bench_data/prepared/receptors/posebusters/7PRI_7TI/receptor.pdbqt	44.69	182.6	5	/home/qasim/vgb_bench_data/poses/A3_genconf_detbox/vinardo/posebusters/7PRI_7TI.sdf.gz	1007	2026-09-24T15:44:38+08:00
arm	A3_genconf_detbox	vinardo	posebusters	7PL1_SFG	20260922	ok		5	-7.7	vinardo	kcal/mol (empirical score, not a measured free energy)	28.407	-29.453	7.093	25.0	8	genconf	/home/qasim/vgb_bench_data/prepared/receptors/posebusters/7PL1_SFG/receptor.pdbqt	105.5	182.4	5	/home/qasim/vgb_bench_data/poses/A3_genconf_detbox/vinardo/posebusters/7PL1_SFG.sdf.gz	3602	2026-09-24T15:43:45+08:00
arm	A3_genconf_detbox	vinardo	posebusters	7PUV_84Z	20260922	ok		5	-8.1	vinardo	kcal/mol (empirical score, not a measured free energy)	22.724	1.345	-34.055	25.0	8	genconf	/home/qasim/vgb_bench_data/prepared/receptors/posebusters/7PUV_84Z/receptor.pdbqt	50.36	182.4	5	/home/qasim/vgb_bench_data/poses/A3_genconf_detbox/vinardo/posebusters/7PUV_84Z.sdf.gz	2582	2026-09-24T15:45:30+08:00
arm	A3_genconf_detbox	vinardo	posebusters	7PRM_81I	20260922	ok		2	-7.2	vinardo	kcal/mol (empirical score, not a measured free energy)	120.463	20.535	-10.591	25.0	8	genconf	/home/qasim/vgb_bench_data/prepared/receptors/posebusters/7PRM_81I/receptor.pdbqt	101.29	182.4	5	/home/qasim/vgb_bench_data/poses/A3_genconf_detbox/vinardo/posebusters/7PRM_81I.sdf.gz	1886	2026-09-24T15:45:17+08:00
arm	A3_genconf_detbox	vinardo	posebusters	7Q27_8KC	20260922	failed	vinardo: ATOM      1  B   BO3 A 710     -28.577 -14.637  38.852  1.00  0.00    +0.000 B			vinardo	kcal/mol (empirical score, not a measured free energy)	-12.348	-4.986	20.685	25.0	8	genconf	/home/qasim/vgb_bench_data/prepared/receptors/posebusters/7Q27_8KC/receptor.pdbqt	0.03		5			2026-09-24T15:46:59+08:00
arm	A3_genconf_detbox	vinardo	posebusters	7Q2B_M6H	20260922	ok		5	-6.5	vinardo	kcal/mol (empirical score, not a measured free energy)	-27.691	-12.751	16.88	25.0	8	genconf	/home/qasim/vgb_bench_data/prepared/receptors/posebusters/7Q2B_M6H/receptor.pdbqt	10.2	182.4	5	/home/qasim/vgb_bench_data/poses/A3_genconf_detbox/vinardo/posebusters/7Q2B_M6H.sdf.gz	1928	2026-09-24T15:46:59+08:00
arm	A3_genconf_detbox	vinardo	posebusters	7Q5I_I0F	20260922	ok		5	-9.5	vinardo	kcal/mol (empirical score, not a measured free energy)	36.355	27.446	30.771	25.0	8	genconf	/home/qasim/vgb_bench_data/prepared/receptors/posebusters/7Q5I_I0F/receptor.pdbqt	60.27	182.4	5	/home/qasim/vgb_bench_data/poses/A3_genconf_detbox/vinardo/posebusters/7Q5I_I0F.sdf.gz	3507	2026-09-24T15:47:09+08:00
arm	A3_genconf_detbox	vinardo	posebusters	7QE4_NGA	20260922	ok		5	-4.6	vinardo	kcal/mol (empirical score, not a measured free energy)	26.333	22.687	80.397	25.0	8	genconf	/home/qasim/vgb_bench_data/prepared/receptors/posebusters/7QE4_NGA/receptor.pdbqt	15.18	182.4	5	/home/qasim/vgb_bench_data/poses/A3_genconf_detbox/vinardo/posebusters/7QE4_NGA.sdf.gz	2274	2026-09-24T15:48:09+08:00
arm	A3_genconf_detbox	vinardo	posebusters	7Q25_8J9	20260922	ok		5	-10.7	vinardo	kcal/mol (empirical score, not a measured free energy)	-52.644	63.115	-18.459	25.0	8	genconf	/home/qasim/vgb_bench_data/prepared/receptors/posebusters/7Q25_8J9/receptor.pdbqt	207.97	182.4	5	/home/qasim/vgb_bench_data/poses/A3_genconf_detbox/vinardo/posebusters/7Q25_8J9.sdf.gz	4561	2026-09-24T15:46:21+08:00
arm	A3_genconf_detbox	vinardo	posebusters	7QF4_RBF	20260922	ok		5	-9.6	vinardo	kcal/mol (empirical score, not a measured free energy)	-0.977	-4.339	-9.532	25.0	8	genconf	/home/qasim/vgb_bench_data/prepared/receptors/posebusters/7QF4_RBF/receptor.pdbqt	85.46	182.4	5	/home/qasim/vgb_bench_data/poses/A3_genconf_detbox/vinardo/posebusters/7QF4_RBF.sdf.gz	3233	2026-09-24T15:48:24+08:00
arm	A3_genconf_detbox	vinardo	posebusters	7QGP_DJ8	20260922	failed	vinardo: ATOM     26  C   UNL     1      -3.738  -2.632   0.907  1.00  0.00    +0.181 CG0			vinardo	kcal/mol (empirical score, not a measured free energy)	-41.831	-9.533	18.458	25.0	8	genconf	/home/qasim/vgb_bench_data/prepared/receptors/posebusters/7QGP_DJ8/receptor.pdbqt	0.11		5			2026-09-24T15:49:50+08:00
arm	A3_genconf_detbox	vinardo	posebusters	7OMX_CNA	20260922	ok		5	-8.3	vinardo	kcal/mol (empirical score, not a measured free energy)	10.09	-10.596	-15.784	25.0	8	genconf	/home/qasim/vgb_bench_data/prepared/receptors/posebusters/7OMX_CNA/receptor.pdbqt	509.73	182.6	5	/home/qasim/vgb_bench_data/poses/A3_genconf_detbox/vinardo/posebusters/7OMX_CNA.sdf.gz	4995	2026-09-24T15:41:22+08:00
arm	A3_genconf_detbox	vinardo	posebusters	7QFM_AY3	20260922	ok		5	-5.8	vinardo	kcal/mol (empirical score, not a measured free energy)	-126.954	185.757	-2.211	25.0	8	genconf	/home/qasim/vgb_bench_data/prepared/receptors/posebusters/7QFM_AY3/receptor.pdbqt	29.42	182.4	5	/home/qasim/vgb_bench_data/poses/A3_genconf_detbox/vinardo/posebusters/7QFM_AY3.sdf.gz	2311	2026-09-24T15:49:49+08:00
arm	A3_genconf_detbox	vinardo	posebusters	7QPP_VDX	20260922	ok		1	-13.7	vinardo	kcal/mol (empirical score, not a measured free energy)	14.315	17.211	33.877	25.0	8	genconf	/home/qasim/vgb_bench_data/prepared/receptors/posebusters/7QPP_VDX/receptor.pdbqt	79.33	182.4	5	/home/qasim/vgb_bench_data/poses/A3_genconf_detbox/vinardo/posebusters/7QPP_VDX.sdf.gz	1388	2026-09-24T15:50:18+08:00
arm	A3_genconf_detbox	vinardo	posebusters	7QHL_D5P	20260922	ok		5	-9.7	vinardo	kcal/mol (empirical score, not a measured free energy)	12.692	27.66	17.753	25.0	8	genconf	/home/qasim/vgb_bench_data/prepared/receptors/posebusters/7QHL_D5P/receptor.pdbqt	113.14	182.6	5	/home/qasim/vgb_bench_data/poses/A3_genconf_detbox/vinardo/posebusters/7QHL_D5P.sdf.gz	3858	2026-09-24T15:49:52+08:00
arm	A3_genconf_detbox	vinardo	posebusters	7QTA_URI	20260922	ok		5	-4.5	vinardo	kcal/mol (empirical score, not a measured free energy)	13.918	11.848	12.989	25.0	8	genconf	/home/qasim/vgb_bench_data/prepared/receptors/posebusters/7QTA_URI/receptor.pdbqt	18.96	182.4	5	/home/qasim/vgb_bench_data/poses/A3_genconf_detbox/vinardo/posebusters/7QTA_URI.sdf.gz	2173	2026-09-24T15:51:38+08:00
arm	A3_genconf_detbox	vinardo	posebusters	7R59_I5F	20260922	ok		5	-9.1	vinardo	kcal/mol (empirical score, not a measured free energy)	3.972	10.767	10.183	25.0	8	genconf	/home/qasim/vgb_bench_data/prepared/receptors/posebusters/7R59_I5F/receptor.pdbqt	8.86	182.4	5	/home/qasim/vgb_bench_data/poses/A3_genconf_detbox/vinardo/posebusters/7R59_I5F.sdf.gz	1410	2026-09-24T15:51:56+08:00
arm	A3_genconf_detbox	vinardo	posebusters	7QHG_T3B	20260922	ok		2	-13.8	vinardo	kcal/mol (empirical score, not a measured free energy)	45.838	-11.882	108.792	25.0	8	genconf	/home/qasim/vgb_bench_data/prepared/receptors/posebusters/7QHG_T3B/receptor.pdbqt	214.21	182.4	5	/home/qasim/vgb_bench_data/poses/A3_genconf_detbox/vinardo/posebusters/7QHG_T3B.sdf.gz	2329	2026-09-24T15:49:50+08:00
arm	A3_genconf_detbox	vinardo	posebusters	7R6J_2I7	20260922	ok		5	-6.7	vinardo	kcal/mol (empirical score, not a measured free energy)	-27.424	-3.245	-77.014	25.0	8	genconf	/home/qasim/vgb_bench_data/prepared/receptors/posebusters/7R6J_2I7/receptor.pdbqt	173.14	182.4	5	/home/qasim/vgb_bench_data/poses/A3_genconf_detbox/vinardo/posebusters/7R6J_2I7.sdf.gz	4459	2026-09-24T15:52:05+08:00
arm	A3_genconf_detbox	vinardo	posebusters	7R7R_AWJ	20260922	ok		5	-9.4	vinardo	kcal/mol (empirical score, not a measured free energy)	43.524	66.974	15.835	25.0	8	genconf	/home/qasim/vgb_bench_data/prepared/receptors/posebusters/7R7R_AWJ/receptor.pdbqt	123.67	182.4	5	/home/qasim/vgb_bench_data/poses/A3_genconf_detbox/vinardo/posebusters/7R7R_AWJ.sdf.gz	4049	2026-09-24T15:53:24+08:00
arm	A3_genconf_detbox	vinardo	posebusters	7R3D_APR	20260922	ok		5	-10.9	vinardo	kcal/mol (empirical score, not a measured free energy)	5.144	14.152	-47.686	25.0	8	genconf	/home/qasim/vgb_bench_data/prepared/receptors/posebusters/7R3D_APR/receptor.pdbqt	278.86	182.6	5	/home/qasim/vgb_bench_data/poses/A3_genconf_detbox/vinardo/posebusters/7R3D_APR.sdf.gz	4227	2026-09-24T15:51:45+08:00
arm	A3_genconf_detbox	vinardo	posebusters	7R9N_F97	20260922	ok		5	-7.5	vinardo	kcal/mol (empirical score, not a measured free energy)	-50.456	-87.311	257.072	25.0	8	genconf	/home/qasim/vgb_bench_data/prepared/receptors/posebusters/7R9N_F97/receptor.pdbqt	112.5	182.4	5	/home/qasim/vgb_bench_data/poses/A3_genconf_detbox/vinardo/posebusters/7R9N_F97.sdf.gz	4059	2026-09-24T15:54:58+08:00
arm	A3_genconf_detbox	vinardo	posebusters	7RC3_SAH	20260922	ok		5	-8.2	vinardo	kcal/mol (empirical score, not a measured free energy)	-41.621	17.407	6.558	25.0	8	genconf	/home/qasim/vgb_bench_data/prepared/receptors/posebusters/7RC3_SAH/receptor.pdbqt	108.21	182.4	5	/home/qasim/vgb_bench_data/poses/A3_genconf_detbox/vinardo/posebusters/7RC3_SAH.sdf.gz	3301	2026-09-24T15:55:28+08:00
arm	A3_genconf_detbox	vinardo	posebusters	7RKW_5TV	20260922	ok		5	-11.4	vinardo	kcal/mol (empirical score, not a measured free energy)	14.887	-6.963	15.65	25.0	8	genconf	/home/qasim/vgb_bench_data/prepared/receptors/posebusters/7RKW_5TV/receptor.pdbqt	63.15	182.4	5	/home/qasim/vgb_bench_data/poses/A3_genconf_detbox/vinardo/posebusters/7RKW_5TV.sdf.gz	2716	2026-09-24T15:56:51+08:00
arm	A3_genconf_detbox	vinardo	posebusters	7RH3_59O	20260922	ok		5	-6.2	vinardo	kcal/mol (empirical score, not a measured free energy)	23.129	0.935	9.376	25.0	8	genconf	/home/qasim/vgb_bench_data/prepared/receptors/posebusters/7RH3_59O/receptor.pdbqt	158.59	182.6	5	/home/qasim/vgb_bench_data/poses/A3_genconf_detbox/vinardo/posebusters/7RH3_59O.sdf.gz	3981	2026-09-24T15:56:24+08:00
arm	A3_genconf_detbox	vinardo	posebusters	7RNI_60I	20260922	ok		5	-6.5	vinardo	kcal/mol (empirical score, not a measured free energy)	187.614	122.341	19.174	25.0	8	genconf	/home/qasim/vgb_bench_data/prepared/receptors/posebusters/7RNI_60I/receptor.pdbqt	139.35	182.4	5	/home/qasim/vgb_bench_data/poses/A3_genconf_detbox/vinardo/posebusters/7RNI_60I.sdf.gz	4534	2026-09-24T15:57:16+08:00
arm	A3_genconf_detbox	vinardo	posebusters	7RSV_7IQ	20260922	ok		5	-4.3	vinardo	kcal/mol (empirical score, not a measured free energy)	27.584	-18.356	20.316	25.0	8	genconf	/home/qasim/vgb_bench_data/prepared/receptors/posebusters/7RSV_7IQ/receptor.pdbqt	26.57	182.4	5	/home/qasim/vgb_bench_data/poses/A3_genconf_detbox/vinardo/posebusters/7RSV_7IQ.sdf.gz	2957	2026-09-24T15:59:35+08:00
arm	A3_genconf_detbox	vinardo	posebusters	7RWS_4UR	20260922	failed	vinardo: ATOM     28  C   UNL     1      -2.802   1.482  -3.138  1.00  0.00    +0.208 CG0			vinardo	kcal/mol (empirical score, not a measured free energy)	16.636	49.119	40.785	25.0	8	genconf	/home/qasim/vgb_bench_data/prepared/receptors/posebusters/7RWS_4UR/receptor.pdbqt	0.09		5			2026-09-24T16:00:02+08:00
arm	A3_genconf_detbox	vinardo	posebusters	7RZL_NPO	20260922	ok		5	-6.2	vinardo	kcal/mol (empirical score, not a measured free energy)	2.825	1.091	47.57	25.0	8	genconf	/home/qasim/vgb_bench_data/prepared/receptors/posebusters/7RZL_NPO/receptor.pdbqt	7.54	182.5	5	/home/qasim/vgb_bench_data/poses/A3_genconf_detbox/vinardo/posebusters/7RZL_NPO.sdf.gz	1201	2026-09-24T16:00:02+08:00
arm	A3_genconf_detbox	vinardo	posebusters	7ROR_69X	20260922	ok		5	-14.7	vinardo	kcal/mol (empirical score, not a measured free energy)	3.517	-3.474	56.686	25.0	8	genconf	/home/qasim/vgb_bench_data/prepared/receptors/posebusters/7ROR_69X/receptor.pdbqt	268.67	182.4	5	/home/qasim/vgb_bench_data/poses/A3_genconf_detbox/vinardo/posebusters/7ROR_69X.sdf.gz	4128	2026-09-24T15:57:54+08:00
arm	A3_genconf_detbox	vinardo	posebusters	7SCW_GSP	20260922	ok		5	-12.5	vinardo	kcal/mol (empirical score, not a measured free energy)	27.387	21.921	-4.879	25.0	8	genconf	/home/qasim/vgb_bench_data/prepared/receptors/posebusters/7SCW_GSP/receptor.pdbqt	163.07	182.5	5	/home/qasim/vgb_bench_data/poses/A3_genconf_detbox/vinardo/posebusters/7SCW_GSP.sdf.gz	3397	2026-09-24T16:00:09+08:00
arm	A3_genconf_detbox	vinardo	posebusters	7PT3_3KK	20260922	ok		5	-11.8	vinardo	kcal/mol (empirical score, not a measured free energy)	6.989	-43.295	12.429	25.0	8	genconf	/home/qasim/vgb_bench_data/prepared/receptors/posebusters/7PT3_3KK/receptor.pdbqt	1074.31	182.6	5	/home/qasim/vgb_bench_data/poses/A3_genconf_detbox/vinardo/posebusters/7PT3_3KK.sdf.gz	6522	2026-09-24T15:45:23+08:00
arm	A3_genconf_detbox	vinardo	posebusters	7ROU_66I	20260922	ok		1	-13.8	vinardo	kcal/mol (empirical score, not a measured free energy)	59.915	18.798	45.295	25.0	8	genconf	/home/qasim/vgb_bench_data/prepared/receptors/posebusters/7ROU_66I/receptor.pdbqt	268.86	182.6	5	/home/qasim/vgb_bench_data/poses/A3_genconf_detbox/vinardo/posebusters/7ROU_66I.sdf.gz	1236	2026-09-24T15:59:02+08:00
arm	A3_genconf_detbox	vinardo	posebusters	7SUC_COM	20260922	ok		5	-4.9	vinardo	kcal/mol (empirical score, not a measured free energy)	26.126	36.908	-13.843	25.0	8	genconf	/home/qasim/vgb_bench_data/prepared/receptors/posebusters/7SUC_COM/receptor.pdbqt	10.34	182.6	5	/home/qasim/vgb_bench_data/poses/A3_genconf_detbox/vinardo/posebusters/7SUC_COM.sdf.gz	1122	2026-09-24T16:03:31+08:00
arm	A3_genconf_detbox	vinardo	posebusters	7SFO_98L	20260922	ok		5	-11.1	vinardo	kcal/mol (empirical score, not a measured free energy)	2.665	4.182	-5.973	25.0	8	genconf	/home/qasim/vgb_bench_data/prepared/receptors/posebusters/7SFO_98L/receptor.pdbqt	54.48	182.5	5	/home/qasim/vgb_bench_data/poses/A3_genconf_detbox/vinardo/posebusters/7SFO_98L.sdf.gz	2732	2026-09-24T16:02:53+08:00
arm	A3_genconf_detbox	vinardo	posebusters	7SZA_DUI	20260922	ok		5	-5.4	vinardo	kcal/mol (empirical score, not a measured free energy)	-27.308	25.325	3.802	25.0	8	genconf	/home/qasim/vgb_bench_data/prepared/receptors/posebusters/7SZA_DUI/receptor.pdbqt	21.41	182.6	5	/home/qasim/vgb_bench_data/poses/A3_genconf_detbox/vinardo/posebusters/7SZA_DUI.sdf.gz	2331	2026-09-24T16:03:42+08:00
arm	A3_genconf_detbox	vinardo	posebusters	7SDD_4IP	20260922	ok		5	-5.2	vinardo	kcal/mol (empirical score, not a measured free energy)	21.821	-25.205	-10.623	25.0	8	genconf	/home/qasim/vgb_bench_data/prepared/receptors/posebusters/7SDD_4IP/receptor.pdbqt	106.29	182.4	5	/home/qasim/vgb_bench_data/poses/A3_genconf_detbox/vinardo/posebusters/7SDD_4IP.sdf.gz	3099	2026-09-24T16:02:23+08:00
arm	A3_genconf_detbox	vinardo	posebusters	7T3E_SLB	20260922	ok		5	-7.8	vinardo	kcal/mol (empirical score, not a measured free energy)	15.473	-21.988	-22.262	25.0	8	genconf	/home/qasim/vgb_bench_data/prepared/receptors/posebusters/7T3E_SLB/receptor.pdbqt	40.64	182.4	5	/home/qasim/vgb_bench_data/poses/A3_genconf_detbox/vinardo/posebusters/7T3E_SLB.sdf.gz	2756	2026-09-24T16:04:09+08:00
arm	A3_genconf_detbox	vinardo	posebusters	7SIU_9ID	20260922	ok		5	-6.7	vinardo	kcal/mol (empirical score, not a measured free energy)	-16.469	12.744	32.974	25.0	8	genconf	/home/qasim/vgb_bench_data/prepared/receptors/posebusters/7SIU_9ID/receptor.pdbqt	95.5	182.6	5	/home/qasim/vgb_bench_data/poses/A3_genconf_detbox/vinardo/posebusters/7SIU_9ID.sdf.gz	3860	2026-09-24T16:03:17+08:00
arm	A3_genconf_detbox	vinardo	posebusters	7T0D_FPP	20260922	ok		5	-12.1	vinardo	kcal/mol (empirical score, not a measured free energy)	27.879	-36.533	-6.84	25.0	8	genconf	/home/qasim/vgb_bench_data/prepared/receptors/posebusters/7T0D_FPP/receptor.pdbqt	83.53	182.5	5	/home/qasim/vgb_bench_data/poses/A3_genconf_detbox/vinardo/posebusters/7T0D_FPP.sdf.gz	3656	2026-09-24T16:03:47+08:00
arm	A3_genconf_detbox	vinardo	posebusters	7TBU_S3P	20260922	ok		5	-6.0	vinardo	kcal/mol (empirical score, not a measured free energy)	28.455	84.477	-14.511	25.0	8	genconf	/home/qasim/vgb_bench_data/prepared/receptors/posebusters/7TBU_S3P/receptor.pdbqt	18.53	182.6	5	/home/qasim/vgb_bench_data/poses/A3_genconf_detbox/vinardo/posebusters/7TBU_S3P.sdf.gz	2046	2026-09-24T16:04:52+08:00
arm	A3_genconf_detbox	vinardo	posebusters	7T1D_E7K	20260922	ok		3	-17.6	vinardo	kcal/mol (empirical score, not a measured free energy)	23.166	-12.42	21.661	25.0	8	genconf	/home/qasim/vgb_bench_data/prepared/receptors/posebusters/7T1D_E7K/receptor.pdbqt	92.22	182.6	5	/home/qasim/vgb_bench_data/poses/A3_genconf_detbox/vinardo/posebusters/7T1D_E7K.sdf.gz	2693	2026-09-24T16:04:03+08:00
arm	A3_genconf_detbox	vinardo	posebusters	7THI_PGA	20260922	ok		5	-6.3	vinardo	kcal/mol (empirical score, not a measured free energy)	34.749	29.766	123.741	25.0	8	genconf	/home/qasim/vgb_bench_data/prepared/receptors/posebusters/7THI_PGA/receptor.pdbqt	9.39	182.6	5	/home/qasim/vgb_bench_data/poses/A3_genconf_detbox/vinardo/posebusters/7THI_PGA.sdf.gz	1150	2026-09-24T16:05:35+08:00
arm	A3_genconf_detbox	vinardo	posebusters	7TM6_GPJ	20260922	ok		5	-6.9	vinardo	kcal/mol (empirical score, not a measured free energy)	-2.67	0.674	-0.276	25.0	8	genconf	/home/qasim/vgb_bench_data/prepared/receptors/posebusters/7TM6_GPJ/receptor.pdbqt	15.09	182.6	5	/home/qasim/vgb_bench_data/poses/A3_genconf_detbox/vinardo/posebusters/7TM6_GPJ.sdf.gz	1473	2026-09-24T16:05:45+08:00
arm	A3_genconf_detbox	vinardo	posebusters	7TE8_P0T	20260922	ok		2	-12.9	vinardo	kcal/mol (empirical score, not a measured free energy)	-27.261	-48.15	42.425	25.0	8	genconf	/home/qasim/vgb_bench_data/prepared/receptors/posebusters/7TE8_P0T/receptor.pdbqt	51.32	182.5	5	/home/qasim/vgb_bench_data/poses/A3_genconf_detbox/vinardo/posebusters/7TE8_P0T.sdf.gz	1732	2026-09-24T16:05:11+08:00
arm	A3_genconf_detbox	vinardo	posebusters	7TOM_5AD	20260922	ok		4	-7.2	vinardo	kcal/mol (empirical score, not a measured free energy)	16.321	51.883	35.935	25.0	8	genconf	/home/qasim/vgb_bench_data/prepared/receptors/posebusters/7TOM_5AD/receptor.pdbqt	23.34	182.6	5	/home/qasim/vgb_bench_data/poses/A3_genconf_detbox/vinardo/posebusters/7TOM_5AD.sdf.gz	1896	2026-09-24T16:06:00+08:00
arm	A3_genconf_detbox	vinardo	posebusters	7TS6_KMI	20260922	ok		5	-5.5	vinardo	kcal/mol (empirical score, not a measured free energy)	15.6	-47.995	-60.935	25.0	8	genconf	/home/qasim/vgb_bench_data/prepared/receptors/posebusters/7TS6_KMI/receptor.pdbqt	30.3	182.5	5	/home/qasim/vgb_bench_data/poses/A3_genconf_detbox/vinardo/posebusters/7TS6_KMI.sdf.gz	2489	2026-09-24T16:06:02+08:00
arm	A3_genconf_detbox	vinardo	posebusters	7TSF_H4B	20260922	ok		5	-5.8	vinardo	kcal/mol (empirical score, not a measured free energy)	11.683	1.783	22.738	25.0	8	genconf	/home/qasim/vgb_bench_data/prepared/receptors/posebusters/7TSF_H4B/receptor.pdbqt	26.37	182.6	5	/home/qasim/vgb_bench_data/poses/A3_genconf_detbox/vinardo/posebusters/7TSF_H4B.sdf.gz	2396	2026-09-24T16:06:23+08:00
arm	A3_genconf_detbox	vinardo	posebusters	7PK0_BYC	20260922	ok		5	-9.4	vinardo	kcal/mol (empirical score, not a measured free energy)	-11.297	27.736	-12.722	25.0	8	genconf	/home/qasim/vgb_bench_data/prepared/receptors/posebusters/7PK0_BYC/receptor.pdbqt	1402.89	182.5	5	/home/qasim/vgb_bench_data/poses/A3_genconf_detbox/vinardo/posebusters/7PK0_BYC.sdf.gz	6507	2026-09-24T15:43:39+08:00
arm	A3_genconf_detbox	vinardo	posebusters	7TXK_LW8	20260922	ok		5	-6.9	vinardo	kcal/mol (empirical score, not a measured free energy)	17.491	58.991	72.714	25.0	8	genconf	/home/qasim/vgb_bench_data/prepared/receptors/posebusters/7TXK_LW8/receptor.pdbqt	22.36	182.6	5	/home/qasim/vgb_bench_data/poses/A3_genconf_detbox/vinardo/posebusters/7TXK_LW8.sdf.gz	2182	2026-09-24T16:06:49+08:00
arm	A3_genconf_detbox	vinardo	posebusters	7U0U_FK5	20260922	failed	vinardo: ATOM     16  C   UNL     1      -2.675   3.773   0.499  1.00  0.00    -0.076 CG0			vinardo	kcal/mol (empirical score, not a measured free energy)	-28.344	-17.848	-21.946	25.0	8	genconf	/home/qasim/vgb_bench_data/prepared/receptors/posebusters/7U0U_FK5/receptor.pdbqt	0.12		5			2026-09-24T16:07:12+08:00
arm	A3_genconf_detbox	vinardo	posebusters	7TUO_KL9	20260922	ok		5	-9.0	vinardo	kcal/mol (empirical score, not a measured free energy)	-4.748	21.456	-4.294	25.0	8	genconf	/home/qasim/vgb_bench_data/prepared/receptors/posebusters/7TUO_KL9/receptor.pdbqt	77.45	182.5	5	/home/qasim/vgb_bench_data/poses/A3_genconf_detbox/vinardo/posebusters/7TUO_KL9.sdf.gz	4046	2026-09-24T16:06:32+08:00
arm	A3_genconf_detbox	vinardo	posebusters	7TH4_FFO	20260922	ok		5	-6.4	vinardo	kcal/mol (empirical score, not a measured free energy)	18.322	-14.083	-20.113	25.0	8	genconf	/home/qasim/vgb_bench_data/prepared/receptors/posebusters/7TH4_FFO/receptor.pdbqt	179.3	182.6	5	/home/qasim/vgb_bench_data/poses/A3_genconf_detbox/vinardo/posebusters/7TH4_FFO.sdf.gz	3889	2026-09-24T16:05:11+08:00
arm	A3_genconf_detbox	vinardo	posebusters	7UAW_MF6	20260922	failed	vinardo: ATOM     23  C   UNL     1      -1.958  -2.425  -0.825  1.00  0.00    +0.179 CG0			vinardo	kcal/mol (empirical score, not a measured free energy)	-5.836	20.74	-40.302	25.0	8	genconf	/home/qasim/vgb_bench_data/prepared/receptors/posebusters/7UAW_MF6/receptor.pdbqt	0.12		5			2026-09-24T16:08:10+08:00
arm	A3_genconf_detbox	vinardo	posebusters	7TYP_KUR	20260922	ok		2	-12.9	vinardo	kcal/mol (empirical score, not a measured free energy)	-37.91	-9.807	15.998	25.0	8	genconf	/home/qasim/vgb_bench_data/prepared/receptors/posebusters/7TYP_KUR/receptor.pdbqt	132.08	182.7	5	/home/qasim/vgb_bench_data/poses/A3_genconf_detbox/vinardo/posebusters/7TYP_KUR.sdf.gz	2112	2026-09-24T16:07:02+08:00
arm	A3_genconf_detbox	vinardo	posebusters	7UJ5_DGL	20260922	ok		5	-5.3	vinardo	kcal/mol (empirical score, not a measured free energy)	-17.122	15.22	1.671	25.0	8	genconf	/home/qasim/vgb_bench_data/prepared/receptors/posebusters/7UJ5_DGL/receptor.pdbqt	19.19	182.7	5	/home/qasim/vgb_bench_data/poses/A3_genconf_detbox/vinardo/posebusters/7UJ5_DGL.sdf.gz	1529	2026-09-24T16:09:14+08:00
arm	A3_genconf_detbox	vinardo	posebusters	7TB0_UD1	20260922	ok		5	-9.9	vinardo	kcal/mol (empirical score, not a measured free energy)	19.582	-27.355	62.492	25.0	8	genconf	/home/qasim/vgb_bench_data/prepared/receptors/posebusters/7TB0_UD1/receptor.pdbqt	291.3	182.4	5	/home/qasim/vgb_bench_data/poses/A3_genconf_detbox/vinardo/posebusters/7TB0_UD1.sdf.gz	4648	2026-09-24T16:04:50+08:00
arm	A3_genconf_detbox	vinardo	posebusters	7UJF_R3V	20260922	ok		5	-7.3	vinardo	kcal/mol (empirical score, not a measured free energy)	-10.162	-51.083	-65.175	25.0	8	genconf	/home/qasim/vgb_bench_data/prepared/receptors/posebusters/7UJF_R3V/receptor.pdbqt	121.74	182.7	5	/home/qasim/vgb_bench_data/poses/A3_genconf_detbox/vinardo/posebusters/7UJF_R3V.sdf.gz	4591	2026-09-24T16:09:33+08:00
arm	A3_genconf_detbox	vinardo	posebusters	7UAS_MBU	20260922	ok		5	-11.7	vinardo	kcal/mol (empirical score, not a measured free energy)	8.352	-31.092	22.958	25.0	8	genconf	/home/qasim/vgb_bench_data/prepared/receptors/posebusters/7UAS_MBU/receptor.pdbqt	236.2	182.5	5	/home/qasim/vgb_bench_data/poses/A3_genconf_detbox/vinardo/posebusters/7UAS_MBU.sdf.gz	4898	2026-09-24T16:07:50+08:00
arm	A3_genconf_detbox	vinardo	posebusters	7UQ3_O2U	20260922	ok		5	-7.2	vinardo	kcal/mol (empirical score, not a measured free energy)	8.852	140.996	101.494	25.0	8	genconf	/home/qasim/vgb_bench_data/prepared/receptors/posebusters/7UQ3_O2U/receptor.pdbqt	13.58	182.5	5	/home/qasim/vgb_bench_data/poses/A3_genconf_detbox/vinardo/posebusters/7UQ3_O2U.sdf.gz	1458	2026-09-24T16:11:46+08:00
arm	A3_genconf_detbox	vinardo	posebusters	7ULC_56B	20260922	ok		3	-11.7	vinardo	kcal/mol (empirical score, not a measured free energy)	26.677	1.872	49.129	25.0	8	genconf	/home/qasim/vgb_bench_data/prepared/receptors/posebusters/7ULC_56B/receptor.pdbqt	174.83	182.4	5	/home/qasim/vgb_bench_data/poses/A3_genconf_detbox/vinardo/posebusters/7ULC_56B.sdf.gz	2647	2026-09-24T16:09:41+08:00
arm	A3_genconf_detbox	vinardo	posebusters	7USH_82V	20260922	ok		5	-7.5	vinardo	kcal/mol (empirical score, not a measured free energy)	15.827	-5.379	6.079	25.0	8	genconf	/home/qasim/vgb_bench_data/prepared/receptors/posebusters/7USH_82V/receptor.pdbqt	36.61	182.6	5	/home/qasim/vgb_bench_data/poses/A3_genconf_detbox/vinardo/posebusters/7USH_82V.sdf.gz	3119	2026-09-24T16:11:59+08:00
arm	A3_genconf_detbox	vinardo	posebusters	7UXS_OJC	20260922	failed	vinardo: ATOM     25  C   UNL     1      -3.813  -0.602  -1.522  1.00  0.00    +0.179 CG0			vinardo	kcal/mol (empirical score, not a measured free energy)	6.683	31.585	-25.461	25.0	8	genconf	/home/qasim/vgb_bench_data/prepared/receptors/posebusters/7UXS_OJC/receptor.pdbqt	0.12		5			2026-09-24T16:12:36+08:00
arm	A3_genconf_detbox	vinardo	posebusters	7U3J_L6U	20260922	ok		5	-7.5	vinardo	kcal/mol (empirical score, not a measured free energy)	12.629	7.058	-5.901	25.0	8	genconf	/home/qasim/vgb_bench_data/prepared/receptors/posebusters/7U3J_L6U/receptor.pdbqt	335.26	182.6	5	/home/qasim/vgb_bench_data/poses/A3_genconf_detbox/vinardo/posebusters/7U3J_L6U.sdf.gz	4968	2026-09-24T16:07:12+08:00
arm	A3_genconf_detbox	vinardo	posebusters	7UY4_SMI	20260922	ok		5	-5.5	vinardo	kcal/mol (empirical score, not a measured free energy)	-2.905	-32.809	19.257	25.0	8	genconf	/home/qasim/vgb_bench_data/prepared/receptors/posebusters/7UY4_SMI/receptor.pdbqt	23.62	182.6	5	/home/qasim/vgb_bench_data/poses/A3_genconf_detbox/vinardo/posebusters/7UY4_SMI.sdf.gz	3524	2026-09-24T16:12:36+08:00
arm	A3_genconf_detbox	vinardo	posebusters	7UYB_OK0	20260922	ok		5	-7.0	vinardo	kcal/mol (empirical score, not a measured free energy)	-15.482	14.399	-7.166	25.0	8	genconf	/home/qasim/vgb_bench_data/prepared/receptors/posebusters/7UYB_OK0/receptor.pdbqt	80.23	182.6	5	/home/qasim/vgb_bench_data/poses/A3_genconf_detbox/vinardo/posebusters/7UYB_OK0.sdf.gz	3526	2026-09-24T16:12:47+08:00
arm	A3_genconf_detbox	vinardo	posebusters	7V3N_AKG	20260922	ok		5	-5.6	vinardo	kcal/mol (empirical score, not a measured free energy)	128.019	75.71	0.989	25.0	8	genconf	/home/qasim/vgb_bench_data/prepared/receptors/posebusters/7V3N_AKG/receptor.pdbqt	13.53	182.6	5	/home/qasim/vgb_bench_data/poses/A3_genconf_detbox/vinardo/posebusters/7V3N_AKG.sdf.gz	1281	2026-09-24T16:14:07+08:00
arm	A3_genconf_detbox	vinardo	posebusters	7V14_ORU	20260922	ok		3	-10.8	vinardo	kcal/mol (empirical score, not a measured free energy)	28.689	7.378	-4.558	25.0	8	genconf	/home/qasim/vgb_bench_data/prepared/receptors/posebusters/7V14_ORU/receptor.pdbqt	136.42	182.6	5	/home/qasim/vgb_bench_data/poses/A3_genconf_detbox/vinardo/posebusters/7V14_ORU.sdf.gz	2448	2026-09-24T16:13:00+08:00
arm	A3_genconf_detbox	vinardo	posebusters	7V43_C4O	20260922	ok		5	-4.0	vinardo	kcal/mol (empirical score, not a measured free energy)	-25.258	26.022	1.964	25.0	8	genconf	/home/qasim/vgb_bench_data/prepared/receptors/posebusters/7V43_C4O/receptor.pdbqt	4.4	182.6	5	/home/qasim/vgb_bench_data/poses/A3_genconf_detbox/vinardo/posebusters/7V43_C4O.sdf.gz	1236	2026-09-24T16:15:16+08:00
arm	A3_genconf_detbox	vinardo	posebusters	7VB8_STL	20260922	ok		5	-9.0	vinardo	kcal/mol (empirical score, not a measured free energy)	-13.717	31.871	-4.522	25.0	8	genconf	/home/qasim/vgb_bench_data/prepared/receptors/posebusters/7VB8_STL/receptor.pdbqt	15.2	182.6	5	/home/qasim/vgb_bench_data/poses/A3_genconf_detbox/vinardo/posebusters/7VB8_STL.sdf.gz	2048	2026-09-24T16:15:21+08:00
arm	A3_genconf_detbox	vinardo	posebusters	7VBU_6I4	20260922	ok		5	-5.8	vinardo	kcal/mol (empirical score, not a measured free energy)	59.156	57.747	75.543	25.0	8	genconf	/home/qasim/vgb_bench_data/prepared/receptors/posebusters/7VBU_6I4/receptor.pdbqt	12.67	182.6	5	/home/qasim/vgb_bench_data/poses/A3_genconf_detbox/vinardo/posebusters/7VBU_6I4.sdf.gz	2277	2026-09-24T16:15:36+08:00
arm	A3_genconf_detbox	vinardo	posebusters	7UJ4_OQ4	20260922	ok		5	-7.9	vinardo	kcal/mol (empirical score, not a measured free energy)	-32.276	7.697	19.354	25.0	8	genconf	/home/qasim/vgb_bench_data/prepared/receptors/posebusters/7UJ4_OQ4/receptor.pdbqt	475.32	182.6	5	/home/qasim/vgb_bench_data/poses/A3_genconf_detbox/vinardo/posebusters/7UJ4_OQ4.sdf.gz	6257	2026-09-24T16:08:10+08:00
arm	A3_genconf_detbox	vinardo	posebusters	7VKZ_NOJ	20260922	ok		5	-4.8	vinardo	kcal/mol (empirical score, not a measured free energy)	49.919	14.577	48.397	25.0	8	genconf	/home/qasim/vgb_bench_data/prepared/receptors/posebusters/7VKZ_NOJ/receptor.pdbqt	10.14	182.6	5	/home/qasim/vgb_bench_data/poses/A3_genconf_detbox/vinardo/posebusters/7VKZ_NOJ.sdf.gz	1850	2026-09-24T16:16:06+08:00
arm	A3_genconf_detbox	vinardo	posebusters	7VC5_9SF	20260922	ok		5	-7.5	vinardo	kcal/mol (empirical score, not a measured free energy)	15.484	-12.553	1.862	25.0	8	genconf	/home/qasim/vgb_bench_data/prepared/receptors/posebusters/7VC5_9SF/receptor.pdbqt	52.22	182.6	5	/home/qasim/vgb_bench_data/poses/A3_genconf_detbox/vinardo/posebusters/7VC5_9SF.sdf.gz	2974	2026-09-24T16:15:48+08:00
arm	A3_genconf_detbox	vinardo	posebusters	7VQ9_ISY	20260922	ok		5	-7.4	vinardo	kcal/mol (empirical score, not a measured free energy)	20.17	-1.114	0.54	25.0	8	genconf	/home/qasim/vgb_bench_data/prepared/receptors/posebusters/7VQ9_ISY/receptor.pdbqt	29.69	182.6	5	/home/qasim/vgb_bench_data/poses/A3_genconf_detbox/vinardo/posebusters/7VQ9_ISY.sdf.gz	1902	2026-09-24T16:16:16+08:00
arm	A3_genconf_detbox	vinardo	posebusters	7V3S_5I9	20260922	ok		4	-14.5	vinardo	kcal/mol (empirical score, not a measured free energy)	-8.398	-15.145	28.272	25.0	8	genconf	/home/qasim/vgb_bench_data/prepared/receptors/posebusters/7V3S_5I9/receptor.pdbqt	157.97	182.6	5	/home/qasim/vgb_bench_data/poses/A3_genconf_detbox/vinardo/posebusters/7V3S_5I9.sdf.gz	3279	2026-09-24T16:14:21+08:00
arm	A3_genconf_detbox	vinardo	posebusters	7W05_GMP	20260922	ok		5	-5.4	vinardo	kcal/mol (empirical score, not a measured free energy)	-10.528	1.938	8.335	25.0	8	genconf	/home/qasim/vgb_bench_data/prepared/receptors/posebusters/7W05_GMP/receptor.pdbqt	30.67	182.6	5	/home/qasim/vgb_bench_data/poses/A3_genconf_detbox/vinardo/posebusters/7W05_GMP.sdf.gz	2507	2026-09-24T16:16:59+08:00
arm	A3_genconf_detbox	vinardo	posebusters	7W06_ITN	20260922	ok		5	-6.2	vinardo	kcal/mol (empirical score, not a measured free energy)	-20.687	17.259	27.243	25.0	8	genconf	/home/qasim/vgb_bench_data/prepared/receptors/posebusters/7W06_ITN/receptor.pdbqt	10.6	182.6	5	/home/qasim/vgb_bench_data/poses/A3_genconf_detbox/vinardo/posebusters/7W06_ITN.sdf.gz	1187	2026-09-24T16:17:30+08:00
arm	A3_genconf_detbox	vinardo	posebusters	7VYJ_CA0	20260922	ok		5	-6.2	vinardo	kcal/mol (empirical score, not a measured free energy)	23.75	-63.248	18.392	25.0	8	genconf	/home/qasim/vgb_bench_data/prepared/receptors/posebusters/7VYJ_CA0/receptor.pdbqt	95.95	182.6	5	/home/qasim/vgb_bench_data/poses/A3_genconf_detbox/vinardo/posebusters/7VYJ_CA0.sdf.gz	2925	2026-09-24T16:16:45+08:00
arm	A3_genconf_detbox	vinardo	posebusters	7WDT_NGS	20260922	ok		5	-5.6	vinardo	kcal/mol (empirical score, not a measured free energy)	10.64	-27.762	60.095	25.0	8	genconf	/home/qasim/vgb_bench_data/prepared/receptors/posebusters/7WDT_NGS/receptor.pdbqt	36.57	182.6	5	/home/qasim/vgb_bench_data/poses/A3_genconf_detbox/vinardo/posebusters/7WDT_NGS.sdf.gz	2485	2026-09-24T16:18:21+08:00
arm	A3_genconf_detbox	vinardo	posebusters	7WJB_BGC	20260922	ok		5	-5.2	vinardo	kcal/mol (empirical score, not a measured free energy)	30.316	21.425	21.115	25.0	8	genconf	/home/qasim/vgb_bench_data/prepared/receptors/posebusters/7WJB_BGC/receptor.pdbqt	10.32	182.6	5	/home/qasim/vgb_bench_data/poses/A3_genconf_detbox/vinardo/posebusters/7WJB_BGC.sdf.gz	1778	2026-09-24T16:18:58+08:00
arm	A3_genconf_detbox	vinardo	posebusters	7WKL_CAQ	20260922	ok		5	-5.4	vinardo	kcal/mol (empirical score, not a measured free energy)	13.979	34.027	56.639	25.0	8	genconf	/home/qasim/vgb_bench_data/prepared/receptors/posebusters/7WKL_CAQ/receptor.pdbqt	5.07	182.6	5	/home/qasim/vgb_bench_data/poses/A3_genconf_detbox/vinardo/posebusters/7WKL_CAQ.sdf.gz	1140	2026-09-24T16:19:08+08:00
arm	A3_genconf_detbox	vinardo	posebusters	7WCF_ACP	20260922	ok		5	-7.7	vinardo	kcal/mol (empirical score, not a measured free energy)	33.107	-9.09	-28.336	25.0	8	genconf	/home/qasim/vgb_bench_data/prepared/receptors/posebusters/7WCF_ACP/receptor.pdbqt	143.82	182.6	5	/home/qasim/vgb_bench_data/poses/A3_genconf_detbox/vinardo/posebusters/7WCF_ACP.sdf.gz	3532	2026-09-24T16:17:40+08:00
arm	A3_genconf_detbox	vinardo	posebusters	7VWF_K55	20260922	ok		5	-6.8	vinardo	kcal/mol (empirical score, not a measured free energy)	18.982	-14.214	27.569	25.0	8	genconf	/home/qasim/vgb_bench_data/prepared/receptors/posebusters/7VWF_K55/receptor.pdbqt	247.13	182.6	5	/home/qasim/vgb_bench_data/poses/A3_genconf_detbox/vinardo/posebusters/7VWF_K55.sdf.gz	4227	2026-09-24T16:16:41+08:00
arm	A3_genconf_detbox	vinardo	posebusters	7WPW_F15	20260922	ok		5	-7.2	vinardo	kcal/mol (empirical score, not a measured free energy)	8.343	-20.128	-2.823	25.0	8	genconf	/home/qasim/vgb_bench_data/prepared/receptors/posebusters/7WPW_F15/receptor.pdbqt	60.11	182.6	5	/home/qasim/vgb_bench_data/poses/A3_genconf_detbox/vinardo/posebusters/7WPW_F15.sdf.gz	3288	2026-09-24T16:20:04+08:00
arm	A3_genconf_detbox	vinardo	posebusters	7WL4_JFU	20260922	ok		5	-9.5	vinardo	kcal/mol (empirical score, not a measured free energy)	-2.785	20.394	12.028	25.0	8	genconf	/home/qasim/vgb_bench_data/prepared/receptors/posebusters/7WL4_JFU/receptor.pdbqt	115.75	182.6	5	/home/qasim/vgb_bench_data/poses/A3_genconf_detbox/vinardo/posebusters/7WL4_JFU.sdf.gz	3986	2026-09-24T16:19:13+08:00
arm	A3_genconf_detbox	vinardo	posebusters	7UMW_NAD	20260922	ok		4	-13.5	vinardo	kcal/mol (empirical score, not a measured free energy)	-33.622	23.693	-7.814	25.0	8	genconf	/home/qasim/vgb_bench_data/prepared/receptors/posebusters/7UMW_NAD/receptor.pdbqt	580.4	182.7	5	/home/qasim/vgb_bench_data/poses/A3_genconf_detbox/vinardo/posebusters/7UMW_NAD.sdf.gz	4063	2026-09-24T16:11:35+08:00
arm	A3_genconf_detbox	vinardo	posebusters	7WY1_D0L	20260922	failed	vinardo: ATOM   4499  MO  MI9 A 501      15.615 -12.952 -11.459  1.00  0.00    +0.000 Mo			vinardo	kcal/mol (empirical score, not a measured free energy)	16.369	-19.759	-7.991	25.0	8	genconf	/home/qasim/vgb_bench_data/prepared/receptors/posebusters/7WY1_D0L/receptor.pdbqt	0.03		5			2026-09-24T16:21:16+08:00
arm	A3_genconf_detbox	vinardo	posebusters	7WQQ_5Z6	20260922	ok		2	-14.9	vinardo	kcal/mol (empirical score, not a measured free energy)	29.369	-5.719	11.535	25.0	8	genconf	/home/qasim/vgb_bench_data/prepared/receptors/posebusters/7WQQ_5Z6/receptor.pdbqt	50.47	182.6	5	/home/qasim/vgb_bench_data/poses/A3_genconf_detbox/vinardo/posebusters/7WQQ_5Z6.sdf.gz	1748	2026-09-24T16:20:48+08:00
arm	A3_genconf_detbox	vinardo	posebusters	7WUX_6OI	20260922	ok		5	-7.1	vinardo	kcal/mol (empirical score, not a measured free energy)	25.218	-11.553	-30.084	25.0	8	genconf	/home/qasim/vgb_bench_data/prepared/receptors/posebusters/7WUX_6OI/receptor.pdbqt	52.63	182.6	5	/home/qasim/vgb_bench_data/poses/A3_genconf_detbox/vinardo/posebusters/7WUX_6OI.sdf.gz	2463	2026-09-24T16:21:04+08:00
arm	A3_genconf_detbox	vinardo	posebusters	7WUY_76N	20260922	ok		2	-8.3	vinardo	kcal/mol (empirical score, not a measured free energy)	17.346	152.778	25.526	25.0	8	genconf	/home/qasim/vgb_bench_data/prepared/receptors/posebusters/7WUY_76N/receptor.pdbqt	64.1	182.6	5	/home/qasim/vgb_bench_data/poses/A3_genconf_detbox/vinardo/posebusters/7WUY_76N.sdf.gz	1920	2026-09-24T16:21:09+08:00
arm	A3_genconf_detbox	vinardo	posebusters	7X5N_5M5	20260922	ok		5	-7.5	vinardo	kcal/mol (empirical score, not a measured free energy)	87.106	64.451	46.244	25.0	8	genconf	/home/qasim/vgb_bench_data/prepared/receptors/posebusters/7X5N_5M5/receptor.pdbqt	81.56	182.7	5	/home/qasim/vgb_bench_data/poses/A3_genconf_detbox/vinardo/posebusters/7X5N_5M5.sdf.gz	3713	2026-09-24T16:21:16+08:00
arm	A3_genconf_detbox	vinardo	posebusters	7X9K_8OG	20260922	ok		5	-8.7	vinardo	kcal/mol (empirical score, not a measured free energy)	-6.637	0.33	25.265	25.0	8	genconf	/home/qasim/vgb_bench_data/prepared/receptors/posebusters/7X9K_8OG/receptor.pdbqt	70.89	182.6	5	/home/qasim/vgb_bench_data/poses/A3_genconf_detbox/vinardo/posebusters/7X9K_8OG.sdf.gz	2771	2026-09-24T16:21:38+08:00
arm	A3_genconf_detbox	vinardo	posebusters	7XG5_PLP	20260922	ok		5	-7.5	vinardo	kcal/mol (empirical score, not a measured free energy)	-31.018	-48.656	35.42	25.0	8	genconf	/home/qasim/vgb_bench_data/prepared/receptors/posebusters/7XG5_PLP/receptor.pdbqt	25.33	182.7	5	/home/qasim/vgb_bench_data/poses/A3_genconf_detbox/vinardo/posebusters/7XG5_PLP.sdf.gz	1910	2026-09-24T16:22:37+08:00
arm	A3_genconf_detbox	vinardo	posebusters	7UTW_NAI	20260922	ok		3	-6.9	vinardo	kcal/mol (empirical score, not a measured free energy)	17.442	-15.733	-2.773	25.0	8	genconf	/home/qasim/vgb_bench_data/prepared/receptors/posebusters/7UTW_NAI/receptor.pdbqt	629.62	182.4	5	/home/qasim/vgb_bench_data/poses/A3_genconf_detbox/vinardo/posebusters/7UTW_NAI.sdf.gz	3264	2026-09-24T16:12:36+08:00
arm	A3_genconf_detbox	vinardo	posebusters	7XJN_NSD	20260922	ok		5	-7.2	vinardo	kcal/mol (empirical score, not a measured free energy)	-29.608	-13.692	6.56	25.0	8	genconf	/home/qasim/vgb_bench_data/prepared/receptors/posebusters/7XJN_NSD/receptor.pdbqt	19.42	182.7	5	/home/qasim/vgb_bench_data/poses/A3_genconf_detbox/vinardo/posebusters/7XJN_NSD.sdf.gz	1972	2026-09-24T16:23:03+08:00
arm	A3_genconf_detbox	vinardo	posebusters	7XI7_4RI	20260922	ok		5	-5.5	vinardo	kcal/mol (empirical score, not a measured free energy)	2.344	-35.142	-3.915	25.0	8	genconf	/home/qasim/vgb_bench_data/prepared/receptors/posebusters/7XI7_4RI/receptor.pdbqt	40.91	182.6	5	/home/qasim/vgb_bench_data/poses/A3_genconf_detbox/vinardo/posebusters/7XI7_4RI.sdf.gz	2942	2026-09-24T16:22:49+08:00
arm	A3_genconf_detbox	vinardo	posebusters	7XRL_FWK	20260922	ok		5	-7.2	vinardo	kcal/mol (empirical score, not a measured free energy)	17.307	8.909	34.857	25.0	8	genconf	/home/qasim/vgb_bench_data/prepared/receptors/posebusters/7XRL_FWK/receptor.pdbqt	28.47	182.6	5	/home/qasim/vgb_bench_data/poses/A3_genconf_detbox/vinardo/posebusters/7XRL_FWK.sdf.gz	2486	2026-09-24T16:23:30+08:00
arm	A3_genconf_detbox	vinardo	posebusters	7YZU_DO7	20260922	ok		5	-6.4	vinardo	kcal/mol (empirical score, not a measured free energy)	11.203	-22.829	-18.311	25.0	8	genconf	/home/qasim/vgb_bench_data/prepared/receptors/posebusters/7YZU_DO7/receptor.pdbqt	24.13	182.6	5	/home/qasim/vgb_bench_data/poses/A3_genconf_detbox/vinardo/posebusters/7YZU_DO7.sdf.gz	2179	2026-09-24T16:23:59+08:00
arm	A3_genconf_detbox	vinardo	posebusters	7Z1Q_NIO	20260922	ok		5	-5.7	vinardo	kcal/mol (empirical score, not a measured free energy)	1.721	29.09	-8.607	25.0	8	genconf	/home/qasim/vgb_bench_data/prepared/receptors/posebusters/7Z1Q_NIO/receptor.pdbqt	8.07	182.6	5	/home/qasim/vgb_bench_data/poses/A3_genconf_detbox/vinardo/posebusters/7Z1Q_NIO.sdf.gz	1183	2026-09-24T16:24:23+08:00
arm	A3_genconf_detbox	vinardo	posebusters	7XQZ_FPF	20260922	ok		5	-12.2	vinardo	kcal/mol (empirical score, not a measured free energy)	-20.043	-3.147	-19.633	25.0	8	genconf	/home/qasim/vgb_bench_data/prepared/receptors/posebusters/7XQZ_FPF/receptor.pdbqt	79.51	182.7	5	/home/qasim/vgb_bench_data/poses/A3_genconf_detbox/vinardo/posebusters/7XQZ_FPF.sdf.gz	3569	2026-09-24T16:23:22+08:00
arm	A3_genconf_detbox	vinardo	posebusters	7Z2O_IAJ	20260922	ok		5	-5.2	vinardo	kcal/mol (empirical score, not a measured free energy)	1.189	5.847	29.406	25.0	8	genconf	/home/qasim/vgb_bench_data/prepared/receptors/posebusters/7Z2O_IAJ/receptor.pdbqt	12.44	182.6	5	/home/qasim/vgb_bench_data/poses/A3_genconf_detbox/vinardo/posebusters/7Z2O_IAJ.sdf.gz	1682	2026-09-24T16:24:31+08:00
arm	A3_genconf_detbox	vinardo	posebusters	7XBV_APC	20260922	ok		5	-9.9	vinardo	kcal/mol (empirical score, not a measured free energy)	-40.36	5.494	-0.261	25.0	8	genconf	/home/qasim/vgb_bench_data/prepared/receptors/posebusters/7XBV_APC/receptor.pdbqt	170.66	182.6	5	/home/qasim/vgb_bench_data/poses/A3_genconf_detbox/vinardo/posebusters/7XBV_APC.sdf.gz	3431	2026-09-24T16:21:57+08:00
arm	A3_genconf_detbox	vinardo	posebusters	7Z7F_IF3	20260922	ok		5	-7.7	vinardo	kcal/mol (empirical score, not a measured free energy)	15.635	28.827	4.435	25.0	8	genconf	/home/qasim/vgb_bench_data/prepared/receptors/posebusters/7Z7F_IF3/receptor.pdbqt	13.37	182.7	5	/home/qasim/vgb_bench_data/poses/A3_genconf_detbox/vinardo/posebusters/7Z7F_IF3.sdf.gz	1994	2026-09-24T16:24:41+08:00
arm	A3_genconf_detbox	vinardo	posebusters	7ZDY_6MJ	20260922	ok		5	-3.9	vinardo	kcal/mol (empirical score, not a measured free energy)	9.593	-3.525	61.233	25.0	8	genconf	/home/qasim/vgb_bench_data/prepared/receptors/posebusters/7ZDY_6MJ/receptor.pdbqt	8.33	182.6	5	/home/qasim/vgb_bench_data/poses/A3_genconf_detbox/vinardo/posebusters/7ZDY_6MJ.sdf.gz	1813	2026-09-24T16:24:47+08:00
arm	A3_genconf_detbox	vinardo	posebusters	7ZCC_OGA	20260922	ok		5	-5.3	vinardo	kcal/mol (empirical score, not a measured free energy)	39.442	17.444	56.926	25.0	8	genconf	/home/qasim/vgb_bench_data/prepared/receptors/posebusters/7ZCC_OGA/receptor.pdbqt	12.61	182.6	5	/home/qasim/vgb_bench_data/poses/A3_genconf_detbox/vinardo/posebusters/7ZCC_OGA.sdf.gz	1252	2026-09-24T16:24:43+08:00
arm	A3_genconf_detbox	vinardo	posebusters	7ZHP_IQY	20260922	failed	vinardo: ATOM     26  C   UNL     1      -5.400  -0.268  -0.963  1.00  0.00    +0.040 CG0			vinardo	kcal/mol (empirical score, not a measured free energy)	69.453	37.403	1.75	25.0	8	genconf	/home/qasim/vgb_bench_data/prepared/receptors/posebusters/7ZHP_IQY/receptor.pdbqt	0.11		5			2026-09-24T16:24:56+08:00
arm	A3_genconf_detbox	vinardo	posebusters	7ZF0_DHR	20260922	ok		5	-6.0	vinardo	kcal/mol (empirical score, not a measured free energy)	32.512	57.275	47.858	25.0	8	genconf	/home/qasim/vgb_bench_data/prepared/receptors/posebusters/7ZF0_DHR/receptor.pdbqt	9.57	182.7	5	/home/qasim/vgb_bench_data/poses/A3_genconf_detbox/vinardo/posebusters/7ZF0_DHR.sdf.gz	1447	2026-09-24T16:24:55+08:00
arm	A3_genconf_detbox	vinardo	posebusters	7ZOC_T8E	20260922	ok		5	-7.4	vinardo	kcal/mol (empirical score, not a measured free energy)	17.918	13.052	35.954	25.0	8	genconf	/home/qasim/vgb_bench_data/prepared/receptors/posebusters/7ZOC_T8E/receptor.pdbqt	17.39	182.6	5	/home/qasim/vgb_bench_data/poses/A3_genconf_detbox/vinardo/posebusters/7ZOC_T8E.sdf.gz	2128	2026-09-24T16:24:56+08:00
arm	A3_genconf_detbox	vinardo	posebusters	7ZTL_BCN	20260922	ok		5	-3.9	vinardo	kcal/mol (empirical score, not a measured free energy)	-29.37	32.574	8.707	25.0	8	genconf	/home/qasim/vgb_bench_data/prepared/receptors/posebusters/7ZTL_BCN/receptor.pdbqt	18.52	182.7	5	/home/qasim/vgb_bench_data/poses/A3_genconf_detbox/vinardo/posebusters/7ZTL_BCN.sdf.gz	1898	2026-09-24T16:25:04+08:00
arm	A3_genconf_detbox	vinardo	posebusters	7XFA_D9J	20260922	ok		5	-7.9	vinardo	kcal/mol (empirical score, not a measured free energy)	-13.623	-10.433	-2.28	25.0	8	genconf	/home/qasim/vgb_bench_data/prepared/receptors/posebusters/7XFA_D9J/receptor.pdbqt	193.6	182.6	5	/home/qasim/vgb_bench_data/poses/A3_genconf_detbox/vinardo/posebusters/7XFA_D9J.sdf.gz	4170	2026-09-24T16:22:13+08:00
arm	A3_genconf_detbox	vinardo	posebusters	7ZU2_DHT	20260922	ok		1	-9.6	vinardo	kcal/mol (empirical score, not a measured free energy)	-26.314	2.725	-4.986	25.0	8	genconf	/home/qasim/vgb_bench_data/prepared/receptors/posebusters/7ZU2_DHT/receptor.pdbqt	14.87	182.6	5	/home/qasim/vgb_bench_data/poses/A3_genconf_detbox/vinardo/posebusters/7ZU2_DHT.sdf.gz	1019	2026-09-24T16:25:13+08:00
arm	A3_genconf_detbox	vinardo	posebusters	7ZL5_IWE	20260922	ok		5	-7.3	vinardo	kcal/mol (empirical score, not a measured free energy)	5.963	32.259	49.703	25.0	8	genconf	/home/qasim/vgb_bench_data/prepared/receptors/posebusters/7ZL5_IWE/receptor.pdbqt	55.85	182.6	5	/home/qasim/vgb_bench_data/poses/A3_genconf_detbox/vinardo/posebusters/7ZL5_IWE.sdf.gz	2515	2026-09-24T16:24:56+08:00
arm	A3_genconf_detbox	vinardo	posebusters	8A1H_DLZ	20260922	ok		3	-9.8	vinardo	kcal/mol (empirical score, not a measured free energy)	-68.205	39.334	-6.652	25.0	8	genconf	/home/qasim/vgb_bench_data/prepared/receptors/posebusters/8A1H_DLZ/receptor.pdbqt	38.87	182.6	5	/home/qasim/vgb_bench_data/poses/A3_genconf_detbox/vinardo/posebusters/8A1H_DLZ.sdf.gz	1927	2026-09-24T16:25:28+08:00
arm	A3_genconf_detbox	vinardo	posebusters	7ZZW_KKW	20260922	ok		5	-8.3	vinardo	kcal/mol (empirical score, not a measured free energy)	21.17	-19.171	1.971	25.0	8	genconf	/home/qasim/vgb_bench_data/prepared/receptors/posebusters/7ZZW_KKW/receptor.pdbqt	72.06	182.6	5	/home/qasim/vgb_bench_data/poses/A3_genconf_detbox/vinardo/posebusters/7ZZW_KKW.sdf.gz	3711	2026-09-24T16:25:27+08:00
arm	A3_genconf_detbox	vinardo	posebusters	7XPO_UPG	20260922	ok		5	-6.4	vinardo	kcal/mol (empirical score, not a measured free energy)	5.404	-7.19	21.705	25.0	8	genconf	/home/qasim/vgb_bench_data/prepared/receptors/posebusters/7XPO_UPG/receptor.pdbqt	218.78	182.4	5	/home/qasim/vgb_bench_data/poses/A3_genconf_detbox/vinardo/posebusters/7XPO_UPG.sdf.gz	4251	2026-09-24T16:23:05+08:00
arm	A3_genconf_detbox	vinardo	posebusters	8AEM_LVF	20260922	ok		5	-6.5	vinardo	kcal/mol (empirical score, not a measured free energy)	-122.061	-181.881	310.716	25.0	8	genconf	/home/qasim/vgb_bench_data/prepared/receptors/posebusters/8AEM_LVF/receptor.pdbqt	11.75	182.6	5	/home/qasim/vgb_bench_data/poses/A3_genconf_detbox/vinardo/posebusters/8AEM_LVF.sdf.gz	1568	2026-09-24T16:26:39+08:00
arm	A3_genconf_detbox	vinardo	posebusters	8AAU_LH0	20260922	ok		5	-7.5	vinardo	kcal/mol (empirical score, not a measured free energy)	-19.812	37.302	-19.403	25.0	8	genconf	/home/qasim/vgb_bench_data/prepared/receptors/posebusters/8AAU_LH0/receptor.pdbqt	82.23	182.6	5	/home/qasim/vgb_bench_data/poses/A3_genconf_detbox/vinardo/posebusters/8AAU_LH0.sdf.gz	2869	2026-09-24T16:26:07+08:00
arm	A3_genconf_detbox	vinardo	posebusters	7ZXV_45D	20260922	ok		5	-13.1	vinardo	kcal/mol (empirical score, not a measured free energy)	20.272	12.483	-11.493	25.0	8	genconf	/home/qasim/vgb_bench_data/prepared/receptors/posebusters/7ZXV_45D/receptor.pdbqt	137.06	182.7	5	/home/qasim/vgb_bench_data/poses/A3_genconf_detbox/vinardo/posebusters/7ZXV_45D.sdf.gz	6346	2026-09-24T16:25:23+08:00
arm	A3_genconf_detbox	vinardo	posebusters	8AUH_L9I	20260922	ok		5	-5.2	vinardo	kcal/mol (empirical score, not a measured free energy)	-12.56	16.317	-3.573	25.0	8	genconf	/home/qasim/vgb_bench_data/prepared/receptors/posebusters/8AUH_L9I/receptor.pdbqt	14.63	182.7	5	/home/qasim/vgb_bench_data/poses/A3_genconf_detbox/vinardo/posebusters/8AUH_L9I.sdf.gz	1544	2026-09-24T16:27:40+08:00
arm	A3_genconf_detbox	vinardo	posebusters	8AP0_PRP	20260922	ok		5	-6.7	vinardo	kcal/mol (empirical score, not a measured free energy)	16.496	1.181	33.252	25.0	8	genconf	/home/qasim/vgb_bench_data/prepared/receptors/posebusters/8AP0_PRP/receptor.pdbqt	65.2	182.6	5	/home/qasim/vgb_bench_data/poses/A3_genconf_detbox/vinardo/posebusters/8AP0_PRP.sdf.gz	2493	2026-09-24T16:26:51+08:00
arm	A3_genconf_detbox	vinardo	posebusters	8AIE_M7L	20260922	ok		5	-8.0	vinardo	kcal/mol (empirical score, not a measured free energy)	-6.703	-8.269	7.77	25.0	8	genconf	/home/qasim/vgb_bench_data/prepared/receptors/posebusters/8AIE_M7L/receptor.pdbqt	85.98	182.4	5	/home/qasim/vgb_bench_data/poses/A3_genconf_detbox/vinardo/posebusters/8AIE_M7L.sdf.gz	2761	2026-09-24T16:26:44+08:00
arm	A3_genconf_detbox	vinardo	posebusters	8AQL_PLG	20260922	ok		5	-2.9	vinardo	kcal/mol (empirical score, not a measured free energy)	4.138	39.627	13.826	25.0	8	genconf	/home/qasim/vgb_bench_data/prepared/receptors/posebusters/8AQL_PLG/receptor.pdbqt	57.37	182.6	5	/home/qasim/vgb_bench_data/poses/A3_genconf_detbox/vinardo/posebusters/8AQL_PLG.sdf.gz	2492	2026-09-24T16:27:29+08:00
arm	A3_genconf_detbox	vinardo	posebusters	8BTI_RFO	20260922	ok		5	-8.7	vinardo	kcal/mol (empirical score, not a measured free energy)	25.158	67.69	72.633	25.0	8	genconf	/home/qasim/vgb_bench_data/prepared/receptors/posebusters/8BTI_RFO/receptor.pdbqt	19.82	182.6	5	/home/qasim/vgb_bench_data/poses/A3_genconf_detbox/vinardo/posebusters/8BTI_RFO.sdf.gz	1879	2026-09-24T16:28:27+08:00
arm	A3_genconf_detbox	vinardo	posebusters	8B8H_OJQ	20260922	ok		5	-11.4	vinardo	kcal/mol (empirical score, not a measured free energy)	48.367	24.858	8.936	25.0	8	genconf	/home/qasim/vgb_bench_data/prepared/receptors/posebusters/8B8H_OJQ/receptor.pdbqt	57.46	182.6	5	/home/qasim/vgb_bench_data/poses/A3_genconf_detbox/vinardo/posebusters/8B8H_OJQ.sdf.gz	2644	2026-09-24T16:27:56+08:00
arm	A3_genconf_detbox	vinardo	posebusters	8AY3_OE3	20260922	ok		5	-6.8	vinardo	kcal/mol (empirical score, not a measured free energy)	-3.354	7.368	42.018	25.0	8	genconf	/home/qasim/vgb_bench_data/prepared/receptors/posebusters/8AY3_OE3/receptor.pdbqt	86.51	182.7	5	/home/qasim/vgb_bench_data/poses/A3_genconf_detbox/vinardo/posebusters/8AY3_OE3.sdf.gz	3138	2026-09-24T16:27:55+08:00
arm	A3_genconf_detbox	vinardo	posebusters	8C5M_MTA	20260922	ok		5	-5.6	vinardo	kcal/mol (empirical score, not a measured free energy)	69.905	-24.919	18.552	25.0	8	genconf	/home/qasim/vgb_bench_data/prepared/receptors/posebusters/8C5M_MTA/receptor.pdbqt	32.1	182.6	5	/home/qasim/vgb_bench_data/poses/A3_genconf_detbox/vinardo/posebusters/8C5M_MTA.sdf.gz	2591	2026-09-24T16:28:53+08:00
arm	A3_genconf_detbox	vinardo	posebusters	8CSD_C5P	20260922	ok		5	-7.2	vinardo	kcal/mol (empirical score, not a measured free energy)	12.845	19.064	20.666	25.0	8	genconf	/home/qasim/vgb_bench_data/prepared/receptors/posebusters/8CSD_C5P/receptor.pdbqt	45.89	182.6	5	/home/qasim/vgb_bench_data/poses/A3_genconf_detbox/vinardo/posebusters/8CSD_C5P.sdf.gz	2615	2026-09-24T16:29:25+08:00
arm	A3_genconf_detbox	vinardo	posebusters	8C3N_ADP	20260922	ok		5	-7.6	vinardo	kcal/mol (empirical score, not a measured free energy)	4.35	-22.938	-44.592	25.0	8	genconf	/home/qasim/vgb_bench_data/prepared/receptors/posebusters/8C3N_ADP/receptor.pdbqt	96.44	182.6	5	/home/qasim/vgb_bench_data/poses/A3_genconf_detbox/vinardo/posebusters/8C3N_ADP.sdf.gz	3015	2026-09-24T16:28:46+08:00
arm	A3_genconf_detbox	vinardo	posebusters	8CNH_V6U	20260922	ok		5	-7.1	vinardo	kcal/mol (empirical score, not a measured free energy)	-30.5	14.964	-7.482	25.0	8	genconf	/home/qasim/vgb_bench_data/prepared/receptors/posebusters/8CNH_V6U/receptor.pdbqt	68.95	182.7	5	/home/qasim/vgb_bench_data/poses/A3_genconf_detbox/vinardo/posebusters/8CNH_V6U.sdf.gz	2902	2026-09-24T16:29:21+08:00
arm	A3_genconf_detbox	vinardo	posebusters	8BOM_QU6	20260922	ok		5	-8.4	vinardo	kcal/mol (empirical score, not a measured free energy)	-78.736	-1.863	108.239	25.0	8	genconf	/home/qasim/vgb_bench_data/prepared/receptors/posebusters/8BOM_QU6/receptor.pdbqt	149.5	182.4	5	/home/qasim/vgb_bench_data/poses/A3_genconf_detbox/vinardo/posebusters/8BOM_QU6.sdf.gz	4041	2026-09-24T16:28:10+08:00
arm	A3_genconf_detbox	vinardo	posebusters	8D39_QDB	20260922	ok		1	-11.1	vinardo	kcal/mol (empirical score, not a measured free energy)	3.535	1.169	19.568	25.0	8	genconf	/home/qasim/vgb_bench_data/prepared/receptors/posebusters/8D39_QDB/receptor.pdbqt	20.8	182.6	5	/home/qasim/vgb_bench_data/poses/A3_genconf_detbox/vinardo/posebusters/8D39_QDB.sdf.gz	647	2026-09-24T16:30:23+08:00
arm	A3_genconf_detbox	vinardo	posebusters	8DKO_TFB	20260922	ok		5	-4.4	vinardo	kcal/mol (empirical score, not a measured free energy)	34.648	-12.592	20.758	25.0	8	genconf	/home/qasim/vgb_bench_data/prepared/receptors/posebusters/8DKO_TFB/receptor.pdbqt	6.2	182.6	5	/home/qasim/vgb_bench_data/poses/A3_genconf_detbox/vinardo/posebusters/8DKO_TFB.sdf.gz	1287	2026-09-24T16:30:44+08:00
arm	A3_genconf_detbox	vinardo	posebusters	8A2D_KXY	20260922	ok		5	-8.0	vinardo	kcal/mol (empirical score, not a measured free energy)	-22.493	-11.704	-3.109	25.0	8	genconf	/home/qasim/vgb_bench_data/prepared/receptors/posebusters/8A2D_KXY/receptor.pdbqt	313.0	182.6	5	/home/qasim/vgb_bench_data/poses/A3_genconf_detbox/vinardo/posebusters/8A2D_KXY.sdf.gz	5922	2026-09-24T16:25:52+08:00
arm	A3_genconf_detbox	vinardo	posebusters	8DSC_NCA	20260922	ok		5	-6.8	vinardo	kcal/mol (empirical score, not a measured free energy)	7.712	-9.16	36.287	25.0	8	genconf	/home/qasim/vgb_bench_data/prepared/receptors/posebusters/8DSC_NCA/receptor.pdbqt	9.31	182.6	5	/home/qasim/vgb_bench_data/poses/A3_genconf_detbox/vinardo/posebusters/8DSC_NCA.sdf.gz	1212	2026-09-24T16:31:05+08:00
arm	A3_genconf_detbox	vinardo	posebusters	8D19_GSH	20260922	ok		5	-6.8	vinardo	kcal/mol (empirical score, not a measured free energy)	9.379	15.904	39.398	25.0	8	genconf	/home/qasim/vgb_bench_data/prepared/receptors/posebusters/8D19_GSH/receptor.pdbqt	71.46	182.6	5	/home/qasim/vgb_bench_data/poses/A3_genconf_detbox/vinardo/posebusters/8D19_GSH.sdf.gz	2627	2026-09-24T16:30:11+08:00
arm	A3_genconf_detbox	vinardo	posebusters	8EX2_Q2Q	20260922	ok		5	-8.8	vinardo	kcal/mol (empirical score, not a measured free energy)	26.646	5.493	21.325	25.0	8	genconf	/home/qasim/vgb_bench_data/prepared/receptors/posebusters/8EX2_Q2Q/receptor.pdbqt	37.99	182.6	5	/home/qasim/vgb_bench_data/poses/A3_genconf_detbox/vinardo/posebusters/8EX2_Q2Q.sdf.gz	2783	2026-09-24T16:31:23+08:00
arm	A3_genconf_detbox	vinardo	posebusters	8EXL_799	20260922	failed	vinardo: ATOM     21  C   UNL     1      -2.202   1.992  -2.475  1.00  0.00    +0.165 CG0			vinardo	kcal/mol (empirical score, not a measured free energy)	9.032	14.605	28.177	25.0	8	genconf	/home/qasim/vgb_bench_data/prepared/receptors/posebusters/8EXL_799/receptor.pdbqt	0.17		5			2026-09-24T16:32:01+08:00
arm	A3_genconf_detbox	vinardo	posebusters	8D5D_5DK	20260922	ok		5	-8.4	vinardo	kcal/mol (empirical score, not a measured free energy)	6.699	-11.207	36.928	25.0	8	genconf	/home/qasim/vgb_bench_data/prepared/receptors/posebusters/8D5D_5DK/receptor.pdbqt	116.36	182.7	5	/home/qasim/vgb_bench_data/poses/A3_genconf_detbox/vinardo/posebusters/8D5D_5DK.sdf.gz	3389	2026-09-24T16:30:30+08:00
arm	A3_genconf_detbox	vinardo	posebusters	8EYE_X4I	20260922	ok		5	-8.6	vinardo	kcal/mol (empirical score, not a measured free energy)	33.607	-7.862	7.283	25.0	8	genconf	/home/qasim/vgb_bench_data/prepared/receptors/posebusters/8EYE_X4I/receptor.pdbqt	106.9	182.6	5	/home/qasim/vgb_bench_data/poses/A3_genconf_detbox/vinardo/posebusters/8EYE_X4I.sdf.gz	3430	2026-09-24T16:32:01+08:00
arm	A3_genconf_detbox	vinardo	posebusters	8DHG_T78	20260922	ok		2	-8.0	vinardo	kcal/mol (empirical score, not a measured free energy)	33.836	-18.751	19.743	25.0	8	genconf	/home/qasim/vgb_bench_data/prepared/receptors/posebusters/8DHG_T78/receptor.pdbqt	197.11	182.4	5	/home/qasim/vgb_bench_data/poses/A3_genconf_detbox/vinardo/posebusters/8DHG_T78.sdf.gz	1720	2026-09-24T16:30:40+08:00
arm	A3_genconf_detbox	vinardo	posebusters	8F8E_XJI	20260922	ok		1	-12.5	vinardo	kcal/mol (empirical score, not a measured free energy)	-24.766	-23.222	-7.655	25.0	8	genconf	/home/qasim/vgb_bench_data/prepared/receptors/posebusters/8F8E_XJI/receptor.pdbqt	124.71	182.6	5	/home/qasim/vgb_bench_data/poses/A3_genconf_detbox/vinardo/posebusters/8F8E_XJI.sdf.gz	926	2026-09-24T16:33:48+08:00
arm	A3_genconf_detbox	vinardo	posebusters	8FAV_4Y5	20260922	ok		5	-8.0	vinardo	kcal/mol (empirical score, not a measured free energy)	-10.067	-56.057	-24.807	25.0	8	genconf	/home/qasim/vgb_bench_data/prepared/receptors/posebusters/8FAV_4Y5/receptor.pdbqt	119.1	182.4	5	/home/qasim/vgb_bench_data/poses/A3_genconf_detbox/vinardo/posebusters/8FAV_4Y5.sdf.gz	3021	2026-09-24T16:33:57+08:00
arm	A3_genconf_detbox	vinardo	posebusters	8FO5_Y4U	20260922	ok		5	-9.6	vinardo	kcal/mol (empirical score, not a measured free energy)	23.248	-4.339	-23.182	25.0	8	genconf	/home/qasim/vgb_bench_data/prepared/receptors/posebusters/8FO5_Y4U/receptor.pdbqt	20.66	182.4	5	/home/qasim/vgb_bench_data/poses/A3_genconf_detbox/vinardo/posebusters/8FO5_Y4U.sdf.gz	2033	2026-09-24T16:35:56+08:00
arm	A3_genconf_detbox	vinardo	posebusters	8EAB_VN2	20260922	ok		5	-8.1	vinardo	kcal/mol (empirical score, not a measured free energy)	25.852	-4.19	37.328	25.0	8	genconf	/home/qasim/vgb_bench_data/prepared/receptors/posebusters/8EAB_VN2/receptor.pdbqt	337.96	182.6	5	/home/qasim/vgb_bench_data/poses/A3_genconf_detbox/vinardo/posebusters/8EAB_VN2.sdf.gz	4803	2026-09-24T16:31:14+08:00
arm	A3_genconf_detbox	vinardo	posebusters	8G6P_API	20260922	ok		5	-5.8	vinardo	kcal/mol (empirical score, not a measured free energy)	-22.05	14.914	-14.122	25.0	8	genconf	/home/qasim/vgb_bench_data/prepared/receptors/posebusters/8G6P_API/receptor.pdbqt	27.65	182.6	5	/home/qasim/vgb_bench_data/poses/A3_genconf_detbox/vinardo/posebusters/8G6P_API.sdf.gz	1987	2026-09-24T16:36:52+08:00
arm	A3_genconf_detbox	vinardo	posebusters	8FLV_ZB9	20260922	ok		5	-9.1	vinardo	kcal/mol (empirical score, not a measured free energy)	-16.041	6.689	-9.236	25.0	8	genconf	/home/qasim/vgb_bench_data/prepared/receptors/posebusters/8FLV_ZB9/receptor.pdbqt	89.16	182.6	5	/home/qasim/vgb_bench_data/poses/A3_genconf_detbox/vinardo/posebusters/8FLV_ZB9.sdf.gz	3527	2026-09-24T16:35:53+08:00
arm	A3_genconf_detbox	vinardo	posebusters	8G0V_YHT	20260922	ok		5	-7.7	vinardo	kcal/mol (empirical score, not a measured free energy)	-8.54	-1.725	-1.23	25.0	8	genconf	/home/qasim/vgb_bench_data/prepared/receptors/posebusters/8G0V_YHT/receptor.pdbqt	87.13	182.4	5	/home/qasim/vgb_bench_data/poses/A3_genconf_detbox/vinardo/posebusters/8G0V_YHT.sdf.gz	3071	2026-09-24T16:36:17+08:00
arm	A3_genconf_detbox	vinardo	posebusters	8HO0_3ZI	20260922	ok		5	-6.1	vinardo	kcal/mol (empirical score, not a measured free energy)	-10.823	23.737	-4.247	25.0	8	genconf	/home/qasim/vgb_bench_data/prepared/receptors/posebusters/8HO0_3ZI/receptor.pdbqt	31.84	182.4	5	/home/qasim/vgb_bench_data/poses/A3_genconf_detbox/vinardo/posebusters/8HO0_3ZI.sdf.gz	2801	2026-09-24T16:37:44+08:00
arm	A3_genconf_detbox	vinardo	posebusters	8HFN_XGC	20260922	ok		5	-6.0	vinardo	kcal/mol (empirical score, not a measured free energy)	59.56	0.382	-7.312	25.0	8	genconf	/home/qasim/vgb_bench_data/prepared/receptors/posebusters/8HFN_XGC/receptor.pdbqt	64.17	182.6	5	/home/qasim/vgb_bench_data/poses/A3_genconf_detbox/vinardo/posebusters/8HFN_XGC.sdf.gz	2974	2026-09-24T16:37:22+08:00
arm	A3_genconf_detbox	vinardo	posebusters	8GFD_ZHR	20260922	ok		5	-7.0	vinardo	kcal/mol (empirical score, not a measured free energy)	-44.179	-60.438	-9.002	25.0	8	genconf	/home/qasim/vgb_bench_data/prepared/receptors/posebusters/8GFD_ZHR/receptor.pdbqt	75.16	182.6	5	/home/qasim/vgb_bench_data/poses/A3_genconf_detbox/vinardo/posebusters/8GFD_ZHR.sdf.gz	3518	2026-09-24T16:37:20+08:00
arm	A3_genconf_detbox	vinardo	posebusters	8SLG_G5A	20260922	ok		5	-8.1	vinardo	kcal/mol (empirical score, not a measured free energy)	-17.725	59.623	-1.42	25.0	8	genconf	/home/qasim/vgb_bench_data/prepared/receptors/posebusters/8SLG_G5A/receptor.pdbqt	72.4	182.4	5	/home/qasim/vgb_bench_data/poses/A3_genconf_detbox/vinardo/posebusters/8SLG_G5A.sdf.gz	3208	2026-09-24T16:38:16+08:00
arm	A3_genconf_detbox	vinardo	posebusters	8DP2_UMA	20260922	ok		5	-5.8	vinardo	kcal/mol (empirical score, not a measured free energy)	54.949	13.907	16.427	25.0	8	genconf	/home/qasim/vgb_bench_data/prepared/receptors/posebusters/8DP2_UMA/receptor.pdbqt	612.53	182.6	5	/home/qasim/vgb_bench_data/poses/A3_genconf_detbox/vinardo/posebusters/8DP2_UMA.sdf.gz	5811	2026-09-24T16:30:50+08:00
arm	A3_genconf_detbox	vinardo	posebusters	8F4J_PHO	20260922	ok		2	26.7	vinardo	kcal/mol (empirical score, not a measured free energy)	-48.712	42.826	333.776	25.0	8	genconf	/home/qasim/vgb_bench_data/prepared/receptors/posebusters/8F4J_PHO/receptor.pdbqt	970.07	182.7	5	/home/qasim/vgb_bench_data/poses/A3_genconf_detbox/vinardo/posebusters/8F4J_PHO.sdf.gz	4114	2026-09-24T16:32:26+08:00
