run_kind	arm	method	dataset	key	seed	status	reason	n_poses	top_score	score_function	score_units	box_center_x	box_center_y	box_center_z	box_size	exhaustiveness	conformer_source	receptor	elapsed_s	peak_rss_mb	jobs	pose_archive	pose_archive_bytes	recorded
arm	A3_genconf_detbox	vina	posebusters	5SAK_ZRY	20260922	cached				vina	kcal/mol (empirical score, not a measured free energy)	23.112	4.138	56.26	25.0	8	genconf	/home/qasim/vgb_bench_data/prepared/receptors/posebusters/5SAK_ZRY/receptor.pdbqt	0.0		5	/home/qasim/vgb_bench_data/poses/A3_genconf_detbox/vina/posebusters/5SAK_ZRY.sdf.gz	2199	2026-09-24T13:15:14+08:00
arm	A3_genconf_detbox	vina	posebusters	5SB2_1K2	20260922	cached				vina	kcal/mol (empirical score, not a measured free energy)	-20.734	0.85	0.395	25.0	8	genconf	/home/qasim/vgb_bench_data/prepared/receptors/posebusters/5SB2_1K2/receptor.pdbqt	0.0		5	/home/qasim/vgb_bench_data/poses/A3_genconf_detbox/vina/posebusters/5SB2_1K2.sdf.gz	3492	2026-09-24T13:15:14+08:00
arm	A3_genconf_detbox	vina	posebusters	6M2B_EZO	20260922	cached				vina	kcal/mol (empirical score, not a measured free energy)	31.987	-20.751	19.54	25.0	8	genconf	/home/qasim/vgb_bench_data/prepared/receptors/posebusters/6M2B_EZO/receptor.pdbqt	0.0		5	/home/qasim/vgb_bench_data/poses/A3_genconf_detbox/vina/posebusters/6M2B_EZO.sdf.gz	2768	2026-09-24T13:15:14+08:00
arm	A3_genconf_detbox	vina	posebusters	5SD5_HWI	20260922	cached				vina	kcal/mol (empirical score, not a measured free energy)	15.561	-2.809	13.331	25.0	8	genconf	/home/qasim/vgb_bench_data/prepared/receptors/posebusters/5SD5_HWI/receptor.pdbqt	0.0		5	/home/qasim/vgb_bench_data/poses/A3_genconf_detbox/vina/posebusters/5SD5_HWI.sdf.gz	3954	2026-09-24T13:15:14+08:00
arm	A3_genconf_detbox	vina	posebusters	6T88_MWQ	20260922	cached				vina	kcal/mol (empirical score, not a measured free energy)	0.161	-30.86	-12.163	25.0	8	genconf	/home/qasim/vgb_bench_data/prepared/receptors/posebusters/6T88_MWQ/receptor.pdbqt	0.0		5	/home/qasim/vgb_bench_data/poses/A3_genconf_detbox/vina/posebusters/6T88_MWQ.sdf.gz	1446	2026-09-24T13:15:14+08:00
arm	A3_genconf_detbox	vina	posebusters	5SIS_JSM	20260922	cached				vina	kcal/mol (empirical score, not a measured free energy)	33.655	105.873	62.69	25.0	8	genconf	/home/qasim/vgb_bench_data/prepared/receptors/posebusters/5SIS_JSM/receptor.pdbqt	0.0		5	/home/qasim/vgb_bench_data/poses/A3_genconf_detbox/vina/posebusters/5SIS_JSM.sdf.gz	3960	2026-09-24T13:15:14+08:00
arm	A3_genconf_detbox	vina	posebusters	6TW7_NZB	20260922	cached				vina	kcal/mol (empirical score, not a measured free energy)	5.118	37.427	52.062	25.0	8	genconf	/home/qasim/vgb_bench_data/prepared/receptors/posebusters/6TW7_NZB/receptor.pdbqt	0.0		5	/home/qasim/vgb_bench_data/poses/A3_genconf_detbox/vina/posebusters/6TW7_NZB.sdf.gz	3639	2026-09-24T13:15:14+08:00
arm	A3_genconf_detbox	vina	posebusters	6TW5_9M2	20260922	cached				vina	kcal/mol (empirical score, not a measured free energy)	22.199	23.531	53.329	25.0	8	genconf	/home/qasim/vgb_bench_data/prepared/receptors/posebusters/6TW5_9M2/receptor.pdbqt	0.0		5	/home/qasim/vgb_bench_data/poses/A3_genconf_detbox/vina/posebusters/6TW5_9M2.sdf.gz	4080	2026-09-24T13:15:14+08:00
arm	A3_genconf_detbox	vina	posebusters	6VTA_AKN	20260922	cached				vina	kcal/mol (empirical score, not a measured free energy)	99.974	12.932	42.699	25.0	8	genconf	/home/qasim/vgb_bench_data/prepared/receptors/posebusters/6VTA_AKN/receptor.pdbqt	0.0		5	/home/qasim/vgb_bench_data/poses/A3_genconf_detbox/vina/posebusters/6VTA_AKN.sdf.gz	5845	2026-09-24T13:15:14+08:00
arm	A3_genconf_detbox	vina	posebusters	6XBO_5MC	20260922	cached				vina	kcal/mol (empirical score, not a measured free energy)	16.385	-16.019	10.818	25.0	8	genconf	/home/qasim/vgb_bench_data/prepared/receptors/posebusters/6XBO_5MC/receptor.pdbqt	0.0		5	/home/qasim/vgb_bench_data/poses/A3_genconf_detbox/vina/posebusters/6XBO_5MC.sdf.gz	2709	2026-09-24T13:15:14+08:00
arm	A3_genconf_detbox	vina	posebusters	6WTN_RXT	20260922	cached				vina	kcal/mol (empirical score, not a measured free energy)	33.94	16.991	1.654	25.0	8	genconf	/home/qasim/vgb_bench_data/prepared/receptors/posebusters/6WTN_RXT/receptor.pdbqt	0.0		5	/home/qasim/vgb_bench_data/poses/A3_genconf_detbox/vina/posebusters/6WTN_RXT.sdf.gz	2429	2026-09-24T13:15:14+08:00
arm	A3_genconf_detbox	vina	posebusters	6XHT_V2V	20260922	cached				vina	kcal/mol (empirical score, not a measured free energy)	13.724	-32.811	21.19	25.0	8	genconf	/home/qasim/vgb_bench_data/prepared/receptors/posebusters/6XHT_V2V/receptor.pdbqt	0.0		5	/home/qasim/vgb_bench_data/poses/A3_genconf_detbox/vina/posebusters/6XHT_V2V.sdf.gz	4072	2026-09-24T13:15:14+08:00
arm	A3_genconf_detbox	vina	posebusters	6XCT_478	20260922	cached				vina	kcal/mol (empirical score, not a measured free energy)	10.744	6.507	13.239	25.0	8	genconf	/home/qasim/vgb_bench_data/prepared/receptors/posebusters/6XCT_478/receptor.pdbqt	0.0		5	/home/qasim/vgb_bench_data/poses/A3_genconf_detbox/vina/posebusters/6XCT_478.sdf.gz	4837	2026-09-24T13:15:14+08:00
arm	A3_genconf_detbox	vina	posebusters	6XG5_TOP	20260922	cached				vina	kcal/mol (empirical score, not a measured free energy)	-22.775	24.325	5.632	25.0	8	genconf	/home/qasim/vgb_bench_data/prepared/receptors/posebusters/6XG5_TOP/receptor.pdbqt	0.0		5	/home/qasim/vgb_bench_data/poses/A3_genconf_detbox/vina/posebusters/6XG5_TOP.sdf.gz	2783	2026-09-24T13:15:14+08:00
arm	A3_genconf_detbox	vina	posebusters	6YJA_2BA	20260922	cached				vina	kcal/mol (empirical score, not a measured free energy)	15.05	-11.848	35.02	25.0	8	genconf	/home/qasim/vgb_bench_data/prepared/receptors/posebusters/6YJA_2BA/receptor.pdbqt	0.0		5	/home/qasim/vgb_bench_data/poses/A3_genconf_detbox/vina/posebusters/6YJA_2BA.sdf.gz	4762	2026-09-24T13:15:14+08:00
arm	A3_genconf_detbox	vina	posebusters	6YMS_OZH	20260922	cached				vina	kcal/mol (empirical score, not a measured free energy)	47.014	45.697	-21.547	25.0	8	genconf	/home/qasim/vgb_bench_data/prepared/receptors/posebusters/6YMS_OZH/receptor.pdbqt	0.0		5	/home/qasim/vgb_bench_data/poses/A3_genconf_detbox/vina/posebusters/6YMS_OZH.sdf.gz	4628	2026-09-24T13:15:14+08:00
arm	A3_genconf_detbox	vina	posebusters	6YQV_8K2	20260922	cached				vina	kcal/mol (empirical score, not a measured free energy)	2.752	-12.447	30.5	25.0	8	genconf	/home/qasim/vgb_bench_data/prepared/receptors/posebusters/6YQV_8K2/receptor.pdbqt	0.0		5	/home/qasim/vgb_bench_data/poses/A3_genconf_detbox/vina/posebusters/6YQV_8K2.sdf.gz	1190	2026-09-24T13:15:14+08:00
arm	A3_genconf_detbox	vina	posebusters	6XM9_V55	20260922	cached				vina	kcal/mol (empirical score, not a measured free energy)	15.798	23.342	41.569	25.0	8	genconf	/home/qasim/vgb_bench_data/prepared/receptors/posebusters/6XM9_V55/receptor.pdbqt	0.0		5	/home/qasim/vgb_bench_data/poses/A3_genconf_detbox/vina/posebusters/6XM9_V55.sdf.gz	1470	2026-09-24T13:15:14+08:00
arm	A3_genconf_detbox	vina	posebusters	6YQW_82I	20260922	cached				vina	kcal/mol (empirical score, not a measured free energy)	0.585	12.909	11.068	25.0	8	genconf	/home/qasim/vgb_bench_data/prepared/receptors/posebusters/6YQW_82I/receptor.pdbqt	0.0		5	/home/qasim/vgb_bench_data/poses/A3_genconf_detbox/vina/posebusters/6YQW_82I.sdf.gz	1459	2026-09-24T13:15:14+08:00
arm	A3_genconf_detbox	vina	posebusters	6YR2_T1C	20260922	cached				vina	kcal/mol (empirical score, not a measured free energy)	65.007	17.634	12.398	25.0	8	genconf	/home/qasim/vgb_bench_data/prepared/receptors/posebusters/6YR2_T1C/receptor.pdbqt	0.0		5	/home/qasim/vgb_bench_data/poses/A3_genconf_detbox/vina/posebusters/6YR2_T1C.sdf.gz	5568	2026-09-24T13:15:14+08:00
arm	A3_genconf_detbox	vina	posebusters	6YRV_PJ8	20260922	cached				vina	kcal/mol (empirical score, not a measured free energy)	23.507	51.942	20.078	25.0	8	genconf	/home/qasim/vgb_bench_data/prepared/receptors/posebusters/6YRV_PJ8/receptor.pdbqt	0.0		5	/home/qasim/vgb_bench_data/poses/A3_genconf_detbox/vina/posebusters/6YRV_PJ8.sdf.gz	2360	2026-09-24T13:15:14+08:00
arm	A3_genconf_detbox	vina	posebusters	6M73_FNR	20260922	cached				vina	kcal/mol (empirical score, not a measured free energy)	25.78	10.868	37.383	25.0	8	genconf	/home/qasim/vgb_bench_data/prepared/receptors/posebusters/6M73_FNR/receptor.pdbqt	0.0		5	/home/qasim/vgb_bench_data/poses/A3_genconf_detbox/vina/posebusters/6M73_FNR.sdf.gz	1716	2026-09-24T13:15:14+08:00
arm	A3_genconf_detbox	vina	posebusters	6YYO_Q1K	20260922	cached				vina	kcal/mol (empirical score, not a measured free energy)	23.365	-0.563	15.61	25.0	8	genconf	/home/qasim/vgb_bench_data/prepared/receptors/posebusters/6YYO_Q1K/receptor.pdbqt	0.0		5	/home/qasim/vgb_bench_data/poses/A3_genconf_detbox/vina/posebusters/6YYO_Q1K.sdf.gz	2426	2026-09-24T13:15:14+08:00
arm	A3_genconf_detbox	vina	posebusters	6Z0R_Q4H	20260922	cached				vina	kcal/mol (empirical score, not a measured free energy)	25.545	-9.027	66.3	25.0	8	genconf	/home/qasim/vgb_bench_data/prepared/receptors/posebusters/6Z0R_Q4H/receptor.pdbqt	0.0		5	/home/qasim/vgb_bench_data/poses/A3_genconf_detbox/vina/posebusters/6Z0R_Q4H.sdf.gz	1091	2026-09-24T13:15:14+08:00
arm	A3_genconf_detbox	vina	posebusters	6Z14_Q4Z	20260922	cached				vina	kcal/mol (empirical score, not a measured free energy)	16.622	5.766	7.464	25.0	8	genconf	/home/qasim/vgb_bench_data/prepared/receptors/posebusters/6Z14_Q4Z/receptor.pdbqt	0.0		5	/home/qasim/vgb_bench_data/poses/A3_genconf_detbox/vina/posebusters/6Z14_Q4Z.sdf.gz	2229	2026-09-24T13:15:14+08:00
arm	A3_genconf_detbox	vina	posebusters	6YT6_PKE	20260922	cached				vina	kcal/mol (empirical score, not a measured free energy)	6.207	25.319	0.906	25.0	8	genconf	/home/qasim/vgb_bench_data/prepared/receptors/posebusters/6YT6_PKE/receptor.pdbqt	0.0		5	/home/qasim/vgb_bench_data/poses/A3_genconf_detbox/vina/posebusters/6YT6_PKE.sdf.gz	3660	2026-09-24T13:15:14+08:00
arm	A3_genconf_detbox	vina	posebusters	6Z4N_Q7B	20260922	cached				vina	kcal/mol (empirical score, not a measured free energy)	29.378	12.733	60.561	25.0	8	genconf	/home/qasim/vgb_bench_data/prepared/receptors/posebusters/6Z4N_Q7B/receptor.pdbqt	0.0		5	/home/qasim/vgb_bench_data/poses/A3_genconf_detbox/vina/posebusters/6Z4N_Q7B.sdf.gz	2765	2026-09-24T13:15:14+08:00
arm	A3_genconf_detbox	vina	posebusters	6Z1C_7EY	20260922	cached				vina	kcal/mol (empirical score, not a measured free energy)	32.508	-13.366	-0.724	25.0	8	genconf	/home/qasim/vgb_bench_data/prepared/receptors/posebusters/6Z1C_7EY/receptor.pdbqt	0.0		5	/home/qasim/vgb_bench_data/poses/A3_genconf_detbox/vina/posebusters/6Z1C_7EY.sdf.gz	2579	2026-09-24T13:15:14+08:00
arm	A3_genconf_detbox	vina	posebusters	6Z2C_Q5E	20260922	cached				vina	kcal/mol (empirical score, not a measured free energy)	-6.846	6.833	28.958	25.0	8	genconf	/home/qasim/vgb_bench_data/prepared/receptors/posebusters/6Z2C_Q5E/receptor.pdbqt	0.0		5	/home/qasim/vgb_bench_data/poses/A3_genconf_detbox/vina/posebusters/6Z2C_Q5E.sdf.gz	2805	2026-09-24T13:15:14+08:00
arm	A3_genconf_detbox	vina	posebusters	6ZC3_JOR	20260922	cached				vina	kcal/mol (empirical score, not a measured free energy)	-8.391	24.209	12.76	25.0	8	genconf	/home/qasim/vgb_bench_data/prepared/receptors/posebusters/6ZC3_JOR/receptor.pdbqt	0.0		5	/home/qasim/vgb_bench_data/poses/A3_genconf_detbox/vina/posebusters/6ZC3_JOR.sdf.gz	1774	2026-09-24T13:15:14+08:00
arm	A3_genconf_detbox	vina	posebusters	6ZK5_IMH	20260922	cached				vina	kcal/mol (empirical score, not a measured free energy)	1.059	0.395	-9.058	25.0	8	genconf	/home/qasim/vgb_bench_data/prepared/receptors/posebusters/6ZK5_IMH/receptor.pdbqt	0.0		5	/home/qasim/vgb_bench_data/poses/A3_genconf_detbox/vina/posebusters/6ZK5_IMH.sdf.gz	2397	2026-09-24T13:15:14+08:00
arm	A3_genconf_detbox	vina	posebusters	6ZAE_ACV	20260922	cached				vina	kcal/mol (empirical score, not a measured free energy)	55.455	77.612	9.685	25.0	8	genconf	/home/qasim/vgb_bench_data/prepared/receptors/posebusters/6ZAE_ACV/receptor.pdbqt	0.0		5	/home/qasim/vgb_bench_data/poses/A3_genconf_detbox/vina/posebusters/6ZAE_ACV.sdf.gz	3500	2026-09-24T13:15:14+08:00
arm	A3_genconf_detbox	vina	posebusters	6ZPB_3D1	20260922	cached				vina	kcal/mol (empirical score, not a measured free energy)	-4.204	23.767	-8.502	25.0	8	genconf	/home/qasim/vgb_bench_data/prepared/receptors/posebusters/6ZPB_3D1/receptor.pdbqt	0.0		5	/home/qasim/vgb_bench_data/poses/A3_genconf_detbox/vina/posebusters/6ZPB_3D1.sdf.gz	2297	2026-09-24T13:15:14+08:00
arm	A3_genconf_detbox	vina	posebusters	7A1P_QW2	20260922	cached				vina	kcal/mol (empirical score, not a measured free energy)	19.508	-25.524	4.663	25.0	8	genconf	/home/qasim/vgb_bench_data/prepared/receptors/posebusters/7A1P_QW2/receptor.pdbqt	0.0		5	/home/qasim/vgb_bench_data/poses/A3_genconf_detbox/vina/posebusters/7A1P_QW2.sdf.gz	1829	2026-09-24T13:15:14+08:00
arm	A3_genconf_detbox	vina	posebusters	6ZCY_QF8	20260922	cached				vina	kcal/mol (empirical score, not a measured free energy)	-2.363	29.609	16.727	25.0	8	genconf	/home/qasim/vgb_bench_data/prepared/receptors/posebusters/6ZCY_QF8/receptor.pdbqt	0.0		5	/home/qasim/vgb_bench_data/poses/A3_genconf_detbox/vina/posebusters/6ZCY_QF8.sdf.gz	4132	2026-09-24T13:15:14+08:00
arm	A3_genconf_detbox	vina	posebusters	7A9H_TPP	20260922	cached				vina	kcal/mol (empirical score, not a measured free energy)	1.871	9.008	-19.628	25.0	8	genconf	/home/qasim/vgb_bench_data/prepared/receptors/posebusters/7A9H_TPP/receptor.pdbqt	0.0		5	/home/qasim/vgb_bench_data/poses/A3_genconf_detbox/vina/posebusters/7A9H_TPP.sdf.gz	3137	2026-09-24T13:15:14+08:00
arm	A3_genconf_detbox	vina	posebusters	7A9E_R4W	20260922	cached				vina	kcal/mol (empirical score, not a measured free energy)	19.845	28.215	-6.04	25.0	8	genconf	/home/qasim/vgb_bench_data/prepared/receptors/posebusters/7A9E_R4W/receptor.pdbqt	0.0		5	/home/qasim/vgb_bench_data/poses/A3_genconf_detbox/vina/posebusters/7A9E_R4W.sdf.gz	1147	2026-09-24T13:15:14+08:00
arm	A3_genconf_detbox	vina	posebusters	7AKL_RK5	20260922	cached				vina	kcal/mol (empirical score, not a measured free energy)	21.014	12.125	8.028	25.0	8	genconf	/home/qasim/vgb_bench_data/prepared/receptors/posebusters/7AKL_RK5/receptor.pdbqt	0.0		5	/home/qasim/vgb_bench_data/poses/A3_genconf_detbox/vina/posebusters/7AKL_RK5.sdf.gz	2379	2026-09-24T13:15:14+08:00
arm	A3_genconf_detbox	vina	posebusters	7AN5_RDH	20260922	cached				vina	kcal/mol (empirical score, not a measured free energy)	5.374	-18.276	27.068	25.0	8	genconf	/home/qasim/vgb_bench_data/prepared/receptors/posebusters/7AN5_RDH/receptor.pdbqt	0.0		5	/home/qasim/vgb_bench_data/poses/A3_genconf_detbox/vina/posebusters/7AN5_RDH.sdf.gz	1754	2026-09-24T13:15:14+08:00
arm	A3_genconf_detbox	vina	posebusters	7BCP_GCO	20260922	cached				vina	kcal/mol (empirical score, not a measured free energy)	-23.492	-5.852	-16.477	25.0	8	genconf	/home/qasim/vgb_bench_data/prepared/receptors/posebusters/7BCP_GCO/receptor.pdbqt	0.0		5	/home/qasim/vgb_bench_data/poses/A3_genconf_detbox/vina/posebusters/7BCP_GCO.sdf.gz	1839	2026-09-24T13:15:14+08:00
arm	A3_genconf_detbox	vina	posebusters	7BJJ_TVW	20260922	cached				vina	kcal/mol (empirical score, not a measured free energy)	12.173	8.96	-3.458	25.0	8	genconf	/home/qasim/vgb_bench_data/prepared/receptors/posebusters/7BJJ_TVW/receptor.pdbqt	0.0		5	/home/qasim/vgb_bench_data/poses/A3_genconf_detbox/vina/posebusters/7BJJ_TVW.sdf.gz	1205	2026-09-24T13:15:14+08:00
arm	A3_genconf_detbox	vina	posebusters	7BKA_4JC	20260922	cached				vina	kcal/mol (empirical score, not a measured free energy)	20.363	9.914	26.91	25.0	8	genconf	/home/qasim/vgb_bench_data/prepared/receptors/posebusters/7BKA_4JC/receptor.pdbqt	0.0		5	/home/qasim/vgb_bench_data/poses/A3_genconf_detbox/vina/posebusters/7BKA_4JC.sdf.gz	1468	2026-09-24T13:15:14+08:00
arm	A3_genconf_detbox	vina	posebusters	7BMI_U4B	20260922	cached				vina	kcal/mol (empirical score, not a measured free energy)	61.936	31.217	51.286	25.0	8	genconf	/home/qasim/vgb_bench_data/prepared/receptors/posebusters/7BMI_U4B/receptor.pdbqt	0.0		5	/home/qasim/vgb_bench_data/poses/A3_genconf_detbox/vina/posebusters/7BMI_U4B.sdf.gz	1346	2026-09-24T13:15:14+08:00
arm	A3_genconf_detbox	vina	posebusters	7BNH_BEZ	20260922	cached				vina	kcal/mol (empirical score, not a measured free energy)	-8.997	2.072	10.312	25.0	8	genconf	/home/qasim/vgb_bench_data/prepared/receptors/posebusters/7BNH_BEZ/receptor.pdbqt	0.0		5	/home/qasim/vgb_bench_data/poses/A3_genconf_detbox/vina/posebusters/7BNH_BEZ.sdf.gz	1202	2026-09-24T13:15:14+08:00
arm	A3_genconf_detbox	vina	posebusters	7BTT_F8R	20260922	cached				vina	kcal/mol (empirical score, not a measured free energy)	18.168	38.571	15.442	25.0	8	genconf	/home/qasim/vgb_bench_data/prepared/receptors/posebusters/7BTT_F8R/receptor.pdbqt	0.0		5	/home/qasim/vgb_bench_data/poses/A3_genconf_detbox/vina/posebusters/7BTT_F8R.sdf.gz	5021	2026-09-24T13:15:14+08:00
arm	A3_genconf_detbox	vina	posebusters	7C0U_FGO	20260922	cached				vina	kcal/mol (empirical score, not a measured free energy)	34.052	15.742	78.639	25.0	8	genconf	/home/qasim/vgb_bench_data/prepared/receptors/posebusters/7C0U_FGO/receptor.pdbqt	0.0		5	/home/qasim/vgb_bench_data/poses/A3_genconf_detbox/vina/posebusters/7C0U_FGO.sdf.gz	4929	2026-09-24T13:15:14+08:00
arm	A3_genconf_detbox	vina	posebusters	7C3U_AZG	20260922	cached				vina	kcal/mol (empirical score, not a measured free energy)	20.701	33.299	45.843	25.0	8	genconf	/home/qasim/vgb_bench_data/prepared/receptors/posebusters/7C3U_AZG/receptor.pdbqt	0.0		5	/home/qasim/vgb_bench_data/poses/A3_genconf_detbox/vina/posebusters/7C3U_AZG.sdf.gz	1174	2026-09-24T13:15:14+08:00
arm	A3_genconf_detbox	vina	posebusters	7C8Q_DSG	20260922	cached				vina	kcal/mol (empirical score, not a measured free energy)	-27.216	24.41	18.636	25.0	8	genconf	/home/qasim/vgb_bench_data/prepared/receptors/posebusters/7C8Q_DSG/receptor.pdbqt	0.0		5	/home/qasim/vgb_bench_data/poses/A3_genconf_detbox/vina/posebusters/7C8Q_DSG.sdf.gz	1346	2026-09-24T13:15:14+08:00
arm	A3_genconf_detbox	vina	posebusters	7CD9_FVR	20260922	cached				vina	kcal/mol (empirical score, not a measured free energy)	4.973	18.315	14.924	25.0	8	genconf	/home/qasim/vgb_bench_data/prepared/receptors/posebusters/7CD9_FVR/receptor.pdbqt	0.0		5	/home/qasim/vgb_bench_data/poses/A3_genconf_detbox/vina/posebusters/7CD9_FVR.sdf.gz	4263	2026-09-24T13:15:14+08:00
arm	A3_genconf_detbox	vina	posebusters	7CIJ_G0C	20260922	cached				vina	kcal/mol (empirical score, not a measured free energy)	27.226	14.1	47.597	25.0	8	genconf	/home/qasim/vgb_bench_data/prepared/receptors/posebusters/7CIJ_G0C/receptor.pdbqt	0.0		5	/home/qasim/vgb_bench_data/poses/A3_genconf_detbox/vina/posebusters/7CIJ_G0C.sdf.gz	2915	2026-09-24T13:15:14+08:00
arm	A3_genconf_detbox	vina	posebusters	7CL8_TES	20260922	cached				vina	kcal/mol (empirical score, not a measured free energy)	20.294	-5.716	-24.912	25.0	8	genconf	/home/qasim/vgb_bench_data/prepared/receptors/posebusters/7CL8_TES/receptor.pdbqt	0.0		5	/home/qasim/vgb_bench_data/poses/A3_genconf_detbox/vina/posebusters/7CL8_TES.sdf.gz	3432	2026-09-24T13:15:14+08:00
arm	A3_genconf_detbox	vina	posebusters	7CNQ_G8X	20260922	cached				vina	kcal/mol (empirical score, not a measured free energy)	-21.915	52.294	49.515	25.0	8	genconf	/home/qasim/vgb_bench_data/prepared/receptors/posebusters/7CNQ_G8X/receptor.pdbqt	0.0		5	/home/qasim/vgb_bench_data/poses/A3_genconf_detbox/vina/posebusters/7CNQ_G8X.sdf.gz	1471	2026-09-24T13:15:14+08:00
arm	A3_genconf_detbox	vina	posebusters	7CNS_PMV	20260922	cached				vina	kcal/mol (empirical score, not a measured free energy)	3.87	-7.765	-9.94	25.0	8	genconf	/home/qasim/vgb_bench_data/prepared/receptors/posebusters/7CNS_PMV/receptor.pdbqt	0.0		5	/home/qasim/vgb_bench_data/poses/A3_genconf_detbox/vina/posebusters/7CNS_PMV.sdf.gz	1973	2026-09-24T13:15:14+08:00
arm	A3_genconf_detbox	vina	posebusters	7CTM_BDP	20260922	cached				vina	kcal/mol (empirical score, not a measured free energy)	9.51	-5.191	100.136	25.0	8	genconf	/home/qasim/vgb_bench_data/prepared/receptors/posebusters/7CTM_BDP/receptor.pdbqt	0.0		5	/home/qasim/vgb_bench_data/poses/A3_genconf_detbox/vina/posebusters/7CTM_BDP.sdf.gz	1724	2026-09-24T13:15:14+08:00
arm	A3_genconf_detbox	vina	posebusters	7CUO_PHB	20260922	cached				vina	kcal/mol (empirical score, not a measured free energy)	21.924	15.097	62.522	25.0	8	genconf	/home/qasim/vgb_bench_data/prepared/receptors/posebusters/7CUO_PHB/receptor.pdbqt	0.0		5	/home/qasim/vgb_bench_data/poses/A3_genconf_detbox/vina/posebusters/7CUO_PHB.sdf.gz	1260	2026-09-24T13:15:14+08:00
arm	A3_genconf_detbox	vina	posebusters	7D5C_GV6	20260922	cached				vina	kcal/mol (empirical score, not a measured free energy)	16.537	-7.99	42.066	25.0	8	genconf	/home/qasim/vgb_bench_data/prepared/receptors/posebusters/7D5C_GV6/receptor.pdbqt	0.0		5	/home/qasim/vgb_bench_data/poses/A3_genconf_detbox/vina/posebusters/7D5C_GV6.sdf.gz	3931	2026-09-24T13:15:14+08:00
arm	A3_genconf_detbox	vina	posebusters	7B94_ANP	20260922	cached				vina	kcal/mol (empirical score, not a measured free energy)	-26.788	5.749	-5.979	25.0	8	genconf	/home/qasim/vgb_bench_data/prepared/receptors/posebusters/7B94_ANP/receptor.pdbqt	0.0		5	/home/qasim/vgb_bench_data/poses/A3_genconf_detbox/vina/posebusters/7B94_ANP.sdf.gz	3317	2026-09-24T13:15:14+08:00
arm	A3_genconf_detbox	vina	posebusters	7DKT_GLF	20260922	cached				vina	kcal/mol (empirical score, not a measured free energy)	56.692	69.511	62.417	25.0	8	genconf	/home/qasim/vgb_bench_data/prepared/receptors/posebusters/7DKT_GLF/receptor.pdbqt	0.0		5	/home/qasim/vgb_bench_data/poses/A3_genconf_detbox/vina/posebusters/7DKT_GLF.sdf.gz	1764	2026-09-24T13:15:14+08:00
arm	A3_genconf_detbox	vina	posebusters	7DQL_4CL	20260922	cached				vina	kcal/mol (empirical score, not a measured free energy)	15.88	1.262	13.769	25.0	8	genconf	/home/qasim/vgb_bench_data/prepared/receptors/posebusters/7DQL_4CL/receptor.pdbqt	0.0		5	/home/qasim/vgb_bench_data/poses/A3_genconf_detbox/vina/posebusters/7DQL_4CL.sdf.gz	1174	2026-09-24T13:15:14+08:00
arm	A3_genconf_detbox	vina	posebusters	7DUA_HJ0	20260922	cached				vina	kcal/mol (empirical score, not a measured free energy)	21.335	1.764	-14.528	25.0	8	genconf	/home/qasim/vgb_bench_data/prepared/receptors/posebusters/7DUA_HJ0/receptor.pdbqt	0.0		5	/home/qasim/vgb_bench_data/poses/A3_genconf_detbox/vina/posebusters/7DUA_HJ0.sdf.gz	2861	2026-09-24T13:15:14+08:00
arm	A3_genconf_detbox	vina	posebusters	7E4L_MDN	20260922	cached				vina	kcal/mol (empirical score, not a measured free energy)	-37.883	-22.35	-16.09	25.0	8	genconf	/home/qasim/vgb_bench_data/prepared/receptors/posebusters/7E4L_MDN/receptor.pdbqt	0.0		5	/home/qasim/vgb_bench_data/poses/A3_genconf_detbox/vina/posebusters/7E4L_MDN.sdf.gz	1141	2026-09-24T13:15:14+08:00
arm	A3_genconf_detbox	vina	posebusters	7EBG_J0L	20260922	cached				vina	kcal/mol (empirical score, not a measured free energy)	12.393	9.019	12.689	25.0	8	genconf	/home/qasim/vgb_bench_data/prepared/receptors/posebusters/7EBG_J0L/receptor.pdbqt	0.0		5	/home/qasim/vgb_bench_data/poses/A3_genconf_detbox/vina/posebusters/7EBG_J0L.sdf.gz	2027	2026-09-24T13:15:14+08:00
arm	A3_genconf_detbox	vina	posebusters	7ECR_SIN	20260922	cached				vina	kcal/mol (empirical score, not a measured free energy)	-64.056	-34.797	-46.413	25.0	8	genconf	/home/qasim/vgb_bench_data/prepared/receptors/posebusters/7ECR_SIN/receptor.pdbqt	0.0		5	/home/qasim/vgb_bench_data/poses/A3_genconf_detbox/vina/posebusters/7ECR_SIN.sdf.gz	1150	2026-09-24T13:15:14+08:00
arm	A3_genconf_detbox	vina	posebusters	7ED2_A3P	20260922	cached				vina	kcal/mol (empirical score, not a measured free energy)	-20.9	-9.178	22.79	25.0	8	genconf	/home/qasim/vgb_bench_data/prepared/receptors/posebusters/7ED2_A3P/receptor.pdbqt	0.0		5	/home/qasim/vgb_bench_data/poses/A3_genconf_detbox/vina/posebusters/7ED2_A3P.sdf.gz	2985	2026-09-24T13:15:14+08:00
arm	A3_genconf_detbox	vina	posebusters	7ELT_TYM	20260922	cached				vina	kcal/mol (empirical score, not a measured free energy)	1.724	22.927	4.086	25.0	8	genconf	/home/qasim/vgb_bench_data/prepared/receptors/posebusters/7ELT_TYM/receptor.pdbqt	0.0		5	/home/qasim/vgb_bench_data/poses/A3_genconf_detbox/vina/posebusters/7ELT_TYM.sdf.gz	4325	2026-09-24T13:15:14+08:00
arm	A3_genconf_detbox	vina	posebusters	7EPV_FDA	20260922	cached				vina	kcal/mol (empirical score, not a measured free energy)	2.849	-8.525	-1.643	25.0	8	genconf	/home/qasim/vgb_bench_data/prepared/receptors/posebusters/7EPV_FDA/receptor.pdbqt	0.0		5	/home/qasim/vgb_bench_data/poses/A3_genconf_detbox/vina/posebusters/7EPV_FDA.sdf.gz	5938	2026-09-24T13:15:14+08:00
arm	A3_genconf_detbox	vina	posebusters	7ES1_UDP	20260922	cached				vina	kcal/mol (empirical score, not a measured free energy)	15.577	4.358	23.951	25.0	8	genconf	/home/qasim/vgb_bench_data/prepared/receptors/posebusters/7ES1_UDP/receptor.pdbqt	0.0		5	/home/qasim/vgb_bench_data/poses/A3_genconf_detbox/vina/posebusters/7ES1_UDP.sdf.gz	2839	2026-09-24T13:15:14+08:00
arm	A3_genconf_detbox	vina	posebusters	7F51_BA7	20260922	cached				vina	kcal/mol (empirical score, not a measured free energy)	1.712	5.166	4.35	25.0	8	genconf	/home/qasim/vgb_bench_data/prepared/receptors/posebusters/7F51_BA7/receptor.pdbqt	0.0		5	/home/qasim/vgb_bench_data/poses/A3_genconf_detbox/vina/posebusters/7F51_BA7.sdf.gz	4795	2026-09-24T13:15:14+08:00
arm	A3_genconf_detbox	vina	posebusters	7F5D_EUO	20260922	cached				vina	kcal/mol (empirical score, not a measured free energy)	7.364	-4.616	28.25	25.0	8	genconf	/home/qasim/vgb_bench_data/prepared/receptors/posebusters/7F5D_EUO/receptor.pdbqt	0.0		5	/home/qasim/vgb_bench_data/poses/A3_genconf_detbox/vina/posebusters/7F5D_EUO.sdf.gz	2547	2026-09-24T13:15:14+08:00
arm	A3_genconf_detbox	vina	posebusters	7F8T_FAD	20260922	cached				vina	kcal/mol (empirical score, not a measured free energy)	14.277	32.218	113.615	25.0	8	genconf	/home/qasim/vgb_bench_data/prepared/receptors/posebusters/7F8T_FAD/receptor.pdbqt	0.0		5	/home/qasim/vgb_bench_data/poses/A3_genconf_detbox/vina/posebusters/7F8T_FAD.sdf.gz	5893	2026-09-24T13:15:14+08:00
arm	A3_genconf_detbox	vina	posebusters	7FB7_8NF	20260922	cached				vina	kcal/mol (empirical score, not a measured free energy)	34.107	29.102	48.551	25.0	8	genconf	/home/qasim/vgb_bench_data/prepared/receptors/posebusters/7FB7_8NF/receptor.pdbqt	0.0		5	/home/qasim/vgb_bench_data/poses/A3_genconf_detbox/vina/posebusters/7FB7_8NF.sdf.gz	1448	2026-09-24T13:15:14+08:00
arm	A3_genconf_detbox	vina	posebusters	7FHA_ADX	20260922	cached				vina	kcal/mol (empirical score, not a measured free energy)	9.75	6.914	6.501	25.0	8	genconf	/home/qasim/vgb_bench_data/prepared/receptors/posebusters/7FHA_ADX/receptor.pdbqt	0.0		5	/home/qasim/vgb_bench_data/poses/A3_genconf_detbox/vina/posebusters/7FHA_ADX.sdf.gz	2897	2026-09-24T13:15:14+08:00
arm	A3_genconf_detbox	vina	posebusters	7FRX_O88	20260922	cached				vina	kcal/mol (empirical score, not a measured free energy)	8.456	-28.173	37.199	25.0	8	genconf	/home/qasim/vgb_bench_data/prepared/receptors/posebusters/7FRX_O88/receptor.pdbqt	0.0		5	/home/qasim/vgb_bench_data/poses/A3_genconf_detbox/vina/posebusters/7FRX_O88.sdf.gz	3299	2026-09-24T13:15:14+08:00
arm	A3_genconf_detbox	vina	posebusters	7FT9_4MB	20260922	cached				vina	kcal/mol (empirical score, not a measured free energy)	-27.431	-10.244	-48.384	25.0	8	genconf	/home/qasim/vgb_bench_data/prepared/receptors/posebusters/7FT9_4MB/receptor.pdbqt	0.0		5	/home/qasim/vgb_bench_data/poses/A3_genconf_detbox/vina/posebusters/7FT9_4MB.sdf.gz	1769	2026-09-24T13:15:14+08:00
arm	A3_genconf_detbox	vina	posebusters	7JG0_GAR	20260922	cached				vina	kcal/mol (empirical score, not a measured free energy)	-31.532	18.929	34.713	25.0	8	genconf	/home/qasim/vgb_bench_data/prepared/receptors/posebusters/7JG0_GAR/receptor.pdbqt	0.0		5	/home/qasim/vgb_bench_data/poses/A3_genconf_detbox/vina/posebusters/7JG0_GAR.sdf.gz	2293	2026-09-24T13:15:14+08:00
arm	A3_genconf_detbox	vina	posebusters	7JHQ_VAJ	20260922	cached				vina	kcal/mol (empirical score, not a measured free energy)	40.475	-65.065	-3.991	25.0	8	genconf	/home/qasim/vgb_bench_data/prepared/receptors/posebusters/7JHQ_VAJ/receptor.pdbqt	0.0		5	/home/qasim/vgb_bench_data/poses/A3_genconf_detbox/vina/posebusters/7JHQ_VAJ.sdf.gz	2049	2026-09-24T13:15:14+08:00
arm	A3_genconf_detbox	vina	posebusters	7JMV_4NC	20260922	cached				vina	kcal/mol (empirical score, not a measured free energy)	33.431	-26.577	-8.889	25.0	8	genconf	/home/qasim/vgb_bench_data/prepared/receptors/posebusters/7JMV_4NC/receptor.pdbqt	0.0		5	/home/qasim/vgb_bench_data/poses/A3_genconf_detbox/vina/posebusters/7JMV_4NC.sdf.gz	1262	2026-09-24T13:15:14+08:00
arm	A3_genconf_detbox	vina	posebusters	7JXX_VP7	20260922	cached				vina	kcal/mol (empirical score, not a measured free energy)	165.748	18.67	55.427	25.0	8	genconf	/home/qasim/vgb_bench_data/prepared/receptors/posebusters/7JXX_VP7/receptor.pdbqt	0.0		5	/home/qasim/vgb_bench_data/poses/A3_genconf_detbox/vina/posebusters/7JXX_VP7.sdf.gz	3241	2026-09-24T13:15:14+08:00
arm	A3_genconf_detbox	vina	posebusters	7JY3_VUD	20260922	cached				vina	kcal/mol (empirical score, not a measured free energy)	13.964	-10.947	29.317	25.0	8	genconf	/home/qasim/vgb_bench_data/prepared/receptors/posebusters/7JY3_VUD/receptor.pdbqt	0.0		5	/home/qasim/vgb_bench_data/poses/A3_genconf_detbox/vina/posebusters/7JY3_VUD.sdf.gz	3148	2026-09-24T13:15:14+08:00
arm	A3_genconf_detbox	vina	posebusters	7K0V_VQP	20260922	cached				vina	kcal/mol (empirical score, not a measured free energy)	36.131	-6.581	-29.542	25.0	8	genconf	/home/qasim/vgb_bench_data/prepared/receptors/posebusters/7K0V_VQP/receptor.pdbqt	0.0		5	/home/qasim/vgb_bench_data/poses/A3_genconf_detbox/vina/posebusters/7K0V_VQP.sdf.gz	4096	2026-09-24T13:15:14+08:00
arm	A3_genconf_detbox	vina	posebusters	7KB1_WBJ	20260922	cached				vina	kcal/mol (empirical score, not a measured free energy)	13.769	-19.132	53.722	25.0	8	genconf	/home/qasim/vgb_bench_data/prepared/receptors/posebusters/7KB1_WBJ/receptor.pdbqt	0.0		5	/home/qasim/vgb_bench_data/poses/A3_genconf_detbox/vina/posebusters/7KB1_WBJ.sdf.gz	785	2026-09-24T13:15:14+08:00
arm	A3_genconf_detbox	vina	posebusters	7KC5_BJZ	20260922	cached				vina	kcal/mol (empirical score, not a measured free energy)	-4.271	-19.773	-33.614	25.0	8	genconf	/home/qasim/vgb_bench_data/prepared/receptors/posebusters/7KC5_BJZ/receptor.pdbqt	0.0		5	/home/qasim/vgb_bench_data/poses/A3_genconf_detbox/vina/posebusters/7KC5_BJZ.sdf.gz	2585	2026-09-24T13:15:14+08:00
arm	A3_genconf_detbox	vina	posebusters	7KM8_WPD	20260922	cached				vina	kcal/mol (empirical score, not a measured free energy)	-36.639	-4.801	-10.87	25.0	8	genconf	/home/qasim/vgb_bench_data/prepared/receptors/posebusters/7KM8_WPD/receptor.pdbqt	0.0		5	/home/qasim/vgb_bench_data/poses/A3_genconf_detbox/vina/posebusters/7KM8_WPD.sdf.gz	3663	2026-09-24T13:15:14+08:00
arm	A3_genconf_detbox	vina	posebusters	7KQU_YOF	20260922	cached				vina	kcal/mol (empirical score, not a measured free energy)	69.569	6.933	48.314	25.0	8	genconf	/home/qasim/vgb_bench_data/prepared/receptors/posebusters/7KQU_YOF/receptor.pdbqt	0.0		5	/home/qasim/vgb_bench_data/poses/A3_genconf_detbox/vina/posebusters/7KQU_YOF.sdf.gz	1227	2026-09-24T13:15:14+08:00
arm	A3_genconf_detbox	vina	posebusters	7KRU_ATP	20260922	cached				vina	kcal/mol (empirical score, not a measured free energy)	59.035	40.554	207.751	25.0	8	genconf	/home/qasim/vgb_bench_data/prepared/receptors/posebusters/7KRU_ATP/receptor.pdbqt	0.0		5	/home/qasim/vgb_bench_data/poses/A3_genconf_detbox/vina/posebusters/7KRU_ATP.sdf.gz	3329	2026-09-24T13:15:14+08:00
arm	A3_genconf_detbox	vina	posebusters	7KZ9_XN7	20260922	cached				vina	kcal/mol (empirical score, not a measured free energy)	-37.71	16.578	16.934	25.0	8	genconf	/home/qasim/vgb_bench_data/prepared/receptors/posebusters/7KZ9_XN7/receptor.pdbqt	0.0		5	/home/qasim/vgb_bench_data/poses/A3_genconf_detbox/vina/posebusters/7KZ9_XN7.sdf.gz	1874	2026-09-24T13:15:14+08:00
arm	A3_genconf_detbox	vina	posebusters	7L00_XCJ	20260922	cached				vina	kcal/mol (empirical score, not a measured free energy)	-17.64	30.202	38.601	25.0	8	genconf	/home/qasim/vgb_bench_data/prepared/receptors/posebusters/7L00_XCJ/receptor.pdbqt	0.0		5	/home/qasim/vgb_bench_data/poses/A3_genconf_detbox/vina/posebusters/7L00_XCJ.sdf.gz	2916	2026-09-24T13:15:14+08:00
arm	A3_genconf_detbox	vina	posebusters	7L03_F9F	20260922	cached				vina	kcal/mol (empirical score, not a measured free energy)	-9.261	-17.156	12.365	25.0	8	genconf	/home/qasim/vgb_bench_data/prepared/receptors/posebusters/7L03_F9F/receptor.pdbqt	0.0		5	/home/qasim/vgb_bench_data/poses/A3_genconf_detbox/vina/posebusters/7L03_F9F.sdf.gz	1148	2026-09-24T13:15:14+08:00
arm	A3_genconf_detbox	vina	posebusters	7L5F_XNG	20260922	cached				vina	kcal/mol (empirical score, not a measured free energy)	9.838	36.422	23.1	25.0	8	genconf	/home/qasim/vgb_bench_data/prepared/receptors/posebusters/7L5F_XNG/receptor.pdbqt	0.0		5	/home/qasim/vgb_bench_data/poses/A3_genconf_detbox/vina/posebusters/7L5F_XNG.sdf.gz	3198	2026-09-24T13:15:14+08:00
arm	A3_genconf_detbox	vina	posebusters	7L7C_XQ1	20260922	cached				vina	kcal/mol (empirical score, not a measured free energy)	40.094	-2.017	-3.265	25.0	8	genconf	/home/qasim/vgb_bench_data/prepared/receptors/posebusters/7L7C_XQ1/receptor.pdbqt	0.0		5	/home/qasim/vgb_bench_data/poses/A3_genconf_detbox/vina/posebusters/7L7C_XQ1.sdf.gz	2562	2026-09-24T13:15:14+08:00
arm	A3_genconf_detbox	vina	posebusters	7LCU_XTA	20260922	cached				vina	kcal/mol (empirical score, not a measured free energy)	-64.202	-34.531	94.712	25.0	8	genconf	/home/qasim/vgb_bench_data/prepared/receptors/posebusters/7LCU_XTA/receptor.pdbqt	0.0		5	/home/qasim/vgb_bench_data/poses/A3_genconf_detbox/vina/posebusters/7LCU_XTA.sdf.gz	4894	2026-09-24T13:15:14+08:00
arm	A3_genconf_detbox	vina	posebusters	7LEV_0JO	20260922	cached				vina	kcal/mol (empirical score, not a measured free energy)	5.906	-3.003	21.899	25.0	8	genconf	/home/qasim/vgb_bench_data/prepared/receptors/posebusters/7LEV_0JO/receptor.pdbqt	0.0		5	/home/qasim/vgb_bench_data/poses/A3_genconf_detbox/vina/posebusters/7LEV_0JO.sdf.gz	2455	2026-09-24T13:15:14+08:00
arm	A3_genconf_detbox	vina	posebusters	7LJN_GTP	20260922	cached				vina	kcal/mol (empirical score, not a measured free energy)	-19.024	38.359	-39.827	25.0	8	genconf	/home/qasim/vgb_bench_data/prepared/receptors/posebusters/7LJN_GTP/receptor.pdbqt	0.0		5	/home/qasim/vgb_bench_data/poses/A3_genconf_detbox/vina/posebusters/7LJN_GTP.sdf.gz	3360	2026-09-24T13:15:14+08:00
arm	A3_genconf_detbox	vina	posebusters	7LMO_NYO	20260922	cached				vina	kcal/mol (empirical score, not a measured free energy)	-0.502	-21.47	35.713	25.0	8	genconf	/home/qasim/vgb_bench_data/prepared/receptors/posebusters/7LMO_NYO/receptor.pdbqt	0.0		5	/home/qasim/vgb_bench_data/poses/A3_genconf_detbox/vina/posebusters/7LMO_NYO.sdf.gz	4612	2026-09-24T13:15:14+08:00
arm	A3_genconf_detbox	vina	posebusters	7LOE_Y84	20260922	cached				vina	kcal/mol (empirical score, not a measured free energy)	40.418	-19.428	12.221	25.0	8	genconf	/home/qasim/vgb_bench_data/prepared/receptors/posebusters/7LOE_Y84/receptor.pdbqt	0.0		5	/home/qasim/vgb_bench_data/poses/A3_genconf_detbox/vina/posebusters/7LOE_Y84.sdf.gz	1407	2026-09-24T13:15:14+08:00
arm	A3_genconf_detbox	vina	posebusters	7LOU_IFM	20260922	cached				vina	kcal/mol (empirical score, not a measured free energy)	-10.897	-2.427	43.832	25.0	8	genconf	/home/qasim/vgb_bench_data/prepared/receptors/posebusters/7LOU_IFM/receptor.pdbqt	0.0		5	/home/qasim/vgb_bench_data/poses/A3_genconf_detbox/vina/posebusters/7LOU_IFM.sdf.gz	1822	2026-09-24T13:15:14+08:00
arm	A3_genconf_detbox	vina	posebusters	7LT0_ONJ	20260922	cached				vina	kcal/mol (empirical score, not a measured free energy)	-27.47	-12.839	-25.556	25.0	8	genconf	/home/qasim/vgb_bench_data/prepared/receptors/posebusters/7LT0_ONJ/receptor.pdbqt	0.0		5	/home/qasim/vgb_bench_data/poses/A3_genconf_detbox/vina/posebusters/7LT0_ONJ.sdf.gz	3378	2026-09-24T13:15:14+08:00
arm	A3_genconf_detbox	vina	posebusters	7LZD_YHY	20260922	cached				vina	kcal/mol (empirical score, not a measured free energy)	-3.621	29.37	12.601	25.0	8	genconf	/home/qasim/vgb_bench_data/prepared/receptors/posebusters/7LZD_YHY/receptor.pdbqt	0.0		5	/home/qasim/vgb_bench_data/poses/A3_genconf_detbox/vina/posebusters/7LZD_YHY.sdf.gz	1869	2026-09-24T13:15:14+08:00
arm	A3_genconf_detbox	vina	posebusters	7M31_TDR	20260922	cached				vina	kcal/mol (empirical score, not a measured free energy)	3.82	93.328	14.207	25.0	8	genconf	/home/qasim/vgb_bench_data/prepared/receptors/posebusters/7M31_TDR/receptor.pdbqt	0.0		5	/home/qasim/vgb_bench_data/poses/A3_genconf_detbox/vina/posebusters/7M31_TDR.sdf.gz	1224	2026-09-24T13:15:14+08:00
arm	A3_genconf_detbox	vina	posebusters	7M3H_YPV	20260922	cached				vina	kcal/mol (empirical score, not a measured free energy)	-8.102	-7.84	18.906	25.0	8	genconf	/home/qasim/vgb_bench_data/prepared/receptors/posebusters/7M3H_YPV/receptor.pdbqt	0.0		5	/home/qasim/vgb_bench_data/poses/A3_genconf_detbox/vina/posebusters/7M3H_YPV.sdf.gz	3104	2026-09-24T13:15:14+08:00
arm	A3_genconf_detbox	vina	posebusters	7M6K_YRJ	20260922	cached				vina	kcal/mol (empirical score, not a measured free energy)	12.508	-1.264	-21.769	25.0	8	genconf	/home/qasim/vgb_bench_data/prepared/receptors/posebusters/7M6K_YRJ/receptor.pdbqt	0.0		5	/home/qasim/vgb_bench_data/poses/A3_genconf_detbox/vina/posebusters/7M6K_YRJ.sdf.gz	4007	2026-09-24T13:15:14+08:00
arm	A3_genconf_detbox	vina	posebusters	7AFX_R9K	20260922	failed	vina:  > COMPND    /home/qasim/vgb_bench_data/prepared/receptors/posebusters/7AFX_R9K/clean.pdb			vina	kcal/mol (empirical score, not a measured free energy)	-39.296	11.366	95.078	25.0	8	genconf	/home/qasim/vgb_bench_data/prepared/receptors/posebusters/7AFX_R9K/receptor.pdbqt	0.02		5			2026-09-24T13:15:14+08:00
arm	A3_genconf_detbox	vina	posebusters	6YSP_PAL	20260922	failed	vina:  > COMPND    /home/qasim/vgb_bench_data/prepared/receptors/posebusters/6YSP_PAL/clean.pdb			vina	kcal/mol (empirical score, not a measured free energy)	3.901	28.481	-40.352	25.0	8	genconf	/home/qasim/vgb_bench_data/prepared/receptors/posebusters/6YSP_PAL/receptor.pdbqt	0.02		5			2026-09-24T13:15:14+08:00
arm	A3_genconf_detbox	vina	posebusters	7MGY_ZD1	20260922	cached				vina	kcal/mol (empirical score, not a measured free energy)	33.888	-27.987	354.135	25.0	8	genconf	/home/qasim/vgb_bench_data/prepared/receptors/posebusters/7MGY_ZD1/receptor.pdbqt	0.0		5	/home/qasim/vgb_bench_data/poses/A3_genconf_detbox/vina/posebusters/7MGY_ZD1.sdf.gz	2656	2026-09-24T13:15:14+08:00
arm	A3_genconf_detbox	vina	posebusters	7MGT_ZD4	20260922	cached				vina	kcal/mol (empirical score, not a measured free energy)	45.543	25.917	12.282	25.0	8	genconf	/home/qasim/vgb_bench_data/prepared/receptors/posebusters/7MGT_ZD4/receptor.pdbqt	0.0		5	/home/qasim/vgb_bench_data/poses/A3_genconf_detbox/vina/posebusters/7MGT_ZD4.sdf.gz	2996	2026-09-24T13:15:14+08:00
arm	A3_genconf_detbox	vina	posebusters	7MOI_HPS	20260922	cached				vina	kcal/mol (empirical score, not a measured free energy)	32.358	16.914	7.308	25.0	8	genconf	/home/qasim/vgb_bench_data/prepared/receptors/posebusters/7MOI_HPS/receptor.pdbqt	0.0		5	/home/qasim/vgb_bench_data/poses/A3_genconf_detbox/vina/posebusters/7MOI_HPS.sdf.gz	1434	2026-09-24T13:15:14+08:00
arm	A3_genconf_detbox	vina	posebusters	7B2C_TP7	20260922	failed	vina:  > ATOM      1  XE  XE  A1208     -15.408  10.179  53.240  1.00  0.00    +0.000 Xe			vina	kcal/mol (empirical score, not a measured free energy)	-14.859	-14.44	8.308	25.0	8	genconf	/home/qasim/vgb_bench_data/prepared/receptors/posebusters/7B2C_TP7/receptor.pdbqt	0.03		5			2026-09-24T13:15:14+08:00
arm	A3_genconf_detbox	vina	posebusters	7MWN_WI5	20260922	cached				vina	kcal/mol (empirical score, not a measured free energy)	19.906	-11.695	-15.346	25.0	8	genconf	/home/qasim/vgb_bench_data/prepared/receptors/posebusters/7MWN_WI5/receptor.pdbqt	0.0		5	/home/qasim/vgb_bench_data/poses/A3_genconf_detbox/vina/posebusters/7MWN_WI5.sdf.gz	3896	2026-09-24T13:15:14+08:00
arm	A3_genconf_detbox	vina	posebusters	7MWU_ZPM	20260922	cached				vina	kcal/mol (empirical score, not a measured free energy)	-7.554	45.408	42.901	25.0	8	genconf	/home/qasim/vgb_bench_data/prepared/receptors/posebusters/7MWU_ZPM/receptor.pdbqt	0.0		5	/home/qasim/vgb_bench_data/poses/A3_genconf_detbox/vina/posebusters/7MWU_ZPM.sdf.gz	1213	2026-09-24T13:15:14+08:00
arm	A3_genconf_detbox	vina	posebusters	7MY1_IPE	20260922	cached				vina	kcal/mol (empirical score, not a measured free energy)	-4.878	-3.129	14.386	25.0	8	genconf	/home/qasim/vgb_bench_data/prepared/receptors/posebusters/7MY1_IPE/receptor.pdbqt	0.0		5	/home/qasim/vgb_bench_data/poses/A3_genconf_detbox/vina/posebusters/7MY1_IPE.sdf.gz	1946	2026-09-24T13:15:14+08:00
arm	A3_genconf_detbox	vina	posebusters	7MYU_ZR7	20260922	cached				vina	kcal/mol (empirical score, not a measured free energy)	83.715	36.003	72.011	25.0	8	genconf	/home/qasim/vgb_bench_data/prepared/receptors/posebusters/7MYU_ZR7/receptor.pdbqt	0.0		5	/home/qasim/vgb_bench_data/poses/A3_genconf_detbox/vina/posebusters/7MYU_ZR7.sdf.gz	3988	2026-09-24T13:15:14+08:00
arm	A3_genconf_detbox	vina	posebusters	7N03_ZRP	20260922	cached				vina	kcal/mol (empirical score, not a measured free energy)	-44.558	11.838	3.734	25.0	8	genconf	/home/qasim/vgb_bench_data/prepared/receptors/posebusters/7N03_ZRP/receptor.pdbqt	0.0		5	/home/qasim/vgb_bench_data/poses/A3_genconf_detbox/vina/posebusters/7N03_ZRP.sdf.gz	3891	2026-09-24T13:15:14+08:00
arm	A3_genconf_detbox	vina	posebusters	7D6O_MTE	20260922	failed	vina:  > ATOM      1  MO  MOS A1404      65.162  25.480  32.582  1.00  0.00    +0.000 Mo			vina	kcal/mol (empirical score, not a measured free energy)	67.516	-23.132	45.574	25.0	8	genconf	/home/qasim/vgb_bench_data/prepared/receptors/posebusters/7D6O_MTE/receptor.pdbqt	0.03		5			2026-09-24T13:15:14+08:00
arm	A3_genconf_detbox	vina	posebusters	7N4W_P4V	20260922	cached				vina	kcal/mol (empirical score, not a measured free energy)	-5.404	-25.968	12.561	25.0	8	genconf	/home/qasim/vgb_bench_data/prepared/receptors/posebusters/7N4W_P4V/receptor.pdbqt	0.0		5	/home/qasim/vgb_bench_data/poses/A3_genconf_detbox/vina/posebusters/7N4W_P4V.sdf.gz	3570	2026-09-24T13:15:14+08:00
arm	A3_genconf_detbox	vina	posebusters	7N6F_0I1	20260922	ok		5	-9.617	vina	kcal/mol (empirical score, not a measured free energy)	-17.844	0.831	21.156	25.0	8	genconf	/home/qasim/vgb_bench_data/prepared/receptors/posebusters/7N6F_0I1/receptor.pdbqt	30.37	450.2	5	/home/qasim/vgb_bench_data/poses/A3_genconf_detbox/vina/posebusters/7N6F_0I1.sdf.gz	3255	2026-09-24T13:15:14+08:00
arm	A3_genconf_detbox	vina	posebusters	7N4N_0BK	20260922	ok		5	-7.199	vina	kcal/mol (empirical score, not a measured free energy)	16.628	4.888	-10.198	25.0	8	genconf	/home/qasim/vgb_bench_data/prepared/receptors/posebusters/7N4N_0BK/receptor.pdbqt	94.26	536.8	5	/home/qasim/vgb_bench_data/poses/A3_genconf_detbox/vina/posebusters/7N4N_0BK.sdf.gz	3892	2026-09-24T13:15:14+08:00
arm	A3_genconf_detbox	vina	posebusters	7N7B_T3F	20260922	ok		5	-10.76	vina	kcal/mol (empirical score, not a measured free energy)	47.345	-12.462	6.293	25.0	8	genconf	/home/qasim/vgb_bench_data/prepared/receptors/posebusters/7N7B_T3F/receptor.pdbqt	149.39	634.4	5	/home/qasim/vgb_bench_data/poses/A3_genconf_detbox/vina/posebusters/7N7B_T3F.sdf.gz	4271	2026-09-24T13:15:44+08:00
arm	A3_genconf_detbox	vina	posebusters	7N7H_CTP	20260922	ok		2	-10.63	vina	kcal/mol (empirical score, not a measured free energy)	12.34	48.981	157.28	25.0	8	genconf	/home/qasim/vgb_bench_data/prepared/receptors/posebusters/7N7H_CTP/receptor.pdbqt	95.74	562.6	5	/home/qasim/vgb_bench_data/poses/A3_genconf_detbox/vina/posebusters/7N7H_CTP.sdf.gz	1532	2026-09-24T13:16:48+08:00
arm	A3_genconf_detbox	vina	posebusters	7NF3_4LU	20260922	ok		3	-10.78	vina	kcal/mol (empirical score, not a measured free energy)	21.732	9.456	24.673	25.0	8	genconf	/home/qasim/vgb_bench_data/prepared/receptors/posebusters/7NF3_4LU/receptor.pdbqt	119.13	629.6	5	/home/qasim/vgb_bench_data/poses/A3_genconf_detbox/vina/posebusters/7NF3_4LU.sdf.gz	2915	2026-09-24T13:18:24+08:00
arm	A3_genconf_detbox	vina	posebusters	7NFB_GEN	20260922	failed	vina:  > COMPND    /home/qasim/vgb_bench_data/prepared/receptors/posebusters/7NFB_GEN/clean.pdb			vina	kcal/mol (empirical score, not a measured free energy)	1.723	-3.365	35.486	25.0	8	genconf	/home/qasim/vgb_bench_data/prepared/receptors/posebusters/7NFB_GEN/receptor.pdbqt	0.01		5			2026-09-24T13:20:23+08:00
arm	A3_genconf_detbox	vina	posebusters	7NGW_UAW	20260922	ok		5	-8.84	vina	kcal/mol (empirical score, not a measured free energy)	-9.869	-28.658	2.453	25.0	8	genconf	/home/qasim/vgb_bench_data/prepared/receptors/posebusters/7NGW_UAW/receptor.pdbqt	16.31	629.6	5	/home/qasim/vgb_bench_data/poses/A3_genconf_detbox/vina/posebusters/7NGW_UAW.sdf.gz	2496	2026-09-24T13:20:23+08:00
arm	A3_genconf_detbox	vina	posebusters	7NF0_BYN	20260922	ok		4	-9.83	vina	kcal/mol (empirical score, not a measured free energy)	11.077	26.615	42.704	25.0	8	genconf	/home/qasim/vgb_bench_data/prepared/receptors/posebusters/7NF0_BYN/receptor.pdbqt	146.01	662.1	5	/home/qasim/vgb_bench_data/poses/A3_genconf_detbox/vina/posebusters/7NF0_BYN.sdf.gz	3818	2026-09-24T13:18:13+08:00
arm	A3_genconf_detbox	vina	posebusters	7NLV_UJE	20260922	ok		5	-8.299	vina	kcal/mol (empirical score, not a measured free energy)	-3.997	10.343	22.937	25.0	8	genconf	/home/qasim/vgb_bench_data/prepared/receptors/posebusters/7NLV_UJE/receptor.pdbqt	67.52	629.6	5	/home/qasim/vgb_bench_data/poses/A3_genconf_detbox/vina/posebusters/7NLV_UJE.sdf.gz	3270	2026-09-24T13:20:39+08:00
arm	A3_genconf_detbox	vina	posebusters	7NP6_UK8	20260922	ok		5	-9.132	vina	kcal/mol (empirical score, not a measured free energy)	-6.469	35.843	5.178	25.0	8	genconf	/home/qasim/vgb_bench_data/prepared/receptors/posebusters/7NP6_UK8/receptor.pdbqt	127.44	662.1	5	/home/qasim/vgb_bench_data/poses/A3_genconf_detbox/vina/posebusters/7NP6_UK8.sdf.gz	3135	2026-09-24T13:20:39+08:00
arm	A3_genconf_detbox	vina	posebusters	7NPL_UKZ	20260922	ok		5	-5.732	vina	kcal/mol (empirical score, not a measured free energy)	-17.399	6.599	26.567	25.0	8	genconf	/home/qasim/vgb_bench_data/prepared/receptors/posebusters/7NPL_UKZ/receptor.pdbqt	88.05	629.6	5	/home/qasim/vgb_bench_data/poses/A3_genconf_detbox/vina/posebusters/7NPL_UKZ.sdf.gz	3567	2026-09-24T13:21:47+08:00
arm	A3_genconf_detbox	vina	posebusters	7NSW_HC4	20260922	ok		5	-6.361	vina	kcal/mol (empirical score, not a measured free energy)	64.397	39.062	38.753	25.0	8	genconf	/home/qasim/vgb_bench_data/prepared/receptors/posebusters/7NSW_HC4/receptor.pdbqt	17.77	629.6	5	/home/qasim/vgb_bench_data/poses/A3_genconf_detbox/vina/posebusters/7NSW_HC4.sdf.gz	1514	2026-09-24T13:23:15+08:00
arm	A3_genconf_detbox	vina	posebusters	7NU0_DCL	20260922	ok		5	-4.331	vina	kcal/mol (empirical score, not a measured free energy)	18.01	-14.913	-24.404	25.0	8	genconf	/home/qasim/vgb_bench_data/prepared/receptors/posebusters/7NU0_DCL/receptor.pdbqt	15.8	629.6	5	/home/qasim/vgb_bench_data/poses/A3_genconf_detbox/vina/posebusters/7NU0_DCL.sdf.gz	1758	2026-09-24T13:23:32+08:00
arm	A3_genconf_detbox	vina	posebusters	7NUT_GLP	20260922	ok		5	-6.732	vina	kcal/mol (empirical score, not a measured free energy)	5.196	3.817	-35.583	25.0	8	genconf	/home/qasim/vgb_bench_data/prepared/receptors/posebusters/7NUT_GLP/receptor.pdbqt	43.1	629.6	5	/home/qasim/vgb_bench_data/poses/A3_genconf_detbox/vina/posebusters/7NUT_GLP.sdf.gz	2154	2026-09-24T13:23:48+08:00
arm	A3_genconf_detbox	vina	posebusters	7NXO_UU8	20260922	ok		5	-11.85	vina	kcal/mol (empirical score, not a measured free energy)	37.964	-3.411	15.241	25.0	8	genconf	/home/qasim/vgb_bench_data/prepared/receptors/posebusters/7NXO_UU8/receptor.pdbqt	102.2	629.6	5	/home/qasim/vgb_bench_data/poses/A3_genconf_detbox/vina/posebusters/7NXO_UU8.sdf.gz	3531	2026-09-24T13:24:31+08:00
arm	A3_genconf_detbox	vina	posebusters	7O0N_CDP	20260922	ok		5	-10.08	vina	kcal/mol (empirical score, not a measured free energy)	13.919	21.03	26.479	25.0	8	genconf	/home/qasim/vgb_bench_data/prepared/receptors/posebusters/7O0N_CDP/receptor.pdbqt	92.55	629.6	5	/home/qasim/vgb_bench_data/poses/A3_genconf_detbox/vina/posebusters/7O0N_CDP.sdf.gz	2888	2026-09-24T13:26:14+08:00
arm	A3_genconf_detbox	vina	posebusters	7MFP_Z7P	20260922	ok		5	-6.246	vina	kcal/mol (empirical score, not a measured free energy)	-66.688	-15.886	2.564	25.0	8	genconf	/home/qasim/vgb_bench_data/prepared/receptors/posebusters/7MFP_Z7P/receptor.pdbqt	791.87	1083.1	5	/home/qasim/vgb_bench_data/poses/A3_genconf_detbox/vina/posebusters/7MFP_Z7P.sdf.gz	5718	2026-09-24T13:15:14+08:00
arm	A3_genconf_detbox	vina	posebusters	7O1T_5X8	20260922	ok		4	-9.442	vina	kcal/mol (empirical score, not a measured free energy)	-13.087	13.537	-24.535	25.0	8	genconf	/home/qasim/vgb_bench_data/prepared/receptors/posebusters/7O1T_5X8/receptor.pdbqt	85.05	629.6	5	/home/qasim/vgb_bench_data/poses/A3_genconf_detbox/vina/posebusters/7O1T_5X8.sdf.gz	2540	2026-09-24T13:27:46+08:00
arm	A3_genconf_detbox	vina	posebusters	7MSR_DCA	20260922	ok		5	-8.188	vina	kcal/mol (empirical score, not a measured free energy)	16.145	11.026	17.802	25.0	8	genconf	/home/qasim/vgb_bench_data/prepared/receptors/posebusters/7MSR_DCA/receptor.pdbqt	853.32	977.1	5	/home/qasim/vgb_bench_data/poses/A3_genconf_detbox/vina/posebusters/7MSR_DCA.sdf.gz	5576	2026-09-24T13:15:14+08:00
arm	A3_genconf_detbox	vina	posebusters	7NR8_UOE	20260922	ok		5	-7.901	vina	kcal/mol (empirical score, not a measured free energy)	-7.918	6.257	35.001	25.0	8	genconf	/home/qasim/vgb_bench_data/prepared/receptors/posebusters/7NR8_UOE/receptor.pdbqt	439.64	701.2	5	/home/qasim/vgb_bench_data/poses/A3_genconf_detbox/vina/posebusters/7NR8_UOE.sdf.gz	5747	2026-09-24T13:22:47+08:00
arm	A3_genconf_detbox	vina	posebusters	7OFF_VCB	20260922	ok		5	-6.184	vina	kcal/mol (empirical score, not a measured free energy)	34.566	-11.73	-4.248	25.0	8	genconf	/home/qasim/vgb_bench_data/prepared/receptors/posebusters/7OFF_VCB/receptor.pdbqt	61.23	977.1	5	/home/qasim/vgb_bench_data/poses/A3_genconf_detbox/vina/posebusters/7OFF_VCB.sdf.gz	2889	2026-09-24T13:29:27+08:00
arm	A3_genconf_detbox	vina	posebusters	7ODY_DGI	20260922	ok		5	-9.829	vina	kcal/mol (empirical score, not a measured free energy)	13.382	-21.147	-7.831	25.0	8	genconf	/home/qasim/vgb_bench_data/prepared/receptors/posebusters/7ODY_DGI/receptor.pdbqt	122.89	1083.1	5	/home/qasim/vgb_bench_data/poses/A3_genconf_detbox/vina/posebusters/7ODY_DGI.sdf.gz	2971	2026-09-24T13:28:25+08:00
arm	A3_genconf_detbox	vina	posebusters	7OLI_8HG	20260922	ok		5	-7.882	vina	kcal/mol (empirical score, not a measured free energy)	5.559	23.545	32.88	25.0	8	genconf	/home/qasim/vgb_bench_data/prepared/receptors/posebusters/7OLI_8HG/receptor.pdbqt	29.59	977.1	5	/home/qasim/vgb_bench_data/poses/A3_genconf_detbox/vina/posebusters/7OLI_8HG.sdf.gz	2397	2026-09-24T13:30:28+08:00
arm	A3_genconf_detbox	vina	posebusters	7OP9_06K	20260922	ok		5	-5.236	vina	kcal/mol (empirical score, not a measured free energy)	-40.505	-42.901	-29.303	25.0	8	genconf	/home/qasim/vgb_bench_data/prepared/receptors/posebusters/7OP9_06K/receptor.pdbqt	6.99	977.1	5	/home/qasim/vgb_bench_data/poses/A3_genconf_detbox/vina/posebusters/7OP9_06K.sdf.gz	1083	2026-09-24T13:30:58+08:00
arm	A3_genconf_detbox	vina	posebusters	7OEO_V9Z	20260922	ok		5	-6.113	vina	kcal/mol (empirical score, not a measured free energy)	-13.763	12.035	-5.358	25.0	8	genconf	/home/qasim/vgb_bench_data/prepared/receptors/posebusters/7OEO_V9Z/receptor.pdbqt	122.54	629.6	5	/home/qasim/vgb_bench_data/poses/A3_genconf_detbox/vina/posebusters/7OEO_V9Z.sdf.gz	4221	2026-09-24T13:29:11+08:00
arm	A3_genconf_detbox	vina	posebusters	7OSO_0V1	20260922	ok		5	-4.013	vina	kcal/mol (empirical score, not a measured free energy)	30.087	8.187	10.103	25.0	8	genconf	/home/qasim/vgb_bench_data/prepared/receptors/posebusters/7OSO_0V1/receptor.pdbqt	13.01	629.6	5	/home/qasim/vgb_bench_data/poses/A3_genconf_detbox/vina/posebusters/7OSO_0V1.sdf.gz	1361	2026-09-24T13:31:14+08:00
arm	A3_genconf_detbox	vina	posebusters	7OPG_06N	20260922	ok		5	-6.841	vina	kcal/mol (empirical score, not a measured free energy)	32.893	16.373	79.518	25.0	8	genconf	/home/qasim/vgb_bench_data/prepared/receptors/posebusters/7OPG_06N/receptor.pdbqt	25.51	977.1	5	/home/qasim/vgb_bench_data/poses/A3_genconf_detbox/vina/posebusters/7OPG_06N.sdf.gz	2448	2026-09-24T13:31:05+08:00
arm	A3_genconf_detbox	vina	posebusters	7OFK_VCH	20260922	ok		5	-11.22	vina	kcal/mol (empirical score, not a measured free energy)	-26.143	4.177	-15.008	25.0	8	genconf	/home/qasim/vgb_bench_data/prepared/receptors/posebusters/7OFK_VCH/receptor.pdbqt	93.39	701.2	5	/home/qasim/vgb_bench_data/poses/A3_genconf_detbox/vina/posebusters/7OFK_VCH.sdf.gz	3675	2026-09-24T13:30:06+08:00
arm	A3_genconf_detbox	vina	posebusters	7OZC_G6S	20260922	ok		5	-4.862	vina	kcal/mol (empirical score, not a measured free energy)	-4.391	18.133	29.506	25.0	8	genconf	/home/qasim/vgb_bench_data/prepared/receptors/posebusters/7OZC_G6S/receptor.pdbqt	34.69	977.1	5	/home/qasim/vgb_bench_data/poses/A3_genconf_detbox/vina/posebusters/7OZC_G6S.sdf.gz	2163	2026-09-24T13:31:30+08:00
arm	A3_genconf_detbox	vina	posebusters	7OZ9_NGK	20260922	ok		5	-5.74	vina	kcal/mol (empirical score, not a measured free energy)	35.068	40.74	31.007	25.0	8	genconf	/home/qasim/vgb_bench_data/prepared/receptors/posebusters/7OZ9_NGK/receptor.pdbqt	44.72	629.6	5	/home/qasim/vgb_bench_data/poses/A3_genconf_detbox/vina/posebusters/7OZ9_NGK.sdf.gz	2429	2026-09-24T13:31:27+08:00
arm	A3_genconf_detbox	vina	posebusters	7P2I_MFU	20260922	ok		5	-6.087	vina	kcal/mol (empirical score, not a measured free energy)	3.961	11.759	35.35	25.0	8	genconf	/home/qasim/vgb_bench_data/prepared/receptors/posebusters/7P2I_MFU/receptor.pdbqt	12.33	629.6	5	/home/qasim/vgb_bench_data/poses/A3_genconf_detbox/vina/posebusters/7P2I_MFU.sdf.gz	1989	2026-09-24T13:32:11+08:00
arm	A3_genconf_detbox	vina	posebusters	7P1F_KFN	20260922	ok		5	-7.203	vina	kcal/mol (empirical score, not a measured free energy)	10.801	-13.564	16.839	25.0	8	genconf	/home/qasim/vgb_bench_data/prepared/receptors/posebusters/7P1F_KFN/receptor.pdbqt	46.52	701.2	5	/home/qasim/vgb_bench_data/poses/A3_genconf_detbox/vina/posebusters/7P1F_KFN.sdf.gz	2269	2026-09-24T13:31:40+08:00
arm	A3_genconf_detbox	vina	posebusters	7P4C_5OV	20260922	ok		5	-5.843	vina	kcal/mol (empirical score, not a measured free energy)	79.457	46.974	40.877	25.0	8	genconf	/home/qasim/vgb_bench_data/prepared/receptors/posebusters/7P4C_5OV/receptor.pdbqt	23.56	629.6	5	/home/qasim/vgb_bench_data/poses/A3_genconf_detbox/vina/posebusters/7P4C_5OV.sdf.gz	2143	2026-09-24T13:32:24+08:00
arm	A3_genconf_detbox	vina	posebusters	7P1M_4IU	20260922	ok		5	-6.831	vina	kcal/mol (empirical score, not a measured free energy)	30.28	-4.762	-27.616	25.0	8	genconf	/home/qasim/vgb_bench_data/prepared/receptors/posebusters/7P1M_4IU/receptor.pdbqt	60.91	977.1	5	/home/qasim/vgb_bench_data/poses/A3_genconf_detbox/vina/posebusters/7P1M_4IU.sdf.gz	3011	2026-09-24T13:32:05+08:00
arm	A3_genconf_detbox	vina	posebusters	7P5T_5YG	20260922	ok		3	-9.293	vina	kcal/mol (empirical score, not a measured free energy)	-21.855	2.721	-13.43	25.0	8	genconf	/home/qasim/vgb_bench_data/prepared/receptors/posebusters/7P5T_5YG/receptor.pdbqt	45.74	701.2	5	/home/qasim/vgb_bench_data/poses/A3_genconf_detbox/vina/posebusters/7P5T_5YG.sdf.gz	2025	2026-09-24T13:32:26+08:00
arm	A3_genconf_detbox	vina	posebusters	7PJQ_OWH	20260922	ok		5	-5.012	vina	kcal/mol (empirical score, not a measured free energy)	10.561	26.083	-5.309	25.0	8	genconf	/home/qasim/vgb_bench_data/prepared/receptors/posebusters/7PJQ_OWH/receptor.pdbqt	6.93	701.2	5	/home/qasim/vgb_bench_data/poses/A3_genconf_detbox/vina/posebusters/7PJQ_OWH.sdf.gz	1399	2026-09-24T13:33:12+08:00
arm	A3_genconf_detbox	vina	posebusters	7PIH_7QW	20260922	ok		5	-6.389	vina	kcal/mol (empirical score, not a measured free energy)	-2.364	-23.555	-34.135	25.0	8	genconf	/home/qasim/vgb_bench_data/prepared/receptors/posebusters/7PIH_7QW/receptor.pdbqt	42.43	977.1	5	/home/qasim/vgb_bench_data/poses/A3_genconf_detbox/vina/posebusters/7PIH_7QW.sdf.gz	3250	2026-09-24T13:33:06+08:00
arm	A3_genconf_detbox	vina	posebusters	7PGX_FMN	20260922	ok		5	-10.02	vina	kcal/mol (empirical score, not a measured free energy)	-19.451	2.817	-6.799	25.0	8	genconf	/home/qasim/vgb_bench_data/prepared/receptors/posebusters/7PGX_FMN/receptor.pdbqt	130.62	629.6	5	/home/qasim/vgb_bench_data/poses/A3_genconf_detbox/vina/posebusters/7PGX_FMN.sdf.gz	3653	2026-09-24T13:32:47+08:00
arm	A3_genconf_detbox	vina	posebusters	7POM_7VZ	20260922	ok		5	-6.555	vina	kcal/mol (empirical score, not a measured free energy)	-26.977	12.459	-60.362	25.0	8	genconf	/home/qasim/vgb_bench_data/prepared/receptors/posebusters/7POM_7VZ/receptor.pdbqt	39.62	629.6	5	/home/qasim/vgb_bench_data/poses/A3_genconf_detbox/vina/posebusters/7POM_7VZ.sdf.gz	2861	2026-09-24T13:34:58+08:00
arm	A3_genconf_detbox	vina	posebusters	7PL1_SFG	20260922	ok		5	-6.674	vina	kcal/mol (empirical score, not a measured free energy)	28.407	-29.453	7.093	25.0	8	genconf	/home/qasim/vgb_bench_data/prepared/receptors/posebusters/7PL1_SFG/receptor.pdbqt	127.19	977.1	5	/home/qasim/vgb_bench_data/poses/A3_genconf_detbox/vina/posebusters/7PL1_SFG.sdf.gz	3523	2026-09-24T13:33:48+08:00
arm	A3_genconf_detbox	vina	posebusters	7PRI_7TI	20260922	ok		2	0.9409	vina	kcal/mol (empirical score, not a measured free energy)	41.057	-20.924	-15.174	25.0	8	genconf	/home/qasim/vgb_bench_data/prepared/receptors/posebusters/7PRI_7TI/receptor.pdbqt	51.7	629.6	5	/home/qasim/vgb_bench_data/poses/A3_genconf_detbox/vina/posebusters/7PRI_7TI.sdf.gz	1017	2026-09-24T13:35:38+08:00
arm	A3_genconf_detbox	vina	posebusters	7PRM_81I	20260922	ok		4	-9.711	vina	kcal/mol (empirical score, not a measured free energy)	120.463	20.535	-10.591	25.0	8	genconf	/home/qasim/vgb_bench_data/prepared/receptors/posebusters/7PRM_81I/receptor.pdbqt	77.88	977.1	5	/home/qasim/vgb_bench_data/poses/A3_genconf_detbox/vina/posebusters/7PRM_81I.sdf.gz	3305	2026-09-24T13:35:55+08:00
arm	A3_genconf_detbox	vina	posebusters	7OMX_CNA	20260922	ok		5	-8.984	vina	kcal/mol (empirical score, not a measured free energy)	10.09	-10.596	-15.784	25.0	8	genconf	/home/qasim/vgb_bench_data/prepared/receptors/posebusters/7OMX_CNA/receptor.pdbqt	448.9	1083.1	5	/home/qasim/vgb_bench_data/poses/A3_genconf_detbox/vina/posebusters/7OMX_CNA.sdf.gz	4948	2026-09-24T13:30:28+08:00
arm	A3_genconf_detbox	vina	posebusters	7PUV_84Z	20260922	ok		5	-8.354	vina	kcal/mol (empirical score, not a measured free energy)	22.724	1.345	-34.055	25.0	8	genconf	/home/qasim/vgb_bench_data/prepared/receptors/posebusters/7PUV_84Z/receptor.pdbqt	44.64	977.1	5	/home/qasim/vgb_bench_data/poses/A3_genconf_detbox/vina/posebusters/7PUV_84Z.sdf.gz	2591	2026-09-24T13:37:13+08:00
arm	A3_genconf_detbox	vina	posebusters	7Q27_8KC	20260922	failed	vina:  > ATOM      1  B   BO3 A 710     -28.577 -14.637  38.852  1.00  0.00    +0.000 B			vina	kcal/mol (empirical score, not a measured free energy)	-12.348	-4.986	20.685	25.0	8	genconf	/home/qasim/vgb_bench_data/prepared/receptors/posebusters/7Q27_8KC/receptor.pdbqt	0.02		5			2026-09-24T13:37:58+08:00
arm	A3_genconf_detbox	vina	posebusters	7Q2B_M6H	20260922	ok		5	-6.889	vina	kcal/mol (empirical score, not a measured free energy)	-27.691	-12.751	16.88	25.0	8	genconf	/home/qasim/vgb_bench_data/prepared/receptors/posebusters/7Q2B_M6H/receptor.pdbqt	10.11	977.1	5	/home/qasim/vgb_bench_data/poses/A3_genconf_detbox/vina/posebusters/7Q2B_M6H.sdf.gz	1934	2026-09-24T13:37:58+08:00
arm	A3_genconf_detbox	vina	posebusters	7Q5I_I0F	20260922	ok		5	-10.41	vina	kcal/mol (empirical score, not a measured free energy)	36.355	27.446	30.771	25.0	8	genconf	/home/qasim/vgb_bench_data/prepared/receptors/posebusters/7Q5I_I0F/receptor.pdbqt	66.29	977.1	5	/home/qasim/vgb_bench_data/poses/A3_genconf_detbox/vina/posebusters/7Q5I_I0F.sdf.gz	3523	2026-09-24T13:38:08+08:00
arm	A3_genconf_detbox	vina	posebusters	7QE4_NGA	20260922	ok		5	-4.213	vina	kcal/mol (empirical score, not a measured free energy)	26.333	22.687	80.397	25.0	8	genconf	/home/qasim/vgb_bench_data/prepared/receptors/posebusters/7QE4_NGA/receptor.pdbqt	25.34	977.1	5	/home/qasim/vgb_bench_data/poses/A3_genconf_detbox/vina/posebusters/7QE4_NGA.sdf.gz	2263	2026-09-24T13:39:14+08:00
arm	A3_genconf_detbox	vina	posebusters	7MMH_ZJY	20260922	ok		5	-5.915	vina	kcal/mol (empirical score, not a measured free energy)	-1.131	25.374	-21.038	25.0	8	genconf	/home/qasim/vgb_bench_data/prepared/receptors/posebusters/7MMH_ZJY/receptor.pdbqt	1487.89	1158.9	5	/home/qasim/vgb_bench_data/poses/A3_genconf_detbox/vina/posebusters/7MMH_ZJY.sdf.gz	7124	2026-09-24T13:15:14+08:00
arm	A3_genconf_detbox	vina	posebusters	7QFM_AY3	20260922	failed	vina:  > COMPND    /home/qasim/vgb_bench_data/prepared/receptors/posebusters/7QFM_AY3/clean.pdb			vina	kcal/mol (empirical score, not a measured free energy)	-126.954	185.757	-2.211	25.0	8	genconf	/home/qasim/vgb_bench_data/prepared/receptors/posebusters/7QFM_AY3/receptor.pdbqt	0.01		5			2026-09-24T13:40:02+08:00
arm	A3_genconf_detbox	vina	posebusters	7QF4_RBF	20260922	ok		5	-10.8	vina	kcal/mol (empirical score, not a measured free energy)	-0.977	-4.339	-9.532	25.0	8	genconf	/home/qasim/vgb_bench_data/prepared/receptors/posebusters/7QF4_RBF/receptor.pdbqt	88.07	977.1	5	/home/qasim/vgb_bench_data/poses/A3_genconf_detbox/vina/posebusters/7QF4_RBF.sdf.gz	3234	2026-09-24T13:39:40+08:00
arm	A3_genconf_detbox	vina	posebusters	7Q25_8J9	20260922	ok		5	-8.691	vina	kcal/mol (empirical score, not a measured free energy)	-52.644	63.115	-18.459	25.0	8	genconf	/home/qasim/vgb_bench_data/prepared/receptors/posebusters/7Q25_8J9/receptor.pdbqt	234.12	1083.1	5	/home/qasim/vgb_bench_data/poses/A3_genconf_detbox/vina/posebusters/7Q25_8J9.sdf.gz	4449	2026-09-24T13:37:57+08:00
arm	A3_genconf_detbox	vina	posebusters	7QHL_D5P	20260922	ok		5	-8.749	vina	kcal/mol (empirical score, not a measured free energy)	12.692	27.66	17.753	25.0	8	genconf	/home/qasim/vgb_bench_data/prepared/receptors/posebusters/7QHL_D5P/receptor.pdbqt	96.28	1083.1	5	/home/qasim/vgb_bench_data/poses/A3_genconf_detbox/vina/posebusters/7QHL_D5P.sdf.gz	3786	2026-09-24T13:41:51+08:00
arm	A3_genconf_detbox	vina	posebusters	7QGP_DJ8	20260922	ok		5	-5.831	vina	kcal/mol (empirical score, not a measured free energy)	-41.831	-9.533	18.458	25.0	8	genconf	/home/qasim/vgb_bench_data/prepared/receptors/posebusters/7QGP_DJ8/receptor.pdbqt	249.09	1158.9	5	/home/qasim/vgb_bench_data/poses/A3_genconf_detbox/vina/posebusters/7QGP_DJ8.sdf.gz	4223	2026-09-24T13:40:02+08:00
arm	A3_genconf_detbox	vina	posebusters	7QHG_T3B	20260922	ok		2	-12.39	vina	kcal/mol (empirical score, not a measured free energy)	45.838	-11.882	108.792	25.0	8	genconf	/home/qasim/vgb_bench_data/prepared/receptors/posebusters/7QHG_T3B/receptor.pdbqt	196.02	977.1	5	/home/qasim/vgb_bench_data/poses/A3_genconf_detbox/vina/posebusters/7QHG_T3B.sdf.gz	2317	2026-09-24T13:41:08+08:00
arm	A3_genconf_detbox	vina	posebusters	7QTA_URI	20260922	ok		5	-4.865	vina	kcal/mol (empirical score, not a measured free energy)	13.918	11.848	12.989	25.0	8	genconf	/home/qasim/vgb_bench_data/prepared/receptors/posebusters/7QTA_URI/receptor.pdbqt	23.85	1158.9	5	/home/qasim/vgb_bench_data/poses/A3_genconf_detbox/vina/posebusters/7QTA_URI.sdf.gz	2197	2026-09-24T13:44:11+08:00
arm	A3_genconf_detbox	vina	posebusters	7R59_I5F	20260922	ok		5	-7.559	vina	kcal/mol (empirical score, not a measured free energy)	3.972	10.767	10.183	25.0	8	genconf	/home/qasim/vgb_bench_data/prepared/receptors/posebusters/7R59_I5F/receptor.pdbqt	8.72	1158.9	5	/home/qasim/vgb_bench_data/poses/A3_genconf_detbox/vina/posebusters/7R59_I5F.sdf.gz	1412	2026-09-24T13:44:34+08:00
arm	A3_genconf_detbox	vina	posebusters	7QPP_VDX	20260922	ok		3	-11.88	vina	kcal/mol (empirical score, not a measured free energy)	14.315	17.211	33.877	25.0	8	genconf	/home/qasim/vgb_bench_data/prepared/receptors/posebusters/7QPP_VDX/receptor.pdbqt	102.93	1083.1	5	/home/qasim/vgb_bench_data/poses/A3_genconf_detbox/vina/posebusters/7QPP_VDX.sdf.gz	3261	2026-09-24T13:43:28+08:00
arm	A3_genconf_detbox	vina	posebusters	7R7R_AWJ	20260922	ok		5	-7.198	vina	kcal/mol (empirical score, not a measured free energy)	43.524	66.974	15.835	25.0	8	genconf	/home/qasim/vgb_bench_data/prepared/receptors/posebusters/7R7R_AWJ/receptor.pdbqt	131.55	1083.1	5	/home/qasim/vgb_bench_data/poses/A3_genconf_detbox/vina/posebusters/7R7R_AWJ.sdf.gz	4080	2026-09-24T13:45:11+08:00
arm	A3_genconf_detbox	vina	posebusters	7R6J_2I7	20260922	ok		5	-6.725	vina	kcal/mol (empirical score, not a measured free energy)	-27.424	-3.245	-77.014	25.0	8	genconf	/home/qasim/vgb_bench_data/prepared/receptors/posebusters/7R6J_2I7/receptor.pdbqt	168.27	1158.9	5	/home/qasim/vgb_bench_data/poses/A3_genconf_detbox/vina/posebusters/7R6J_2I7.sdf.gz	4439	2026-09-24T13:44:43+08:00
arm	A3_genconf_detbox	vina	posebusters	7R3D_APR	20260922	ok		5	-10.26	vina	kcal/mol (empirical score, not a measured free energy)	5.144	14.152	-47.686	25.0	8	genconf	/home/qasim/vgb_bench_data/prepared/receptors/posebusters/7R3D_APR/receptor.pdbqt	274.22	977.1	5	/home/qasim/vgb_bench_data/poses/A3_genconf_detbox/vina/posebusters/7R3D_APR.sdf.gz	4214	2026-09-24T13:44:24+08:00
arm	A3_genconf_detbox	vina	posebusters	7R9N_F97	20260922	ok		5	-9.113	vina	kcal/mol (empirical score, not a measured free energy)	-50.456	-87.311	257.072	25.0	8	genconf	/home/qasim/vgb_bench_data/prepared/receptors/posebusters/7R9N_F97/receptor.pdbqt	108.56	1083.1	5	/home/qasim/vgb_bench_data/poses/A3_genconf_detbox/vina/posebusters/7R9N_F97.sdf.gz	4006	2026-09-24T13:47:22+08:00
arm	A3_genconf_detbox	vina	posebusters	7RC3_SAH	20260922	ok		5	-6.524	vina	kcal/mol (empirical score, not a measured free energy)	-41.621	17.407	6.558	25.0	8	genconf	/home/qasim/vgb_bench_data/prepared/receptors/posebusters/7RC3_SAH/receptor.pdbqt	143.34	1158.9	5	/home/qasim/vgb_bench_data/poses/A3_genconf_detbox/vina/posebusters/7RC3_SAH.sdf.gz	3324	2026-09-24T13:47:31+08:00
arm	A3_genconf_detbox	vina	posebusters	7RNI_60I	20260922	failed	vina:  > COMPND    /home/qasim/vgb_bench_data/prepared/receptors/posebusters/7RNI_60I/clean.pdb			vina	kcal/mol (empirical score, not a measured free energy)	187.614	122.341	19.174	25.0	8	genconf	/home/qasim/vgb_bench_data/prepared/receptors/posebusters/7RNI_60I/receptor.pdbqt	0.01		5			2026-09-24T13:49:55+08:00
arm	A3_genconf_detbox	vina	posebusters	7RKW_5TV	20260922	ok		5	-9.794	vina	kcal/mol (empirical score, not a measured free energy)	14.887	-6.963	15.65	25.0	8	genconf	/home/qasim/vgb_bench_data/prepared/receptors/posebusters/7RKW_5TV/receptor.pdbqt	58.25	1083.1	5	/home/qasim/vgb_bench_data/poses/A3_genconf_detbox/vina/posebusters/7RKW_5TV.sdf.gz	2742	2026-09-24T13:49:11+08:00
arm	A3_genconf_detbox	vina	posebusters	7RH3_59O	20260922	ok		5	-5.72	vina	kcal/mol (empirical score, not a measured free energy)	23.129	0.935	9.376	25.0	8	genconf	/home/qasim/vgb_bench_data/prepared/receptors/posebusters/7RH3_59O/receptor.pdbqt	160.35	977.1	5	/home/qasim/vgb_bench_data/poses/A3_genconf_detbox/vina/posebusters/7RH3_59O.sdf.gz	3875	2026-09-24T13:48:58+08:00
arm	A3_genconf_detbox	vina	posebusters	7RSV_7IQ	20260922	ok		5	-6.302	vina	kcal/mol (empirical score, not a measured free energy)	27.584	-18.356	20.316	25.0	8	genconf	/home/qasim/vgb_bench_data/prepared/receptors/posebusters/7RSV_7IQ/receptor.pdbqt	22.14	977.1	5	/home/qasim/vgb_bench_data/poses/A3_genconf_detbox/vina/posebusters/7RSV_7IQ.sdf.gz	2916	2026-09-24T13:51:38+08:00
arm	A3_genconf_detbox	vina	posebusters	7ROR_69X	20260922	ok		5	-11.71	vina	kcal/mol (empirical score, not a measured free energy)	3.517	-3.474	56.686	25.0	8	genconf	/home/qasim/vgb_bench_data/prepared/receptors/posebusters/7ROR_69X/receptor.pdbqt	203.64	1158.9	5	/home/qasim/vgb_bench_data/poses/A3_genconf_detbox/vina/posebusters/7ROR_69X.sdf.gz	4103	2026-09-24T13:49:55+08:00
arm	A3_genconf_detbox	vina	posebusters	7RZL_NPO	20260922	ok		5	-5.755	vina	kcal/mol (empirical score, not a measured free energy)	2.825	1.091	47.57	25.0	8	genconf	/home/qasim/vgb_bench_data/prepared/receptors/posebusters/7RZL_NPO/receptor.pdbqt	7.86	1158.9	5	/home/qasim/vgb_bench_data/poses/A3_genconf_detbox/vina/posebusters/7RZL_NPO.sdf.gz	1219	2026-09-24T13:53:18+08:00
arm	A3_genconf_detbox	vina	posebusters	7ROU_66I	20260922	ok		5	-11.36	vina	kcal/mol (empirical score, not a measured free energy)	59.915	18.798	45.295	25.0	8	genconf	/home/qasim/vgb_bench_data/prepared/receptors/posebusters/7ROU_66I/receptor.pdbqt	261.03	1083.1	5	/home/qasim/vgb_bench_data/poses/A3_genconf_detbox/vina/posebusters/7ROU_66I.sdf.gz	4321	2026-09-24T13:50:09+08:00
arm	A3_genconf_detbox	vina	posebusters	7SCW_GSP	20260922	ok		5	-10.62	vina	kcal/mol (empirical score, not a measured free energy)	27.387	21.921	-4.879	25.0	8	genconf	/home/qasim/vgb_bench_data/prepared/receptors/posebusters/7SCW_GSP/receptor.pdbqt	172.32	1158.9	5	/home/qasim/vgb_bench_data/poses/A3_genconf_detbox/vina/posebusters/7SCW_GSP.sdf.gz	3383	2026-09-24T13:53:26+08:00
arm	A3_genconf_detbox	vina	posebusters	7PT3_3KK	20260922	ok		5	-9.813	vina	kcal/mol (empirical score, not a measured free energy)	6.989	-43.295	12.429	25.0	8	genconf	/home/qasim/vgb_bench_data/prepared/receptors/posebusters/7PT3_3KK/receptor.pdbqt	1200.09	1267.1	5	/home/qasim/vgb_bench_data/poses/A3_genconf_detbox/vina/posebusters/7PT3_3KK.sdf.gz	6528	2026-09-24T13:36:29+08:00
arm	A3_genconf_detbox	vina	posebusters	7SFO_98L	20260922	ok		2	-10.28	vina	kcal/mol (empirical score, not a measured free energy)	2.665	4.182	-5.973	25.0	8	genconf	/home/qasim/vgb_bench_data/prepared/receptors/posebusters/7SFO_98L/receptor.pdbqt	50.17	1158.9	5	/home/qasim/vgb_bench_data/poses/A3_genconf_detbox/vina/posebusters/7SFO_98L.sdf.gz	1330	2026-09-24T13:56:19+08:00
arm	A3_genconf_detbox	vina	posebusters	7SUC_COM	20260922	ok		5	-3.991	vina	kcal/mol (empirical score, not a measured free energy)	26.126	36.908	-13.843	25.0	8	genconf	/home/qasim/vgb_bench_data/prepared/receptors/posebusters/7SUC_COM/receptor.pdbqt	10.21	1158.9	5	/home/qasim/vgb_bench_data/poses/A3_genconf_detbox/vina/posebusters/7SUC_COM.sdf.gz	1130	2026-09-24T13:57:09+08:00
arm	A3_genconf_detbox	vina	posebusters	7SDD_4IP	20260922	ok		5	-4.337	vina	kcal/mol (empirical score, not a measured free energy)	21.821	-25.205	-10.623	25.0	8	genconf	/home/qasim/vgb_bench_data/prepared/receptors/posebusters/7SDD_4IP/receptor.pdbqt	182.8	1083.1	5	/home/qasim/vgb_bench_data/poses/A3_genconf_detbox/vina/posebusters/7SDD_4IP.sdf.gz	3158	2026-09-24T13:54:30+08:00
arm	A3_genconf_detbox	vina	posebusters	7SZA_DUI	20260922	ok		5	-6.134	vina	kcal/mol (empirical score, not a measured free energy)	-27.308	25.325	3.802	25.0	8	genconf	/home/qasim/vgb_bench_data/prepared/receptors/posebusters/7SZA_DUI/receptor.pdbqt	20.19	1158.9	5	/home/qasim/vgb_bench_data/poses/A3_genconf_detbox/vina/posebusters/7SZA_DUI.sdf.gz	2338	2026-09-24T13:57:19+08:00
arm	A3_genconf_detbox	vina	posebusters	7PK0_BYC	20260922	ok		5	-8.126	vina	kcal/mol (empirical score, not a measured free energy)	-11.297	27.736	-12.722	25.0	8	genconf	/home/qasim/vgb_bench_data/prepared/receptors/posebusters/7PK0_BYC/receptor.pdbqt	1462.53	1303.2	5	/home/qasim/vgb_bench_data/poses/A3_genconf_detbox/vina/posebusters/7PK0_BYC.sdf.gz	6480	2026-09-24T13:33:19+08:00
arm	A3_genconf_detbox	vina	posebusters	7SIU_9ID	20260922	ok		5	-6.502	vina	kcal/mol (empirical score, not a measured free energy)	-16.469	12.744	32.974	25.0	8	genconf	/home/qasim/vgb_bench_data/prepared/receptors/posebusters/7SIU_9ID/receptor.pdbqt	76.22	1267.1	5	/home/qasim/vgb_bench_data/poses/A3_genconf_detbox/vina/posebusters/7SIU_9ID.sdf.gz	3875	2026-09-24T13:56:29+08:00
arm	A3_genconf_detbox	vina	posebusters	7T3E_SLB	20260922	ok		5	-8.253	vina	kcal/mol (empirical score, not a measured free energy)	15.473	-21.988	-22.262	25.0	8	genconf	/home/qasim/vgb_bench_data/prepared/receptors/posebusters/7T3E_SLB/receptor.pdbqt	58.86	1303.2	5	/home/qasim/vgb_bench_data/poses/A3_genconf_detbox/vina/posebusters/7T3E_SLB.sdf.gz	2744	2026-09-24T13:57:42+08:00
arm	A3_genconf_detbox	vina	posebusters	7T1D_E7K	20260922	ok		5	-13.84	vina	kcal/mol (empirical score, not a measured free energy)	23.166	-12.42	21.661	25.0	8	genconf	/home/qasim/vgb_bench_data/prepared/receptors/posebusters/7T1D_E7K/receptor.pdbqt	69.43	1158.9	5	/home/qasim/vgb_bench_data/poses/A3_genconf_detbox/vina/posebusters/7T1D_E7K.sdf.gz	4187	2026-09-24T13:57:39+08:00
arm	A3_genconf_detbox	vina	posebusters	7T0D_FPP	20260922	ok		5	-9.554	vina	kcal/mol (empirical score, not a measured free energy)	27.879	-36.533	-6.84	25.0	8	genconf	/home/qasim/vgb_bench_data/prepared/receptors/posebusters/7T0D_FPP/receptor.pdbqt	94.02	1083.1	5	/home/qasim/vgb_bench_data/poses/A3_genconf_detbox/vina/posebusters/7T0D_FPP.sdf.gz	3659	2026-09-24T13:57:33+08:00
arm	A3_genconf_detbox	vina	posebusters	7TBU_S3P	20260922	ok		5	-5.586	vina	kcal/mol (empirical score, not a measured free energy)	28.455	84.477	-14.511	25.0	8	genconf	/home/qasim/vgb_bench_data/prepared/receptors/posebusters/7TBU_S3P/receptor.pdbqt	30.98	1303.2	5	/home/qasim/vgb_bench_data/poses/A3_genconf_detbox/vina/posebusters/7TBU_S3P.sdf.gz	1986	2026-09-24T13:58:40+08:00
arm	A3_genconf_detbox	vina	posebusters	7THI_PGA	20260922	ok		5	-5.903	vina	kcal/mol (empirical score, not a measured free energy)	34.749	29.766	123.741	25.0	8	genconf	/home/qasim/vgb_bench_data/prepared/receptors/posebusters/7THI_PGA/receptor.pdbqt	13.65	1303.2	5	/home/qasim/vgb_bench_data/poses/A3_genconf_detbox/vina/posebusters/7THI_PGA.sdf.gz	1121	2026-09-24T13:59:11+08:00
arm	A3_genconf_detbox	vina	posebusters	7TE8_P0T	20260922	ok		2	-10.95	vina	kcal/mol (empirical score, not a measured free energy)	-27.261	-48.15	42.425	25.0	8	genconf	/home/qasim/vgb_bench_data/prepared/receptors/posebusters/7TE8_P0T/receptor.pdbqt	43.69	1158.9	5	/home/qasim/vgb_bench_data/poses/A3_genconf_detbox/vina/posebusters/7TE8_P0T.sdf.gz	1749	2026-09-24T13:58:49+08:00
arm	A3_genconf_detbox	vina	posebusters	7TM6_GPJ	20260922	ok		5	-5.823	vina	kcal/mol (empirical score, not a measured free energy)	-2.67	0.674	-0.276	25.0	8	genconf	/home/qasim/vgb_bench_data/prepared/receptors/posebusters/7TM6_GPJ/receptor.pdbqt	17.92	1303.2	5	/home/qasim/vgb_bench_data/poses/A3_genconf_detbox/vina/posebusters/7TM6_GPJ.sdf.gz	1489	2026-09-24T13:59:25+08:00
arm	A3_genconf_detbox	vina	posebusters	7TOM_5AD	20260922	ok		3	-7.543	vina	kcal/mol (empirical score, not a measured free energy)	16.321	51.883	35.935	25.0	8	genconf	/home/qasim/vgb_bench_data/prepared/receptors/posebusters/7TOM_5AD/receptor.pdbqt	27.97	1158.9	5	/home/qasim/vgb_bench_data/poses/A3_genconf_detbox/vina/posebusters/7TOM_5AD.sdf.gz	1505	2026-09-24T13:59:32+08:00
arm	A3_genconf_detbox	vina	posebusters	7TS6_KMI	20260922	ok		5	-6.868	vina	kcal/mol (empirical score, not a measured free energy)	15.6	-47.995	-60.935	25.0	8	genconf	/home/qasim/vgb_bench_data/prepared/receptors/posebusters/7TS6_KMI/receptor.pdbqt	29.1	1303.2	5	/home/qasim/vgb_bench_data/poses/A3_genconf_detbox/vina/posebusters/7TS6_KMI.sdf.gz	2457	2026-09-24T13:59:43+08:00
arm	A3_genconf_detbox	vina	posebusters	7TSF_H4B	20260922	ok		5	-6.855	vina	kcal/mol (empirical score, not a measured free energy)	11.683	1.783	22.738	25.0	8	genconf	/home/qasim/vgb_bench_data/prepared/receptors/posebusters/7TSF_H4B/receptor.pdbqt	27.18	1158.9	5	/home/qasim/vgb_bench_data/poses/A3_genconf_detbox/vina/posebusters/7TSF_H4B.sdf.gz	2335	2026-09-24T14:00:00+08:00
arm	A3_genconf_detbox	vina	posebusters	7TXK_LW8	20260922	ok		5	-7.124	vina	kcal/mol (empirical score, not a measured free energy)	17.491	58.991	72.714	25.0	8	genconf	/home/qasim/vgb_bench_data/prepared/receptors/posebusters/7TXK_LW8/receptor.pdbqt	22.36	1158.9	5	/home/qasim/vgb_bench_data/poses/A3_genconf_detbox/vina/posebusters/7TXK_LW8.sdf.gz	2252	2026-09-24T14:00:27+08:00
arm	A3_genconf_detbox	vina	posebusters	7TUO_KL9	20260922	ok		5	-9.109	vina	kcal/mol (empirical score, not a measured free energy)	-4.748	21.456	-4.294	25.0	8	genconf	/home/qasim/vgb_bench_data/prepared/receptors/posebusters/7TUO_KL9/receptor.pdbqt	72.53	1303.2	5	/home/qasim/vgb_bench_data/poses/A3_genconf_detbox/vina/posebusters/7TUO_KL9.sdf.gz	4028	2026-09-24T14:00:12+08:00
arm	A3_genconf_detbox	vina	posebusters	7TH4_FFO	20260922	ok		5	-6.396	vina	kcal/mol (empirical score, not a measured free energy)	18.322	-14.083	-20.113	25.0	8	genconf	/home/qasim/vgb_bench_data/prepared/receptors/posebusters/7TH4_FFO/receptor.pdbqt	181.1	1083.1	5	/home/qasim/vgb_bench_data/poses/A3_genconf_detbox/vina/posebusters/7TH4_FFO.sdf.gz	3964	2026-09-24T13:59:07+08:00
arm	A3_genconf_detbox	vina	posebusters	7TB0_UD1	20260922	ok		5	-9.686	vina	kcal/mol (empirical score, not a measured free energy)	19.582	-27.355	62.492	25.0	8	genconf	/home/qasim/vgb_bench_data/prepared/receptors/posebusters/7TB0_UD1/receptor.pdbqt	266.63	1267.1	5	/home/qasim/vgb_bench_data/poses/A3_genconf_detbox/vina/posebusters/7TB0_UD1.sdf.gz	4620	2026-09-24T13:57:46+08:00
arm	A3_genconf_detbox	vina	posebusters	7TYP_KUR	20260922	ok		2	-14.39	vina	kcal/mol (empirical score, not a measured free energy)	-37.91	-9.807	15.998	25.0	8	genconf	/home/qasim/vgb_bench_data/prepared/receptors/posebusters/7TYP_KUR/receptor.pdbqt	100.99	1158.9	5	/home/qasim/vgb_bench_data/poses/A3_genconf_detbox/vina/posebusters/7TYP_KUR.sdf.gz	2116	2026-09-24T14:00:50+08:00
arm	A3_genconf_detbox	vina	posebusters	7RWS_4UR	20260922	ok		5	-8.349	vina	kcal/mol (empirical score, not a measured free energy)	16.636	49.119	40.785	25.0	8	genconf	/home/qasim/vgb_bench_data/prepared/receptors/posebusters/7RWS_4UR/receptor.pdbqt	755.42	977.1	5	/home/qasim/vgb_bench_data/poses/A3_genconf_detbox/vina/posebusters/7RWS_4UR.sdf.gz	4792	2026-09-24T13:52:01+08:00
arm	A3_genconf_detbox	vina	posebusters	7UAS_MBU	20260922	ok		5	-10.06	vina	kcal/mol (empirical score, not a measured free energy)	8.352	-31.092	22.958	25.0	8	genconf	/home/qasim/vgb_bench_data/prepared/receptors/posebusters/7UAS_MBU/receptor.pdbqt	176.11	1267.1	5	/home/qasim/vgb_bench_data/poses/A3_genconf_detbox/vina/posebusters/7UAS_MBU.sdf.gz	4854	2026-09-24T14:02:12+08:00
arm	A3_genconf_detbox	vina	posebusters	7UJ5_DGL	20260922	ok		5	-4.682	vina	kcal/mol (empirical score, not a measured free energy)	-17.122	15.22	1.671	25.0	8	genconf	/home/qasim/vgb_bench_data/prepared/receptors/posebusters/7UJ5_DGL/receptor.pdbqt	19.81	1267.1	5	/home/qasim/vgb_bench_data/poses/A3_genconf_detbox/vina/posebusters/7UJ5_DGL.sdf.gz	1498	2026-09-24T14:05:08+08:00
arm	A3_genconf_detbox	vina	posebusters	7U3J_L6U	20260922	ok		5	-10.13	vina	kcal/mol (empirical score, not a measured free energy)	12.629	7.058	-5.901	25.0	8	genconf	/home/qasim/vgb_bench_data/prepared/receptors/posebusters/7U3J_L6U/receptor.pdbqt	236.99	1083.1	5	/home/qasim/vgb_bench_data/poses/A3_genconf_detbox/vina/posebusters/7U3J_L6U.sdf.gz	4916	2026-09-24T14:02:08+08:00
arm	A3_genconf_detbox	vina	posebusters	7UJF_R3V	20260922	ok		5	-8.089	vina	kcal/mol (empirical score, not a measured free energy)	-10.162	-51.083	-65.175	25.0	8	genconf	/home/qasim/vgb_bench_data/prepared/receptors/posebusters/7UJF_R3V/receptor.pdbqt	96.34	1267.1	5	/home/qasim/vgb_bench_data/poses/A3_genconf_detbox/vina/posebusters/7UJF_R3V.sdf.gz	4568	2026-09-24T14:05:28+08:00
arm	A3_genconf_detbox	vina	posebusters	7ULC_56B	20260922	ok		5	-8.562	vina	kcal/mol (empirical score, not a measured free energy)	26.677	1.872	49.129	25.0	8	genconf	/home/qasim/vgb_bench_data/prepared/receptors/posebusters/7ULC_56B/receptor.pdbqt	191.27	1083.1	5	/home/qasim/vgb_bench_data/poses/A3_genconf_detbox/vina/posebusters/7ULC_56B.sdf.gz	4055	2026-09-24T14:06:05+08:00
arm	A3_genconf_detbox	vina	posebusters	7UAW_MF6	20260922	ok		5	-8.351	vina	kcal/mol (empirical score, not a measured free energy)	-5.836	20.74	-40.302	25.0	8	genconf	/home/qasim/vgb_bench_data/prepared/receptors/posebusters/7UAW_MF6/receptor.pdbqt	417.02	1158.9	5	/home/qasim/vgb_bench_data/poses/A3_genconf_detbox/vina/posebusters/7UAW_MF6.sdf.gz	3904	2026-09-24T14:02:31+08:00
arm	A3_genconf_detbox	vina	posebusters	7UQ3_O2U	20260922	ok		5	-6.625	vina	kcal/mol (empirical score, not a measured free energy)	8.852	140.996	101.494	25.0	8	genconf	/home/qasim/vgb_bench_data/prepared/receptors/posebusters/7UQ3_O2U/receptor.pdbqt	15.15	1083.1	5	/home/qasim/vgb_bench_data/poses/A3_genconf_detbox/vina/posebusters/7UQ3_O2U.sdf.gz	1495	2026-09-24T14:09:16+08:00
arm	A3_genconf_detbox	vina	posebusters	7USH_82V	20260922	ok		5	-9.011	vina	kcal/mol (empirical score, not a measured free energy)	15.827	-5.379	6.079	25.0	8	genconf	/home/qasim/vgb_bench_data/prepared/receptors/posebusters/7USH_82V/receptor.pdbqt	31.99	1158.9	5	/home/qasim/vgb_bench_data/poses/A3_genconf_detbox/vina/posebusters/7USH_82V.sdf.gz	3095	2026-09-24T14:09:28+08:00
arm	A3_genconf_detbox	vina	posebusters	7UJ4_OQ4	20260922	ok		5	-7.65	vina	kcal/mol (empirical score, not a measured free energy)	-32.276	7.697	19.354	25.0	8	genconf	/home/qasim/vgb_bench_data/prepared/receptors/posebusters/7UJ4_OQ4/receptor.pdbqt	644.44	977.1	5	/home/qasim/vgb_bench_data/poses/A3_genconf_detbox/vina/posebusters/7UJ4_OQ4.sdf.gz	6303	2026-09-24T14:04:36+08:00
arm	A3_genconf_detbox	vina	posebusters	7UY4_SMI	20260922	ok		5	-7.779	vina	kcal/mol (empirical score, not a measured free energy)	-2.905	-32.809	19.257	25.0	8	genconf	/home/qasim/vgb_bench_data/prepared/receptors/posebusters/7UY4_SMI/receptor.pdbqt	32.39	977.1	5	/home/qasim/vgb_bench_data/poses/A3_genconf_detbox/vina/posebusters/7UY4_SMI.sdf.gz	3533	2026-09-24T14:15:20+08:00
arm	A3_genconf_detbox	vina	posebusters	7UYB_OK0	20260922	ok		5	-6.736	vina	kcal/mol (empirical score, not a measured free energy)	-15.482	14.399	-7.166	25.0	8	genconf	/home/qasim/vgb_bench_data/prepared/receptors/posebusters/7UYB_OK0/receptor.pdbqt	63.12	977.1	5	/home/qasim/vgb_bench_data/poses/A3_genconf_detbox/vina/posebusters/7UYB_OK0.sdf.gz	3557	2026-09-24T14:15:53+08:00
arm	A3_genconf_detbox	vina	posebusters	7V14_ORU	20260922	ok		5	-9.622	vina	kcal/mol (empirical score, not a measured free energy)	28.689	7.378	-4.558	25.0	8	genconf	/home/qasim/vgb_bench_data/prepared/receptors/posebusters/7V14_ORU/receptor.pdbqt	82.59	977.1	5	/home/qasim/vgb_bench_data/poses/A3_genconf_detbox/vina/posebusters/7V14_ORU.sdf.gz	3793	2026-09-24T14:16:56+08:00
arm	A3_genconf_detbox	vina	posebusters	7V3N_AKG	20260922	ok		5	-5.981	vina	kcal/mol (empirical score, not a measured free energy)	128.019	75.71	0.989	25.0	8	genconf	/home/qasim/vgb_bench_data/prepared/receptors/posebusters/7V3N_AKG/receptor.pdbqt	13.09	977.1	5	/home/qasim/vgb_bench_data/poses/A3_genconf_detbox/vina/posebusters/7V3N_AKG.sdf.gz	1270	2026-09-24T14:18:19+08:00
arm	A3_genconf_detbox	vina	posebusters	7UXS_OJC	20260922	ok		5	-4.446	vina	kcal/mol (empirical score, not a measured free energy)	6.683	31.585	-25.461	25.0	8	genconf	/home/qasim/vgb_bench_data/prepared/receptors/posebusters/7UXS_OJC/receptor.pdbqt	560.44	1158.9	5	/home/qasim/vgb_bench_data/poses/A3_genconf_detbox/vina/posebusters/7UXS_OJC.sdf.gz	4093	2026-09-24T14:10:00+08:00
arm	A3_genconf_detbox	vina	posebusters	7V43_C4O	20260922	ok		5	-4.61	vina	kcal/mol (empirical score, not a measured free energy)	-25.258	26.022	1.964	25.0	8	genconf	/home/qasim/vgb_bench_data/prepared/receptors/posebusters/7V43_C4O/receptor.pdbqt	4.06	1158.9	5	/home/qasim/vgb_bench_data/poses/A3_genconf_detbox/vina/posebusters/7V43_C4O.sdf.gz	1237	2026-09-24T14:19:20+08:00
arm	A3_genconf_detbox	vina	posebusters	7VB8_STL	20260922	ok		5	-8.606	vina	kcal/mol (empirical score, not a measured free energy)	-13.717	31.871	-4.522	25.0	8	genconf	/home/qasim/vgb_bench_data/prepared/receptors/posebusters/7VB8_STL/receptor.pdbqt	19.3	1158.9	5	/home/qasim/vgb_bench_data/poses/A3_genconf_detbox/vina/posebusters/7VB8_STL.sdf.gz	2110	2026-09-24T14:19:24+08:00
arm	A3_genconf_detbox	vina	posebusters	7VBU_6I4	20260922	ok		5	-5.558	vina	kcal/mol (empirical score, not a measured free energy)	59.156	57.747	75.543	25.0	8	genconf	/home/qasim/vgb_bench_data/prepared/receptors/posebusters/7VBU_6I4/receptor.pdbqt	10.65	1158.9	5	/home/qasim/vgb_bench_data/poses/A3_genconf_detbox/vina/posebusters/7VBU_6I4.sdf.gz	2270	2026-09-24T14:19:44+08:00
arm	A3_genconf_detbox	vina	posebusters	7UMW_NAD	20260922	ok		5	-10.56	vina	kcal/mol (empirical score, not a measured free energy)	-33.622	23.693	-7.814	25.0	8	genconf	/home/qasim/vgb_bench_data/prepared/receptors/posebusters/7UMW_NAD/receptor.pdbqt	797.91	1267.1	5	/home/qasim/vgb_bench_data/poses/A3_genconf_detbox/vina/posebusters/7UMW_NAD.sdf.gz	4910	2026-09-24T14:07:04+08:00
arm	A3_genconf_detbox	vina	posebusters	7VC5_9SF	20260922	ok		5	-8.89	vina	kcal/mol (empirical score, not a measured free energy)	15.484	-12.553	1.862	25.0	8	genconf	/home/qasim/vgb_bench_data/prepared/receptors/posebusters/7VC5_9SF/receptor.pdbqt	36.31	1158.9	5	/home/qasim/vgb_bench_data/poses/A3_genconf_detbox/vina/posebusters/7VC5_9SF.sdf.gz	2964	2026-09-24T14:19:54+08:00
arm	A3_genconf_detbox	vina	posebusters	7VKZ_NOJ	20260922	ok		5	-4.895	vina	kcal/mol (empirical score, not a measured free energy)	49.919	14.577	48.397	25.0	8	genconf	/home/qasim/vgb_bench_data/prepared/receptors/posebusters/7VKZ_NOJ/receptor.pdbqt	16.27	1267.1	5	/home/qasim/vgb_bench_data/poses/A3_genconf_detbox/vina/posebusters/7VKZ_NOJ.sdf.gz	1858	2026-09-24T14:20:22+08:00
arm	A3_genconf_detbox	vina	posebusters	7V3S_5I9	20260922	ok		5	-11.62	vina	kcal/mol (empirical score, not a measured free energy)	-8.398	-15.145	28.272	25.0	8	genconf	/home/qasim/vgb_bench_data/prepared/receptors/posebusters/7V3S_5I9/receptor.pdbqt	132.8	977.1	5	/home/qasim/vgb_bench_data/poses/A3_genconf_detbox/vina/posebusters/7V3S_5I9.sdf.gz	4084	2026-09-24T14:18:32+08:00
arm	A3_genconf_detbox	vina	posebusters	7VQ9_ISY	20260922	ok		5	-6.662	vina	kcal/mol (empirical score, not a measured free energy)	20.17	-1.114	0.54	25.0	8	genconf	/home/qasim/vgb_bench_data/prepared/receptors/posebusters/7VQ9_ISY/receptor.pdbqt	33.45	1158.9	5	/home/qasim/vgb_bench_data/poses/A3_genconf_detbox/vina/posebusters/7VQ9_ISY.sdf.gz	1863	2026-09-24T14:20:31+08:00
arm	A3_genconf_detbox	vina	posebusters	7W05_GMP	20260922	ok		5	-5.854	vina	kcal/mol (empirical score, not a measured free energy)	-10.528	1.938	8.335	25.0	8	genconf	/home/qasim/vgb_bench_data/prepared/receptors/posebusters/7W05_GMP/receptor.pdbqt	32.95	1158.9	5	/home/qasim/vgb_bench_data/poses/A3_genconf_detbox/vina/posebusters/7W05_GMP.sdf.gz	2454	2026-09-24T14:21:04+08:00
arm	A3_genconf_detbox	vina	posebusters	7W06_ITN	20260922	ok		5	-6.068	vina	kcal/mol (empirical score, not a measured free energy)	-20.687	17.259	27.243	25.0	8	genconf	/home/qasim/vgb_bench_data/prepared/receptors/posebusters/7W06_ITN/receptor.pdbqt	12.29	1158.9	5	/home/qasim/vgb_bench_data/poses/A3_genconf_detbox/vina/posebusters/7W06_ITN.sdf.gz	1234	2026-09-24T14:21:37+08:00
arm	A3_genconf_detbox	vina	posebusters	7VYJ_CA0	20260922	ok		5	-6.878	vina	kcal/mol (empirical score, not a measured free energy)	23.75	-63.248	18.392	25.0	8	genconf	/home/qasim/vgb_bench_data/prepared/receptors/posebusters/7VYJ_CA0/receptor.pdbqt	96.62	977.1	5	/home/qasim/vgb_bench_data/poses/A3_genconf_detbox/vina/posebusters/7VYJ_CA0.sdf.gz	2912	2026-09-24T14:20:44+08:00
arm	A3_genconf_detbox	vina	posebusters	7U0U_FK5	20260922	ok		5	-8.433	vina	kcal/mol (empirical score, not a measured free energy)	-28.344	-17.848	-21.946	25.0	8	genconf	/home/qasim/vgb_bench_data/prepared/receptors/posebusters/7U0U_FK5/receptor.pdbqt	1285.15	1303.2	5	/home/qasim/vgb_bench_data/poses/A3_genconf_detbox/vina/posebusters/7U0U_FK5.sdf.gz	8352	2026-09-24T14:01:25+08:00
arm	A3_genconf_detbox	vina	posebusters	7UTW_NAI	20260922	ok		2	-7.272	vina	kcal/mol (empirical score, not a measured free energy)	17.442	-15.733	-2.773	25.0	8	genconf	/home/qasim/vgb_bench_data/prepared/receptors/posebusters/7UTW_NAI/receptor.pdbqt	808.74	1083.1	5	/home/qasim/vgb_bench_data/poses/A3_genconf_detbox/vina/posebusters/7UTW_NAI.sdf.gz	2364	2026-09-24T14:09:31+08:00
arm	A3_genconf_detbox	vina	posebusters	7WDT_NGS	20260922	ok		5	-4.946	vina	kcal/mol (empirical score, not a measured free energy)	10.64	-27.762	60.095	25.0	8	genconf	/home/qasim/vgb_bench_data/prepared/receptors/posebusters/7WDT_NGS/receptor.pdbqt	40.32	977.1	5	/home/qasim/vgb_bench_data/poses/A3_genconf_detbox/vina/posebusters/7WDT_NGS.sdf.gz	2451	2026-09-24T14:22:21+08:00
arm	A3_genconf_detbox	vina	posebusters	7WKL_CAQ	20260922	ok		5	-5.466	vina	kcal/mol (empirical score, not a measured free energy)	13.979	34.027	56.639	25.0	8	genconf	/home/qasim/vgb_bench_data/prepared/receptors/posebusters/7WKL_CAQ/receptor.pdbqt	7.29	1083.1	5	/home/qasim/vgb_bench_data/poses/A3_genconf_detbox/vina/posebusters/7WKL_CAQ.sdf.gz	1144	2026-09-24T14:23:00+08:00
arm	A3_genconf_detbox	vina	posebusters	7WJB_BGC	20260922	ok		5	-6.153	vina	kcal/mol (empirical score, not a measured free energy)	30.316	21.425	21.115	25.0	8	genconf	/home/qasim/vgb_bench_data/prepared/receptors/posebusters/7WJB_BGC/receptor.pdbqt	18.97	1303.2	5	/home/qasim/vgb_bench_data/poses/A3_genconf_detbox/vina/posebusters/7WJB_BGC.sdf.gz	1807	2026-09-24T14:22:50+08:00
arm	A3_genconf_detbox	vina	posebusters	7WQQ_5Z6	20260922	ok		3	-13.1	vina	kcal/mol (empirical score, not a measured free energy)	29.369	-5.719	11.535	25.0	8	genconf	/home/qasim/vgb_bench_data/prepared/receptors/posebusters/7WQQ_5Z6/receptor.pdbqt	49.98	1303.2	5	/home/qasim/vgb_bench_data/poses/A3_genconf_detbox/vina/posebusters/7WQQ_5Z6.sdf.gz	2422	2026-09-24T14:23:09+08:00
arm	A3_genconf_detbox	vina	posebusters	7WPW_F15	20260922	ok		5	-5.885	vina	kcal/mol (empirical score, not a measured free energy)	8.343	-20.128	-2.823	25.0	8	genconf	/home/qasim/vgb_bench_data/prepared/receptors/posebusters/7WPW_F15/receptor.pdbqt	62.06	1083.1	5	/home/qasim/vgb_bench_data/poses/A3_genconf_detbox/vina/posebusters/7WPW_F15.sdf.gz	3263	2026-09-24T14:23:07+08:00
arm	A3_genconf_detbox	vina	posebusters	7VWF_K55	20260922	ok		5	-6.464	vina	kcal/mol (empirical score, not a measured free energy)	18.982	-14.214	27.569	25.0	8	genconf	/home/qasim/vgb_bench_data/prepared/receptors/posebusters/7VWF_K55/receptor.pdbqt	218.62	1267.1	5	/home/qasim/vgb_bench_data/poses/A3_genconf_detbox/vina/posebusters/7VWF_K55.sdf.gz	4194	2026-09-24T14:20:39+08:00
arm	A3_genconf_detbox	vina	posebusters	7WY1_D0L	20260922	failed	vina:  > ATOM   4499  MO  MI9 A 501      15.615 -12.952 -11.459  1.00  0.00    +0.000 Mo			vina	kcal/mol (empirical score, not a measured free energy)	16.369	-19.759	-7.991	25.0	8	genconf	/home/qasim/vgb_bench_data/prepared/receptors/posebusters/7WY1_D0L/receptor.pdbqt	0.02		5			2026-09-24T14:24:17+08:00
arm	A3_genconf_detbox	vina	posebusters	7WL4_JFU	20260922	ok		5	-9.678	vina	kcal/mol (empirical score, not a measured free energy)	-2.785	20.394	12.028	25.0	8	genconf	/home/qasim/vgb_bench_data/prepared/receptors/posebusters/7WL4_JFU/receptor.pdbqt	91.86	977.1	5	/home/qasim/vgb_bench_data/poses/A3_genconf_detbox/vina/posebusters/7WL4_JFU.sdf.gz	3976	2026-09-24T14:23:01+08:00
arm	A3_genconf_detbox	vina	posebusters	7WCF_ACP	20260922	ok		5	-6.359	vina	kcal/mol (empirical score, not a measured free energy)	33.107	-9.09	-28.336	25.0	8	genconf	/home/qasim/vgb_bench_data/prepared/receptors/posebusters/7WCF_ACP/receptor.pdbqt	196.83	1158.9	5	/home/qasim/vgb_bench_data/poses/A3_genconf_detbox/vina/posebusters/7WCF_ACP.sdf.gz	3443	2026-09-24T14:21:49+08:00
arm	A3_genconf_detbox	vina	posebusters	7WUX_6OI	20260922	ok		5	-6.614	vina	kcal/mol (empirical score, not a measured free energy)	25.218	-11.553	-30.084	25.0	8	genconf	/home/qasim/vgb_bench_data/prepared/receptors/posebusters/7WUX_6OI/receptor.pdbqt	78.54	1303.2	5	/home/qasim/vgb_bench_data/poses/A3_genconf_detbox/vina/posebusters/7WUX_6OI.sdf.gz	2398	2026-09-24T14:23:59+08:00
arm	A3_genconf_detbox	vina	posebusters	7WUY_76N	20260922	ok		4	-9.832	vina	kcal/mol (empirical score, not a measured free energy)	17.346	152.778	25.526	25.0	8	genconf	/home/qasim/vgb_bench_data/prepared/receptors/posebusters/7WUY_76N/receptor.pdbqt	69.41	1083.1	5	/home/qasim/vgb_bench_data/poses/A3_genconf_detbox/vina/posebusters/7WUY_76N.sdf.gz	3382	2026-09-24T14:24:09+08:00
arm	A3_genconf_detbox	vina	posebusters	7X5N_5M5	20260922	ok		5	-9.072	vina	kcal/mol (empirical score, not a measured free energy)	87.106	64.451	46.244	25.0	8	genconf	/home/qasim/vgb_bench_data/prepared/receptors/posebusters/7X5N_5M5/receptor.pdbqt	74.38	1267.1	5	/home/qasim/vgb_bench_data/poses/A3_genconf_detbox/vina/posebusters/7X5N_5M5.sdf.gz	3698	2026-09-24T14:24:17+08:00
arm	A3_genconf_detbox	vina	posebusters	7X9K_8OG	20260922	ok		5	-9.799	vina	kcal/mol (empirical score, not a measured free energy)	-6.637	0.33	25.265	25.0	8	genconf	/home/qasim/vgb_bench_data/prepared/receptors/posebusters/7X9K_8OG/receptor.pdbqt	60.36	977.1	5	/home/qasim/vgb_bench_data/poses/A3_genconf_detbox/vina/posebusters/7X9K_8OG.sdf.gz	2706	2026-09-24T14:24:33+08:00
arm	A3_genconf_detbox	vina	posebusters	7XG5_PLP	20260922	ok		5	-7.755	vina	kcal/mol (empirical score, not a measured free energy)	-31.018	-48.656	35.42	25.0	8	genconf	/home/qasim/vgb_bench_data/prepared/receptors/posebusters/7XG5_PLP/receptor.pdbqt	25.37	1083.1	5	/home/qasim/vgb_bench_data/poses/A3_genconf_detbox/vina/posebusters/7XG5_PLP.sdf.gz	1895	2026-09-24T14:25:19+08:00
arm	A3_genconf_detbox	vina	posebusters	7XJN_NSD	20260922	ok		5	-5.434	vina	kcal/mol (empirical score, not a measured free energy)	-29.608	-13.692	6.56	25.0	8	genconf	/home/qasim/vgb_bench_data/prepared/receptors/posebusters/7XJN_NSD/receptor.pdbqt	23.94	977.1	5	/home/qasim/vgb_bench_data/poses/A3_genconf_detbox/vina/posebusters/7XJN_NSD.sdf.gz	1981	2026-09-24T14:25:34+08:00
arm	A3_genconf_detbox	vina	posebusters	7XI7_4RI	20260922	ok		5	-5.151	vina	kcal/mol (empirical score, not a measured free energy)	2.344	-35.142	-3.915	25.0	8	genconf	/home/qasim/vgb_bench_data/prepared/receptors/posebusters/7XI7_4RI/receptor.pdbqt	43.8	1267.1	5	/home/qasim/vgb_bench_data/poses/A3_genconf_detbox/vina/posebusters/7XI7_4RI.sdf.gz	2907	2026-09-24T14:25:32+08:00
arm	A3_genconf_detbox	vina	posebusters	7XRL_FWK	20260922	ok		5	-7.877	vina	kcal/mol (empirical score, not a measured free energy)	17.307	8.909	34.857	25.0	8	genconf	/home/qasim/vgb_bench_data/prepared/receptors/posebusters/7XRL_FWK/receptor.pdbqt	28.64	1267.1	5	/home/qasim/vgb_bench_data/poses/A3_genconf_detbox/vina/posebusters/7XRL_FWK.sdf.gz	2513	2026-09-24T14:26:15+08:00
arm	A3_genconf_detbox	vina	posebusters	7YZU_DO7	20260922	ok		5	-7.104	vina	kcal/mol (empirical score, not a measured free energy)	11.203	-22.829	-18.311	25.0	8	genconf	/home/qasim/vgb_bench_data/prepared/receptors/posebusters/7YZU_DO7/receptor.pdbqt	30.58	1267.1	5	/home/qasim/vgb_bench_data/poses/A3_genconf_detbox/vina/posebusters/7YZU_DO7.sdf.gz	2272	2026-09-24T14:26:44+08:00
arm	A3_genconf_detbox	vina	posebusters	7Z1Q_NIO	20260922	ok		5	-5.96	vina	kcal/mol (empirical score, not a measured free energy)	1.721	29.09	-8.607	25.0	8	genconf	/home/qasim/vgb_bench_data/prepared/receptors/posebusters/7Z1Q_NIO/receptor.pdbqt	8.06	1267.1	5	/home/qasim/vgb_bench_data/poses/A3_genconf_detbox/vina/posebusters/7Z1Q_NIO.sdf.gz	1177	2026-09-24T14:27:15+08:00
arm	A3_genconf_detbox	vina	posebusters	7XQZ_FPF	20260922	ok		5	-9.567	vina	kcal/mol (empirical score, not a measured free energy)	-20.043	-3.147	-19.633	25.0	8	genconf	/home/qasim/vgb_bench_data/prepared/receptors/posebusters/7XQZ_FPF/receptor.pdbqt	90.23	977.1	5	/home/qasim/vgb_bench_data/poses/A3_genconf_detbox/vina/posebusters/7XQZ_FPF.sdf.gz	3580	2026-09-24T14:25:57+08:00
arm	A3_genconf_detbox	vina	posebusters	7Z2O_IAJ	20260922	ok		5	-6.257	vina	kcal/mol (empirical score, not a measured free energy)	1.189	5.847	29.406	25.0	8	genconf	/home/qasim/vgb_bench_data/prepared/receptors/posebusters/7Z2O_IAJ/receptor.pdbqt	10.92	1267.1	5	/home/qasim/vgb_bench_data/poses/A3_genconf_detbox/vina/posebusters/7Z2O_IAJ.sdf.gz	1609	2026-09-24T14:27:23+08:00
arm	A3_genconf_detbox	vina	posebusters	7Z7F_IF3	20260922	ok		5	-4.78	vina	kcal/mol (empirical score, not a measured free energy)	15.635	28.827	4.435	25.0	8	genconf	/home/qasim/vgb_bench_data/prepared/receptors/posebusters/7Z7F_IF3/receptor.pdbqt	13.17	977.1	5	/home/qasim/vgb_bench_data/poses/A3_genconf_detbox/vina/posebusters/7Z7F_IF3.sdf.gz	1928	2026-09-24T14:27:28+08:00
arm	A3_genconf_detbox	vina	posebusters	7ZCC_OGA	20260922	ok		5	-5.444	vina	kcal/mol (empirical score, not a measured free energy)	39.442	17.444	56.926	25.0	8	genconf	/home/qasim/vgb_bench_data/prepared/receptors/posebusters/7ZCC_OGA/receptor.pdbqt	19.41	1267.1	5	/home/qasim/vgb_bench_data/poses/A3_genconf_detbox/vina/posebusters/7ZCC_OGA.sdf.gz	1209	2026-09-24T14:27:34+08:00
arm	A3_genconf_detbox	vina	posebusters	7ZDY_6MJ	20260922	ok		5	-5.306	vina	kcal/mol (empirical score, not a measured free energy)	9.593	-3.525	61.233	25.0	8	genconf	/home/qasim/vgb_bench_data/prepared/receptors/posebusters/7ZDY_6MJ/receptor.pdbqt	15.7	977.1	5	/home/qasim/vgb_bench_data/poses/A3_genconf_detbox/vina/posebusters/7ZDY_6MJ.sdf.gz	1838	2026-09-24T14:27:41+08:00
arm	A3_genconf_detbox	vina	posebusters	7ZF0_DHR	20260922	ok		5	-6.394	vina	kcal/mol (empirical score, not a measured free energy)	32.512	57.275	47.858	25.0	8	genconf	/home/qasim/vgb_bench_data/prepared/receptors/posebusters/7ZF0_DHR/receptor.pdbqt	12.01	1267.1	5	/home/qasim/vgb_bench_data/poses/A3_genconf_detbox/vina/posebusters/7ZF0_DHR.sdf.gz	1456	2026-09-24T14:27:53+08:00
arm	A3_genconf_detbox	vina	posebusters	7XBV_APC	20260922	ok		5	-7.618	vina	kcal/mol (empirical score, not a measured free energy)	-40.36	5.494	-0.261	25.0	8	genconf	/home/qasim/vgb_bench_data/prepared/receptors/posebusters/7XBV_APC/receptor.pdbqt	191.89	1158.9	5	/home/qasim/vgb_bench_data/poses/A3_genconf_detbox/vina/posebusters/7XBV_APC.sdf.gz	3451	2026-09-24T14:25:06+08:00
arm	A3_genconf_detbox	vina	posebusters	7XFA_D9J	20260922	ok		5	-6.952	vina	kcal/mol (empirical score, not a measured free energy)	-13.623	-10.433	-2.28	25.0	8	genconf	/home/qasim/vgb_bench_data/prepared/receptors/posebusters/7XFA_D9J/receptor.pdbqt	185.65	1303.2	5	/home/qasim/vgb_bench_data/poses/A3_genconf_detbox/vina/posebusters/7XFA_D9J.sdf.gz	4182	2026-09-24T14:25:17+08:00
arm	A3_genconf_detbox	vina	posebusters	7ZOC_T8E	20260922	ok		5	-6.934	vina	kcal/mol (empirical score, not a measured free energy)	17.918	13.052	35.954	25.0	8	genconf	/home/qasim/vgb_bench_data/prepared/receptors/posebusters/7ZOC_T8E/receptor.pdbqt	16.87	1158.9	5	/home/qasim/vgb_bench_data/poses/A3_genconf_detbox/vina/posebusters/7ZOC_T8E.sdf.gz	2130	2026-09-24T14:28:18+08:00
arm	A3_genconf_detbox	vina	posebusters	7ZTL_BCN	20260922	ok		5	-4.63	vina	kcal/mol (empirical score, not a measured free energy)	-29.37	32.574	8.707	25.0	8	genconf	/home/qasim/vgb_bench_data/prepared/receptors/posebusters/7ZTL_BCN/receptor.pdbqt	25.39	1303.2	5	/home/qasim/vgb_bench_data/poses/A3_genconf_detbox/vina/posebusters/7ZTL_BCN.sdf.gz	1817	2026-09-24T14:28:23+08:00
arm	A3_genconf_detbox	vina	posebusters	7ZU2_DHT	20260922	ok		4	-11.08	vina	kcal/mol (empirical score, not a measured free energy)	-26.314	2.725	-4.986	25.0	8	genconf	/home/qasim/vgb_bench_data/prepared/receptors/posebusters/7ZU2_DHT/receptor.pdbqt	15.56	1158.9	5	/home/qasim/vgb_bench_data/poses/A3_genconf_detbox/vina/posebusters/7ZU2_DHT.sdf.gz	2952	2026-09-24T14:28:35+08:00
arm	A3_genconf_detbox	vina	posebusters	7ZL5_IWE	20260922	ok		5	-6.095	vina	kcal/mol (empirical score, not a measured free energy)	5.963	32.259	49.703	25.0	8	genconf	/home/qasim/vgb_bench_data/prepared/receptors/posebusters/7ZL5_IWE/receptor.pdbqt	58.82	1267.1	5	/home/qasim/vgb_bench_data/poses/A3_genconf_detbox/vina/posebusters/7ZL5_IWE.sdf.gz	2490	2026-09-24T14:28:05+08:00
arm	A3_genconf_detbox	vina	posebusters	7ZZW_KKW	20260922	ok		5	-8.191	vina	kcal/mol (empirical score, not a measured free energy)	21.17	-19.171	1.971	25.0	8	genconf	/home/qasim/vgb_bench_data/prepared/receptors/posebusters/7ZZW_KKW/receptor.pdbqt	64.54	1158.9	5	/home/qasim/vgb_bench_data/poses/A3_genconf_detbox/vina/posebusters/7ZZW_KKW.sdf.gz	3674	2026-09-24T14:28:50+08:00
arm	A3_genconf_detbox	vina	posebusters	8A1H_DLZ	20260922	ok		5	-10.17	vina	kcal/mol (empirical score, not a measured free energy)	-68.205	39.334	-6.652	25.0	8	genconf	/home/qasim/vgb_bench_data/prepared/receptors/posebusters/8A1H_DLZ/receptor.pdbqt	61.43	1267.1	5	/home/qasim/vgb_bench_data/poses/A3_genconf_detbox/vina/posebusters/8A1H_DLZ.sdf.gz	2947	2026-09-24T14:29:04+08:00
arm	A3_genconf_detbox	vina	posebusters	7XPO_UPG	20260922	ok		5	-6.97	vina	kcal/mol (empirical score, not a measured free energy)	5.404	-7.19	21.705	25.0	8	genconf	/home/qasim/vgb_bench_data/prepared/receptors/posebusters/7XPO_UPG/receptor.pdbqt	285.57	1083.1	5	/home/qasim/vgb_bench_data/poses/A3_genconf_detbox/vina/posebusters/7XPO_UPG.sdf.gz	4226	2026-09-24T14:25:44+08:00
arm	A3_genconf_detbox	vina	posebusters	7ZHP_IQY	20260922	ok		5	-8.971	vina	kcal/mol (empirical score, not a measured free energy)	69.453	37.403	1.75	25.0	8	genconf	/home/qasim/vgb_bench_data/prepared/receptors/posebusters/7ZHP_IQY/receptor.pdbqt	153.66	977.1	5	/home/qasim/vgb_bench_data/poses/A3_genconf_detbox/vina/posebusters/7ZHP_IQY.sdf.gz	3650	2026-09-24T14:27:57+08:00
arm	A3_genconf_detbox	vina	posebusters	8AEM_LVF	20260922	ok		5	-6.528	vina	kcal/mol (empirical score, not a measured free energy)	-122.061	-181.881	310.716	25.0	8	genconf	/home/qasim/vgb_bench_data/prepared/receptors/posebusters/8AEM_LVF/receptor.pdbqt	8.99	1083.1	5	/home/qasim/vgb_bench_data/poses/A3_genconf_detbox/vina/posebusters/8AEM_LVF.sdf.gz	1539	2026-09-24T14:30:30+08:00
arm	A3_genconf_detbox	vina	posebusters	8AAU_LH0	20260922	ok		5	-7.91	vina	kcal/mol (empirical score, not a measured free energy)	-19.812	37.302	-19.403	25.0	8	genconf	/home/qasim/vgb_bench_data/prepared/receptors/posebusters/8AAU_LH0/receptor.pdbqt	47.66	1267.1	5	/home/qasim/vgb_bench_data/poses/A3_genconf_detbox/vina/posebusters/8AAU_LH0.sdf.gz	2819	2026-09-24T14:30:05+08:00
arm	A3_genconf_detbox	vina	posebusters	7ZXV_45D	20260922	ok		4	-13.51	vina	kcal/mol (empirical score, not a measured free energy)	20.272	12.483	-11.493	25.0	8	genconf	/home/qasim/vgb_bench_data/prepared/receptors/posebusters/7ZXV_45D/receptor.pdbqt	144.15	1303.2	5	/home/qasim/vgb_bench_data/poses/A3_genconf_detbox/vina/posebusters/7ZXV_45D.sdf.gz	5260	2026-09-24T14:28:48+08:00
arm	A3_genconf_detbox	vina	posebusters	8AUH_L9I	20260922	ok		5	-4.964	vina	kcal/mol (empirical score, not a measured free energy)	-12.56	16.317	-3.573	25.0	8	genconf	/home/qasim/vgb_bench_data/prepared/receptors/posebusters/8AUH_L9I/receptor.pdbqt	13.65	1303.2	5	/home/qasim/vgb_bench_data/poses/A3_genconf_detbox/vina/posebusters/8AUH_L9I.sdf.gz	1529	2026-09-24T14:31:12+08:00
arm	A3_genconf_detbox	vina	posebusters	8AQL_PLG	20260922	ok		5	-3.448	vina	kcal/mol (empirical score, not a measured free energy)	4.138	39.627	13.826	25.0	8	genconf	/home/qasim/vgb_bench_data/prepared/receptors/posebusters/8AQL_PLG/receptor.pdbqt	58.27	1267.1	5	/home/qasim/vgb_bench_data/poses/A3_genconf_detbox/vina/posebusters/8AQL_PLG.sdf.gz	2572	2026-09-24T14:30:53+08:00
arm	A3_genconf_detbox	vina	posebusters	8AIE_M7L	20260922	ok		5	-6.431	vina	kcal/mol (empirical score, not a measured free energy)	-6.703	-8.269	7.77	25.0	8	genconf	/home/qasim/vgb_bench_data/prepared/receptors/posebusters/8AIE_M7L/receptor.pdbqt	89.02	977.1	5	/home/qasim/vgb_bench_data/poses/A3_genconf_detbox/vina/posebusters/8AIE_M7L.sdf.gz	2757	2026-09-24T14:30:30+08:00
arm	A3_genconf_detbox	vina	posebusters	8AP0_PRP	20260922	ok		5	-5.253	vina	kcal/mol (empirical score, not a measured free energy)	16.496	1.181	33.252	25.0	8	genconf	/home/qasim/vgb_bench_data/prepared/receptors/posebusters/8AP0_PRP/receptor.pdbqt	94.62	1083.1	5	/home/qasim/vgb_bench_data/poses/A3_genconf_detbox/vina/posebusters/8AP0_PRP.sdf.gz	2543	2026-09-24T14:30:39+08:00
arm	A3_genconf_detbox	vina	posebusters	8BTI_RFO	20260922	ok		5	-7.755	vina	kcal/mol (empirical score, not a measured free energy)	25.158	67.69	72.633	25.0	8	genconf	/home/qasim/vgb_bench_data/prepared/receptors/posebusters/8BTI_RFO/receptor.pdbqt	14.49	1083.1	5	/home/qasim/vgb_bench_data/poses/A3_genconf_detbox/vina/posebusters/8BTI_RFO.sdf.gz	1924	2026-09-24T14:32:13+08:00
arm	A3_genconf_detbox	vina	posebusters	8AY3_OE3	20260922	ok		3	-9.895	vina	kcal/mol (empirical score, not a measured free energy)	-3.354	7.368	42.018	25.0	8	genconf	/home/qasim/vgb_bench_data/prepared/receptors/posebusters/8AY3_OE3/receptor.pdbqt	69.5	1303.2	5	/home/qasim/vgb_bench_data/poses/A3_genconf_detbox/vina/posebusters/8AY3_OE3.sdf.gz	2035	2026-09-24T14:31:26+08:00
arm	A3_genconf_detbox	vina	posebusters	8B8H_OJQ	20260922	ok		5	-8.919	vina	kcal/mol (empirical score, not a measured free energy)	48.367	24.858	8.936	25.0	8	genconf	/home/qasim/vgb_bench_data/prepared/receptors/posebusters/8B8H_OJQ/receptor.pdbqt	72.78	1267.1	5	/home/qasim/vgb_bench_data/poses/A3_genconf_detbox/vina/posebusters/8B8H_OJQ.sdf.gz	2633	2026-09-24T14:31:51+08:00
arm	A3_genconf_detbox	vina	posebusters	8C5M_MTA	20260922	ok		5	-4.966	vina	kcal/mol (empirical score, not a measured free energy)	69.905	-24.919	18.552	25.0	8	genconf	/home/qasim/vgb_bench_data/prepared/receptors/posebusters/8C5M_MTA/receptor.pdbqt	35.61	1303.2	5	/home/qasim/vgb_bench_data/poses/A3_genconf_detbox/vina/posebusters/8C5M_MTA.sdf.gz	2580	2026-09-24T14:32:36+08:00
arm	A3_genconf_detbox	vina	posebusters	8BOM_QU6	20260922	ok		5	-7.973	vina	kcal/mol (empirical score, not a measured free energy)	-78.736	-1.863	108.239	25.0	8	genconf	/home/qasim/vgb_bench_data/prepared/receptors/posebusters/8BOM_QU6/receptor.pdbqt	121.45	977.1	5	/home/qasim/vgb_bench_data/poses/A3_genconf_detbox/vina/posebusters/8BOM_QU6.sdf.gz	4086	2026-09-24T14:31:59+08:00
arm	A3_genconf_detbox	vina	posebusters	8CSD_C5P	20260922	ok		5	-7.915	vina	kcal/mol (empirical score, not a measured free energy)	12.845	19.064	20.666	25.0	8	genconf	/home/qasim/vgb_bench_data/prepared/receptors/posebusters/8CSD_C5P/receptor.pdbqt	50.85	1303.2	5	/home/qasim/vgb_bench_data/poses/A3_genconf_detbox/vina/posebusters/8CSD_C5P.sdf.gz	2477	2026-09-24T14:33:11+08:00
arm	A3_genconf_detbox	vina	posebusters	8CNH_V6U	20260922	ok		5	-7.843	vina	kcal/mol (empirical score, not a measured free energy)	-30.5	14.964	-7.482	25.0	8	genconf	/home/qasim/vgb_bench_data/prepared/receptors/posebusters/8CNH_V6U/receptor.pdbqt	59.16	1267.1	5	/home/qasim/vgb_bench_data/poses/A3_genconf_detbox/vina/posebusters/8CNH_V6U.sdf.gz	2911	2026-09-24T14:33:04+08:00
arm	A3_genconf_detbox	vina	posebusters	8A2D_KXY	20260922	ok		5	-8.26	vina	kcal/mol (empirical score, not a measured free energy)	-22.493	-11.704	-3.109	25.0	8	genconf	/home/qasim/vgb_bench_data/prepared/receptors/posebusters/8A2D_KXY/receptor.pdbqt	252.23	1158.9	5	/home/qasim/vgb_bench_data/poses/A3_genconf_detbox/vina/posebusters/8A2D_KXY.sdf.gz	5985	2026-09-24T14:29:55+08:00
arm	A3_genconf_detbox	vina	posebusters	8D39_QDB	20260922	ok		1	-10.8	vina	kcal/mol (empirical score, not a measured free energy)	3.535	1.169	19.568	25.0	8	genconf	/home/qasim/vgb_bench_data/prepared/receptors/posebusters/8D39_QDB/receptor.pdbqt	21.99	1303.2	5	/home/qasim/vgb_bench_data/poses/A3_genconf_detbox/vina/posebusters/8D39_QDB.sdf.gz	643	2026-09-24T14:34:02+08:00
arm	A3_genconf_detbox	vina	posebusters	8C3N_ADP	20260922	ok		5	-5.899	vina	kcal/mol (empirical score, not a measured free energy)	4.35	-22.938	-44.592	25.0	8	genconf	/home/qasim/vgb_bench_data/prepared/receptors/posebusters/8C3N_ADP/receptor.pdbqt	117.8	1083.1	5	/home/qasim/vgb_bench_data/poses/A3_genconf_detbox/vina/posebusters/8C3N_ADP.sdf.gz	3029	2026-09-24T14:32:28+08:00
arm	A3_genconf_detbox	vina	posebusters	8DKO_TFB	20260922	ok		5	-4.749	vina	kcal/mol (empirical score, not a measured free energy)	34.648	-12.592	20.758	25.0	8	genconf	/home/qasim/vgb_bench_data/prepared/receptors/posebusters/8DKO_TFB/receptor.pdbqt	7.22	1303.2	5	/home/qasim/vgb_bench_data/poses/A3_genconf_detbox/vina/posebusters/8DKO_TFB.sdf.gz	1290	2026-09-24T14:34:24+08:00
arm	A3_genconf_detbox	vina	posebusters	8DSC_NCA	20260922	ok		5	-6.76	vina	kcal/mol (empirical score, not a measured free energy)	7.712	-9.16	36.287	25.0	8	genconf	/home/qasim/vgb_bench_data/prepared/receptors/posebusters/8DSC_NCA/receptor.pdbqt	6.54	1303.2	5	/home/qasim/vgb_bench_data/poses/A3_genconf_detbox/vina/posebusters/8DSC_NCA.sdf.gz	1227	2026-09-24T14:34:31+08:00
arm	A3_genconf_detbox	vina	posebusters	8D19_GSH	20260922	ok		5	-5.793	vina	kcal/mol (empirical score, not a measured free energy)	9.379	15.904	39.398	25.0	8	genconf	/home/qasim/vgb_bench_data/prepared/receptors/posebusters/8D19_GSH/receptor.pdbqt	74.58	977.1	5	/home/qasim/vgb_bench_data/poses/A3_genconf_detbox/vina/posebusters/8D19_GSH.sdf.gz	2670	2026-09-24T14:34:01+08:00
arm	A3_genconf_detbox	vina	posebusters	8EX2_Q2Q	20260922	ok		5	-9.991	vina	kcal/mol (empirical score, not a measured free energy)	26.646	5.493	21.325	25.0	8	genconf	/home/qasim/vgb_bench_data/prepared/receptors/posebusters/8EX2_Q2Q/receptor.pdbqt	33.62	977.1	5	/home/qasim/vgb_bench_data/poses/A3_genconf_detbox/vina/posebusters/8EX2_Q2Q.sdf.gz	2740	2026-09-24T14:35:15+08:00
arm	A3_genconf_detbox	vina	posebusters	8D5D_5DK	20260922	ok		5	-8.866	vina	kcal/mol (empirical score, not a measured free energy)	6.699	-11.207	36.928	25.0	8	genconf	/home/qasim/vgb_bench_data/prepared/receptors/posebusters/8D5D_5DK/receptor.pdbqt	133.89	1267.1	5	/home/qasim/vgb_bench_data/poses/A3_genconf_detbox/vina/posebusters/8D5D_5DK.sdf.gz	3443	2026-09-24T14:34:03+08:00
arm	A3_genconf_detbox	vina	posebusters	8DHG_T78	20260922	ok		2	-9.623	vina	kcal/mol (empirical score, not a measured free energy)	33.836	-18.751	19.743	25.0	8	genconf	/home/qasim/vgb_bench_data/prepared/receptors/posebusters/8DHG_T78/receptor.pdbqt	166.27	1158.9	5	/home/qasim/vgb_bench_data/poses/A3_genconf_detbox/vina/posebusters/8DHG_T78.sdf.gz	1745	2026-09-24T14:34:07+08:00
arm	A3_genconf_detbox	vina	posebusters	8EYE_X4I	20260922	ok		5	-9.995	vina	kcal/mol (empirical score, not a measured free energy)	33.607	-7.862	7.283	25.0	8	genconf	/home/qasim/vgb_bench_data/prepared/receptors/posebusters/8EYE_X4I/receptor.pdbqt	104.16	1267.1	5	/home/qasim/vgb_bench_data/poses/A3_genconf_detbox/vina/posebusters/8EYE_X4I.sdf.gz	3466	2026-09-24T14:36:17+08:00
arm	A3_genconf_detbox	vina	posebusters	8EXL_799	20260922	ok		5	-7.688	vina	kcal/mol (empirical score, not a measured free energy)	9.032	14.605	28.177	25.0	8	genconf	/home/qasim/vgb_bench_data/prepared/receptors/posebusters/8EXL_799/receptor.pdbqt	234.08	977.1	5	/home/qasim/vgb_bench_data/poses/A3_genconf_detbox/vina/posebusters/8EXL_799.sdf.gz	4309	2026-09-24T14:35:49+08:00
arm	A3_genconf_detbox	vina	posebusters	8F8E_XJI	20260922	ok		5	-11.2	vina	kcal/mol (empirical score, not a measured free energy)	-24.766	-23.222	-7.655	25.0	8	genconf	/home/qasim/vgb_bench_data/prepared/receptors/posebusters/8F8E_XJI/receptor.pdbqt	131.3	1267.1	5	/home/qasim/vgb_bench_data/poses/A3_genconf_detbox/vina/posebusters/8F8E_XJI.sdf.gz	3078	2026-09-24T14:38:01+08:00
arm	A3_genconf_detbox	vina	posebusters	8FLV_ZB9	20260922	ok		5	-8.693	vina	kcal/mol (empirical score, not a measured free energy)	-16.041	6.689	-9.236	25.0	8	genconf	/home/qasim/vgb_bench_data/prepared/receptors/posebusters/8FLV_ZB9/receptor.pdbqt	81.35	1267.1	5	/home/qasim/vgb_bench_data/poses/A3_genconf_detbox/vina/posebusters/8FLV_ZB9.sdf.gz	3554	2026-09-24T14:40:13+08:00
arm	A3_genconf_detbox	vina	posebusters	8FAV_4Y5	20260922	ok		5	-7.522	vina	kcal/mol (empirical score, not a measured free energy)	-10.067	-56.057	-24.807	25.0	8	genconf	/home/qasim/vgb_bench_data/prepared/receptors/posebusters/8FAV_4Y5/receptor.pdbqt	121.14	977.1	5	/home/qasim/vgb_bench_data/poses/A3_genconf_detbox/vina/posebusters/8FAV_4Y5.sdf.gz	3039	2026-09-24T14:39:43+08:00
arm	A3_genconf_detbox	vina	posebusters	8FO5_Y4U	20260922	ok		5	-9.317	vina	kcal/mol (empirical score, not a measured free energy)	23.248	-4.339	-23.182	25.0	8	genconf	/home/qasim/vgb_bench_data/prepared/receptors/posebusters/8FO5_Y4U/receptor.pdbqt	19.44	1267.1	5	/home/qasim/vgb_bench_data/poses/A3_genconf_detbox/vina/posebusters/8FO5_Y4U.sdf.gz	2057	2026-09-24T14:41:34+08:00
arm	A3_genconf_detbox	vina	posebusters	8G6P_API	20260922	ok		5	-5.589	vina	kcal/mol (empirical score, not a measured free energy)	-22.05	14.914	-14.122	25.0	8	genconf	/home/qasim/vgb_bench_data/prepared/receptors/posebusters/8G6P_API/receptor.pdbqt	35.31	1267.1	5	/home/qasim/vgb_bench_data/poses/A3_genconf_detbox/vina/posebusters/8G6P_API.sdf.gz	2014	2026-09-24T14:41:53+08:00
arm	A3_genconf_detbox	vina	posebusters	8EAB_VN2	20260922	ok		5	-6.056	vina	kcal/mol (empirical score, not a measured free energy)	25.852	-4.19	37.328	25.0	8	genconf	/home/qasim/vgb_bench_data/prepared/receptors/posebusters/8EAB_VN2/receptor.pdbqt	492.77	1303.2	5	/home/qasim/vgb_bench_data/poses/A3_genconf_detbox/vina/posebusters/8EAB_VN2.sdf.gz	4812	2026-09-24T14:34:38+08:00
arm	A3_genconf_detbox	vina	posebusters	8G0V_YHT	20260922	ok		5	-7.76	vina	kcal/mol (empirical score, not a measured free energy)	-8.54	-1.725	-1.23	25.0	8	genconf	/home/qasim/vgb_bench_data/prepared/receptors/posebusters/8G0V_YHT/receptor.pdbqt	90.65	977.1	5	/home/qasim/vgb_bench_data/poses/A3_genconf_detbox/vina/posebusters/8G0V_YHT.sdf.gz	3056	2026-09-24T14:41:44+08:00
arm	A3_genconf_detbox	vina	posebusters	8HO0_3ZI	20260922	ok		5	-7.701	vina	kcal/mol (empirical score, not a measured free energy)	-10.823	23.737	-4.247	25.0	8	genconf	/home/qasim/vgb_bench_data/prepared/receptors/posebusters/8HO0_3ZI/receptor.pdbqt	31.6	977.1	5	/home/qasim/vgb_bench_data/poses/A3_genconf_detbox/vina/posebusters/8HO0_3ZI.sdf.gz	2774	2026-09-24T14:43:15+08:00
arm	A3_genconf_detbox	vina	posebusters	8HFN_XGC	20260922	ok		5	-7.322	vina	kcal/mol (empirical score, not a measured free energy)	59.56	0.382	-7.312	25.0	8	genconf	/home/qasim/vgb_bench_data/prepared/receptors/posebusters/8HFN_XGC/receptor.pdbqt	59.64	1303.2	5	/home/qasim/vgb_bench_data/poses/A3_genconf_detbox/vina/posebusters/8HFN_XGC.sdf.gz	2900	2026-09-24T14:42:51+08:00
arm	A3_genconf_detbox	vina	posebusters	8GFD_ZHR	20260922	ok		5	-7.911	vina	kcal/mol (empirical score, not a measured free energy)	-44.179	-60.438	-9.002	25.0	8	genconf	/home/qasim/vgb_bench_data/prepared/receptors/posebusters/8GFD_ZHR/receptor.pdbqt	82.55	1267.1	5	/home/qasim/vgb_bench_data/poses/A3_genconf_detbox/vina/posebusters/8GFD_ZHR.sdf.gz	3490	2026-09-24T14:42:29+08:00
arm	A3_genconf_detbox	vina	posebusters	8SLG_G5A	20260922	ok		5	-8.04	vina	kcal/mol (empirical score, not a measured free energy)	-17.725	59.623	-1.42	25.0	8	genconf	/home/qasim/vgb_bench_data/prepared/receptors/posebusters/8SLG_G5A/receptor.pdbqt	84.31	977.1	5	/home/qasim/vgb_bench_data/poses/A3_genconf_detbox/vina/posebusters/8SLG_G5A.sdf.gz	3159	2026-09-24T14:43:46+08:00
arm	A3_genconf_detbox	vina	posebusters	8DP2_UMA	20260922	ok		5	-5.756	vina	kcal/mol (empirical score, not a measured free energy)	54.949	13.907	16.427	25.0	8	genconf	/home/qasim/vgb_bench_data/prepared/receptors/posebusters/8DP2_UMA/receptor.pdbqt	796.7	1083.1	5	/home/qasim/vgb_bench_data/poses/A3_genconf_detbox/vina/posebusters/8DP2_UMA.sdf.gz	5781	2026-09-24T14:34:26+08:00
arm	A3_genconf_detbox	vina	posebusters	8F4J_PHO	20260922	ok		1	16.77	vina	kcal/mol (empirical score, not a measured free energy)	-48.712	42.826	333.776	25.0	8	genconf	/home/qasim/vgb_bench_data/prepared/receptors/posebusters/8F4J_PHO/receptor.pdbqt	1160.53	1321.2	5	/home/qasim/vgb_bench_data/poses/A3_genconf_detbox/vina/posebusters/8F4J_PHO.sdf.gz	2423	2026-09-24T14:36:53+08:00
