dataset	complex_id	pdb_id	ccd_id	protein_pdb	ligand_sdf	ligands_sdf	start_conf_sdf
posebusters	5SAK_ZRY	5SAK	ZRY	/home/qasim/vgb_bench_data/benchmarks/posebusters_benchmark_set/5SAK_ZRY/5SAK_ZRY_protein.pdb	/home/qasim/vgb_bench_data/benchmarks/posebusters_benchmark_set/5SAK_ZRY/5SAK_ZRY_ligand.sdf	/home/qasim/vgb_bench_data/benchmarks/posebusters_benchmark_set/5SAK_ZRY/5SAK_ZRY_ligands.sdf	/home/qasim/vgb_bench_data/benchmarks/posebusters_benchmark_set/5SAK_ZRY/5SAK_ZRY_ligand_start_conf.sdf
posebusters	5SB2_1K2	5SB2	1K2	/home/qasim/vgb_bench_data/benchmarks/posebusters_benchmark_set/5SB2_1K2/5SB2_1K2_protein.pdb	/home/qasim/vgb_bench_data/benchmarks/posebusters_benchmark_set/5SB2_1K2/5SB2_1K2_ligand.sdf	/home/qasim/vgb_bench_data/benchmarks/posebusters_benchmark_set/5SB2_1K2/5SB2_1K2_ligands.sdf	/home/qasim/vgb_bench_data/benchmarks/posebusters_benchmark_set/5SB2_1K2/5SB2_1K2_ligand_start_conf.sdf
posebusters	5SD5_HWI	5SD5	HWI	/home/qasim/vgb_bench_data/benchmarks/posebusters_benchmark_set/5SD5_HWI/5SD5_HWI_protein.pdb	/home/qasim/vgb_bench_data/benchmarks/posebusters_benchmark_set/5SD5_HWI/5SD5_HWI_ligand.sdf	/home/qasim/vgb_bench_data/benchmarks/posebusters_benchmark_set/5SD5_HWI/5SD5_HWI_ligands.sdf	/home/qasim/vgb_bench_data/benchmarks/posebusters_benchmark_set/5SD5_HWI/5SD5_HWI_ligand_start_conf.sdf
posebusters	5SIS_JSM	5SIS	JSM	/home/qasim/vgb_bench_data/benchmarks/posebusters_benchmark_set/5SIS_JSM/5SIS_JSM_protein.pdb	/home/qasim/vgb_bench_data/benchmarks/posebusters_benchmark_set/5SIS_JSM/5SIS_JSM_ligand.sdf	/home/qasim/vgb_bench_data/benchmarks/posebusters_benchmark_set/5SIS_JSM/5SIS_JSM_ligands.sdf	/home/qasim/vgb_bench_data/benchmarks/posebusters_benchmark_set/5SIS_JSM/5SIS_JSM_ligand_start_conf.sdf
posebusters	6M2B_EZO	6M2B	EZO	/home/qasim/vgb_bench_data/benchmarks/posebusters_benchmark_set/6M2B_EZO/6M2B_EZO_protein.pdb	/home/qasim/vgb_bench_data/benchmarks/posebusters_benchmark_set/6M2B_EZO/6M2B_EZO_ligand.sdf	/home/qasim/vgb_bench_data/benchmarks/posebusters_benchmark_set/6M2B_EZO/6M2B_EZO_ligands.sdf	/home/qasim/vgb_bench_data/benchmarks/posebusters_benchmark_set/6M2B_EZO/6M2B_EZO_ligand_start_conf.sdf
posebusters	6M73_FNR	6M73	FNR	/home/qasim/vgb_bench_data/benchmarks/posebusters_benchmark_set/6M73_FNR/6M73_FNR_protein.pdb	/home/qasim/vgb_bench_data/benchmarks/posebusters_benchmark_set/6M73_FNR/6M73_FNR_ligand.sdf	/home/qasim/vgb_bench_data/benchmarks/posebusters_benchmark_set/6M73_FNR/6M73_FNR_ligands.sdf	/home/qasim/vgb_bench_data/benchmarks/posebusters_benchmark_set/6M73_FNR/6M73_FNR_ligand_start_conf.sdf
posebusters	6T88_MWQ	6T88	MWQ	/home/qasim/vgb_bench_data/benchmarks/posebusters_benchmark_set/6T88_MWQ/6T88_MWQ_protein.pdb	/home/qasim/vgb_bench_data/benchmarks/posebusters_benchmark_set/6T88_MWQ/6T88_MWQ_ligand.sdf	/home/qasim/vgb_bench_data/benchmarks/posebusters_benchmark_set/6T88_MWQ/6T88_MWQ_ligands.sdf	/home/qasim/vgb_bench_data/benchmarks/posebusters_benchmark_set/6T88_MWQ/6T88_MWQ_ligand_start_conf.sdf
posebusters	6TW5_9M2	6TW5	9M2	/home/qasim/vgb_bench_data/benchmarks/posebusters_benchmark_set/6TW5_9M2/6TW5_9M2_protein.pdb	/home/qasim/vgb_bench_data/benchmarks/posebusters_benchmark_set/6TW5_9M2/6TW5_9M2_ligand.sdf	/home/qasim/vgb_bench_data/benchmarks/posebusters_benchmark_set/6TW5_9M2/6TW5_9M2_ligands.sdf	/home/qasim/vgb_bench_data/benchmarks/posebusters_benchmark_set/6TW5_9M2/6TW5_9M2_ligand_start_conf.sdf
posebusters	6TW7_NZB	6TW7	NZB	/home/qasim/vgb_bench_data/benchmarks/posebusters_benchmark_set/6TW7_NZB/6TW7_NZB_protein.pdb	/home/qasim/vgb_bench_data/benchmarks/posebusters_benchmark_set/6TW7_NZB/6TW7_NZB_ligand.sdf	/home/qasim/vgb_bench_data/benchmarks/posebusters_benchmark_set/6TW7_NZB/6TW7_NZB_ligands.sdf	/home/qasim/vgb_bench_data/benchmarks/posebusters_benchmark_set/6TW7_NZB/6TW7_NZB_ligand_start_conf.sdf
posebusters	6VTA_AKN	6VTA	AKN	/home/qasim/vgb_bench_data/benchmarks/posebusters_benchmark_set/6VTA_AKN/6VTA_AKN_protein.pdb	/home/qasim/vgb_bench_data/benchmarks/posebusters_benchmark_set/6VTA_AKN/6VTA_AKN_ligand.sdf	/home/qasim/vgb_bench_data/benchmarks/posebusters_benchmark_set/6VTA_AKN/6VTA_AKN_ligands.sdf	/home/qasim/vgb_bench_data/benchmarks/posebusters_benchmark_set/6VTA_AKN/6VTA_AKN_ligand_start_conf.sdf
posebusters	6WTN_RXT	6WTN	RXT	/home/qasim/vgb_bench_data/benchmarks/posebusters_benchmark_set/6WTN_RXT/6WTN_RXT_protein.pdb	/home/qasim/vgb_bench_data/benchmarks/posebusters_benchmark_set/6WTN_RXT/6WTN_RXT_ligand.sdf	/home/qasim/vgb_bench_data/benchmarks/posebusters_benchmark_set/6WTN_RXT/6WTN_RXT_ligands.sdf	/home/qasim/vgb_bench_data/benchmarks/posebusters_benchmark_set/6WTN_RXT/6WTN_RXT_ligand_start_conf.sdf
posebusters	6XBO_5MC	6XBO	5MC	/home/qasim/vgb_bench_data/benchmarks/posebusters_benchmark_set/6XBO_5MC/6XBO_5MC_protein.pdb	/home/qasim/vgb_bench_data/benchmarks/posebusters_benchmark_set/6XBO_5MC/6XBO_5MC_ligand.sdf	/home/qasim/vgb_bench_data/benchmarks/posebusters_benchmark_set/6XBO_5MC/6XBO_5MC_ligands.sdf	/home/qasim/vgb_bench_data/benchmarks/posebusters_benchmark_set/6XBO_5MC/6XBO_5MC_ligand_start_conf.sdf
posebusters	6XCT_478	6XCT	478	/home/qasim/vgb_bench_data/benchmarks/posebusters_benchmark_set/6XCT_478/6XCT_478_protein.pdb	/home/qasim/vgb_bench_data/benchmarks/posebusters_benchmark_set/6XCT_478/6XCT_478_ligand.sdf	/home/qasim/vgb_bench_data/benchmarks/posebusters_benchmark_set/6XCT_478/6XCT_478_ligands.sdf	/home/qasim/vgb_bench_data/benchmarks/posebusters_benchmark_set/6XCT_478/6XCT_478_ligand_start_conf.sdf
posebusters	6XG5_TOP	6XG5	TOP	/home/qasim/vgb_bench_data/benchmarks/posebusters_benchmark_set/6XG5_TOP/6XG5_TOP_protein.pdb	/home/qasim/vgb_bench_data/benchmarks/posebusters_benchmark_set/6XG5_TOP/6XG5_TOP_ligand.sdf	/home/qasim/vgb_bench_data/benchmarks/posebusters_benchmark_set/6XG5_TOP/6XG5_TOP_ligands.sdf	/home/qasim/vgb_bench_data/benchmarks/posebusters_benchmark_set/6XG5_TOP/6XG5_TOP_ligand_start_conf.sdf
posebusters	6XHT_V2V	6XHT	V2V	/home/qasim/vgb_bench_data/benchmarks/posebusters_benchmark_set/6XHT_V2V/6XHT_V2V_protein.pdb	/home/qasim/vgb_bench_data/benchmarks/posebusters_benchmark_set/6XHT_V2V/6XHT_V2V_ligand.sdf	/home/qasim/vgb_bench_data/benchmarks/posebusters_benchmark_set/6XHT_V2V/6XHT_V2V_ligands.sdf	/home/qasim/vgb_bench_data/benchmarks/posebusters_benchmark_set/6XHT_V2V/6XHT_V2V_ligand_start_conf.sdf
posebusters	6XM9_V55	6XM9	V55	/home/qasim/vgb_bench_data/benchmarks/posebusters_benchmark_set/6XM9_V55/6XM9_V55_protein.pdb	/home/qasim/vgb_bench_data/benchmarks/posebusters_benchmark_set/6XM9_V55/6XM9_V55_ligand.sdf	/home/qasim/vgb_bench_data/benchmarks/posebusters_benchmark_set/6XM9_V55/6XM9_V55_ligands.sdf	/home/qasim/vgb_bench_data/benchmarks/posebusters_benchmark_set/6XM9_V55/6XM9_V55_ligand_start_conf.sdf
posebusters	6YJA_2BA	6YJA	2BA	/home/qasim/vgb_bench_data/benchmarks/posebusters_benchmark_set/6YJA_2BA/6YJA_2BA_protein.pdb	/home/qasim/vgb_bench_data/benchmarks/posebusters_benchmark_set/6YJA_2BA/6YJA_2BA_ligand.sdf	/home/qasim/vgb_bench_data/benchmarks/posebusters_benchmark_set/6YJA_2BA/6YJA_2BA_ligands.sdf	/home/qasim/vgb_bench_data/benchmarks/posebusters_benchmark_set/6YJA_2BA/6YJA_2BA_ligand_start_conf.sdf
posebusters	6YMS_OZH	6YMS	OZH	/home/qasim/vgb_bench_data/benchmarks/posebusters_benchmark_set/6YMS_OZH/6YMS_OZH_protein.pdb	/home/qasim/vgb_bench_data/benchmarks/posebusters_benchmark_set/6YMS_OZH/6YMS_OZH_ligand.sdf	/home/qasim/vgb_bench_data/benchmarks/posebusters_benchmark_set/6YMS_OZH/6YMS_OZH_ligands.sdf	/home/qasim/vgb_bench_data/benchmarks/posebusters_benchmark_set/6YMS_OZH/6YMS_OZH_ligand_start_conf.sdf
posebusters	6YQV_8K2	6YQV	8K2	/home/qasim/vgb_bench_data/benchmarks/posebusters_benchmark_set/6YQV_8K2/6YQV_8K2_protein.pdb	/home/qasim/vgb_bench_data/benchmarks/posebusters_benchmark_set/6YQV_8K2/6YQV_8K2_ligand.sdf	/home/qasim/vgb_bench_data/benchmarks/posebusters_benchmark_set/6YQV_8K2/6YQV_8K2_ligands.sdf	/home/qasim/vgb_bench_data/benchmarks/posebusters_benchmark_set/6YQV_8K2/6YQV_8K2_ligand_start_conf.sdf
posebusters	6YQW_82I	6YQW	82I	/home/qasim/vgb_bench_data/benchmarks/posebusters_benchmark_set/6YQW_82I/6YQW_82I_protein.pdb	/home/qasim/vgb_bench_data/benchmarks/posebusters_benchmark_set/6YQW_82I/6YQW_82I_ligand.sdf	/home/qasim/vgb_bench_data/benchmarks/posebusters_benchmark_set/6YQW_82I/6YQW_82I_ligands.sdf	/home/qasim/vgb_bench_data/benchmarks/posebusters_benchmark_set/6YQW_82I/6YQW_82I_ligand_start_conf.sdf
posebusters	6YR2_T1C	6YR2	T1C	/home/qasim/vgb_bench_data/benchmarks/posebusters_benchmark_set/6YR2_T1C/6YR2_T1C_protein.pdb	/home/qasim/vgb_bench_data/benchmarks/posebusters_benchmark_set/6YR2_T1C/6YR2_T1C_ligand.sdf	/home/qasim/vgb_bench_data/benchmarks/posebusters_benchmark_set/6YR2_T1C/6YR2_T1C_ligands.sdf	/home/qasim/vgb_bench_data/benchmarks/posebusters_benchmark_set/6YR2_T1C/6YR2_T1C_ligand_start_conf.sdf
posebusters	6YRV_PJ8	6YRV	PJ8	/home/qasim/vgb_bench_data/benchmarks/posebusters_benchmark_set/6YRV_PJ8/6YRV_PJ8_protein.pdb	/home/qasim/vgb_bench_data/benchmarks/posebusters_benchmark_set/6YRV_PJ8/6YRV_PJ8_ligand.sdf	/home/qasim/vgb_bench_data/benchmarks/posebusters_benchmark_set/6YRV_PJ8/6YRV_PJ8_ligands.sdf	/home/qasim/vgb_bench_data/benchmarks/posebusters_benchmark_set/6YRV_PJ8/6YRV_PJ8_ligand_start_conf.sdf
posebusters	6YSP_PAL	6YSP	PAL	/home/qasim/vgb_bench_data/benchmarks/posebusters_benchmark_set/6YSP_PAL/6YSP_PAL_protein.pdb	/home/qasim/vgb_bench_data/benchmarks/posebusters_benchmark_set/6YSP_PAL/6YSP_PAL_ligand.sdf	/home/qasim/vgb_bench_data/benchmarks/posebusters_benchmark_set/6YSP_PAL/6YSP_PAL_ligands.sdf	/home/qasim/vgb_bench_data/benchmarks/posebusters_benchmark_set/6YSP_PAL/6YSP_PAL_ligand_start_conf.sdf
posebusters	6YT6_PKE	6YT6	PKE	/home/qasim/vgb_bench_data/benchmarks/posebusters_benchmark_set/6YT6_PKE/6YT6_PKE_protein.pdb	/home/qasim/vgb_bench_data/benchmarks/posebusters_benchmark_set/6YT6_PKE/6YT6_PKE_ligand.sdf	/home/qasim/vgb_bench_data/benchmarks/posebusters_benchmark_set/6YT6_PKE/6YT6_PKE_ligands.sdf	/home/qasim/vgb_bench_data/benchmarks/posebusters_benchmark_set/6YT6_PKE/6YT6_PKE_ligand_start_conf.sdf
posebusters	6YYO_Q1K	6YYO	Q1K	/home/qasim/vgb_bench_data/benchmarks/posebusters_benchmark_set/6YYO_Q1K/6YYO_Q1K_protein.pdb	/home/qasim/vgb_bench_data/benchmarks/posebusters_benchmark_set/6YYO_Q1K/6YYO_Q1K_ligand.sdf	/home/qasim/vgb_bench_data/benchmarks/posebusters_benchmark_set/6YYO_Q1K/6YYO_Q1K_ligands.sdf	/home/qasim/vgb_bench_data/benchmarks/posebusters_benchmark_set/6YYO_Q1K/6YYO_Q1K_ligand_start_conf.sdf
posebusters	6Z0R_Q4H	6Z0R	Q4H	/home/qasim/vgb_bench_data/benchmarks/posebusters_benchmark_set/6Z0R_Q4H/6Z0R_Q4H_protein.pdb	/home/qasim/vgb_bench_data/benchmarks/posebusters_benchmark_set/6Z0R_Q4H/6Z0R_Q4H_ligand.sdf	/home/qasim/vgb_bench_data/benchmarks/posebusters_benchmark_set/6Z0R_Q4H/6Z0R_Q4H_ligands.sdf	/home/qasim/vgb_bench_data/benchmarks/posebusters_benchmark_set/6Z0R_Q4H/6Z0R_Q4H_ligand_start_conf.sdf
posebusters	6Z14_Q4Z	6Z14	Q4Z	/home/qasim/vgb_bench_data/benchmarks/posebusters_benchmark_set/6Z14_Q4Z/6Z14_Q4Z_protein.pdb	/home/qasim/vgb_bench_data/benchmarks/posebusters_benchmark_set/6Z14_Q4Z/6Z14_Q4Z_ligand.sdf	/home/qasim/vgb_bench_data/benchmarks/posebusters_benchmark_set/6Z14_Q4Z/6Z14_Q4Z_ligands.sdf	/home/qasim/vgb_bench_data/benchmarks/posebusters_benchmark_set/6Z14_Q4Z/6Z14_Q4Z_ligand_start_conf.sdf
posebusters	6Z1C_7EY	6Z1C	7EY	/home/qasim/vgb_bench_data/benchmarks/posebusters_benchmark_set/6Z1C_7EY/6Z1C_7EY_protein.pdb	/home/qasim/vgb_bench_data/benchmarks/posebusters_benchmark_set/6Z1C_7EY/6Z1C_7EY_ligand.sdf	/home/qasim/vgb_bench_data/benchmarks/posebusters_benchmark_set/6Z1C_7EY/6Z1C_7EY_ligands.sdf	/home/qasim/vgb_bench_data/benchmarks/posebusters_benchmark_set/6Z1C_7EY/6Z1C_7EY_ligand_start_conf.sdf
posebusters	6Z2C_Q5E	6Z2C	Q5E	/home/qasim/vgb_bench_data/benchmarks/posebusters_benchmark_set/6Z2C_Q5E/6Z2C_Q5E_protein.pdb	/home/qasim/vgb_bench_data/benchmarks/posebusters_benchmark_set/6Z2C_Q5E/6Z2C_Q5E_ligand.sdf	/home/qasim/vgb_bench_data/benchmarks/posebusters_benchmark_set/6Z2C_Q5E/6Z2C_Q5E_ligands.sdf	/home/qasim/vgb_bench_data/benchmarks/posebusters_benchmark_set/6Z2C_Q5E/6Z2C_Q5E_ligand_start_conf.sdf
posebusters	6Z4N_Q7B	6Z4N	Q7B	/home/qasim/vgb_bench_data/benchmarks/posebusters_benchmark_set/6Z4N_Q7B/6Z4N_Q7B_protein.pdb	/home/qasim/vgb_bench_data/benchmarks/posebusters_benchmark_set/6Z4N_Q7B/6Z4N_Q7B_ligand.sdf	/home/qasim/vgb_bench_data/benchmarks/posebusters_benchmark_set/6Z4N_Q7B/6Z4N_Q7B_ligands.sdf	/home/qasim/vgb_bench_data/benchmarks/posebusters_benchmark_set/6Z4N_Q7B/6Z4N_Q7B_ligand_start_conf.sdf
posebusters	6ZAE_ACV	6ZAE	ACV	/home/qasim/vgb_bench_data/benchmarks/posebusters_benchmark_set/6ZAE_ACV/6ZAE_ACV_protein.pdb	/home/qasim/vgb_bench_data/benchmarks/posebusters_benchmark_set/6ZAE_ACV/6ZAE_ACV_ligand.sdf	/home/qasim/vgb_bench_data/benchmarks/posebusters_benchmark_set/6ZAE_ACV/6ZAE_ACV_ligands.sdf	/home/qasim/vgb_bench_data/benchmarks/posebusters_benchmark_set/6ZAE_ACV/6ZAE_ACV_ligand_start_conf.sdf
posebusters	6ZC3_JOR	6ZC3	JOR	/home/qasim/vgb_bench_data/benchmarks/posebusters_benchmark_set/6ZC3_JOR/6ZC3_JOR_protein.pdb	/home/qasim/vgb_bench_data/benchmarks/posebusters_benchmark_set/6ZC3_JOR/6ZC3_JOR_ligand.sdf	/home/qasim/vgb_bench_data/benchmarks/posebusters_benchmark_set/6ZC3_JOR/6ZC3_JOR_ligands.sdf	/home/qasim/vgb_bench_data/benchmarks/posebusters_benchmark_set/6ZC3_JOR/6ZC3_JOR_ligand_start_conf.sdf
posebusters	6ZCY_QF8	6ZCY	QF8	/home/qasim/vgb_bench_data/benchmarks/posebusters_benchmark_set/6ZCY_QF8/6ZCY_QF8_protein.pdb	/home/qasim/vgb_bench_data/benchmarks/posebusters_benchmark_set/6ZCY_QF8/6ZCY_QF8_ligand.sdf	/home/qasim/vgb_bench_data/benchmarks/posebusters_benchmark_set/6ZCY_QF8/6ZCY_QF8_ligands.sdf	/home/qasim/vgb_bench_data/benchmarks/posebusters_benchmark_set/6ZCY_QF8/6ZCY_QF8_ligand_start_conf.sdf
posebusters	6ZK5_IMH	6ZK5	IMH	/home/qasim/vgb_bench_data/benchmarks/posebusters_benchmark_set/6ZK5_IMH/6ZK5_IMH_protein.pdb	/home/qasim/vgb_bench_data/benchmarks/posebusters_benchmark_set/6ZK5_IMH/6ZK5_IMH_ligand.sdf	/home/qasim/vgb_bench_data/benchmarks/posebusters_benchmark_set/6ZK5_IMH/6ZK5_IMH_ligands.sdf	/home/qasim/vgb_bench_data/benchmarks/posebusters_benchmark_set/6ZK5_IMH/6ZK5_IMH_ligand_start_conf.sdf
posebusters	6ZPB_3D1	6ZPB	3D1	/home/qasim/vgb_bench_data/benchmarks/posebusters_benchmark_set/6ZPB_3D1/6ZPB_3D1_protein.pdb	/home/qasim/vgb_bench_data/benchmarks/posebusters_benchmark_set/6ZPB_3D1/6ZPB_3D1_ligand.sdf	/home/qasim/vgb_bench_data/benchmarks/posebusters_benchmark_set/6ZPB_3D1/6ZPB_3D1_ligands.sdf	/home/qasim/vgb_bench_data/benchmarks/posebusters_benchmark_set/6ZPB_3D1/6ZPB_3D1_ligand_start_conf.sdf
posebusters	7A1P_QW2	7A1P	QW2	/home/qasim/vgb_bench_data/benchmarks/posebusters_benchmark_set/7A1P_QW2/7A1P_QW2_protein.pdb	/home/qasim/vgb_bench_data/benchmarks/posebusters_benchmark_set/7A1P_QW2/7A1P_QW2_ligand.sdf	/home/qasim/vgb_bench_data/benchmarks/posebusters_benchmark_set/7A1P_QW2/7A1P_QW2_ligands.sdf	/home/qasim/vgb_bench_data/benchmarks/posebusters_benchmark_set/7A1P_QW2/7A1P_QW2_ligand_start_conf.sdf
posebusters	7A9E_R4W	7A9E	R4W	/home/qasim/vgb_bench_data/benchmarks/posebusters_benchmark_set/7A9E_R4W/7A9E_R4W_protein.pdb	/home/qasim/vgb_bench_data/benchmarks/posebusters_benchmark_set/7A9E_R4W/7A9E_R4W_ligand.sdf	/home/qasim/vgb_bench_data/benchmarks/posebusters_benchmark_set/7A9E_R4W/7A9E_R4W_ligands.sdf	/home/qasim/vgb_bench_data/benchmarks/posebusters_benchmark_set/7A9E_R4W/7A9E_R4W_ligand_start_conf.sdf
posebusters	7A9H_TPP	7A9H	TPP	/home/qasim/vgb_bench_data/benchmarks/posebusters_benchmark_set/7A9H_TPP/7A9H_TPP_protein.pdb	/home/qasim/vgb_bench_data/benchmarks/posebusters_benchmark_set/7A9H_TPP/7A9H_TPP_ligand.sdf	/home/qasim/vgb_bench_data/benchmarks/posebusters_benchmark_set/7A9H_TPP/7A9H_TPP_ligands.sdf	/home/qasim/vgb_bench_data/benchmarks/posebusters_benchmark_set/7A9H_TPP/7A9H_TPP_ligand_start_conf.sdf
posebusters	7AFX_R9K	7AFX	R9K	/home/qasim/vgb_bench_data/benchmarks/posebusters_benchmark_set/7AFX_R9K/7AFX_R9K_protein.pdb	/home/qasim/vgb_bench_data/benchmarks/posebusters_benchmark_set/7AFX_R9K/7AFX_R9K_ligand.sdf	/home/qasim/vgb_bench_data/benchmarks/posebusters_benchmark_set/7AFX_R9K/7AFX_R9K_ligands.sdf	/home/qasim/vgb_bench_data/benchmarks/posebusters_benchmark_set/7AFX_R9K/7AFX_R9K_ligand_start_conf.sdf
posebusters	7AKL_RK5	7AKL	RK5	/home/qasim/vgb_bench_data/benchmarks/posebusters_benchmark_set/7AKL_RK5/7AKL_RK5_protein.pdb	/home/qasim/vgb_bench_data/benchmarks/posebusters_benchmark_set/7AKL_RK5/7AKL_RK5_ligand.sdf	/home/qasim/vgb_bench_data/benchmarks/posebusters_benchmark_set/7AKL_RK5/7AKL_RK5_ligands.sdf	/home/qasim/vgb_bench_data/benchmarks/posebusters_benchmark_set/7AKL_RK5/7AKL_RK5_ligand_start_conf.sdf
posebusters	7AN5_RDH	7AN5	RDH	/home/qasim/vgb_bench_data/benchmarks/posebusters_benchmark_set/7AN5_RDH/7AN5_RDH_protein.pdb	/home/qasim/vgb_bench_data/benchmarks/posebusters_benchmark_set/7AN5_RDH/7AN5_RDH_ligand.sdf	/home/qasim/vgb_bench_data/benchmarks/posebusters_benchmark_set/7AN5_RDH/7AN5_RDH_ligands.sdf	/home/qasim/vgb_bench_data/benchmarks/posebusters_benchmark_set/7AN5_RDH/7AN5_RDH_ligand_start_conf.sdf
posebusters	7B2C_TP7	7B2C	TP7	/home/qasim/vgb_bench_data/benchmarks/posebusters_benchmark_set/7B2C_TP7/7B2C_TP7_protein.pdb	/home/qasim/vgb_bench_data/benchmarks/posebusters_benchmark_set/7B2C_TP7/7B2C_TP7_ligand.sdf	/home/qasim/vgb_bench_data/benchmarks/posebusters_benchmark_set/7B2C_TP7/7B2C_TP7_ligands.sdf	/home/qasim/vgb_bench_data/benchmarks/posebusters_benchmark_set/7B2C_TP7/7B2C_TP7_ligand_start_conf.sdf
posebusters	7B94_ANP	7B94	ANP	/home/qasim/vgb_bench_data/benchmarks/posebusters_benchmark_set/7B94_ANP/7B94_ANP_protein.pdb	/home/qasim/vgb_bench_data/benchmarks/posebusters_benchmark_set/7B94_ANP/7B94_ANP_ligand.sdf	/home/qasim/vgb_bench_data/benchmarks/posebusters_benchmark_set/7B94_ANP/7B94_ANP_ligands.sdf	/home/qasim/vgb_bench_data/benchmarks/posebusters_benchmark_set/7B94_ANP/7B94_ANP_ligand_start_conf.sdf
posebusters	7BCP_GCO	7BCP	GCO	/home/qasim/vgb_bench_data/benchmarks/posebusters_benchmark_set/7BCP_GCO/7BCP_GCO_protein.pdb	/home/qasim/vgb_bench_data/benchmarks/posebusters_benchmark_set/7BCP_GCO/7BCP_GCO_ligand.sdf	/home/qasim/vgb_bench_data/benchmarks/posebusters_benchmark_set/7BCP_GCO/7BCP_GCO_ligands.sdf	/home/qasim/vgb_bench_data/benchmarks/posebusters_benchmark_set/7BCP_GCO/7BCP_GCO_ligand_start_conf.sdf
posebusters	7BJJ_TVW	7BJJ	TVW	/home/qasim/vgb_bench_data/benchmarks/posebusters_benchmark_set/7BJJ_TVW/7BJJ_TVW_protein.pdb	/home/qasim/vgb_bench_data/benchmarks/posebusters_benchmark_set/7BJJ_TVW/7BJJ_TVW_ligand.sdf	/home/qasim/vgb_bench_data/benchmarks/posebusters_benchmark_set/7BJJ_TVW/7BJJ_TVW_ligands.sdf	/home/qasim/vgb_bench_data/benchmarks/posebusters_benchmark_set/7BJJ_TVW/7BJJ_TVW_ligand_start_conf.sdf
posebusters	7BKA_4JC	7BKA	4JC	/home/qasim/vgb_bench_data/benchmarks/posebusters_benchmark_set/7BKA_4JC/7BKA_4JC_protein.pdb	/home/qasim/vgb_bench_data/benchmarks/posebusters_benchmark_set/7BKA_4JC/7BKA_4JC_ligand.sdf	/home/qasim/vgb_bench_data/benchmarks/posebusters_benchmark_set/7BKA_4JC/7BKA_4JC_ligands.sdf	/home/qasim/vgb_bench_data/benchmarks/posebusters_benchmark_set/7BKA_4JC/7BKA_4JC_ligand_start_conf.sdf
posebusters	7BMI_U4B	7BMI	U4B	/home/qasim/vgb_bench_data/benchmarks/posebusters_benchmark_set/7BMI_U4B/7BMI_U4B_protein.pdb	/home/qasim/vgb_bench_data/benchmarks/posebusters_benchmark_set/7BMI_U4B/7BMI_U4B_ligand.sdf	/home/qasim/vgb_bench_data/benchmarks/posebusters_benchmark_set/7BMI_U4B/7BMI_U4B_ligands.sdf	/home/qasim/vgb_bench_data/benchmarks/posebusters_benchmark_set/7BMI_U4B/7BMI_U4B_ligand_start_conf.sdf
posebusters	7BNH_BEZ	7BNH	BEZ	/home/qasim/vgb_bench_data/benchmarks/posebusters_benchmark_set/7BNH_BEZ/7BNH_BEZ_protein.pdb	/home/qasim/vgb_bench_data/benchmarks/posebusters_benchmark_set/7BNH_BEZ/7BNH_BEZ_ligand.sdf	/home/qasim/vgb_bench_data/benchmarks/posebusters_benchmark_set/7BNH_BEZ/7BNH_BEZ_ligands.sdf	/home/qasim/vgb_bench_data/benchmarks/posebusters_benchmark_set/7BNH_BEZ/7BNH_BEZ_ligand_start_conf.sdf
posebusters	7BTT_F8R	7BTT	F8R	/home/qasim/vgb_bench_data/benchmarks/posebusters_benchmark_set/7BTT_F8R/7BTT_F8R_protein.pdb	/home/qasim/vgb_bench_data/benchmarks/posebusters_benchmark_set/7BTT_F8R/7BTT_F8R_ligand.sdf	/home/qasim/vgb_bench_data/benchmarks/posebusters_benchmark_set/7BTT_F8R/7BTT_F8R_ligands.sdf	/home/qasim/vgb_bench_data/benchmarks/posebusters_benchmark_set/7BTT_F8R/7BTT_F8R_ligand_start_conf.sdf
posebusters	7C0U_FGO	7C0U	FGO	/home/qasim/vgb_bench_data/benchmarks/posebusters_benchmark_set/7C0U_FGO/7C0U_FGO_protein.pdb	/home/qasim/vgb_bench_data/benchmarks/posebusters_benchmark_set/7C0U_FGO/7C0U_FGO_ligand.sdf	/home/qasim/vgb_bench_data/benchmarks/posebusters_benchmark_set/7C0U_FGO/7C0U_FGO_ligands.sdf	/home/qasim/vgb_bench_data/benchmarks/posebusters_benchmark_set/7C0U_FGO/7C0U_FGO_ligand_start_conf.sdf
posebusters	7C3U_AZG	7C3U	AZG	/home/qasim/vgb_bench_data/benchmarks/posebusters_benchmark_set/7C3U_AZG/7C3U_AZG_protein.pdb	/home/qasim/vgb_bench_data/benchmarks/posebusters_benchmark_set/7C3U_AZG/7C3U_AZG_ligand.sdf	/home/qasim/vgb_bench_data/benchmarks/posebusters_benchmark_set/7C3U_AZG/7C3U_AZG_ligands.sdf	/home/qasim/vgb_bench_data/benchmarks/posebusters_benchmark_set/7C3U_AZG/7C3U_AZG_ligand_start_conf.sdf
posebusters	7C8Q_DSG	7C8Q	DSG	/home/qasim/vgb_bench_data/benchmarks/posebusters_benchmark_set/7C8Q_DSG/7C8Q_DSG_protein.pdb	/home/qasim/vgb_bench_data/benchmarks/posebusters_benchmark_set/7C8Q_DSG/7C8Q_DSG_ligand.sdf	/home/qasim/vgb_bench_data/benchmarks/posebusters_benchmark_set/7C8Q_DSG/7C8Q_DSG_ligands.sdf	/home/qasim/vgb_bench_data/benchmarks/posebusters_benchmark_set/7C8Q_DSG/7C8Q_DSG_ligand_start_conf.sdf
posebusters	7CD9_FVR	7CD9	FVR	/home/qasim/vgb_bench_data/benchmarks/posebusters_benchmark_set/7CD9_FVR/7CD9_FVR_protein.pdb	/home/qasim/vgb_bench_data/benchmarks/posebusters_benchmark_set/7CD9_FVR/7CD9_FVR_ligand.sdf	/home/qasim/vgb_bench_data/benchmarks/posebusters_benchmark_set/7CD9_FVR/7CD9_FVR_ligands.sdf	/home/qasim/vgb_bench_data/benchmarks/posebusters_benchmark_set/7CD9_FVR/7CD9_FVR_ligand_start_conf.sdf
posebusters	7CIJ_G0C	7CIJ	G0C	/home/qasim/vgb_bench_data/benchmarks/posebusters_benchmark_set/7CIJ_G0C/7CIJ_G0C_protein.pdb	/home/qasim/vgb_bench_data/benchmarks/posebusters_benchmark_set/7CIJ_G0C/7CIJ_G0C_ligand.sdf	/home/qasim/vgb_bench_data/benchmarks/posebusters_benchmark_set/7CIJ_G0C/7CIJ_G0C_ligands.sdf	/home/qasim/vgb_bench_data/benchmarks/posebusters_benchmark_set/7CIJ_G0C/7CIJ_G0C_ligand_start_conf.sdf
posebusters	7CL8_TES	7CL8	TES	/home/qasim/vgb_bench_data/benchmarks/posebusters_benchmark_set/7CL8_TES/7CL8_TES_protein.pdb	/home/qasim/vgb_bench_data/benchmarks/posebusters_benchmark_set/7CL8_TES/7CL8_TES_ligand.sdf	/home/qasim/vgb_bench_data/benchmarks/posebusters_benchmark_set/7CL8_TES/7CL8_TES_ligands.sdf	/home/qasim/vgb_bench_data/benchmarks/posebusters_benchmark_set/7CL8_TES/7CL8_TES_ligand_start_conf.sdf
posebusters	7CNQ_G8X	7CNQ	G8X	/home/qasim/vgb_bench_data/benchmarks/posebusters_benchmark_set/7CNQ_G8X/7CNQ_G8X_protein.pdb	/home/qasim/vgb_bench_data/benchmarks/posebusters_benchmark_set/7CNQ_G8X/7CNQ_G8X_ligand.sdf	/home/qasim/vgb_bench_data/benchmarks/posebusters_benchmark_set/7CNQ_G8X/7CNQ_G8X_ligands.sdf	/home/qasim/vgb_bench_data/benchmarks/posebusters_benchmark_set/7CNQ_G8X/7CNQ_G8X_ligand_start_conf.sdf
posebusters	7CNS_PMV	7CNS	PMV	/home/qasim/vgb_bench_data/benchmarks/posebusters_benchmark_set/7CNS_PMV/7CNS_PMV_protein.pdb	/home/qasim/vgb_bench_data/benchmarks/posebusters_benchmark_set/7CNS_PMV/7CNS_PMV_ligand.sdf	/home/qasim/vgb_bench_data/benchmarks/posebusters_benchmark_set/7CNS_PMV/7CNS_PMV_ligands.sdf	/home/qasim/vgb_bench_data/benchmarks/posebusters_benchmark_set/7CNS_PMV/7CNS_PMV_ligand_start_conf.sdf
posebusters	7CTM_BDP	7CTM	BDP	/home/qasim/vgb_bench_data/benchmarks/posebusters_benchmark_set/7CTM_BDP/7CTM_BDP_protein.pdb	/home/qasim/vgb_bench_data/benchmarks/posebusters_benchmark_set/7CTM_BDP/7CTM_BDP_ligand.sdf	/home/qasim/vgb_bench_data/benchmarks/posebusters_benchmark_set/7CTM_BDP/7CTM_BDP_ligands.sdf	/home/qasim/vgb_bench_data/benchmarks/posebusters_benchmark_set/7CTM_BDP/7CTM_BDP_ligand_start_conf.sdf
posebusters	7CUO_PHB	7CUO	PHB	/home/qasim/vgb_bench_data/benchmarks/posebusters_benchmark_set/7CUO_PHB/7CUO_PHB_protein.pdb	/home/qasim/vgb_bench_data/benchmarks/posebusters_benchmark_set/7CUO_PHB/7CUO_PHB_ligand.sdf	/home/qasim/vgb_bench_data/benchmarks/posebusters_benchmark_set/7CUO_PHB/7CUO_PHB_ligands.sdf	/home/qasim/vgb_bench_data/benchmarks/posebusters_benchmark_set/7CUO_PHB/7CUO_PHB_ligand_start_conf.sdf
posebusters	7D5C_GV6	7D5C	GV6	/home/qasim/vgb_bench_data/benchmarks/posebusters_benchmark_set/7D5C_GV6/7D5C_GV6_protein.pdb	/home/qasim/vgb_bench_data/benchmarks/posebusters_benchmark_set/7D5C_GV6/7D5C_GV6_ligand.sdf	/home/qasim/vgb_bench_data/benchmarks/posebusters_benchmark_set/7D5C_GV6/7D5C_GV6_ligands.sdf	/home/qasim/vgb_bench_data/benchmarks/posebusters_benchmark_set/7D5C_GV6/7D5C_GV6_ligand_start_conf.sdf
posebusters	7D6O_MTE	7D6O	MTE	/home/qasim/vgb_bench_data/benchmarks/posebusters_benchmark_set/7D6O_MTE/7D6O_MTE_protein.pdb	/home/qasim/vgb_bench_data/benchmarks/posebusters_benchmark_set/7D6O_MTE/7D6O_MTE_ligand.sdf	/home/qasim/vgb_bench_data/benchmarks/posebusters_benchmark_set/7D6O_MTE/7D6O_MTE_ligands.sdf	/home/qasim/vgb_bench_data/benchmarks/posebusters_benchmark_set/7D6O_MTE/7D6O_MTE_ligand_start_conf.sdf
posebusters	7DKT_GLF	7DKT	GLF	/home/qasim/vgb_bench_data/benchmarks/posebusters_benchmark_set/7DKT_GLF/7DKT_GLF_protein.pdb	/home/qasim/vgb_bench_data/benchmarks/posebusters_benchmark_set/7DKT_GLF/7DKT_GLF_ligand.sdf	/home/qasim/vgb_bench_data/benchmarks/posebusters_benchmark_set/7DKT_GLF/7DKT_GLF_ligands.sdf	/home/qasim/vgb_bench_data/benchmarks/posebusters_benchmark_set/7DKT_GLF/7DKT_GLF_ligand_start_conf.sdf
posebusters	7DQL_4CL	7DQL	4CL	/home/qasim/vgb_bench_data/benchmarks/posebusters_benchmark_set/7DQL_4CL/7DQL_4CL_protein.pdb	/home/qasim/vgb_bench_data/benchmarks/posebusters_benchmark_set/7DQL_4CL/7DQL_4CL_ligand.sdf	/home/qasim/vgb_bench_data/benchmarks/posebusters_benchmark_set/7DQL_4CL/7DQL_4CL_ligands.sdf	/home/qasim/vgb_bench_data/benchmarks/posebusters_benchmark_set/7DQL_4CL/7DQL_4CL_ligand_start_conf.sdf
posebusters	7DUA_HJ0	7DUA	HJ0	/home/qasim/vgb_bench_data/benchmarks/posebusters_benchmark_set/7DUA_HJ0/7DUA_HJ0_protein.pdb	/home/qasim/vgb_bench_data/benchmarks/posebusters_benchmark_set/7DUA_HJ0/7DUA_HJ0_ligand.sdf	/home/qasim/vgb_bench_data/benchmarks/posebusters_benchmark_set/7DUA_HJ0/7DUA_HJ0_ligands.sdf	/home/qasim/vgb_bench_data/benchmarks/posebusters_benchmark_set/7DUA_HJ0/7DUA_HJ0_ligand_start_conf.sdf
posebusters	7E4L_MDN	7E4L	MDN	/home/qasim/vgb_bench_data/benchmarks/posebusters_benchmark_set/7E4L_MDN/7E4L_MDN_protein.pdb	/home/qasim/vgb_bench_data/benchmarks/posebusters_benchmark_set/7E4L_MDN/7E4L_MDN_ligand.sdf	/home/qasim/vgb_bench_data/benchmarks/posebusters_benchmark_set/7E4L_MDN/7E4L_MDN_ligands.sdf	/home/qasim/vgb_bench_data/benchmarks/posebusters_benchmark_set/7E4L_MDN/7E4L_MDN_ligand_start_conf.sdf
posebusters	7EBG_J0L	7EBG	J0L	/home/qasim/vgb_bench_data/benchmarks/posebusters_benchmark_set/7EBG_J0L/7EBG_J0L_protein.pdb	/home/qasim/vgb_bench_data/benchmarks/posebusters_benchmark_set/7EBG_J0L/7EBG_J0L_ligand.sdf	/home/qasim/vgb_bench_data/benchmarks/posebusters_benchmark_set/7EBG_J0L/7EBG_J0L_ligands.sdf	/home/qasim/vgb_bench_data/benchmarks/posebusters_benchmark_set/7EBG_J0L/7EBG_J0L_ligand_start_conf.sdf
posebusters	7ECR_SIN	7ECR	SIN	/home/qasim/vgb_bench_data/benchmarks/posebusters_benchmark_set/7ECR_SIN/7ECR_SIN_protein.pdb	/home/qasim/vgb_bench_data/benchmarks/posebusters_benchmark_set/7ECR_SIN/7ECR_SIN_ligand.sdf	/home/qasim/vgb_bench_data/benchmarks/posebusters_benchmark_set/7ECR_SIN/7ECR_SIN_ligands.sdf	/home/qasim/vgb_bench_data/benchmarks/posebusters_benchmark_set/7ECR_SIN/7ECR_SIN_ligand_start_conf.sdf
posebusters	7ED2_A3P	7ED2	A3P	/home/qasim/vgb_bench_data/benchmarks/posebusters_benchmark_set/7ED2_A3P/7ED2_A3P_protein.pdb	/home/qasim/vgb_bench_data/benchmarks/posebusters_benchmark_set/7ED2_A3P/7ED2_A3P_ligand.sdf	/home/qasim/vgb_bench_data/benchmarks/posebusters_benchmark_set/7ED2_A3P/7ED2_A3P_ligands.sdf	/home/qasim/vgb_bench_data/benchmarks/posebusters_benchmark_set/7ED2_A3P/7ED2_A3P_ligand_start_conf.sdf
posebusters	7ELT_TYM	7ELT	TYM	/home/qasim/vgb_bench_data/benchmarks/posebusters_benchmark_set/7ELT_TYM/7ELT_TYM_protein.pdb	/home/qasim/vgb_bench_data/benchmarks/posebusters_benchmark_set/7ELT_TYM/7ELT_TYM_ligand.sdf	/home/qasim/vgb_bench_data/benchmarks/posebusters_benchmark_set/7ELT_TYM/7ELT_TYM_ligands.sdf	/home/qasim/vgb_bench_data/benchmarks/posebusters_benchmark_set/7ELT_TYM/7ELT_TYM_ligand_start_conf.sdf
posebusters	7EPV_FDA	7EPV	FDA	/home/qasim/vgb_bench_data/benchmarks/posebusters_benchmark_set/7EPV_FDA/7EPV_FDA_protein.pdb	/home/qasim/vgb_bench_data/benchmarks/posebusters_benchmark_set/7EPV_FDA/7EPV_FDA_ligand.sdf	/home/qasim/vgb_bench_data/benchmarks/posebusters_benchmark_set/7EPV_FDA/7EPV_FDA_ligands.sdf	/home/qasim/vgb_bench_data/benchmarks/posebusters_benchmark_set/7EPV_FDA/7EPV_FDA_ligand_start_conf.sdf
posebusters	7ES1_UDP	7ES1	UDP	/home/qasim/vgb_bench_data/benchmarks/posebusters_benchmark_set/7ES1_UDP/7ES1_UDP_protein.pdb	/home/qasim/vgb_bench_data/benchmarks/posebusters_benchmark_set/7ES1_UDP/7ES1_UDP_ligand.sdf	/home/qasim/vgb_bench_data/benchmarks/posebusters_benchmark_set/7ES1_UDP/7ES1_UDP_ligands.sdf	/home/qasim/vgb_bench_data/benchmarks/posebusters_benchmark_set/7ES1_UDP/7ES1_UDP_ligand_start_conf.sdf
posebusters	7F51_BA7	7F51	BA7	/home/qasim/vgb_bench_data/benchmarks/posebusters_benchmark_set/7F51_BA7/7F51_BA7_protein.pdb	/home/qasim/vgb_bench_data/benchmarks/posebusters_benchmark_set/7F51_BA7/7F51_BA7_ligand.sdf	/home/qasim/vgb_bench_data/benchmarks/posebusters_benchmark_set/7F51_BA7/7F51_BA7_ligands.sdf	/home/qasim/vgb_bench_data/benchmarks/posebusters_benchmark_set/7F51_BA7/7F51_BA7_ligand_start_conf.sdf
posebusters	7F5D_EUO	7F5D	EUO	/home/qasim/vgb_bench_data/benchmarks/posebusters_benchmark_set/7F5D_EUO/7F5D_EUO_protein.pdb	/home/qasim/vgb_bench_data/benchmarks/posebusters_benchmark_set/7F5D_EUO/7F5D_EUO_ligand.sdf	/home/qasim/vgb_bench_data/benchmarks/posebusters_benchmark_set/7F5D_EUO/7F5D_EUO_ligands.sdf	/home/qasim/vgb_bench_data/benchmarks/posebusters_benchmark_set/7F5D_EUO/7F5D_EUO_ligand_start_conf.sdf
posebusters	7F8T_FAD	7F8T	FAD	/home/qasim/vgb_bench_data/benchmarks/posebusters_benchmark_set/7F8T_FAD/7F8T_FAD_protein.pdb	/home/qasim/vgb_bench_data/benchmarks/posebusters_benchmark_set/7F8T_FAD/7F8T_FAD_ligand.sdf	/home/qasim/vgb_bench_data/benchmarks/posebusters_benchmark_set/7F8T_FAD/7F8T_FAD_ligands.sdf	/home/qasim/vgb_bench_data/benchmarks/posebusters_benchmark_set/7F8T_FAD/7F8T_FAD_ligand_start_conf.sdf
posebusters	7FB7_8NF	7FB7	8NF	/home/qasim/vgb_bench_data/benchmarks/posebusters_benchmark_set/7FB7_8NF/7FB7_8NF_protein.pdb	/home/qasim/vgb_bench_data/benchmarks/posebusters_benchmark_set/7FB7_8NF/7FB7_8NF_ligand.sdf	/home/qasim/vgb_bench_data/benchmarks/posebusters_benchmark_set/7FB7_8NF/7FB7_8NF_ligands.sdf	/home/qasim/vgb_bench_data/benchmarks/posebusters_benchmark_set/7FB7_8NF/7FB7_8NF_ligand_start_conf.sdf
posebusters	7FHA_ADX	7FHA	ADX	/home/qasim/vgb_bench_data/benchmarks/posebusters_benchmark_set/7FHA_ADX/7FHA_ADX_protein.pdb	/home/qasim/vgb_bench_data/benchmarks/posebusters_benchmark_set/7FHA_ADX/7FHA_ADX_ligand.sdf	/home/qasim/vgb_bench_data/benchmarks/posebusters_benchmark_set/7FHA_ADX/7FHA_ADX_ligands.sdf	/home/qasim/vgb_bench_data/benchmarks/posebusters_benchmark_set/7FHA_ADX/7FHA_ADX_ligand_start_conf.sdf
posebusters	7FRX_O88	7FRX	O88	/home/qasim/vgb_bench_data/benchmarks/posebusters_benchmark_set/7FRX_O88/7FRX_O88_protein.pdb	/home/qasim/vgb_bench_data/benchmarks/posebusters_benchmark_set/7FRX_O88/7FRX_O88_ligand.sdf	/home/qasim/vgb_bench_data/benchmarks/posebusters_benchmark_set/7FRX_O88/7FRX_O88_ligands.sdf	/home/qasim/vgb_bench_data/benchmarks/posebusters_benchmark_set/7FRX_O88/7FRX_O88_ligand_start_conf.sdf
posebusters	7FT9_4MB	7FT9	4MB	/home/qasim/vgb_bench_data/benchmarks/posebusters_benchmark_set/7FT9_4MB/7FT9_4MB_protein.pdb	/home/qasim/vgb_bench_data/benchmarks/posebusters_benchmark_set/7FT9_4MB/7FT9_4MB_ligand.sdf	/home/qasim/vgb_bench_data/benchmarks/posebusters_benchmark_set/7FT9_4MB/7FT9_4MB_ligands.sdf	/home/qasim/vgb_bench_data/benchmarks/posebusters_benchmark_set/7FT9_4MB/7FT9_4MB_ligand_start_conf.sdf
posebusters	7JG0_GAR	7JG0	GAR	/home/qasim/vgb_bench_data/benchmarks/posebusters_benchmark_set/7JG0_GAR/7JG0_GAR_protein.pdb	/home/qasim/vgb_bench_data/benchmarks/posebusters_benchmark_set/7JG0_GAR/7JG0_GAR_ligand.sdf	/home/qasim/vgb_bench_data/benchmarks/posebusters_benchmark_set/7JG0_GAR/7JG0_GAR_ligands.sdf	/home/qasim/vgb_bench_data/benchmarks/posebusters_benchmark_set/7JG0_GAR/7JG0_GAR_ligand_start_conf.sdf
posebusters	7JHQ_VAJ	7JHQ	VAJ	/home/qasim/vgb_bench_data/benchmarks/posebusters_benchmark_set/7JHQ_VAJ/7JHQ_VAJ_protein.pdb	/home/qasim/vgb_bench_data/benchmarks/posebusters_benchmark_set/7JHQ_VAJ/7JHQ_VAJ_ligand.sdf	/home/qasim/vgb_bench_data/benchmarks/posebusters_benchmark_set/7JHQ_VAJ/7JHQ_VAJ_ligands.sdf	/home/qasim/vgb_bench_data/benchmarks/posebusters_benchmark_set/7JHQ_VAJ/7JHQ_VAJ_ligand_start_conf.sdf
posebusters	7JMV_4NC	7JMV	4NC	/home/qasim/vgb_bench_data/benchmarks/posebusters_benchmark_set/7JMV_4NC/7JMV_4NC_protein.pdb	/home/qasim/vgb_bench_data/benchmarks/posebusters_benchmark_set/7JMV_4NC/7JMV_4NC_ligand.sdf	/home/qasim/vgb_bench_data/benchmarks/posebusters_benchmark_set/7JMV_4NC/7JMV_4NC_ligands.sdf	/home/qasim/vgb_bench_data/benchmarks/posebusters_benchmark_set/7JMV_4NC/7JMV_4NC_ligand_start_conf.sdf
posebusters	7JXX_VP7	7JXX	VP7	/home/qasim/vgb_bench_data/benchmarks/posebusters_benchmark_set/7JXX_VP7/7JXX_VP7_protein.pdb	/home/qasim/vgb_bench_data/benchmarks/posebusters_benchmark_set/7JXX_VP7/7JXX_VP7_ligand.sdf	/home/qasim/vgb_bench_data/benchmarks/posebusters_benchmark_set/7JXX_VP7/7JXX_VP7_ligands.sdf	/home/qasim/vgb_bench_data/benchmarks/posebusters_benchmark_set/7JXX_VP7/7JXX_VP7_ligand_start_conf.sdf
posebusters	7JY3_VUD	7JY3	VUD	/home/qasim/vgb_bench_data/benchmarks/posebusters_benchmark_set/7JY3_VUD/7JY3_VUD_protein.pdb	/home/qasim/vgb_bench_data/benchmarks/posebusters_benchmark_set/7JY3_VUD/7JY3_VUD_ligand.sdf	/home/qasim/vgb_bench_data/benchmarks/posebusters_benchmark_set/7JY3_VUD/7JY3_VUD_ligands.sdf	/home/qasim/vgb_bench_data/benchmarks/posebusters_benchmark_set/7JY3_VUD/7JY3_VUD_ligand_start_conf.sdf
posebusters	7K0V_VQP	7K0V	VQP	/home/qasim/vgb_bench_data/benchmarks/posebusters_benchmark_set/7K0V_VQP/7K0V_VQP_protein.pdb	/home/qasim/vgb_bench_data/benchmarks/posebusters_benchmark_set/7K0V_VQP/7K0V_VQP_ligand.sdf	/home/qasim/vgb_bench_data/benchmarks/posebusters_benchmark_set/7K0V_VQP/7K0V_VQP_ligands.sdf	/home/qasim/vgb_bench_data/benchmarks/posebusters_benchmark_set/7K0V_VQP/7K0V_VQP_ligand_start_conf.sdf
posebusters	7KB1_WBJ	7KB1	WBJ	/home/qasim/vgb_bench_data/benchmarks/posebusters_benchmark_set/7KB1_WBJ/7KB1_WBJ_protein.pdb	/home/qasim/vgb_bench_data/benchmarks/posebusters_benchmark_set/7KB1_WBJ/7KB1_WBJ_ligand.sdf	/home/qasim/vgb_bench_data/benchmarks/posebusters_benchmark_set/7KB1_WBJ/7KB1_WBJ_ligands.sdf	/home/qasim/vgb_bench_data/benchmarks/posebusters_benchmark_set/7KB1_WBJ/7KB1_WBJ_ligand_start_conf.sdf
posebusters	7KC5_BJZ	7KC5	BJZ	/home/qasim/vgb_bench_data/benchmarks/posebusters_benchmark_set/7KC5_BJZ/7KC5_BJZ_protein.pdb	/home/qasim/vgb_bench_data/benchmarks/posebusters_benchmark_set/7KC5_BJZ/7KC5_BJZ_ligand.sdf	/home/qasim/vgb_bench_data/benchmarks/posebusters_benchmark_set/7KC5_BJZ/7KC5_BJZ_ligands.sdf	/home/qasim/vgb_bench_data/benchmarks/posebusters_benchmark_set/7KC5_BJZ/7KC5_BJZ_ligand_start_conf.sdf
posebusters	7KM8_WPD	7KM8	WPD	/home/qasim/vgb_bench_data/benchmarks/posebusters_benchmark_set/7KM8_WPD/7KM8_WPD_protein.pdb	/home/qasim/vgb_bench_data/benchmarks/posebusters_benchmark_set/7KM8_WPD/7KM8_WPD_ligand.sdf	/home/qasim/vgb_bench_data/benchmarks/posebusters_benchmark_set/7KM8_WPD/7KM8_WPD_ligands.sdf	/home/qasim/vgb_bench_data/benchmarks/posebusters_benchmark_set/7KM8_WPD/7KM8_WPD_ligand_start_conf.sdf
posebusters	7KQU_YOF	7KQU	YOF	/home/qasim/vgb_bench_data/benchmarks/posebusters_benchmark_set/7KQU_YOF/7KQU_YOF_protein.pdb	/home/qasim/vgb_bench_data/benchmarks/posebusters_benchmark_set/7KQU_YOF/7KQU_YOF_ligand.sdf	/home/qasim/vgb_bench_data/benchmarks/posebusters_benchmark_set/7KQU_YOF/7KQU_YOF_ligands.sdf	/home/qasim/vgb_bench_data/benchmarks/posebusters_benchmark_set/7KQU_YOF/7KQU_YOF_ligand_start_conf.sdf
posebusters	7KRU_ATP	7KRU	ATP	/home/qasim/vgb_bench_data/benchmarks/posebusters_benchmark_set/7KRU_ATP/7KRU_ATP_protein.pdb	/home/qasim/vgb_bench_data/benchmarks/posebusters_benchmark_set/7KRU_ATP/7KRU_ATP_ligand.sdf	/home/qasim/vgb_bench_data/benchmarks/posebusters_benchmark_set/7KRU_ATP/7KRU_ATP_ligands.sdf	/home/qasim/vgb_bench_data/benchmarks/posebusters_benchmark_set/7KRU_ATP/7KRU_ATP_ligand_start_conf.sdf
posebusters	7KZ9_XN7	7KZ9	XN7	/home/qasim/vgb_bench_data/benchmarks/posebusters_benchmark_set/7KZ9_XN7/7KZ9_XN7_protein.pdb	/home/qasim/vgb_bench_data/benchmarks/posebusters_benchmark_set/7KZ9_XN7/7KZ9_XN7_ligand.sdf	/home/qasim/vgb_bench_data/benchmarks/posebusters_benchmark_set/7KZ9_XN7/7KZ9_XN7_ligands.sdf	/home/qasim/vgb_bench_data/benchmarks/posebusters_benchmark_set/7KZ9_XN7/7KZ9_XN7_ligand_start_conf.sdf
posebusters	7L00_XCJ	7L00	XCJ	/home/qasim/vgb_bench_data/benchmarks/posebusters_benchmark_set/7L00_XCJ/7L00_XCJ_protein.pdb	/home/qasim/vgb_bench_data/benchmarks/posebusters_benchmark_set/7L00_XCJ/7L00_XCJ_ligand.sdf	/home/qasim/vgb_bench_data/benchmarks/posebusters_benchmark_set/7L00_XCJ/7L00_XCJ_ligands.sdf	/home/qasim/vgb_bench_data/benchmarks/posebusters_benchmark_set/7L00_XCJ/7L00_XCJ_ligand_start_conf.sdf
posebusters	7L03_F9F	7L03	F9F	/home/qasim/vgb_bench_data/benchmarks/posebusters_benchmark_set/7L03_F9F/7L03_F9F_protein.pdb	/home/qasim/vgb_bench_data/benchmarks/posebusters_benchmark_set/7L03_F9F/7L03_F9F_ligand.sdf	/home/qasim/vgb_bench_data/benchmarks/posebusters_benchmark_set/7L03_F9F/7L03_F9F_ligands.sdf	/home/qasim/vgb_bench_data/benchmarks/posebusters_benchmark_set/7L03_F9F/7L03_F9F_ligand_start_conf.sdf
posebusters	7L5F_XNG	7L5F	XNG	/home/qasim/vgb_bench_data/benchmarks/posebusters_benchmark_set/7L5F_XNG/7L5F_XNG_protein.pdb	/home/qasim/vgb_bench_data/benchmarks/posebusters_benchmark_set/7L5F_XNG/7L5F_XNG_ligand.sdf	/home/qasim/vgb_bench_data/benchmarks/posebusters_benchmark_set/7L5F_XNG/7L5F_XNG_ligands.sdf	/home/qasim/vgb_bench_data/benchmarks/posebusters_benchmark_set/7L5F_XNG/7L5F_XNG_ligand_start_conf.sdf
posebusters	7L7C_XQ1	7L7C	XQ1	/home/qasim/vgb_bench_data/benchmarks/posebusters_benchmark_set/7L7C_XQ1/7L7C_XQ1_protein.pdb	/home/qasim/vgb_bench_data/benchmarks/posebusters_benchmark_set/7L7C_XQ1/7L7C_XQ1_ligand.sdf	/home/qasim/vgb_bench_data/benchmarks/posebusters_benchmark_set/7L7C_XQ1/7L7C_XQ1_ligands.sdf	/home/qasim/vgb_bench_data/benchmarks/posebusters_benchmark_set/7L7C_XQ1/7L7C_XQ1_ligand_start_conf.sdf
posebusters	7LCU_XTA	7LCU	XTA	/home/qasim/vgb_bench_data/benchmarks/posebusters_benchmark_set/7LCU_XTA/7LCU_XTA_protein.pdb	/home/qasim/vgb_bench_data/benchmarks/posebusters_benchmark_set/7LCU_XTA/7LCU_XTA_ligand.sdf	/home/qasim/vgb_bench_data/benchmarks/posebusters_benchmark_set/7LCU_XTA/7LCU_XTA_ligands.sdf	/home/qasim/vgb_bench_data/benchmarks/posebusters_benchmark_set/7LCU_XTA/7LCU_XTA_ligand_start_conf.sdf
posebusters	7LEV_0JO	7LEV	0JO	/home/qasim/vgb_bench_data/benchmarks/posebusters_benchmark_set/7LEV_0JO/7LEV_0JO_protein.pdb	/home/qasim/vgb_bench_data/benchmarks/posebusters_benchmark_set/7LEV_0JO/7LEV_0JO_ligand.sdf	/home/qasim/vgb_bench_data/benchmarks/posebusters_benchmark_set/7LEV_0JO/7LEV_0JO_ligands.sdf	/home/qasim/vgb_bench_data/benchmarks/posebusters_benchmark_set/7LEV_0JO/7LEV_0JO_ligand_start_conf.sdf
posebusters	7LJN_GTP	7LJN	GTP	/home/qasim/vgb_bench_data/benchmarks/posebusters_benchmark_set/7LJN_GTP/7LJN_GTP_protein.pdb	/home/qasim/vgb_bench_data/benchmarks/posebusters_benchmark_set/7LJN_GTP/7LJN_GTP_ligand.sdf	/home/qasim/vgb_bench_data/benchmarks/posebusters_benchmark_set/7LJN_GTP/7LJN_GTP_ligands.sdf	/home/qasim/vgb_bench_data/benchmarks/posebusters_benchmark_set/7LJN_GTP/7LJN_GTP_ligand_start_conf.sdf
posebusters	7LMO_NYO	7LMO	NYO	/home/qasim/vgb_bench_data/benchmarks/posebusters_benchmark_set/7LMO_NYO/7LMO_NYO_protein.pdb	/home/qasim/vgb_bench_data/benchmarks/posebusters_benchmark_set/7LMO_NYO/7LMO_NYO_ligand.sdf	/home/qasim/vgb_bench_data/benchmarks/posebusters_benchmark_set/7LMO_NYO/7LMO_NYO_ligands.sdf	/home/qasim/vgb_bench_data/benchmarks/posebusters_benchmark_set/7LMO_NYO/7LMO_NYO_ligand_start_conf.sdf
posebusters	7LOE_Y84	7LOE	Y84	/home/qasim/vgb_bench_data/benchmarks/posebusters_benchmark_set/7LOE_Y84/7LOE_Y84_protein.pdb	/home/qasim/vgb_bench_data/benchmarks/posebusters_benchmark_set/7LOE_Y84/7LOE_Y84_ligand.sdf	/home/qasim/vgb_bench_data/benchmarks/posebusters_benchmark_set/7LOE_Y84/7LOE_Y84_ligands.sdf	/home/qasim/vgb_bench_data/benchmarks/posebusters_benchmark_set/7LOE_Y84/7LOE_Y84_ligand_start_conf.sdf
posebusters	7LOU_IFM	7LOU	IFM	/home/qasim/vgb_bench_data/benchmarks/posebusters_benchmark_set/7LOU_IFM/7LOU_IFM_protein.pdb	/home/qasim/vgb_bench_data/benchmarks/posebusters_benchmark_set/7LOU_IFM/7LOU_IFM_ligand.sdf	/home/qasim/vgb_bench_data/benchmarks/posebusters_benchmark_set/7LOU_IFM/7LOU_IFM_ligands.sdf	/home/qasim/vgb_bench_data/benchmarks/posebusters_benchmark_set/7LOU_IFM/7LOU_IFM_ligand_start_conf.sdf
posebusters	7LT0_ONJ	7LT0	ONJ	/home/qasim/vgb_bench_data/benchmarks/posebusters_benchmark_set/7LT0_ONJ/7LT0_ONJ_protein.pdb	/home/qasim/vgb_bench_data/benchmarks/posebusters_benchmark_set/7LT0_ONJ/7LT0_ONJ_ligand.sdf	/home/qasim/vgb_bench_data/benchmarks/posebusters_benchmark_set/7LT0_ONJ/7LT0_ONJ_ligands.sdf	/home/qasim/vgb_bench_data/benchmarks/posebusters_benchmark_set/7LT0_ONJ/7LT0_ONJ_ligand_start_conf.sdf
posebusters	7LZD_YHY	7LZD	YHY	/home/qasim/vgb_bench_data/benchmarks/posebusters_benchmark_set/7LZD_YHY/7LZD_YHY_protein.pdb	/home/qasim/vgb_bench_data/benchmarks/posebusters_benchmark_set/7LZD_YHY/7LZD_YHY_ligand.sdf	/home/qasim/vgb_bench_data/benchmarks/posebusters_benchmark_set/7LZD_YHY/7LZD_YHY_ligands.sdf	/home/qasim/vgb_bench_data/benchmarks/posebusters_benchmark_set/7LZD_YHY/7LZD_YHY_ligand_start_conf.sdf
posebusters	7M31_TDR	7M31	TDR	/home/qasim/vgb_bench_data/benchmarks/posebusters_benchmark_set/7M31_TDR/7M31_TDR_protein.pdb	/home/qasim/vgb_bench_data/benchmarks/posebusters_benchmark_set/7M31_TDR/7M31_TDR_ligand.sdf	/home/qasim/vgb_bench_data/benchmarks/posebusters_benchmark_set/7M31_TDR/7M31_TDR_ligands.sdf	/home/qasim/vgb_bench_data/benchmarks/posebusters_benchmark_set/7M31_TDR/7M31_TDR_ligand_start_conf.sdf
posebusters	7M3H_YPV	7M3H	YPV	/home/qasim/vgb_bench_data/benchmarks/posebusters_benchmark_set/7M3H_YPV/7M3H_YPV_protein.pdb	/home/qasim/vgb_bench_data/benchmarks/posebusters_benchmark_set/7M3H_YPV/7M3H_YPV_ligand.sdf	/home/qasim/vgb_bench_data/benchmarks/posebusters_benchmark_set/7M3H_YPV/7M3H_YPV_ligands.sdf	/home/qasim/vgb_bench_data/benchmarks/posebusters_benchmark_set/7M3H_YPV/7M3H_YPV_ligand_start_conf.sdf
posebusters	7M6K_YRJ	7M6K	YRJ	/home/qasim/vgb_bench_data/benchmarks/posebusters_benchmark_set/7M6K_YRJ/7M6K_YRJ_protein.pdb	/home/qasim/vgb_bench_data/benchmarks/posebusters_benchmark_set/7M6K_YRJ/7M6K_YRJ_ligand.sdf	/home/qasim/vgb_bench_data/benchmarks/posebusters_benchmark_set/7M6K_YRJ/7M6K_YRJ_ligands.sdf	/home/qasim/vgb_bench_data/benchmarks/posebusters_benchmark_set/7M6K_YRJ/7M6K_YRJ_ligand_start_conf.sdf
posebusters	7MFP_Z7P	7MFP	Z7P	/home/qasim/vgb_bench_data/benchmarks/posebusters_benchmark_set/7MFP_Z7P/7MFP_Z7P_protein.pdb	/home/qasim/vgb_bench_data/benchmarks/posebusters_benchmark_set/7MFP_Z7P/7MFP_Z7P_ligand.sdf	/home/qasim/vgb_bench_data/benchmarks/posebusters_benchmark_set/7MFP_Z7P/7MFP_Z7P_ligands.sdf	/home/qasim/vgb_bench_data/benchmarks/posebusters_benchmark_set/7MFP_Z7P/7MFP_Z7P_ligand_start_conf.sdf
posebusters	7MGT_ZD4	7MGT	ZD4	/home/qasim/vgb_bench_data/benchmarks/posebusters_benchmark_set/7MGT_ZD4/7MGT_ZD4_protein.pdb	/home/qasim/vgb_bench_data/benchmarks/posebusters_benchmark_set/7MGT_ZD4/7MGT_ZD4_ligand.sdf	/home/qasim/vgb_bench_data/benchmarks/posebusters_benchmark_set/7MGT_ZD4/7MGT_ZD4_ligands.sdf	/home/qasim/vgb_bench_data/benchmarks/posebusters_benchmark_set/7MGT_ZD4/7MGT_ZD4_ligand_start_conf.sdf
posebusters	7MGY_ZD1	7MGY	ZD1	/home/qasim/vgb_bench_data/benchmarks/posebusters_benchmark_set/7MGY_ZD1/7MGY_ZD1_protein.pdb	/home/qasim/vgb_bench_data/benchmarks/posebusters_benchmark_set/7MGY_ZD1/7MGY_ZD1_ligand.sdf	/home/qasim/vgb_bench_data/benchmarks/posebusters_benchmark_set/7MGY_ZD1/7MGY_ZD1_ligands.sdf	/home/qasim/vgb_bench_data/benchmarks/posebusters_benchmark_set/7MGY_ZD1/7MGY_ZD1_ligand_start_conf.sdf
posebusters	7MMH_ZJY	7MMH	ZJY	/home/qasim/vgb_bench_data/benchmarks/posebusters_benchmark_set/7MMH_ZJY/7MMH_ZJY_protein.pdb	/home/qasim/vgb_bench_data/benchmarks/posebusters_benchmark_set/7MMH_ZJY/7MMH_ZJY_ligand.sdf	/home/qasim/vgb_bench_data/benchmarks/posebusters_benchmark_set/7MMH_ZJY/7MMH_ZJY_ligands.sdf	/home/qasim/vgb_bench_data/benchmarks/posebusters_benchmark_set/7MMH_ZJY/7MMH_ZJY_ligand_start_conf.sdf
posebusters	7MOI_HPS	7MOI	HPS	/home/qasim/vgb_bench_data/benchmarks/posebusters_benchmark_set/7MOI_HPS/7MOI_HPS_protein.pdb	/home/qasim/vgb_bench_data/benchmarks/posebusters_benchmark_set/7MOI_HPS/7MOI_HPS_ligand.sdf	/home/qasim/vgb_bench_data/benchmarks/posebusters_benchmark_set/7MOI_HPS/7MOI_HPS_ligands.sdf	/home/qasim/vgb_bench_data/benchmarks/posebusters_benchmark_set/7MOI_HPS/7MOI_HPS_ligand_start_conf.sdf
posebusters	7MSR_DCA	7MSR	DCA	/home/qasim/vgb_bench_data/benchmarks/posebusters_benchmark_set/7MSR_DCA/7MSR_DCA_protein.pdb	/home/qasim/vgb_bench_data/benchmarks/posebusters_benchmark_set/7MSR_DCA/7MSR_DCA_ligand.sdf	/home/qasim/vgb_bench_data/benchmarks/posebusters_benchmark_set/7MSR_DCA/7MSR_DCA_ligands.sdf	/home/qasim/vgb_bench_data/benchmarks/posebusters_benchmark_set/7MSR_DCA/7MSR_DCA_ligand_start_conf.sdf
posebusters	7MWN_WI5	7MWN	WI5	/home/qasim/vgb_bench_data/benchmarks/posebusters_benchmark_set/7MWN_WI5/7MWN_WI5_protein.pdb	/home/qasim/vgb_bench_data/benchmarks/posebusters_benchmark_set/7MWN_WI5/7MWN_WI5_ligand.sdf	/home/qasim/vgb_bench_data/benchmarks/posebusters_benchmark_set/7MWN_WI5/7MWN_WI5_ligands.sdf	/home/qasim/vgb_bench_data/benchmarks/posebusters_benchmark_set/7MWN_WI5/7MWN_WI5_ligand_start_conf.sdf
posebusters	7MWU_ZPM	7MWU	ZPM	/home/qasim/vgb_bench_data/benchmarks/posebusters_benchmark_set/7MWU_ZPM/7MWU_ZPM_protein.pdb	/home/qasim/vgb_bench_data/benchmarks/posebusters_benchmark_set/7MWU_ZPM/7MWU_ZPM_ligand.sdf	/home/qasim/vgb_bench_data/benchmarks/posebusters_benchmark_set/7MWU_ZPM/7MWU_ZPM_ligands.sdf	/home/qasim/vgb_bench_data/benchmarks/posebusters_benchmark_set/7MWU_ZPM/7MWU_ZPM_ligand_start_conf.sdf
posebusters	7MY1_IPE	7MY1	IPE	/home/qasim/vgb_bench_data/benchmarks/posebusters_benchmark_set/7MY1_IPE/7MY1_IPE_protein.pdb	/home/qasim/vgb_bench_data/benchmarks/posebusters_benchmark_set/7MY1_IPE/7MY1_IPE_ligand.sdf	/home/qasim/vgb_bench_data/benchmarks/posebusters_benchmark_set/7MY1_IPE/7MY1_IPE_ligands.sdf	/home/qasim/vgb_bench_data/benchmarks/posebusters_benchmark_set/7MY1_IPE/7MY1_IPE_ligand_start_conf.sdf
posebusters	7MYU_ZR7	7MYU	ZR7	/home/qasim/vgb_bench_data/benchmarks/posebusters_benchmark_set/7MYU_ZR7/7MYU_ZR7_protein.pdb	/home/qasim/vgb_bench_data/benchmarks/posebusters_benchmark_set/7MYU_ZR7/7MYU_ZR7_ligand.sdf	/home/qasim/vgb_bench_data/benchmarks/posebusters_benchmark_set/7MYU_ZR7/7MYU_ZR7_ligands.sdf	/home/qasim/vgb_bench_data/benchmarks/posebusters_benchmark_set/7MYU_ZR7/7MYU_ZR7_ligand_start_conf.sdf
posebusters	7N03_ZRP	7N03	ZRP	/home/qasim/vgb_bench_data/benchmarks/posebusters_benchmark_set/7N03_ZRP/7N03_ZRP_protein.pdb	/home/qasim/vgb_bench_data/benchmarks/posebusters_benchmark_set/7N03_ZRP/7N03_ZRP_ligand.sdf	/home/qasim/vgb_bench_data/benchmarks/posebusters_benchmark_set/7N03_ZRP/7N03_ZRP_ligands.sdf	/home/qasim/vgb_bench_data/benchmarks/posebusters_benchmark_set/7N03_ZRP/7N03_ZRP_ligand_start_conf.sdf
posebusters	7N4N_0BK	7N4N	0BK	/home/qasim/vgb_bench_data/benchmarks/posebusters_benchmark_set/7N4N_0BK/7N4N_0BK_protein.pdb	/home/qasim/vgb_bench_data/benchmarks/posebusters_benchmark_set/7N4N_0BK/7N4N_0BK_ligand.sdf	/home/qasim/vgb_bench_data/benchmarks/posebusters_benchmark_set/7N4N_0BK/7N4N_0BK_ligands.sdf	/home/qasim/vgb_bench_data/benchmarks/posebusters_benchmark_set/7N4N_0BK/7N4N_0BK_ligand_start_conf.sdf
posebusters	7N4W_P4V	7N4W	P4V	/home/qasim/vgb_bench_data/benchmarks/posebusters_benchmark_set/7N4W_P4V/7N4W_P4V_protein.pdb	/home/qasim/vgb_bench_data/benchmarks/posebusters_benchmark_set/7N4W_P4V/7N4W_P4V_ligand.sdf	/home/qasim/vgb_bench_data/benchmarks/posebusters_benchmark_set/7N4W_P4V/7N4W_P4V_ligands.sdf	/home/qasim/vgb_bench_data/benchmarks/posebusters_benchmark_set/7N4W_P4V/7N4W_P4V_ligand_start_conf.sdf
posebusters	7N6F_0I1	7N6F	0I1	/home/qasim/vgb_bench_data/benchmarks/posebusters_benchmark_set/7N6F_0I1/7N6F_0I1_protein.pdb	/home/qasim/vgb_bench_data/benchmarks/posebusters_benchmark_set/7N6F_0I1/7N6F_0I1_ligand.sdf	/home/qasim/vgb_bench_data/benchmarks/posebusters_benchmark_set/7N6F_0I1/7N6F_0I1_ligands.sdf	/home/qasim/vgb_bench_data/benchmarks/posebusters_benchmark_set/7N6F_0I1/7N6F_0I1_ligand_start_conf.sdf
posebusters	7N7B_T3F	7N7B	T3F	/home/qasim/vgb_bench_data/benchmarks/posebusters_benchmark_set/7N7B_T3F/7N7B_T3F_protein.pdb	/home/qasim/vgb_bench_data/benchmarks/posebusters_benchmark_set/7N7B_T3F/7N7B_T3F_ligand.sdf	/home/qasim/vgb_bench_data/benchmarks/posebusters_benchmark_set/7N7B_T3F/7N7B_T3F_ligands.sdf	/home/qasim/vgb_bench_data/benchmarks/posebusters_benchmark_set/7N7B_T3F/7N7B_T3F_ligand_start_conf.sdf
posebusters	7N7H_CTP	7N7H	CTP	/home/qasim/vgb_bench_data/benchmarks/posebusters_benchmark_set/7N7H_CTP/7N7H_CTP_protein.pdb	/home/qasim/vgb_bench_data/benchmarks/posebusters_benchmark_set/7N7H_CTP/7N7H_CTP_ligand.sdf	/home/qasim/vgb_bench_data/benchmarks/posebusters_benchmark_set/7N7H_CTP/7N7H_CTP_ligands.sdf	/home/qasim/vgb_bench_data/benchmarks/posebusters_benchmark_set/7N7H_CTP/7N7H_CTP_ligand_start_conf.sdf
posebusters	7NF0_BYN	7NF0	BYN	/home/qasim/vgb_bench_data/benchmarks/posebusters_benchmark_set/7NF0_BYN/7NF0_BYN_protein.pdb	/home/qasim/vgb_bench_data/benchmarks/posebusters_benchmark_set/7NF0_BYN/7NF0_BYN_ligand.sdf	/home/qasim/vgb_bench_data/benchmarks/posebusters_benchmark_set/7NF0_BYN/7NF0_BYN_ligands.sdf	/home/qasim/vgb_bench_data/benchmarks/posebusters_benchmark_set/7NF0_BYN/7NF0_BYN_ligand_start_conf.sdf
posebusters	7NF3_4LU	7NF3	4LU	/home/qasim/vgb_bench_data/benchmarks/posebusters_benchmark_set/7NF3_4LU/7NF3_4LU_protein.pdb	/home/qasim/vgb_bench_data/benchmarks/posebusters_benchmark_set/7NF3_4LU/7NF3_4LU_ligand.sdf	/home/qasim/vgb_bench_data/benchmarks/posebusters_benchmark_set/7NF3_4LU/7NF3_4LU_ligands.sdf	/home/qasim/vgb_bench_data/benchmarks/posebusters_benchmark_set/7NF3_4LU/7NF3_4LU_ligand_start_conf.sdf
posebusters	7NFB_GEN	7NFB	GEN	/home/qasim/vgb_bench_data/benchmarks/posebusters_benchmark_set/7NFB_GEN/7NFB_GEN_protein.pdb	/home/qasim/vgb_bench_data/benchmarks/posebusters_benchmark_set/7NFB_GEN/7NFB_GEN_ligand.sdf	/home/qasim/vgb_bench_data/benchmarks/posebusters_benchmark_set/7NFB_GEN/7NFB_GEN_ligands.sdf	/home/qasim/vgb_bench_data/benchmarks/posebusters_benchmark_set/7NFB_GEN/7NFB_GEN_ligand_start_conf.sdf
posebusters	7NGW_UAW	7NGW	UAW	/home/qasim/vgb_bench_data/benchmarks/posebusters_benchmark_set/7NGW_UAW/7NGW_UAW_protein.pdb	/home/qasim/vgb_bench_data/benchmarks/posebusters_benchmark_set/7NGW_UAW/7NGW_UAW_ligand.sdf	/home/qasim/vgb_bench_data/benchmarks/posebusters_benchmark_set/7NGW_UAW/7NGW_UAW_ligands.sdf	/home/qasim/vgb_bench_data/benchmarks/posebusters_benchmark_set/7NGW_UAW/7NGW_UAW_ligand_start_conf.sdf
posebusters	7NLV_UJE	7NLV	UJE	/home/qasim/vgb_bench_data/benchmarks/posebusters_benchmark_set/7NLV_UJE/7NLV_UJE_protein.pdb	/home/qasim/vgb_bench_data/benchmarks/posebusters_benchmark_set/7NLV_UJE/7NLV_UJE_ligand.sdf	/home/qasim/vgb_bench_data/benchmarks/posebusters_benchmark_set/7NLV_UJE/7NLV_UJE_ligands.sdf	/home/qasim/vgb_bench_data/benchmarks/posebusters_benchmark_set/7NLV_UJE/7NLV_UJE_ligand_start_conf.sdf
posebusters	7NP6_UK8	7NP6	UK8	/home/qasim/vgb_bench_data/benchmarks/posebusters_benchmark_set/7NP6_UK8/7NP6_UK8_protein.pdb	/home/qasim/vgb_bench_data/benchmarks/posebusters_benchmark_set/7NP6_UK8/7NP6_UK8_ligand.sdf	/home/qasim/vgb_bench_data/benchmarks/posebusters_benchmark_set/7NP6_UK8/7NP6_UK8_ligands.sdf	/home/qasim/vgb_bench_data/benchmarks/posebusters_benchmark_set/7NP6_UK8/7NP6_UK8_ligand_start_conf.sdf
posebusters	7NPL_UKZ	7NPL	UKZ	/home/qasim/vgb_bench_data/benchmarks/posebusters_benchmark_set/7NPL_UKZ/7NPL_UKZ_protein.pdb	/home/qasim/vgb_bench_data/benchmarks/posebusters_benchmark_set/7NPL_UKZ/7NPL_UKZ_ligand.sdf	/home/qasim/vgb_bench_data/benchmarks/posebusters_benchmark_set/7NPL_UKZ/7NPL_UKZ_ligands.sdf	/home/qasim/vgb_bench_data/benchmarks/posebusters_benchmark_set/7NPL_UKZ/7NPL_UKZ_ligand_start_conf.sdf
posebusters	7NR8_UOE	7NR8	UOE	/home/qasim/vgb_bench_data/benchmarks/posebusters_benchmark_set/7NR8_UOE/7NR8_UOE_protein.pdb	/home/qasim/vgb_bench_data/benchmarks/posebusters_benchmark_set/7NR8_UOE/7NR8_UOE_ligand.sdf	/home/qasim/vgb_bench_data/benchmarks/posebusters_benchmark_set/7NR8_UOE/7NR8_UOE_ligands.sdf	/home/qasim/vgb_bench_data/benchmarks/posebusters_benchmark_set/7NR8_UOE/7NR8_UOE_ligand_start_conf.sdf
posebusters	7NSW_HC4	7NSW	HC4	/home/qasim/vgb_bench_data/benchmarks/posebusters_benchmark_set/7NSW_HC4/7NSW_HC4_protein.pdb	/home/qasim/vgb_bench_data/benchmarks/posebusters_benchmark_set/7NSW_HC4/7NSW_HC4_ligand.sdf	/home/qasim/vgb_bench_data/benchmarks/posebusters_benchmark_set/7NSW_HC4/7NSW_HC4_ligands.sdf	/home/qasim/vgb_bench_data/benchmarks/posebusters_benchmark_set/7NSW_HC4/7NSW_HC4_ligand_start_conf.sdf
posebusters	7NU0_DCL	7NU0	DCL	/home/qasim/vgb_bench_data/benchmarks/posebusters_benchmark_set/7NU0_DCL/7NU0_DCL_protein.pdb	/home/qasim/vgb_bench_data/benchmarks/posebusters_benchmark_set/7NU0_DCL/7NU0_DCL_ligand.sdf	/home/qasim/vgb_bench_data/benchmarks/posebusters_benchmark_set/7NU0_DCL/7NU0_DCL_ligands.sdf	/home/qasim/vgb_bench_data/benchmarks/posebusters_benchmark_set/7NU0_DCL/7NU0_DCL_ligand_start_conf.sdf
posebusters	7NUT_GLP	7NUT	GLP	/home/qasim/vgb_bench_data/benchmarks/posebusters_benchmark_set/7NUT_GLP/7NUT_GLP_protein.pdb	/home/qasim/vgb_bench_data/benchmarks/posebusters_benchmark_set/7NUT_GLP/7NUT_GLP_ligand.sdf	/home/qasim/vgb_bench_data/benchmarks/posebusters_benchmark_set/7NUT_GLP/7NUT_GLP_ligands.sdf	/home/qasim/vgb_bench_data/benchmarks/posebusters_benchmark_set/7NUT_GLP/7NUT_GLP_ligand_start_conf.sdf
posebusters	7NXO_UU8	7NXO	UU8	/home/qasim/vgb_bench_data/benchmarks/posebusters_benchmark_set/7NXO_UU8/7NXO_UU8_protein.pdb	/home/qasim/vgb_bench_data/benchmarks/posebusters_benchmark_set/7NXO_UU8/7NXO_UU8_ligand.sdf	/home/qasim/vgb_bench_data/benchmarks/posebusters_benchmark_set/7NXO_UU8/7NXO_UU8_ligands.sdf	/home/qasim/vgb_bench_data/benchmarks/posebusters_benchmark_set/7NXO_UU8/7NXO_UU8_ligand_start_conf.sdf
posebusters	7O0N_CDP	7O0N	CDP	/home/qasim/vgb_bench_data/benchmarks/posebusters_benchmark_set/7O0N_CDP/7O0N_CDP_protein.pdb	/home/qasim/vgb_bench_data/benchmarks/posebusters_benchmark_set/7O0N_CDP/7O0N_CDP_ligand.sdf	/home/qasim/vgb_bench_data/benchmarks/posebusters_benchmark_set/7O0N_CDP/7O0N_CDP_ligands.sdf	/home/qasim/vgb_bench_data/benchmarks/posebusters_benchmark_set/7O0N_CDP/7O0N_CDP_ligand_start_conf.sdf
posebusters	7O1T_5X8	7O1T	5X8	/home/qasim/vgb_bench_data/benchmarks/posebusters_benchmark_set/7O1T_5X8/7O1T_5X8_protein.pdb	/home/qasim/vgb_bench_data/benchmarks/posebusters_benchmark_set/7O1T_5X8/7O1T_5X8_ligand.sdf	/home/qasim/vgb_bench_data/benchmarks/posebusters_benchmark_set/7O1T_5X8/7O1T_5X8_ligands.sdf	/home/qasim/vgb_bench_data/benchmarks/posebusters_benchmark_set/7O1T_5X8/7O1T_5X8_ligand_start_conf.sdf
posebusters	7ODY_DGI	7ODY	DGI	/home/qasim/vgb_bench_data/benchmarks/posebusters_benchmark_set/7ODY_DGI/7ODY_DGI_protein.pdb	/home/qasim/vgb_bench_data/benchmarks/posebusters_benchmark_set/7ODY_DGI/7ODY_DGI_ligand.sdf	/home/qasim/vgb_bench_data/benchmarks/posebusters_benchmark_set/7ODY_DGI/7ODY_DGI_ligands.sdf	/home/qasim/vgb_bench_data/benchmarks/posebusters_benchmark_set/7ODY_DGI/7ODY_DGI_ligand_start_conf.sdf
posebusters	7OEO_V9Z	7OEO	V9Z	/home/qasim/vgb_bench_data/benchmarks/posebusters_benchmark_set/7OEO_V9Z/7OEO_V9Z_protein.pdb	/home/qasim/vgb_bench_data/benchmarks/posebusters_benchmark_set/7OEO_V9Z/7OEO_V9Z_ligand.sdf	/home/qasim/vgb_bench_data/benchmarks/posebusters_benchmark_set/7OEO_V9Z/7OEO_V9Z_ligands.sdf	/home/qasim/vgb_bench_data/benchmarks/posebusters_benchmark_set/7OEO_V9Z/7OEO_V9Z_ligand_start_conf.sdf
posebusters	7OFF_VCB	7OFF	VCB	/home/qasim/vgb_bench_data/benchmarks/posebusters_benchmark_set/7OFF_VCB/7OFF_VCB_protein.pdb	/home/qasim/vgb_bench_data/benchmarks/posebusters_benchmark_set/7OFF_VCB/7OFF_VCB_ligand.sdf	/home/qasim/vgb_bench_data/benchmarks/posebusters_benchmark_set/7OFF_VCB/7OFF_VCB_ligands.sdf	/home/qasim/vgb_bench_data/benchmarks/posebusters_benchmark_set/7OFF_VCB/7OFF_VCB_ligand_start_conf.sdf
posebusters	7OFK_VCH	7OFK	VCH	/home/qasim/vgb_bench_data/benchmarks/posebusters_benchmark_set/7OFK_VCH/7OFK_VCH_protein.pdb	/home/qasim/vgb_bench_data/benchmarks/posebusters_benchmark_set/7OFK_VCH/7OFK_VCH_ligand.sdf	/home/qasim/vgb_bench_data/benchmarks/posebusters_benchmark_set/7OFK_VCH/7OFK_VCH_ligands.sdf	/home/qasim/vgb_bench_data/benchmarks/posebusters_benchmark_set/7OFK_VCH/7OFK_VCH_ligand_start_conf.sdf
posebusters	7OLI_8HG	7OLI	8HG	/home/qasim/vgb_bench_data/benchmarks/posebusters_benchmark_set/7OLI_8HG/7OLI_8HG_protein.pdb	/home/qasim/vgb_bench_data/benchmarks/posebusters_benchmark_set/7OLI_8HG/7OLI_8HG_ligand.sdf	/home/qasim/vgb_bench_data/benchmarks/posebusters_benchmark_set/7OLI_8HG/7OLI_8HG_ligands.sdf	/home/qasim/vgb_bench_data/benchmarks/posebusters_benchmark_set/7OLI_8HG/7OLI_8HG_ligand_start_conf.sdf
posebusters	7OMX_CNA	7OMX	CNA	/home/qasim/vgb_bench_data/benchmarks/posebusters_benchmark_set/7OMX_CNA/7OMX_CNA_protein.pdb	/home/qasim/vgb_bench_data/benchmarks/posebusters_benchmark_set/7OMX_CNA/7OMX_CNA_ligand.sdf	/home/qasim/vgb_bench_data/benchmarks/posebusters_benchmark_set/7OMX_CNA/7OMX_CNA_ligands.sdf	/home/qasim/vgb_bench_data/benchmarks/posebusters_benchmark_set/7OMX_CNA/7OMX_CNA_ligand_start_conf.sdf
posebusters	7OP9_06K	7OP9	06K	/home/qasim/vgb_bench_data/benchmarks/posebusters_benchmark_set/7OP9_06K/7OP9_06K_protein.pdb	/home/qasim/vgb_bench_data/benchmarks/posebusters_benchmark_set/7OP9_06K/7OP9_06K_ligand.sdf	/home/qasim/vgb_bench_data/benchmarks/posebusters_benchmark_set/7OP9_06K/7OP9_06K_ligands.sdf	/home/qasim/vgb_bench_data/benchmarks/posebusters_benchmark_set/7OP9_06K/7OP9_06K_ligand_start_conf.sdf
posebusters	7OPG_06N	7OPG	06N	/home/qasim/vgb_bench_data/benchmarks/posebusters_benchmark_set/7OPG_06N/7OPG_06N_protein.pdb	/home/qasim/vgb_bench_data/benchmarks/posebusters_benchmark_set/7OPG_06N/7OPG_06N_ligand.sdf	/home/qasim/vgb_bench_data/benchmarks/posebusters_benchmark_set/7OPG_06N/7OPG_06N_ligands.sdf	/home/qasim/vgb_bench_data/benchmarks/posebusters_benchmark_set/7OPG_06N/7OPG_06N_ligand_start_conf.sdf
posebusters	7OSO_0V1	7OSO	0V1	/home/qasim/vgb_bench_data/benchmarks/posebusters_benchmark_set/7OSO_0V1/7OSO_0V1_protein.pdb	/home/qasim/vgb_bench_data/benchmarks/posebusters_benchmark_set/7OSO_0V1/7OSO_0V1_ligand.sdf	/home/qasim/vgb_bench_data/benchmarks/posebusters_benchmark_set/7OSO_0V1/7OSO_0V1_ligands.sdf	/home/qasim/vgb_bench_data/benchmarks/posebusters_benchmark_set/7OSO_0V1/7OSO_0V1_ligand_start_conf.sdf
posebusters	7OZ9_NGK	7OZ9	NGK	/home/qasim/vgb_bench_data/benchmarks/posebusters_benchmark_set/7OZ9_NGK/7OZ9_NGK_protein.pdb	/home/qasim/vgb_bench_data/benchmarks/posebusters_benchmark_set/7OZ9_NGK/7OZ9_NGK_ligand.sdf	/home/qasim/vgb_bench_data/benchmarks/posebusters_benchmark_set/7OZ9_NGK/7OZ9_NGK_ligands.sdf	/home/qasim/vgb_bench_data/benchmarks/posebusters_benchmark_set/7OZ9_NGK/7OZ9_NGK_ligand_start_conf.sdf
posebusters	7OZC_G6S	7OZC	G6S	/home/qasim/vgb_bench_data/benchmarks/posebusters_benchmark_set/7OZC_G6S/7OZC_G6S_protein.pdb	/home/qasim/vgb_bench_data/benchmarks/posebusters_benchmark_set/7OZC_G6S/7OZC_G6S_ligand.sdf	/home/qasim/vgb_bench_data/benchmarks/posebusters_benchmark_set/7OZC_G6S/7OZC_G6S_ligands.sdf	/home/qasim/vgb_bench_data/benchmarks/posebusters_benchmark_set/7OZC_G6S/7OZC_G6S_ligand_start_conf.sdf
posebusters	7P1F_KFN	7P1F	KFN	/home/qasim/vgb_bench_data/benchmarks/posebusters_benchmark_set/7P1F_KFN/7P1F_KFN_protein.pdb	/home/qasim/vgb_bench_data/benchmarks/posebusters_benchmark_set/7P1F_KFN/7P1F_KFN_ligand.sdf	/home/qasim/vgb_bench_data/benchmarks/posebusters_benchmark_set/7P1F_KFN/7P1F_KFN_ligands.sdf	/home/qasim/vgb_bench_data/benchmarks/posebusters_benchmark_set/7P1F_KFN/7P1F_KFN_ligand_start_conf.sdf
posebusters	7P1M_4IU	7P1M	4IU	/home/qasim/vgb_bench_data/benchmarks/posebusters_benchmark_set/7P1M_4IU/7P1M_4IU_protein.pdb	/home/qasim/vgb_bench_data/benchmarks/posebusters_benchmark_set/7P1M_4IU/7P1M_4IU_ligand.sdf	/home/qasim/vgb_bench_data/benchmarks/posebusters_benchmark_set/7P1M_4IU/7P1M_4IU_ligands.sdf	/home/qasim/vgb_bench_data/benchmarks/posebusters_benchmark_set/7P1M_4IU/7P1M_4IU_ligand_start_conf.sdf
posebusters	7P2I_MFU	7P2I	MFU	/home/qasim/vgb_bench_data/benchmarks/posebusters_benchmark_set/7P2I_MFU/7P2I_MFU_protein.pdb	/home/qasim/vgb_bench_data/benchmarks/posebusters_benchmark_set/7P2I_MFU/7P2I_MFU_ligand.sdf	/home/qasim/vgb_bench_data/benchmarks/posebusters_benchmark_set/7P2I_MFU/7P2I_MFU_ligands.sdf	/home/qasim/vgb_bench_data/benchmarks/posebusters_benchmark_set/7P2I_MFU/7P2I_MFU_ligand_start_conf.sdf
posebusters	7P4C_5OV	7P4C	5OV	/home/qasim/vgb_bench_data/benchmarks/posebusters_benchmark_set/7P4C_5OV/7P4C_5OV_protein.pdb	/home/qasim/vgb_bench_data/benchmarks/posebusters_benchmark_set/7P4C_5OV/7P4C_5OV_ligand.sdf	/home/qasim/vgb_bench_data/benchmarks/posebusters_benchmark_set/7P4C_5OV/7P4C_5OV_ligands.sdf	/home/qasim/vgb_bench_data/benchmarks/posebusters_benchmark_set/7P4C_5OV/7P4C_5OV_ligand_start_conf.sdf
posebusters	7P5T_5YG	7P5T	5YG	/home/qasim/vgb_bench_data/benchmarks/posebusters_benchmark_set/7P5T_5YG/7P5T_5YG_protein.pdb	/home/qasim/vgb_bench_data/benchmarks/posebusters_benchmark_set/7P5T_5YG/7P5T_5YG_ligand.sdf	/home/qasim/vgb_bench_data/benchmarks/posebusters_benchmark_set/7P5T_5YG/7P5T_5YG_ligands.sdf	/home/qasim/vgb_bench_data/benchmarks/posebusters_benchmark_set/7P5T_5YG/7P5T_5YG_ligand_start_conf.sdf
posebusters	7PGX_FMN	7PGX	FMN	/home/qasim/vgb_bench_data/benchmarks/posebusters_benchmark_set/7PGX_FMN/7PGX_FMN_protein.pdb	/home/qasim/vgb_bench_data/benchmarks/posebusters_benchmark_set/7PGX_FMN/7PGX_FMN_ligand.sdf	/home/qasim/vgb_bench_data/benchmarks/posebusters_benchmark_set/7PGX_FMN/7PGX_FMN_ligands.sdf	/home/qasim/vgb_bench_data/benchmarks/posebusters_benchmark_set/7PGX_FMN/7PGX_FMN_ligand_start_conf.sdf
posebusters	7PIH_7QW	7PIH	7QW	/home/qasim/vgb_bench_data/benchmarks/posebusters_benchmark_set/7PIH_7QW/7PIH_7QW_protein.pdb	/home/qasim/vgb_bench_data/benchmarks/posebusters_benchmark_set/7PIH_7QW/7PIH_7QW_ligand.sdf	/home/qasim/vgb_bench_data/benchmarks/posebusters_benchmark_set/7PIH_7QW/7PIH_7QW_ligands.sdf	/home/qasim/vgb_bench_data/benchmarks/posebusters_benchmark_set/7PIH_7QW/7PIH_7QW_ligand_start_conf.sdf
posebusters	7PJQ_OWH	7PJQ	OWH	/home/qasim/vgb_bench_data/benchmarks/posebusters_benchmark_set/7PJQ_OWH/7PJQ_OWH_protein.pdb	/home/qasim/vgb_bench_data/benchmarks/posebusters_benchmark_set/7PJQ_OWH/7PJQ_OWH_ligand.sdf	/home/qasim/vgb_bench_data/benchmarks/posebusters_benchmark_set/7PJQ_OWH/7PJQ_OWH_ligands.sdf	/home/qasim/vgb_bench_data/benchmarks/posebusters_benchmark_set/7PJQ_OWH/7PJQ_OWH_ligand_start_conf.sdf
posebusters	7PK0_BYC	7PK0	BYC	/home/qasim/vgb_bench_data/benchmarks/posebusters_benchmark_set/7PK0_BYC/7PK0_BYC_protein.pdb	/home/qasim/vgb_bench_data/benchmarks/posebusters_benchmark_set/7PK0_BYC/7PK0_BYC_ligand.sdf	/home/qasim/vgb_bench_data/benchmarks/posebusters_benchmark_set/7PK0_BYC/7PK0_BYC_ligands.sdf	/home/qasim/vgb_bench_data/benchmarks/posebusters_benchmark_set/7PK0_BYC/7PK0_BYC_ligand_start_conf.sdf
posebusters	7PL1_SFG	7PL1	SFG	/home/qasim/vgb_bench_data/benchmarks/posebusters_benchmark_set/7PL1_SFG/7PL1_SFG_protein.pdb	/home/qasim/vgb_bench_data/benchmarks/posebusters_benchmark_set/7PL1_SFG/7PL1_SFG_ligand.sdf	/home/qasim/vgb_bench_data/benchmarks/posebusters_benchmark_set/7PL1_SFG/7PL1_SFG_ligands.sdf	/home/qasim/vgb_bench_data/benchmarks/posebusters_benchmark_set/7PL1_SFG/7PL1_SFG_ligand_start_conf.sdf
posebusters	7POM_7VZ	7POM	7VZ	/home/qasim/vgb_bench_data/benchmarks/posebusters_benchmark_set/7POM_7VZ/7POM_7VZ_protein.pdb	/home/qasim/vgb_bench_data/benchmarks/posebusters_benchmark_set/7POM_7VZ/7POM_7VZ_ligand.sdf	/home/qasim/vgb_bench_data/benchmarks/posebusters_benchmark_set/7POM_7VZ/7POM_7VZ_ligands.sdf	/home/qasim/vgb_bench_data/benchmarks/posebusters_benchmark_set/7POM_7VZ/7POM_7VZ_ligand_start_conf.sdf
posebusters	7PRI_7TI	7PRI	7TI	/home/qasim/vgb_bench_data/benchmarks/posebusters_benchmark_set/7PRI_7TI/7PRI_7TI_protein.pdb	/home/qasim/vgb_bench_data/benchmarks/posebusters_benchmark_set/7PRI_7TI/7PRI_7TI_ligand.sdf	/home/qasim/vgb_bench_data/benchmarks/posebusters_benchmark_set/7PRI_7TI/7PRI_7TI_ligands.sdf	/home/qasim/vgb_bench_data/benchmarks/posebusters_benchmark_set/7PRI_7TI/7PRI_7TI_ligand_start_conf.sdf
posebusters	7PRM_81I	7PRM	81I	/home/qasim/vgb_bench_data/benchmarks/posebusters_benchmark_set/7PRM_81I/7PRM_81I_protein.pdb	/home/qasim/vgb_bench_data/benchmarks/posebusters_benchmark_set/7PRM_81I/7PRM_81I_ligand.sdf	/home/qasim/vgb_bench_data/benchmarks/posebusters_benchmark_set/7PRM_81I/7PRM_81I_ligands.sdf	/home/qasim/vgb_bench_data/benchmarks/posebusters_benchmark_set/7PRM_81I/7PRM_81I_ligand_start_conf.sdf
posebusters	7PT3_3KK	7PT3	3KK	/home/qasim/vgb_bench_data/benchmarks/posebusters_benchmark_set/7PT3_3KK/7PT3_3KK_protein.pdb	/home/qasim/vgb_bench_data/benchmarks/posebusters_benchmark_set/7PT3_3KK/7PT3_3KK_ligand.sdf	/home/qasim/vgb_bench_data/benchmarks/posebusters_benchmark_set/7PT3_3KK/7PT3_3KK_ligands.sdf	/home/qasim/vgb_bench_data/benchmarks/posebusters_benchmark_set/7PT3_3KK/7PT3_3KK_ligand_start_conf.sdf
posebusters	7PUV_84Z	7PUV	84Z	/home/qasim/vgb_bench_data/benchmarks/posebusters_benchmark_set/7PUV_84Z/7PUV_84Z_protein.pdb	/home/qasim/vgb_bench_data/benchmarks/posebusters_benchmark_set/7PUV_84Z/7PUV_84Z_ligand.sdf	/home/qasim/vgb_bench_data/benchmarks/posebusters_benchmark_set/7PUV_84Z/7PUV_84Z_ligands.sdf	/home/qasim/vgb_bench_data/benchmarks/posebusters_benchmark_set/7PUV_84Z/7PUV_84Z_ligand_start_conf.sdf
posebusters	7Q25_8J9	7Q25	8J9	/home/qasim/vgb_bench_data/benchmarks/posebusters_benchmark_set/7Q25_8J9/7Q25_8J9_protein.pdb	/home/qasim/vgb_bench_data/benchmarks/posebusters_benchmark_set/7Q25_8J9/7Q25_8J9_ligand.sdf	/home/qasim/vgb_bench_data/benchmarks/posebusters_benchmark_set/7Q25_8J9/7Q25_8J9_ligands.sdf	/home/qasim/vgb_bench_data/benchmarks/posebusters_benchmark_set/7Q25_8J9/7Q25_8J9_ligand_start_conf.sdf
posebusters	7Q27_8KC	7Q27	8KC	/home/qasim/vgb_bench_data/benchmarks/posebusters_benchmark_set/7Q27_8KC/7Q27_8KC_protein.pdb	/home/qasim/vgb_bench_data/benchmarks/posebusters_benchmark_set/7Q27_8KC/7Q27_8KC_ligand.sdf	/home/qasim/vgb_bench_data/benchmarks/posebusters_benchmark_set/7Q27_8KC/7Q27_8KC_ligands.sdf	/home/qasim/vgb_bench_data/benchmarks/posebusters_benchmark_set/7Q27_8KC/7Q27_8KC_ligand_start_conf.sdf
posebusters	7Q2B_M6H	7Q2B	M6H	/home/qasim/vgb_bench_data/benchmarks/posebusters_benchmark_set/7Q2B_M6H/7Q2B_M6H_protein.pdb	/home/qasim/vgb_bench_data/benchmarks/posebusters_benchmark_set/7Q2B_M6H/7Q2B_M6H_ligand.sdf	/home/qasim/vgb_bench_data/benchmarks/posebusters_benchmark_set/7Q2B_M6H/7Q2B_M6H_ligands.sdf	/home/qasim/vgb_bench_data/benchmarks/posebusters_benchmark_set/7Q2B_M6H/7Q2B_M6H_ligand_start_conf.sdf
posebusters	7Q5I_I0F	7Q5I	I0F	/home/qasim/vgb_bench_data/benchmarks/posebusters_benchmark_set/7Q5I_I0F/7Q5I_I0F_protein.pdb	/home/qasim/vgb_bench_data/benchmarks/posebusters_benchmark_set/7Q5I_I0F/7Q5I_I0F_ligand.sdf	/home/qasim/vgb_bench_data/benchmarks/posebusters_benchmark_set/7Q5I_I0F/7Q5I_I0F_ligands.sdf	/home/qasim/vgb_bench_data/benchmarks/posebusters_benchmark_set/7Q5I_I0F/7Q5I_I0F_ligand_start_conf.sdf
posebusters	7QE4_NGA	7QE4	NGA	/home/qasim/vgb_bench_data/benchmarks/posebusters_benchmark_set/7QE4_NGA/7QE4_NGA_protein.pdb	/home/qasim/vgb_bench_data/benchmarks/posebusters_benchmark_set/7QE4_NGA/7QE4_NGA_ligand.sdf	/home/qasim/vgb_bench_data/benchmarks/posebusters_benchmark_set/7QE4_NGA/7QE4_NGA_ligands.sdf	/home/qasim/vgb_bench_data/benchmarks/posebusters_benchmark_set/7QE4_NGA/7QE4_NGA_ligand_start_conf.sdf
posebusters	7QF4_RBF	7QF4	RBF	/home/qasim/vgb_bench_data/benchmarks/posebusters_benchmark_set/7QF4_RBF/7QF4_RBF_protein.pdb	/home/qasim/vgb_bench_data/benchmarks/posebusters_benchmark_set/7QF4_RBF/7QF4_RBF_ligand.sdf	/home/qasim/vgb_bench_data/benchmarks/posebusters_benchmark_set/7QF4_RBF/7QF4_RBF_ligands.sdf	/home/qasim/vgb_bench_data/benchmarks/posebusters_benchmark_set/7QF4_RBF/7QF4_RBF_ligand_start_conf.sdf
posebusters	7QFM_AY3	7QFM	AY3	/home/qasim/vgb_bench_data/benchmarks/posebusters_benchmark_set/7QFM_AY3/7QFM_AY3_protein.pdb	/home/qasim/vgb_bench_data/benchmarks/posebusters_benchmark_set/7QFM_AY3/7QFM_AY3_ligand.sdf	/home/qasim/vgb_bench_data/benchmarks/posebusters_benchmark_set/7QFM_AY3/7QFM_AY3_ligands.sdf	/home/qasim/vgb_bench_data/benchmarks/posebusters_benchmark_set/7QFM_AY3/7QFM_AY3_ligand_start_conf.sdf
posebusters	7QGP_DJ8	7QGP	DJ8	/home/qasim/vgb_bench_data/benchmarks/posebusters_benchmark_set/7QGP_DJ8/7QGP_DJ8_protein.pdb	/home/qasim/vgb_bench_data/benchmarks/posebusters_benchmark_set/7QGP_DJ8/7QGP_DJ8_ligand.sdf	/home/qasim/vgb_bench_data/benchmarks/posebusters_benchmark_set/7QGP_DJ8/7QGP_DJ8_ligands.sdf	/home/qasim/vgb_bench_data/benchmarks/posebusters_benchmark_set/7QGP_DJ8/7QGP_DJ8_ligand_start_conf.sdf
posebusters	7QHG_T3B	7QHG	T3B	/home/qasim/vgb_bench_data/benchmarks/posebusters_benchmark_set/7QHG_T3B/7QHG_T3B_protein.pdb	/home/qasim/vgb_bench_data/benchmarks/posebusters_benchmark_set/7QHG_T3B/7QHG_T3B_ligand.sdf	/home/qasim/vgb_bench_data/benchmarks/posebusters_benchmark_set/7QHG_T3B/7QHG_T3B_ligands.sdf	/home/qasim/vgb_bench_data/benchmarks/posebusters_benchmark_set/7QHG_T3B/7QHG_T3B_ligand_start_conf.sdf
posebusters	7QHL_D5P	7QHL	D5P	/home/qasim/vgb_bench_data/benchmarks/posebusters_benchmark_set/7QHL_D5P/7QHL_D5P_protein.pdb	/home/qasim/vgb_bench_data/benchmarks/posebusters_benchmark_set/7QHL_D5P/7QHL_D5P_ligand.sdf	/home/qasim/vgb_bench_data/benchmarks/posebusters_benchmark_set/7QHL_D5P/7QHL_D5P_ligands.sdf	/home/qasim/vgb_bench_data/benchmarks/posebusters_benchmark_set/7QHL_D5P/7QHL_D5P_ligand_start_conf.sdf
posebusters	7QPP_VDX	7QPP	VDX	/home/qasim/vgb_bench_data/benchmarks/posebusters_benchmark_set/7QPP_VDX/7QPP_VDX_protein.pdb	/home/qasim/vgb_bench_data/benchmarks/posebusters_benchmark_set/7QPP_VDX/7QPP_VDX_ligand.sdf	/home/qasim/vgb_bench_data/benchmarks/posebusters_benchmark_set/7QPP_VDX/7QPP_VDX_ligands.sdf	/home/qasim/vgb_bench_data/benchmarks/posebusters_benchmark_set/7QPP_VDX/7QPP_VDX_ligand_start_conf.sdf
posebusters	7QTA_URI	7QTA	URI	/home/qasim/vgb_bench_data/benchmarks/posebusters_benchmark_set/7QTA_URI/7QTA_URI_protein.pdb	/home/qasim/vgb_bench_data/benchmarks/posebusters_benchmark_set/7QTA_URI/7QTA_URI_ligand.sdf	/home/qasim/vgb_bench_data/benchmarks/posebusters_benchmark_set/7QTA_URI/7QTA_URI_ligands.sdf	/home/qasim/vgb_bench_data/benchmarks/posebusters_benchmark_set/7QTA_URI/7QTA_URI_ligand_start_conf.sdf
posebusters	7R3D_APR	7R3D	APR	/home/qasim/vgb_bench_data/benchmarks/posebusters_benchmark_set/7R3D_APR/7R3D_APR_protein.pdb	/home/qasim/vgb_bench_data/benchmarks/posebusters_benchmark_set/7R3D_APR/7R3D_APR_ligand.sdf	/home/qasim/vgb_bench_data/benchmarks/posebusters_benchmark_set/7R3D_APR/7R3D_APR_ligands.sdf	/home/qasim/vgb_bench_data/benchmarks/posebusters_benchmark_set/7R3D_APR/7R3D_APR_ligand_start_conf.sdf
posebusters	7R59_I5F	7R59	I5F	/home/qasim/vgb_bench_data/benchmarks/posebusters_benchmark_set/7R59_I5F/7R59_I5F_protein.pdb	/home/qasim/vgb_bench_data/benchmarks/posebusters_benchmark_set/7R59_I5F/7R59_I5F_ligand.sdf	/home/qasim/vgb_bench_data/benchmarks/posebusters_benchmark_set/7R59_I5F/7R59_I5F_ligands.sdf	/home/qasim/vgb_bench_data/benchmarks/posebusters_benchmark_set/7R59_I5F/7R59_I5F_ligand_start_conf.sdf
posebusters	7R6J_2I7	7R6J	2I7	/home/qasim/vgb_bench_data/benchmarks/posebusters_benchmark_set/7R6J_2I7/7R6J_2I7_protein.pdb	/home/qasim/vgb_bench_data/benchmarks/posebusters_benchmark_set/7R6J_2I7/7R6J_2I7_ligand.sdf	/home/qasim/vgb_bench_data/benchmarks/posebusters_benchmark_set/7R6J_2I7/7R6J_2I7_ligands.sdf	/home/qasim/vgb_bench_data/benchmarks/posebusters_benchmark_set/7R6J_2I7/7R6J_2I7_ligand_start_conf.sdf
posebusters	7R7R_AWJ	7R7R	AWJ	/home/qasim/vgb_bench_data/benchmarks/posebusters_benchmark_set/7R7R_AWJ/7R7R_AWJ_protein.pdb	/home/qasim/vgb_bench_data/benchmarks/posebusters_benchmark_set/7R7R_AWJ/7R7R_AWJ_ligand.sdf	/home/qasim/vgb_bench_data/benchmarks/posebusters_benchmark_set/7R7R_AWJ/7R7R_AWJ_ligands.sdf	/home/qasim/vgb_bench_data/benchmarks/posebusters_benchmark_set/7R7R_AWJ/7R7R_AWJ_ligand_start_conf.sdf
posebusters	7R9N_F97	7R9N	F97	/home/qasim/vgb_bench_data/benchmarks/posebusters_benchmark_set/7R9N_F97/7R9N_F97_protein.pdb	/home/qasim/vgb_bench_data/benchmarks/posebusters_benchmark_set/7R9N_F97/7R9N_F97_ligand.sdf	/home/qasim/vgb_bench_data/benchmarks/posebusters_benchmark_set/7R9N_F97/7R9N_F97_ligands.sdf	/home/qasim/vgb_bench_data/benchmarks/posebusters_benchmark_set/7R9N_F97/7R9N_F97_ligand_start_conf.sdf
posebusters	7RC3_SAH	7RC3	SAH	/home/qasim/vgb_bench_data/benchmarks/posebusters_benchmark_set/7RC3_SAH/7RC3_SAH_protein.pdb	/home/qasim/vgb_bench_data/benchmarks/posebusters_benchmark_set/7RC3_SAH/7RC3_SAH_ligand.sdf	/home/qasim/vgb_bench_data/benchmarks/posebusters_benchmark_set/7RC3_SAH/7RC3_SAH_ligands.sdf	/home/qasim/vgb_bench_data/benchmarks/posebusters_benchmark_set/7RC3_SAH/7RC3_SAH_ligand_start_conf.sdf
posebusters	7RH3_59O	7RH3	59O	/home/qasim/vgb_bench_data/benchmarks/posebusters_benchmark_set/7RH3_59O/7RH3_59O_protein.pdb	/home/qasim/vgb_bench_data/benchmarks/posebusters_benchmark_set/7RH3_59O/7RH3_59O_ligand.sdf	/home/qasim/vgb_bench_data/benchmarks/posebusters_benchmark_set/7RH3_59O/7RH3_59O_ligands.sdf	/home/qasim/vgb_bench_data/benchmarks/posebusters_benchmark_set/7RH3_59O/7RH3_59O_ligand_start_conf.sdf
posebusters	7RKW_5TV	7RKW	5TV	/home/qasim/vgb_bench_data/benchmarks/posebusters_benchmark_set/7RKW_5TV/7RKW_5TV_protein.pdb	/home/qasim/vgb_bench_data/benchmarks/posebusters_benchmark_set/7RKW_5TV/7RKW_5TV_ligand.sdf	/home/qasim/vgb_bench_data/benchmarks/posebusters_benchmark_set/7RKW_5TV/7RKW_5TV_ligands.sdf	/home/qasim/vgb_bench_data/benchmarks/posebusters_benchmark_set/7RKW_5TV/7RKW_5TV_ligand_start_conf.sdf
posebusters	7RNI_60I	7RNI	60I	/home/qasim/vgb_bench_data/benchmarks/posebusters_benchmark_set/7RNI_60I/7RNI_60I_protein.pdb	/home/qasim/vgb_bench_data/benchmarks/posebusters_benchmark_set/7RNI_60I/7RNI_60I_ligand.sdf	/home/qasim/vgb_bench_data/benchmarks/posebusters_benchmark_set/7RNI_60I/7RNI_60I_ligands.sdf	/home/qasim/vgb_bench_data/benchmarks/posebusters_benchmark_set/7RNI_60I/7RNI_60I_ligand_start_conf.sdf
posebusters	7ROR_69X	7ROR	69X	/home/qasim/vgb_bench_data/benchmarks/posebusters_benchmark_set/7ROR_69X/7ROR_69X_protein.pdb	/home/qasim/vgb_bench_data/benchmarks/posebusters_benchmark_set/7ROR_69X/7ROR_69X_ligand.sdf	/home/qasim/vgb_bench_data/benchmarks/posebusters_benchmark_set/7ROR_69X/7ROR_69X_ligands.sdf	/home/qasim/vgb_bench_data/benchmarks/posebusters_benchmark_set/7ROR_69X/7ROR_69X_ligand_start_conf.sdf
posebusters	7ROU_66I	7ROU	66I	/home/qasim/vgb_bench_data/benchmarks/posebusters_benchmark_set/7ROU_66I/7ROU_66I_protein.pdb	/home/qasim/vgb_bench_data/benchmarks/posebusters_benchmark_set/7ROU_66I/7ROU_66I_ligand.sdf	/home/qasim/vgb_bench_data/benchmarks/posebusters_benchmark_set/7ROU_66I/7ROU_66I_ligands.sdf	/home/qasim/vgb_bench_data/benchmarks/posebusters_benchmark_set/7ROU_66I/7ROU_66I_ligand_start_conf.sdf
posebusters	7RSV_7IQ	7RSV	7IQ	/home/qasim/vgb_bench_data/benchmarks/posebusters_benchmark_set/7RSV_7IQ/7RSV_7IQ_protein.pdb	/home/qasim/vgb_bench_data/benchmarks/posebusters_benchmark_set/7RSV_7IQ/7RSV_7IQ_ligand.sdf	/home/qasim/vgb_bench_data/benchmarks/posebusters_benchmark_set/7RSV_7IQ/7RSV_7IQ_ligands.sdf	/home/qasim/vgb_bench_data/benchmarks/posebusters_benchmark_set/7RSV_7IQ/7RSV_7IQ_ligand_start_conf.sdf
posebusters	7RWS_4UR	7RWS	4UR	/home/qasim/vgb_bench_data/benchmarks/posebusters_benchmark_set/7RWS_4UR/7RWS_4UR_protein.pdb	/home/qasim/vgb_bench_data/benchmarks/posebusters_benchmark_set/7RWS_4UR/7RWS_4UR_ligand.sdf	/home/qasim/vgb_bench_data/benchmarks/posebusters_benchmark_set/7RWS_4UR/7RWS_4UR_ligands.sdf	/home/qasim/vgb_bench_data/benchmarks/posebusters_benchmark_set/7RWS_4UR/7RWS_4UR_ligand_start_conf.sdf
posebusters	7RZL_NPO	7RZL	NPO	/home/qasim/vgb_bench_data/benchmarks/posebusters_benchmark_set/7RZL_NPO/7RZL_NPO_protein.pdb	/home/qasim/vgb_bench_data/benchmarks/posebusters_benchmark_set/7RZL_NPO/7RZL_NPO_ligand.sdf	/home/qasim/vgb_bench_data/benchmarks/posebusters_benchmark_set/7RZL_NPO/7RZL_NPO_ligands.sdf	/home/qasim/vgb_bench_data/benchmarks/posebusters_benchmark_set/7RZL_NPO/7RZL_NPO_ligand_start_conf.sdf
posebusters	7SCW_GSP	7SCW	GSP	/home/qasim/vgb_bench_data/benchmarks/posebusters_benchmark_set/7SCW_GSP/7SCW_GSP_protein.pdb	/home/qasim/vgb_bench_data/benchmarks/posebusters_benchmark_set/7SCW_GSP/7SCW_GSP_ligand.sdf	/home/qasim/vgb_bench_data/benchmarks/posebusters_benchmark_set/7SCW_GSP/7SCW_GSP_ligands.sdf	/home/qasim/vgb_bench_data/benchmarks/posebusters_benchmark_set/7SCW_GSP/7SCW_GSP_ligand_start_conf.sdf
posebusters	7SDD_4IP	7SDD	4IP	/home/qasim/vgb_bench_data/benchmarks/posebusters_benchmark_set/7SDD_4IP/7SDD_4IP_protein.pdb	/home/qasim/vgb_bench_data/benchmarks/posebusters_benchmark_set/7SDD_4IP/7SDD_4IP_ligand.sdf	/home/qasim/vgb_bench_data/benchmarks/posebusters_benchmark_set/7SDD_4IP/7SDD_4IP_ligands.sdf	/home/qasim/vgb_bench_data/benchmarks/posebusters_benchmark_set/7SDD_4IP/7SDD_4IP_ligand_start_conf.sdf
posebusters	7SFO_98L	7SFO	98L	/home/qasim/vgb_bench_data/benchmarks/posebusters_benchmark_set/7SFO_98L/7SFO_98L_protein.pdb	/home/qasim/vgb_bench_data/benchmarks/posebusters_benchmark_set/7SFO_98L/7SFO_98L_ligand.sdf	/home/qasim/vgb_bench_data/benchmarks/posebusters_benchmark_set/7SFO_98L/7SFO_98L_ligands.sdf	/home/qasim/vgb_bench_data/benchmarks/posebusters_benchmark_set/7SFO_98L/7SFO_98L_ligand_start_conf.sdf
posebusters	7SIU_9ID	7SIU	9ID	/home/qasim/vgb_bench_data/benchmarks/posebusters_benchmark_set/7SIU_9ID/7SIU_9ID_protein.pdb	/home/qasim/vgb_bench_data/benchmarks/posebusters_benchmark_set/7SIU_9ID/7SIU_9ID_ligand.sdf	/home/qasim/vgb_bench_data/benchmarks/posebusters_benchmark_set/7SIU_9ID/7SIU_9ID_ligands.sdf	/home/qasim/vgb_bench_data/benchmarks/posebusters_benchmark_set/7SIU_9ID/7SIU_9ID_ligand_start_conf.sdf
posebusters	7SUC_COM	7SUC	COM	/home/qasim/vgb_bench_data/benchmarks/posebusters_benchmark_set/7SUC_COM/7SUC_COM_protein.pdb	/home/qasim/vgb_bench_data/benchmarks/posebusters_benchmark_set/7SUC_COM/7SUC_COM_ligand.sdf	/home/qasim/vgb_bench_data/benchmarks/posebusters_benchmark_set/7SUC_COM/7SUC_COM_ligands.sdf	/home/qasim/vgb_bench_data/benchmarks/posebusters_benchmark_set/7SUC_COM/7SUC_COM_ligand_start_conf.sdf
posebusters	7SZA_DUI	7SZA	DUI	/home/qasim/vgb_bench_data/benchmarks/posebusters_benchmark_set/7SZA_DUI/7SZA_DUI_protein.pdb	/home/qasim/vgb_bench_data/benchmarks/posebusters_benchmark_set/7SZA_DUI/7SZA_DUI_ligand.sdf	/home/qasim/vgb_bench_data/benchmarks/posebusters_benchmark_set/7SZA_DUI/7SZA_DUI_ligands.sdf	/home/qasim/vgb_bench_data/benchmarks/posebusters_benchmark_set/7SZA_DUI/7SZA_DUI_ligand_start_conf.sdf
posebusters	7T0D_FPP	7T0D	FPP	/home/qasim/vgb_bench_data/benchmarks/posebusters_benchmark_set/7T0D_FPP/7T0D_FPP_protein.pdb	/home/qasim/vgb_bench_data/benchmarks/posebusters_benchmark_set/7T0D_FPP/7T0D_FPP_ligand.sdf	/home/qasim/vgb_bench_data/benchmarks/posebusters_benchmark_set/7T0D_FPP/7T0D_FPP_ligands.sdf	/home/qasim/vgb_bench_data/benchmarks/posebusters_benchmark_set/7T0D_FPP/7T0D_FPP_ligand_start_conf.sdf
posebusters	7T1D_E7K	7T1D	E7K	/home/qasim/vgb_bench_data/benchmarks/posebusters_benchmark_set/7T1D_E7K/7T1D_E7K_protein.pdb	/home/qasim/vgb_bench_data/benchmarks/posebusters_benchmark_set/7T1D_E7K/7T1D_E7K_ligand.sdf	/home/qasim/vgb_bench_data/benchmarks/posebusters_benchmark_set/7T1D_E7K/7T1D_E7K_ligands.sdf	/home/qasim/vgb_bench_data/benchmarks/posebusters_benchmark_set/7T1D_E7K/7T1D_E7K_ligand_start_conf.sdf
posebusters	7T3E_SLB	7T3E	SLB	/home/qasim/vgb_bench_data/benchmarks/posebusters_benchmark_set/7T3E_SLB/7T3E_SLB_protein.pdb	/home/qasim/vgb_bench_data/benchmarks/posebusters_benchmark_set/7T3E_SLB/7T3E_SLB_ligand.sdf	/home/qasim/vgb_bench_data/benchmarks/posebusters_benchmark_set/7T3E_SLB/7T3E_SLB_ligands.sdf	/home/qasim/vgb_bench_data/benchmarks/posebusters_benchmark_set/7T3E_SLB/7T3E_SLB_ligand_start_conf.sdf
posebusters	7TB0_UD1	7TB0	UD1	/home/qasim/vgb_bench_data/benchmarks/posebusters_benchmark_set/7TB0_UD1/7TB0_UD1_protein.pdb	/home/qasim/vgb_bench_data/benchmarks/posebusters_benchmark_set/7TB0_UD1/7TB0_UD1_ligand.sdf	/home/qasim/vgb_bench_data/benchmarks/posebusters_benchmark_set/7TB0_UD1/7TB0_UD1_ligands.sdf	/home/qasim/vgb_bench_data/benchmarks/posebusters_benchmark_set/7TB0_UD1/7TB0_UD1_ligand_start_conf.sdf
posebusters	7TBU_S3P	7TBU	S3P	/home/qasim/vgb_bench_data/benchmarks/posebusters_benchmark_set/7TBU_S3P/7TBU_S3P_protein.pdb	/home/qasim/vgb_bench_data/benchmarks/posebusters_benchmark_set/7TBU_S3P/7TBU_S3P_ligand.sdf	/home/qasim/vgb_bench_data/benchmarks/posebusters_benchmark_set/7TBU_S3P/7TBU_S3P_ligands.sdf	/home/qasim/vgb_bench_data/benchmarks/posebusters_benchmark_set/7TBU_S3P/7TBU_S3P_ligand_start_conf.sdf
posebusters	7TE8_P0T	7TE8	P0T	/home/qasim/vgb_bench_data/benchmarks/posebusters_benchmark_set/7TE8_P0T/7TE8_P0T_protein.pdb	/home/qasim/vgb_bench_data/benchmarks/posebusters_benchmark_set/7TE8_P0T/7TE8_P0T_ligand.sdf	/home/qasim/vgb_bench_data/benchmarks/posebusters_benchmark_set/7TE8_P0T/7TE8_P0T_ligands.sdf	/home/qasim/vgb_bench_data/benchmarks/posebusters_benchmark_set/7TE8_P0T/7TE8_P0T_ligand_start_conf.sdf
posebusters	7TH4_FFO	7TH4	FFO	/home/qasim/vgb_bench_data/benchmarks/posebusters_benchmark_set/7TH4_FFO/7TH4_FFO_protein.pdb	/home/qasim/vgb_bench_data/benchmarks/posebusters_benchmark_set/7TH4_FFO/7TH4_FFO_ligand.sdf	/home/qasim/vgb_bench_data/benchmarks/posebusters_benchmark_set/7TH4_FFO/7TH4_FFO_ligands.sdf	/home/qasim/vgb_bench_data/benchmarks/posebusters_benchmark_set/7TH4_FFO/7TH4_FFO_ligand_start_conf.sdf
posebusters	7THI_PGA	7THI	PGA	/home/qasim/vgb_bench_data/benchmarks/posebusters_benchmark_set/7THI_PGA/7THI_PGA_protein.pdb	/home/qasim/vgb_bench_data/benchmarks/posebusters_benchmark_set/7THI_PGA/7THI_PGA_ligand.sdf	/home/qasim/vgb_bench_data/benchmarks/posebusters_benchmark_set/7THI_PGA/7THI_PGA_ligands.sdf	/home/qasim/vgb_bench_data/benchmarks/posebusters_benchmark_set/7THI_PGA/7THI_PGA_ligand_start_conf.sdf
posebusters	7TM6_GPJ	7TM6	GPJ	/home/qasim/vgb_bench_data/benchmarks/posebusters_benchmark_set/7TM6_GPJ/7TM6_GPJ_protein.pdb	/home/qasim/vgb_bench_data/benchmarks/posebusters_benchmark_set/7TM6_GPJ/7TM6_GPJ_ligand.sdf	/home/qasim/vgb_bench_data/benchmarks/posebusters_benchmark_set/7TM6_GPJ/7TM6_GPJ_ligands.sdf	/home/qasim/vgb_bench_data/benchmarks/posebusters_benchmark_set/7TM6_GPJ/7TM6_GPJ_ligand_start_conf.sdf
posebusters	7TOM_5AD	7TOM	5AD	/home/qasim/vgb_bench_data/benchmarks/posebusters_benchmark_set/7TOM_5AD/7TOM_5AD_protein.pdb	/home/qasim/vgb_bench_data/benchmarks/posebusters_benchmark_set/7TOM_5AD/7TOM_5AD_ligand.sdf	/home/qasim/vgb_bench_data/benchmarks/posebusters_benchmark_set/7TOM_5AD/7TOM_5AD_ligands.sdf	/home/qasim/vgb_bench_data/benchmarks/posebusters_benchmark_set/7TOM_5AD/7TOM_5AD_ligand_start_conf.sdf
posebusters	7TS6_KMI	7TS6	KMI	/home/qasim/vgb_bench_data/benchmarks/posebusters_benchmark_set/7TS6_KMI/7TS6_KMI_protein.pdb	/home/qasim/vgb_bench_data/benchmarks/posebusters_benchmark_set/7TS6_KMI/7TS6_KMI_ligand.sdf	/home/qasim/vgb_bench_data/benchmarks/posebusters_benchmark_set/7TS6_KMI/7TS6_KMI_ligands.sdf	/home/qasim/vgb_bench_data/benchmarks/posebusters_benchmark_set/7TS6_KMI/7TS6_KMI_ligand_start_conf.sdf
posebusters	7TSF_H4B	7TSF	H4B	/home/qasim/vgb_bench_data/benchmarks/posebusters_benchmark_set/7TSF_H4B/7TSF_H4B_protein.pdb	/home/qasim/vgb_bench_data/benchmarks/posebusters_benchmark_set/7TSF_H4B/7TSF_H4B_ligand.sdf	/home/qasim/vgb_bench_data/benchmarks/posebusters_benchmark_set/7TSF_H4B/7TSF_H4B_ligands.sdf	/home/qasim/vgb_bench_data/benchmarks/posebusters_benchmark_set/7TSF_H4B/7TSF_H4B_ligand_start_conf.sdf
posebusters	7TUO_KL9	7TUO	KL9	/home/qasim/vgb_bench_data/benchmarks/posebusters_benchmark_set/7TUO_KL9/7TUO_KL9_protein.pdb	/home/qasim/vgb_bench_data/benchmarks/posebusters_benchmark_set/7TUO_KL9/7TUO_KL9_ligand.sdf	/home/qasim/vgb_bench_data/benchmarks/posebusters_benchmark_set/7TUO_KL9/7TUO_KL9_ligands.sdf	/home/qasim/vgb_bench_data/benchmarks/posebusters_benchmark_set/7TUO_KL9/7TUO_KL9_ligand_start_conf.sdf
posebusters	7TXK_LW8	7TXK	LW8	/home/qasim/vgb_bench_data/benchmarks/posebusters_benchmark_set/7TXK_LW8/7TXK_LW8_protein.pdb	/home/qasim/vgb_bench_data/benchmarks/posebusters_benchmark_set/7TXK_LW8/7TXK_LW8_ligand.sdf	/home/qasim/vgb_bench_data/benchmarks/posebusters_benchmark_set/7TXK_LW8/7TXK_LW8_ligands.sdf	/home/qasim/vgb_bench_data/benchmarks/posebusters_benchmark_set/7TXK_LW8/7TXK_LW8_ligand_start_conf.sdf
posebusters	7TYP_KUR	7TYP	KUR	/home/qasim/vgb_bench_data/benchmarks/posebusters_benchmark_set/7TYP_KUR/7TYP_KUR_protein.pdb	/home/qasim/vgb_bench_data/benchmarks/posebusters_benchmark_set/7TYP_KUR/7TYP_KUR_ligand.sdf	/home/qasim/vgb_bench_data/benchmarks/posebusters_benchmark_set/7TYP_KUR/7TYP_KUR_ligands.sdf	/home/qasim/vgb_bench_data/benchmarks/posebusters_benchmark_set/7TYP_KUR/7TYP_KUR_ligand_start_conf.sdf
posebusters	7U0U_FK5	7U0U	FK5	/home/qasim/vgb_bench_data/benchmarks/posebusters_benchmark_set/7U0U_FK5/7U0U_FK5_protein.pdb	/home/qasim/vgb_bench_data/benchmarks/posebusters_benchmark_set/7U0U_FK5/7U0U_FK5_ligand.sdf	/home/qasim/vgb_bench_data/benchmarks/posebusters_benchmark_set/7U0U_FK5/7U0U_FK5_ligands.sdf	/home/qasim/vgb_bench_data/benchmarks/posebusters_benchmark_set/7U0U_FK5/7U0U_FK5_ligand_start_conf.sdf
posebusters	7U3J_L6U	7U3J	L6U	/home/qasim/vgb_bench_data/benchmarks/posebusters_benchmark_set/7U3J_L6U/7U3J_L6U_protein.pdb	/home/qasim/vgb_bench_data/benchmarks/posebusters_benchmark_set/7U3J_L6U/7U3J_L6U_ligand.sdf	/home/qasim/vgb_bench_data/benchmarks/posebusters_benchmark_set/7U3J_L6U/7U3J_L6U_ligands.sdf	/home/qasim/vgb_bench_data/benchmarks/posebusters_benchmark_set/7U3J_L6U/7U3J_L6U_ligand_start_conf.sdf
posebusters	7UAS_MBU	7UAS	MBU	/home/qasim/vgb_bench_data/benchmarks/posebusters_benchmark_set/7UAS_MBU/7UAS_MBU_protein.pdb	/home/qasim/vgb_bench_data/benchmarks/posebusters_benchmark_set/7UAS_MBU/7UAS_MBU_ligand.sdf	/home/qasim/vgb_bench_data/benchmarks/posebusters_benchmark_set/7UAS_MBU/7UAS_MBU_ligands.sdf	/home/qasim/vgb_bench_data/benchmarks/posebusters_benchmark_set/7UAS_MBU/7UAS_MBU_ligand_start_conf.sdf
posebusters	7UAW_MF6	7UAW	MF6	/home/qasim/vgb_bench_data/benchmarks/posebusters_benchmark_set/7UAW_MF6/7UAW_MF6_protein.pdb	/home/qasim/vgb_bench_data/benchmarks/posebusters_benchmark_set/7UAW_MF6/7UAW_MF6_ligand.sdf	/home/qasim/vgb_bench_data/benchmarks/posebusters_benchmark_set/7UAW_MF6/7UAW_MF6_ligands.sdf	/home/qasim/vgb_bench_data/benchmarks/posebusters_benchmark_set/7UAW_MF6/7UAW_MF6_ligand_start_conf.sdf
posebusters	7UJ4_OQ4	7UJ4	OQ4	/home/qasim/vgb_bench_data/benchmarks/posebusters_benchmark_set/7UJ4_OQ4/7UJ4_OQ4_protein.pdb	/home/qasim/vgb_bench_data/benchmarks/posebusters_benchmark_set/7UJ4_OQ4/7UJ4_OQ4_ligand.sdf	/home/qasim/vgb_bench_data/benchmarks/posebusters_benchmark_set/7UJ4_OQ4/7UJ4_OQ4_ligands.sdf	/home/qasim/vgb_bench_data/benchmarks/posebusters_benchmark_set/7UJ4_OQ4/7UJ4_OQ4_ligand_start_conf.sdf
posebusters	7UJ5_DGL	7UJ5	DGL	/home/qasim/vgb_bench_data/benchmarks/posebusters_benchmark_set/7UJ5_DGL/7UJ5_DGL_protein.pdb	/home/qasim/vgb_bench_data/benchmarks/posebusters_benchmark_set/7UJ5_DGL/7UJ5_DGL_ligand.sdf	/home/qasim/vgb_bench_data/benchmarks/posebusters_benchmark_set/7UJ5_DGL/7UJ5_DGL_ligands.sdf	/home/qasim/vgb_bench_data/benchmarks/posebusters_benchmark_set/7UJ5_DGL/7UJ5_DGL_ligand_start_conf.sdf
posebusters	7UJF_R3V	7UJF	R3V	/home/qasim/vgb_bench_data/benchmarks/posebusters_benchmark_set/7UJF_R3V/7UJF_R3V_protein.pdb	/home/qasim/vgb_bench_data/benchmarks/posebusters_benchmark_set/7UJF_R3V/7UJF_R3V_ligand.sdf	/home/qasim/vgb_bench_data/benchmarks/posebusters_benchmark_set/7UJF_R3V/7UJF_R3V_ligands.sdf	/home/qasim/vgb_bench_data/benchmarks/posebusters_benchmark_set/7UJF_R3V/7UJF_R3V_ligand_start_conf.sdf
posebusters	7ULC_56B	7ULC	56B	/home/qasim/vgb_bench_data/benchmarks/posebusters_benchmark_set/7ULC_56B/7ULC_56B_protein.pdb	/home/qasim/vgb_bench_data/benchmarks/posebusters_benchmark_set/7ULC_56B/7ULC_56B_ligand.sdf	/home/qasim/vgb_bench_data/benchmarks/posebusters_benchmark_set/7ULC_56B/7ULC_56B_ligands.sdf	/home/qasim/vgb_bench_data/benchmarks/posebusters_benchmark_set/7ULC_56B/7ULC_56B_ligand_start_conf.sdf
posebusters	7UMW_NAD	7UMW	NAD	/home/qasim/vgb_bench_data/benchmarks/posebusters_benchmark_set/7UMW_NAD/7UMW_NAD_protein.pdb	/home/qasim/vgb_bench_data/benchmarks/posebusters_benchmark_set/7UMW_NAD/7UMW_NAD_ligand.sdf	/home/qasim/vgb_bench_data/benchmarks/posebusters_benchmark_set/7UMW_NAD/7UMW_NAD_ligands.sdf	/home/qasim/vgb_bench_data/benchmarks/posebusters_benchmark_set/7UMW_NAD/7UMW_NAD_ligand_start_conf.sdf
posebusters	7UQ3_O2U	7UQ3	O2U	/home/qasim/vgb_bench_data/benchmarks/posebusters_benchmark_set/7UQ3_O2U/7UQ3_O2U_protein.pdb	/home/qasim/vgb_bench_data/benchmarks/posebusters_benchmark_set/7UQ3_O2U/7UQ3_O2U_ligand.sdf	/home/qasim/vgb_bench_data/benchmarks/posebusters_benchmark_set/7UQ3_O2U/7UQ3_O2U_ligands.sdf	/home/qasim/vgb_bench_data/benchmarks/posebusters_benchmark_set/7UQ3_O2U/7UQ3_O2U_ligand_start_conf.sdf
posebusters	7USH_82V	7USH	82V	/home/qasim/vgb_bench_data/benchmarks/posebusters_benchmark_set/7USH_82V/7USH_82V_protein.pdb	/home/qasim/vgb_bench_data/benchmarks/posebusters_benchmark_set/7USH_82V/7USH_82V_ligand.sdf	/home/qasim/vgb_bench_data/benchmarks/posebusters_benchmark_set/7USH_82V/7USH_82V_ligands.sdf	/home/qasim/vgb_bench_data/benchmarks/posebusters_benchmark_set/7USH_82V/7USH_82V_ligand_start_conf.sdf
posebusters	7UTW_NAI	7UTW	NAI	/home/qasim/vgb_bench_data/benchmarks/posebusters_benchmark_set/7UTW_NAI/7UTW_NAI_protein.pdb	/home/qasim/vgb_bench_data/benchmarks/posebusters_benchmark_set/7UTW_NAI/7UTW_NAI_ligand.sdf	/home/qasim/vgb_bench_data/benchmarks/posebusters_benchmark_set/7UTW_NAI/7UTW_NAI_ligands.sdf	/home/qasim/vgb_bench_data/benchmarks/posebusters_benchmark_set/7UTW_NAI/7UTW_NAI_ligand_start_conf.sdf
posebusters	7UXS_OJC	7UXS	OJC	/home/qasim/vgb_bench_data/benchmarks/posebusters_benchmark_set/7UXS_OJC/7UXS_OJC_protein.pdb	/home/qasim/vgb_bench_data/benchmarks/posebusters_benchmark_set/7UXS_OJC/7UXS_OJC_ligand.sdf	/home/qasim/vgb_bench_data/benchmarks/posebusters_benchmark_set/7UXS_OJC/7UXS_OJC_ligands.sdf	/home/qasim/vgb_bench_data/benchmarks/posebusters_benchmark_set/7UXS_OJC/7UXS_OJC_ligand_start_conf.sdf
posebusters	7UY4_SMI	7UY4	SMI	/home/qasim/vgb_bench_data/benchmarks/posebusters_benchmark_set/7UY4_SMI/7UY4_SMI_protein.pdb	/home/qasim/vgb_bench_data/benchmarks/posebusters_benchmark_set/7UY4_SMI/7UY4_SMI_ligand.sdf	/home/qasim/vgb_bench_data/benchmarks/posebusters_benchmark_set/7UY4_SMI/7UY4_SMI_ligands.sdf	/home/qasim/vgb_bench_data/benchmarks/posebusters_benchmark_set/7UY4_SMI/7UY4_SMI_ligand_start_conf.sdf
posebusters	7UYB_OK0	7UYB	OK0	/home/qasim/vgb_bench_data/benchmarks/posebusters_benchmark_set/7UYB_OK0/7UYB_OK0_protein.pdb	/home/qasim/vgb_bench_data/benchmarks/posebusters_benchmark_set/7UYB_OK0/7UYB_OK0_ligand.sdf	/home/qasim/vgb_bench_data/benchmarks/posebusters_benchmark_set/7UYB_OK0/7UYB_OK0_ligands.sdf	/home/qasim/vgb_bench_data/benchmarks/posebusters_benchmark_set/7UYB_OK0/7UYB_OK0_ligand_start_conf.sdf
posebusters	7V14_ORU	7V14	ORU	/home/qasim/vgb_bench_data/benchmarks/posebusters_benchmark_set/7V14_ORU/7V14_ORU_protein.pdb	/home/qasim/vgb_bench_data/benchmarks/posebusters_benchmark_set/7V14_ORU/7V14_ORU_ligand.sdf	/home/qasim/vgb_bench_data/benchmarks/posebusters_benchmark_set/7V14_ORU/7V14_ORU_ligands.sdf	/home/qasim/vgb_bench_data/benchmarks/posebusters_benchmark_set/7V14_ORU/7V14_ORU_ligand_start_conf.sdf
posebusters	7V3N_AKG	7V3N	AKG	/home/qasim/vgb_bench_data/benchmarks/posebusters_benchmark_set/7V3N_AKG/7V3N_AKG_protein.pdb	/home/qasim/vgb_bench_data/benchmarks/posebusters_benchmark_set/7V3N_AKG/7V3N_AKG_ligand.sdf	/home/qasim/vgb_bench_data/benchmarks/posebusters_benchmark_set/7V3N_AKG/7V3N_AKG_ligands.sdf	/home/qasim/vgb_bench_data/benchmarks/posebusters_benchmark_set/7V3N_AKG/7V3N_AKG_ligand_start_conf.sdf
posebusters	7V3S_5I9	7V3S	5I9	/home/qasim/vgb_bench_data/benchmarks/posebusters_benchmark_set/7V3S_5I9/7V3S_5I9_protein.pdb	/home/qasim/vgb_bench_data/benchmarks/posebusters_benchmark_set/7V3S_5I9/7V3S_5I9_ligand.sdf	/home/qasim/vgb_bench_data/benchmarks/posebusters_benchmark_set/7V3S_5I9/7V3S_5I9_ligands.sdf	/home/qasim/vgb_bench_data/benchmarks/posebusters_benchmark_set/7V3S_5I9/7V3S_5I9_ligand_start_conf.sdf
posebusters	7V43_C4O	7V43	C4O	/home/qasim/vgb_bench_data/benchmarks/posebusters_benchmark_set/7V43_C4O/7V43_C4O_protein.pdb	/home/qasim/vgb_bench_data/benchmarks/posebusters_benchmark_set/7V43_C4O/7V43_C4O_ligand.sdf	/home/qasim/vgb_bench_data/benchmarks/posebusters_benchmark_set/7V43_C4O/7V43_C4O_ligands.sdf	/home/qasim/vgb_bench_data/benchmarks/posebusters_benchmark_set/7V43_C4O/7V43_C4O_ligand_start_conf.sdf
posebusters	7VB8_STL	7VB8	STL	/home/qasim/vgb_bench_data/benchmarks/posebusters_benchmark_set/7VB8_STL/7VB8_STL_protein.pdb	/home/qasim/vgb_bench_data/benchmarks/posebusters_benchmark_set/7VB8_STL/7VB8_STL_ligand.sdf	/home/qasim/vgb_bench_data/benchmarks/posebusters_benchmark_set/7VB8_STL/7VB8_STL_ligands.sdf	/home/qasim/vgb_bench_data/benchmarks/posebusters_benchmark_set/7VB8_STL/7VB8_STL_ligand_start_conf.sdf
posebusters	7VBU_6I4	7VBU	6I4	/home/qasim/vgb_bench_data/benchmarks/posebusters_benchmark_set/7VBU_6I4/7VBU_6I4_protein.pdb	/home/qasim/vgb_bench_data/benchmarks/posebusters_benchmark_set/7VBU_6I4/7VBU_6I4_ligand.sdf	/home/qasim/vgb_bench_data/benchmarks/posebusters_benchmark_set/7VBU_6I4/7VBU_6I4_ligands.sdf	/home/qasim/vgb_bench_data/benchmarks/posebusters_benchmark_set/7VBU_6I4/7VBU_6I4_ligand_start_conf.sdf
posebusters	7VC5_9SF	7VC5	9SF	/home/qasim/vgb_bench_data/benchmarks/posebusters_benchmark_set/7VC5_9SF/7VC5_9SF_protein.pdb	/home/qasim/vgb_bench_data/benchmarks/posebusters_benchmark_set/7VC5_9SF/7VC5_9SF_ligand.sdf	/home/qasim/vgb_bench_data/benchmarks/posebusters_benchmark_set/7VC5_9SF/7VC5_9SF_ligands.sdf	/home/qasim/vgb_bench_data/benchmarks/posebusters_benchmark_set/7VC5_9SF/7VC5_9SF_ligand_start_conf.sdf
posebusters	7VKZ_NOJ	7VKZ	NOJ	/home/qasim/vgb_bench_data/benchmarks/posebusters_benchmark_set/7VKZ_NOJ/7VKZ_NOJ_protein.pdb	/home/qasim/vgb_bench_data/benchmarks/posebusters_benchmark_set/7VKZ_NOJ/7VKZ_NOJ_ligand.sdf	/home/qasim/vgb_bench_data/benchmarks/posebusters_benchmark_set/7VKZ_NOJ/7VKZ_NOJ_ligands.sdf	/home/qasim/vgb_bench_data/benchmarks/posebusters_benchmark_set/7VKZ_NOJ/7VKZ_NOJ_ligand_start_conf.sdf
posebusters	7VQ9_ISY	7VQ9	ISY	/home/qasim/vgb_bench_data/benchmarks/posebusters_benchmark_set/7VQ9_ISY/7VQ9_ISY_protein.pdb	/home/qasim/vgb_bench_data/benchmarks/posebusters_benchmark_set/7VQ9_ISY/7VQ9_ISY_ligand.sdf	/home/qasim/vgb_bench_data/benchmarks/posebusters_benchmark_set/7VQ9_ISY/7VQ9_ISY_ligands.sdf	/home/qasim/vgb_bench_data/benchmarks/posebusters_benchmark_set/7VQ9_ISY/7VQ9_ISY_ligand_start_conf.sdf
posebusters	7VWF_K55	7VWF	K55	/home/qasim/vgb_bench_data/benchmarks/posebusters_benchmark_set/7VWF_K55/7VWF_K55_protein.pdb	/home/qasim/vgb_bench_data/benchmarks/posebusters_benchmark_set/7VWF_K55/7VWF_K55_ligand.sdf	/home/qasim/vgb_bench_data/benchmarks/posebusters_benchmark_set/7VWF_K55/7VWF_K55_ligands.sdf	/home/qasim/vgb_bench_data/benchmarks/posebusters_benchmark_set/7VWF_K55/7VWF_K55_ligand_start_conf.sdf
posebusters	7VYJ_CA0	7VYJ	CA0	/home/qasim/vgb_bench_data/benchmarks/posebusters_benchmark_set/7VYJ_CA0/7VYJ_CA0_protein.pdb	/home/qasim/vgb_bench_data/benchmarks/posebusters_benchmark_set/7VYJ_CA0/7VYJ_CA0_ligand.sdf	/home/qasim/vgb_bench_data/benchmarks/posebusters_benchmark_set/7VYJ_CA0/7VYJ_CA0_ligands.sdf	/home/qasim/vgb_bench_data/benchmarks/posebusters_benchmark_set/7VYJ_CA0/7VYJ_CA0_ligand_start_conf.sdf
posebusters	7W05_GMP	7W05	GMP	/home/qasim/vgb_bench_data/benchmarks/posebusters_benchmark_set/7W05_GMP/7W05_GMP_protein.pdb	/home/qasim/vgb_bench_data/benchmarks/posebusters_benchmark_set/7W05_GMP/7W05_GMP_ligand.sdf	/home/qasim/vgb_bench_data/benchmarks/posebusters_benchmark_set/7W05_GMP/7W05_GMP_ligands.sdf	/home/qasim/vgb_bench_data/benchmarks/posebusters_benchmark_set/7W05_GMP/7W05_GMP_ligand_start_conf.sdf
posebusters	7W06_ITN	7W06	ITN	/home/qasim/vgb_bench_data/benchmarks/posebusters_benchmark_set/7W06_ITN/7W06_ITN_protein.pdb	/home/qasim/vgb_bench_data/benchmarks/posebusters_benchmark_set/7W06_ITN/7W06_ITN_ligand.sdf	/home/qasim/vgb_bench_data/benchmarks/posebusters_benchmark_set/7W06_ITN/7W06_ITN_ligands.sdf	/home/qasim/vgb_bench_data/benchmarks/posebusters_benchmark_set/7W06_ITN/7W06_ITN_ligand_start_conf.sdf
posebusters	7WCF_ACP	7WCF	ACP	/home/qasim/vgb_bench_data/benchmarks/posebusters_benchmark_set/7WCF_ACP/7WCF_ACP_protein.pdb	/home/qasim/vgb_bench_data/benchmarks/posebusters_benchmark_set/7WCF_ACP/7WCF_ACP_ligand.sdf	/home/qasim/vgb_bench_data/benchmarks/posebusters_benchmark_set/7WCF_ACP/7WCF_ACP_ligands.sdf	/home/qasim/vgb_bench_data/benchmarks/posebusters_benchmark_set/7WCF_ACP/7WCF_ACP_ligand_start_conf.sdf
posebusters	7WDT_NGS	7WDT	NGS	/home/qasim/vgb_bench_data/benchmarks/posebusters_benchmark_set/7WDT_NGS/7WDT_NGS_protein.pdb	/home/qasim/vgb_bench_data/benchmarks/posebusters_benchmark_set/7WDT_NGS/7WDT_NGS_ligand.sdf	/home/qasim/vgb_bench_data/benchmarks/posebusters_benchmark_set/7WDT_NGS/7WDT_NGS_ligands.sdf	/home/qasim/vgb_bench_data/benchmarks/posebusters_benchmark_set/7WDT_NGS/7WDT_NGS_ligand_start_conf.sdf
posebusters	7WJB_BGC	7WJB	BGC	/home/qasim/vgb_bench_data/benchmarks/posebusters_benchmark_set/7WJB_BGC/7WJB_BGC_protein.pdb	/home/qasim/vgb_bench_data/benchmarks/posebusters_benchmark_set/7WJB_BGC/7WJB_BGC_ligand.sdf	/home/qasim/vgb_bench_data/benchmarks/posebusters_benchmark_set/7WJB_BGC/7WJB_BGC_ligands.sdf	/home/qasim/vgb_bench_data/benchmarks/posebusters_benchmark_set/7WJB_BGC/7WJB_BGC_ligand_start_conf.sdf
posebusters	7WKL_CAQ	7WKL	CAQ	/home/qasim/vgb_bench_data/benchmarks/posebusters_benchmark_set/7WKL_CAQ/7WKL_CAQ_protein.pdb	/home/qasim/vgb_bench_data/benchmarks/posebusters_benchmark_set/7WKL_CAQ/7WKL_CAQ_ligand.sdf	/home/qasim/vgb_bench_data/benchmarks/posebusters_benchmark_set/7WKL_CAQ/7WKL_CAQ_ligands.sdf	/home/qasim/vgb_bench_data/benchmarks/posebusters_benchmark_set/7WKL_CAQ/7WKL_CAQ_ligand_start_conf.sdf
posebusters	7WL4_JFU	7WL4	JFU	/home/qasim/vgb_bench_data/benchmarks/posebusters_benchmark_set/7WL4_JFU/7WL4_JFU_protein.pdb	/home/qasim/vgb_bench_data/benchmarks/posebusters_benchmark_set/7WL4_JFU/7WL4_JFU_ligand.sdf	/home/qasim/vgb_bench_data/benchmarks/posebusters_benchmark_set/7WL4_JFU/7WL4_JFU_ligands.sdf	/home/qasim/vgb_bench_data/benchmarks/posebusters_benchmark_set/7WL4_JFU/7WL4_JFU_ligand_start_conf.sdf
posebusters	7WPW_F15	7WPW	F15	/home/qasim/vgb_bench_data/benchmarks/posebusters_benchmark_set/7WPW_F15/7WPW_F15_protein.pdb	/home/qasim/vgb_bench_data/benchmarks/posebusters_benchmark_set/7WPW_F15/7WPW_F15_ligand.sdf	/home/qasim/vgb_bench_data/benchmarks/posebusters_benchmark_set/7WPW_F15/7WPW_F15_ligands.sdf	/home/qasim/vgb_bench_data/benchmarks/posebusters_benchmark_set/7WPW_F15/7WPW_F15_ligand_start_conf.sdf
posebusters	7WQQ_5Z6	7WQQ	5Z6	/home/qasim/vgb_bench_data/benchmarks/posebusters_benchmark_set/7WQQ_5Z6/7WQQ_5Z6_protein.pdb	/home/qasim/vgb_bench_data/benchmarks/posebusters_benchmark_set/7WQQ_5Z6/7WQQ_5Z6_ligand.sdf	/home/qasim/vgb_bench_data/benchmarks/posebusters_benchmark_set/7WQQ_5Z6/7WQQ_5Z6_ligands.sdf	/home/qasim/vgb_bench_data/benchmarks/posebusters_benchmark_set/7WQQ_5Z6/7WQQ_5Z6_ligand_start_conf.sdf
posebusters	7WUX_6OI	7WUX	6OI	/home/qasim/vgb_bench_data/benchmarks/posebusters_benchmark_set/7WUX_6OI/7WUX_6OI_protein.pdb	/home/qasim/vgb_bench_data/benchmarks/posebusters_benchmark_set/7WUX_6OI/7WUX_6OI_ligand.sdf	/home/qasim/vgb_bench_data/benchmarks/posebusters_benchmark_set/7WUX_6OI/7WUX_6OI_ligands.sdf	/home/qasim/vgb_bench_data/benchmarks/posebusters_benchmark_set/7WUX_6OI/7WUX_6OI_ligand_start_conf.sdf
posebusters	7WUY_76N	7WUY	76N	/home/qasim/vgb_bench_data/benchmarks/posebusters_benchmark_set/7WUY_76N/7WUY_76N_protein.pdb	/home/qasim/vgb_bench_data/benchmarks/posebusters_benchmark_set/7WUY_76N/7WUY_76N_ligand.sdf	/home/qasim/vgb_bench_data/benchmarks/posebusters_benchmark_set/7WUY_76N/7WUY_76N_ligands.sdf	/home/qasim/vgb_bench_data/benchmarks/posebusters_benchmark_set/7WUY_76N/7WUY_76N_ligand_start_conf.sdf
posebusters	7WY1_D0L	7WY1	D0L	/home/qasim/vgb_bench_data/benchmarks/posebusters_benchmark_set/7WY1_D0L/7WY1_D0L_protein.pdb	/home/qasim/vgb_bench_data/benchmarks/posebusters_benchmark_set/7WY1_D0L/7WY1_D0L_ligand.sdf	/home/qasim/vgb_bench_data/benchmarks/posebusters_benchmark_set/7WY1_D0L/7WY1_D0L_ligands.sdf	/home/qasim/vgb_bench_data/benchmarks/posebusters_benchmark_set/7WY1_D0L/7WY1_D0L_ligand_start_conf.sdf
posebusters	7X5N_5M5	7X5N	5M5	/home/qasim/vgb_bench_data/benchmarks/posebusters_benchmark_set/7X5N_5M5/7X5N_5M5_protein.pdb	/home/qasim/vgb_bench_data/benchmarks/posebusters_benchmark_set/7X5N_5M5/7X5N_5M5_ligand.sdf	/home/qasim/vgb_bench_data/benchmarks/posebusters_benchmark_set/7X5N_5M5/7X5N_5M5_ligands.sdf	/home/qasim/vgb_bench_data/benchmarks/posebusters_benchmark_set/7X5N_5M5/7X5N_5M5_ligand_start_conf.sdf
posebusters	7X9K_8OG	7X9K	8OG	/home/qasim/vgb_bench_data/benchmarks/posebusters_benchmark_set/7X9K_8OG/7X9K_8OG_protein.pdb	/home/qasim/vgb_bench_data/benchmarks/posebusters_benchmark_set/7X9K_8OG/7X9K_8OG_ligand.sdf	/home/qasim/vgb_bench_data/benchmarks/posebusters_benchmark_set/7X9K_8OG/7X9K_8OG_ligands.sdf	/home/qasim/vgb_bench_data/benchmarks/posebusters_benchmark_set/7X9K_8OG/7X9K_8OG_ligand_start_conf.sdf
posebusters	7XBV_APC	7XBV	APC	/home/qasim/vgb_bench_data/benchmarks/posebusters_benchmark_set/7XBV_APC/7XBV_APC_protein.pdb	/home/qasim/vgb_bench_data/benchmarks/posebusters_benchmark_set/7XBV_APC/7XBV_APC_ligand.sdf	/home/qasim/vgb_bench_data/benchmarks/posebusters_benchmark_set/7XBV_APC/7XBV_APC_ligands.sdf	/home/qasim/vgb_bench_data/benchmarks/posebusters_benchmark_set/7XBV_APC/7XBV_APC_ligand_start_conf.sdf
posebusters	7XFA_D9J	7XFA	D9J	/home/qasim/vgb_bench_data/benchmarks/posebusters_benchmark_set/7XFA_D9J/7XFA_D9J_protein.pdb	/home/qasim/vgb_bench_data/benchmarks/posebusters_benchmark_set/7XFA_D9J/7XFA_D9J_ligand.sdf	/home/qasim/vgb_bench_data/benchmarks/posebusters_benchmark_set/7XFA_D9J/7XFA_D9J_ligands.sdf	/home/qasim/vgb_bench_data/benchmarks/posebusters_benchmark_set/7XFA_D9J/7XFA_D9J_ligand_start_conf.sdf
posebusters	7XG5_PLP	7XG5	PLP	/home/qasim/vgb_bench_data/benchmarks/posebusters_benchmark_set/7XG5_PLP/7XG5_PLP_protein.pdb	/home/qasim/vgb_bench_data/benchmarks/posebusters_benchmark_set/7XG5_PLP/7XG5_PLP_ligand.sdf	/home/qasim/vgb_bench_data/benchmarks/posebusters_benchmark_set/7XG5_PLP/7XG5_PLP_ligands.sdf	/home/qasim/vgb_bench_data/benchmarks/posebusters_benchmark_set/7XG5_PLP/7XG5_PLP_ligand_start_conf.sdf
posebusters	7XI7_4RI	7XI7	4RI	/home/qasim/vgb_bench_data/benchmarks/posebusters_benchmark_set/7XI7_4RI/7XI7_4RI_protein.pdb	/home/qasim/vgb_bench_data/benchmarks/posebusters_benchmark_set/7XI7_4RI/7XI7_4RI_ligand.sdf	/home/qasim/vgb_bench_data/benchmarks/posebusters_benchmark_set/7XI7_4RI/7XI7_4RI_ligands.sdf	/home/qasim/vgb_bench_data/benchmarks/posebusters_benchmark_set/7XI7_4RI/7XI7_4RI_ligand_start_conf.sdf
posebusters	7XJN_NSD	7XJN	NSD	/home/qasim/vgb_bench_data/benchmarks/posebusters_benchmark_set/7XJN_NSD/7XJN_NSD_protein.pdb	/home/qasim/vgb_bench_data/benchmarks/posebusters_benchmark_set/7XJN_NSD/7XJN_NSD_ligand.sdf	/home/qasim/vgb_bench_data/benchmarks/posebusters_benchmark_set/7XJN_NSD/7XJN_NSD_ligands.sdf	/home/qasim/vgb_bench_data/benchmarks/posebusters_benchmark_set/7XJN_NSD/7XJN_NSD_ligand_start_conf.sdf
posebusters	7XPO_UPG	7XPO	UPG	/home/qasim/vgb_bench_data/benchmarks/posebusters_benchmark_set/7XPO_UPG/7XPO_UPG_protein.pdb	/home/qasim/vgb_bench_data/benchmarks/posebusters_benchmark_set/7XPO_UPG/7XPO_UPG_ligand.sdf	/home/qasim/vgb_bench_data/benchmarks/posebusters_benchmark_set/7XPO_UPG/7XPO_UPG_ligands.sdf	/home/qasim/vgb_bench_data/benchmarks/posebusters_benchmark_set/7XPO_UPG/7XPO_UPG_ligand_start_conf.sdf
posebusters	7XQZ_FPF	7XQZ	FPF	/home/qasim/vgb_bench_data/benchmarks/posebusters_benchmark_set/7XQZ_FPF/7XQZ_FPF_protein.pdb	/home/qasim/vgb_bench_data/benchmarks/posebusters_benchmark_set/7XQZ_FPF/7XQZ_FPF_ligand.sdf	/home/qasim/vgb_bench_data/benchmarks/posebusters_benchmark_set/7XQZ_FPF/7XQZ_FPF_ligands.sdf	/home/qasim/vgb_bench_data/benchmarks/posebusters_benchmark_set/7XQZ_FPF/7XQZ_FPF_ligand_start_conf.sdf
posebusters	7XRL_FWK	7XRL	FWK	/home/qasim/vgb_bench_data/benchmarks/posebusters_benchmark_set/7XRL_FWK/7XRL_FWK_protein.pdb	/home/qasim/vgb_bench_data/benchmarks/posebusters_benchmark_set/7XRL_FWK/7XRL_FWK_ligand.sdf	/home/qasim/vgb_bench_data/benchmarks/posebusters_benchmark_set/7XRL_FWK/7XRL_FWK_ligands.sdf	/home/qasim/vgb_bench_data/benchmarks/posebusters_benchmark_set/7XRL_FWK/7XRL_FWK_ligand_start_conf.sdf
posebusters	7YZU_DO7	7YZU	DO7	/home/qasim/vgb_bench_data/benchmarks/posebusters_benchmark_set/7YZU_DO7/7YZU_DO7_protein.pdb	/home/qasim/vgb_bench_data/benchmarks/posebusters_benchmark_set/7YZU_DO7/7YZU_DO7_ligand.sdf	/home/qasim/vgb_bench_data/benchmarks/posebusters_benchmark_set/7YZU_DO7/7YZU_DO7_ligands.sdf	/home/qasim/vgb_bench_data/benchmarks/posebusters_benchmark_set/7YZU_DO7/7YZU_DO7_ligand_start_conf.sdf
posebusters	7Z1Q_NIO	7Z1Q	NIO	/home/qasim/vgb_bench_data/benchmarks/posebusters_benchmark_set/7Z1Q_NIO/7Z1Q_NIO_protein.pdb	/home/qasim/vgb_bench_data/benchmarks/posebusters_benchmark_set/7Z1Q_NIO/7Z1Q_NIO_ligand.sdf	/home/qasim/vgb_bench_data/benchmarks/posebusters_benchmark_set/7Z1Q_NIO/7Z1Q_NIO_ligands.sdf	/home/qasim/vgb_bench_data/benchmarks/posebusters_benchmark_set/7Z1Q_NIO/7Z1Q_NIO_ligand_start_conf.sdf
posebusters	7Z2O_IAJ	7Z2O	IAJ	/home/qasim/vgb_bench_data/benchmarks/posebusters_benchmark_set/7Z2O_IAJ/7Z2O_IAJ_protein.pdb	/home/qasim/vgb_bench_data/benchmarks/posebusters_benchmark_set/7Z2O_IAJ/7Z2O_IAJ_ligand.sdf	/home/qasim/vgb_bench_data/benchmarks/posebusters_benchmark_set/7Z2O_IAJ/7Z2O_IAJ_ligands.sdf	/home/qasim/vgb_bench_data/benchmarks/posebusters_benchmark_set/7Z2O_IAJ/7Z2O_IAJ_ligand_start_conf.sdf
posebusters	7Z7F_IF3	7Z7F	IF3	/home/qasim/vgb_bench_data/benchmarks/posebusters_benchmark_set/7Z7F_IF3/7Z7F_IF3_protein.pdb	/home/qasim/vgb_bench_data/benchmarks/posebusters_benchmark_set/7Z7F_IF3/7Z7F_IF3_ligand.sdf	/home/qasim/vgb_bench_data/benchmarks/posebusters_benchmark_set/7Z7F_IF3/7Z7F_IF3_ligands.sdf	/home/qasim/vgb_bench_data/benchmarks/posebusters_benchmark_set/7Z7F_IF3/7Z7F_IF3_ligand_start_conf.sdf
posebusters	7ZCC_OGA	7ZCC	OGA	/home/qasim/vgb_bench_data/benchmarks/posebusters_benchmark_set/7ZCC_OGA/7ZCC_OGA_protein.pdb	/home/qasim/vgb_bench_data/benchmarks/posebusters_benchmark_set/7ZCC_OGA/7ZCC_OGA_ligand.sdf	/home/qasim/vgb_bench_data/benchmarks/posebusters_benchmark_set/7ZCC_OGA/7ZCC_OGA_ligands.sdf	/home/qasim/vgb_bench_data/benchmarks/posebusters_benchmark_set/7ZCC_OGA/7ZCC_OGA_ligand_start_conf.sdf
posebusters	7ZDY_6MJ	7ZDY	6MJ	/home/qasim/vgb_bench_data/benchmarks/posebusters_benchmark_set/7ZDY_6MJ/7ZDY_6MJ_protein.pdb	/home/qasim/vgb_bench_data/benchmarks/posebusters_benchmark_set/7ZDY_6MJ/7ZDY_6MJ_ligand.sdf	/home/qasim/vgb_bench_data/benchmarks/posebusters_benchmark_set/7ZDY_6MJ/7ZDY_6MJ_ligands.sdf	/home/qasim/vgb_bench_data/benchmarks/posebusters_benchmark_set/7ZDY_6MJ/7ZDY_6MJ_ligand_start_conf.sdf
posebusters	7ZF0_DHR	7ZF0	DHR	/home/qasim/vgb_bench_data/benchmarks/posebusters_benchmark_set/7ZF0_DHR/7ZF0_DHR_protein.pdb	/home/qasim/vgb_bench_data/benchmarks/posebusters_benchmark_set/7ZF0_DHR/7ZF0_DHR_ligand.sdf	/home/qasim/vgb_bench_data/benchmarks/posebusters_benchmark_set/7ZF0_DHR/7ZF0_DHR_ligands.sdf	/home/qasim/vgb_bench_data/benchmarks/posebusters_benchmark_set/7ZF0_DHR/7ZF0_DHR_ligand_start_conf.sdf
posebusters	7ZHP_IQY	7ZHP	IQY	/home/qasim/vgb_bench_data/benchmarks/posebusters_benchmark_set/7ZHP_IQY/7ZHP_IQY_protein.pdb	/home/qasim/vgb_bench_data/benchmarks/posebusters_benchmark_set/7ZHP_IQY/7ZHP_IQY_ligand.sdf	/home/qasim/vgb_bench_data/benchmarks/posebusters_benchmark_set/7ZHP_IQY/7ZHP_IQY_ligands.sdf	/home/qasim/vgb_bench_data/benchmarks/posebusters_benchmark_set/7ZHP_IQY/7ZHP_IQY_ligand_start_conf.sdf
posebusters	7ZL5_IWE	7ZL5	IWE	/home/qasim/vgb_bench_data/benchmarks/posebusters_benchmark_set/7ZL5_IWE/7ZL5_IWE_protein.pdb	/home/qasim/vgb_bench_data/benchmarks/posebusters_benchmark_set/7ZL5_IWE/7ZL5_IWE_ligand.sdf	/home/qasim/vgb_bench_data/benchmarks/posebusters_benchmark_set/7ZL5_IWE/7ZL5_IWE_ligands.sdf	/home/qasim/vgb_bench_data/benchmarks/posebusters_benchmark_set/7ZL5_IWE/7ZL5_IWE_ligand_start_conf.sdf
posebusters	7ZOC_T8E	7ZOC	T8E	/home/qasim/vgb_bench_data/benchmarks/posebusters_benchmark_set/7ZOC_T8E/7ZOC_T8E_protein.pdb	/home/qasim/vgb_bench_data/benchmarks/posebusters_benchmark_set/7ZOC_T8E/7ZOC_T8E_ligand.sdf	/home/qasim/vgb_bench_data/benchmarks/posebusters_benchmark_set/7ZOC_T8E/7ZOC_T8E_ligands.sdf	/home/qasim/vgb_bench_data/benchmarks/posebusters_benchmark_set/7ZOC_T8E/7ZOC_T8E_ligand_start_conf.sdf
posebusters	7ZTL_BCN	7ZTL	BCN	/home/qasim/vgb_bench_data/benchmarks/posebusters_benchmark_set/7ZTL_BCN/7ZTL_BCN_protein.pdb	/home/qasim/vgb_bench_data/benchmarks/posebusters_benchmark_set/7ZTL_BCN/7ZTL_BCN_ligand.sdf	/home/qasim/vgb_bench_data/benchmarks/posebusters_benchmark_set/7ZTL_BCN/7ZTL_BCN_ligands.sdf	/home/qasim/vgb_bench_data/benchmarks/posebusters_benchmark_set/7ZTL_BCN/7ZTL_BCN_ligand_start_conf.sdf
posebusters	7ZU2_DHT	7ZU2	DHT	/home/qasim/vgb_bench_data/benchmarks/posebusters_benchmark_set/7ZU2_DHT/7ZU2_DHT_protein.pdb	/home/qasim/vgb_bench_data/benchmarks/posebusters_benchmark_set/7ZU2_DHT/7ZU2_DHT_ligand.sdf	/home/qasim/vgb_bench_data/benchmarks/posebusters_benchmark_set/7ZU2_DHT/7ZU2_DHT_ligands.sdf	/home/qasim/vgb_bench_data/benchmarks/posebusters_benchmark_set/7ZU2_DHT/7ZU2_DHT_ligand_start_conf.sdf
posebusters	7ZXV_45D	7ZXV	45D	/home/qasim/vgb_bench_data/benchmarks/posebusters_benchmark_set/7ZXV_45D/7ZXV_45D_protein.pdb	/home/qasim/vgb_bench_data/benchmarks/posebusters_benchmark_set/7ZXV_45D/7ZXV_45D_ligand.sdf	/home/qasim/vgb_bench_data/benchmarks/posebusters_benchmark_set/7ZXV_45D/7ZXV_45D_ligands.sdf	/home/qasim/vgb_bench_data/benchmarks/posebusters_benchmark_set/7ZXV_45D/7ZXV_45D_ligand_start_conf.sdf
posebusters	7ZZW_KKW	7ZZW	KKW	/home/qasim/vgb_bench_data/benchmarks/posebusters_benchmark_set/7ZZW_KKW/7ZZW_KKW_protein.pdb	/home/qasim/vgb_bench_data/benchmarks/posebusters_benchmark_set/7ZZW_KKW/7ZZW_KKW_ligand.sdf	/home/qasim/vgb_bench_data/benchmarks/posebusters_benchmark_set/7ZZW_KKW/7ZZW_KKW_ligands.sdf	/home/qasim/vgb_bench_data/benchmarks/posebusters_benchmark_set/7ZZW_KKW/7ZZW_KKW_ligand_start_conf.sdf
posebusters	8A1H_DLZ	8A1H	DLZ	/home/qasim/vgb_bench_data/benchmarks/posebusters_benchmark_set/8A1H_DLZ/8A1H_DLZ_protein.pdb	/home/qasim/vgb_bench_data/benchmarks/posebusters_benchmark_set/8A1H_DLZ/8A1H_DLZ_ligand.sdf	/home/qasim/vgb_bench_data/benchmarks/posebusters_benchmark_set/8A1H_DLZ/8A1H_DLZ_ligands.sdf	/home/qasim/vgb_bench_data/benchmarks/posebusters_benchmark_set/8A1H_DLZ/8A1H_DLZ_ligand_start_conf.sdf
posebusters	8A2D_KXY	8A2D	KXY	/home/qasim/vgb_bench_data/benchmarks/posebusters_benchmark_set/8A2D_KXY/8A2D_KXY_protein.pdb	/home/qasim/vgb_bench_data/benchmarks/posebusters_benchmark_set/8A2D_KXY/8A2D_KXY_ligand.sdf	/home/qasim/vgb_bench_data/benchmarks/posebusters_benchmark_set/8A2D_KXY/8A2D_KXY_ligands.sdf	/home/qasim/vgb_bench_data/benchmarks/posebusters_benchmark_set/8A2D_KXY/8A2D_KXY_ligand_start_conf.sdf
posebusters	8AAU_LH0	8AAU	LH0	/home/qasim/vgb_bench_data/benchmarks/posebusters_benchmark_set/8AAU_LH0/8AAU_LH0_protein.pdb	/home/qasim/vgb_bench_data/benchmarks/posebusters_benchmark_set/8AAU_LH0/8AAU_LH0_ligand.sdf	/home/qasim/vgb_bench_data/benchmarks/posebusters_benchmark_set/8AAU_LH0/8AAU_LH0_ligands.sdf	/home/qasim/vgb_bench_data/benchmarks/posebusters_benchmark_set/8AAU_LH0/8AAU_LH0_ligand_start_conf.sdf
posebusters	8AEM_LVF	8AEM	LVF	/home/qasim/vgb_bench_data/benchmarks/posebusters_benchmark_set/8AEM_LVF/8AEM_LVF_protein.pdb	/home/qasim/vgb_bench_data/benchmarks/posebusters_benchmark_set/8AEM_LVF/8AEM_LVF_ligand.sdf	/home/qasim/vgb_bench_data/benchmarks/posebusters_benchmark_set/8AEM_LVF/8AEM_LVF_ligands.sdf	/home/qasim/vgb_bench_data/benchmarks/posebusters_benchmark_set/8AEM_LVF/8AEM_LVF_ligand_start_conf.sdf
posebusters	8AIE_M7L	8AIE	M7L	/home/qasim/vgb_bench_data/benchmarks/posebusters_benchmark_set/8AIE_M7L/8AIE_M7L_protein.pdb	/home/qasim/vgb_bench_data/benchmarks/posebusters_benchmark_set/8AIE_M7L/8AIE_M7L_ligand.sdf	/home/qasim/vgb_bench_data/benchmarks/posebusters_benchmark_set/8AIE_M7L/8AIE_M7L_ligands.sdf	/home/qasim/vgb_bench_data/benchmarks/posebusters_benchmark_set/8AIE_M7L/8AIE_M7L_ligand_start_conf.sdf
posebusters	8AP0_PRP	8AP0	PRP	/home/qasim/vgb_bench_data/benchmarks/posebusters_benchmark_set/8AP0_PRP/8AP0_PRP_protein.pdb	/home/qasim/vgb_bench_data/benchmarks/posebusters_benchmark_set/8AP0_PRP/8AP0_PRP_ligand.sdf	/home/qasim/vgb_bench_data/benchmarks/posebusters_benchmark_set/8AP0_PRP/8AP0_PRP_ligands.sdf	/home/qasim/vgb_bench_data/benchmarks/posebusters_benchmark_set/8AP0_PRP/8AP0_PRP_ligand_start_conf.sdf
posebusters	8AQL_PLG	8AQL	PLG	/home/qasim/vgb_bench_data/benchmarks/posebusters_benchmark_set/8AQL_PLG/8AQL_PLG_protein.pdb	/home/qasim/vgb_bench_data/benchmarks/posebusters_benchmark_set/8AQL_PLG/8AQL_PLG_ligand.sdf	/home/qasim/vgb_bench_data/benchmarks/posebusters_benchmark_set/8AQL_PLG/8AQL_PLG_ligands.sdf	/home/qasim/vgb_bench_data/benchmarks/posebusters_benchmark_set/8AQL_PLG/8AQL_PLG_ligand_start_conf.sdf
posebusters	8AUH_L9I	8AUH	L9I	/home/qasim/vgb_bench_data/benchmarks/posebusters_benchmark_set/8AUH_L9I/8AUH_L9I_protein.pdb	/home/qasim/vgb_bench_data/benchmarks/posebusters_benchmark_set/8AUH_L9I/8AUH_L9I_ligand.sdf	/home/qasim/vgb_bench_data/benchmarks/posebusters_benchmark_set/8AUH_L9I/8AUH_L9I_ligands.sdf	/home/qasim/vgb_bench_data/benchmarks/posebusters_benchmark_set/8AUH_L9I/8AUH_L9I_ligand_start_conf.sdf
posebusters	8AY3_OE3	8AY3	OE3	/home/qasim/vgb_bench_data/benchmarks/posebusters_benchmark_set/8AY3_OE3/8AY3_OE3_protein.pdb	/home/qasim/vgb_bench_data/benchmarks/posebusters_benchmark_set/8AY3_OE3/8AY3_OE3_ligand.sdf	/home/qasim/vgb_bench_data/benchmarks/posebusters_benchmark_set/8AY3_OE3/8AY3_OE3_ligands.sdf	/home/qasim/vgb_bench_data/benchmarks/posebusters_benchmark_set/8AY3_OE3/8AY3_OE3_ligand_start_conf.sdf
posebusters	8B8H_OJQ	8B8H	OJQ	/home/qasim/vgb_bench_data/benchmarks/posebusters_benchmark_set/8B8H_OJQ/8B8H_OJQ_protein.pdb	/home/qasim/vgb_bench_data/benchmarks/posebusters_benchmark_set/8B8H_OJQ/8B8H_OJQ_ligand.sdf	/home/qasim/vgb_bench_data/benchmarks/posebusters_benchmark_set/8B8H_OJQ/8B8H_OJQ_ligands.sdf	/home/qasim/vgb_bench_data/benchmarks/posebusters_benchmark_set/8B8H_OJQ/8B8H_OJQ_ligand_start_conf.sdf
posebusters	8BOM_QU6	8BOM	QU6	/home/qasim/vgb_bench_data/benchmarks/posebusters_benchmark_set/8BOM_QU6/8BOM_QU6_protein.pdb	/home/qasim/vgb_bench_data/benchmarks/posebusters_benchmark_set/8BOM_QU6/8BOM_QU6_ligand.sdf	/home/qasim/vgb_bench_data/benchmarks/posebusters_benchmark_set/8BOM_QU6/8BOM_QU6_ligands.sdf	/home/qasim/vgb_bench_data/benchmarks/posebusters_benchmark_set/8BOM_QU6/8BOM_QU6_ligand_start_conf.sdf
posebusters	8BTI_RFO	8BTI	RFO	/home/qasim/vgb_bench_data/benchmarks/posebusters_benchmark_set/8BTI_RFO/8BTI_RFO_protein.pdb	/home/qasim/vgb_bench_data/benchmarks/posebusters_benchmark_set/8BTI_RFO/8BTI_RFO_ligand.sdf	/home/qasim/vgb_bench_data/benchmarks/posebusters_benchmark_set/8BTI_RFO/8BTI_RFO_ligands.sdf	/home/qasim/vgb_bench_data/benchmarks/posebusters_benchmark_set/8BTI_RFO/8BTI_RFO_ligand_start_conf.sdf
posebusters	8C3N_ADP	8C3N	ADP	/home/qasim/vgb_bench_data/benchmarks/posebusters_benchmark_set/8C3N_ADP/8C3N_ADP_protein.pdb	/home/qasim/vgb_bench_data/benchmarks/posebusters_benchmark_set/8C3N_ADP/8C3N_ADP_ligand.sdf	/home/qasim/vgb_bench_data/benchmarks/posebusters_benchmark_set/8C3N_ADP/8C3N_ADP_ligands.sdf	/home/qasim/vgb_bench_data/benchmarks/posebusters_benchmark_set/8C3N_ADP/8C3N_ADP_ligand_start_conf.sdf
posebusters	8C5M_MTA	8C5M	MTA	/home/qasim/vgb_bench_data/benchmarks/posebusters_benchmark_set/8C5M_MTA/8C5M_MTA_protein.pdb	/home/qasim/vgb_bench_data/benchmarks/posebusters_benchmark_set/8C5M_MTA/8C5M_MTA_ligand.sdf	/home/qasim/vgb_bench_data/benchmarks/posebusters_benchmark_set/8C5M_MTA/8C5M_MTA_ligands.sdf	/home/qasim/vgb_bench_data/benchmarks/posebusters_benchmark_set/8C5M_MTA/8C5M_MTA_ligand_start_conf.sdf
posebusters	8CNH_V6U	8CNH	V6U	/home/qasim/vgb_bench_data/benchmarks/posebusters_benchmark_set/8CNH_V6U/8CNH_V6U_protein.pdb	/home/qasim/vgb_bench_data/benchmarks/posebusters_benchmark_set/8CNH_V6U/8CNH_V6U_ligand.sdf	/home/qasim/vgb_bench_data/benchmarks/posebusters_benchmark_set/8CNH_V6U/8CNH_V6U_ligands.sdf	/home/qasim/vgb_bench_data/benchmarks/posebusters_benchmark_set/8CNH_V6U/8CNH_V6U_ligand_start_conf.sdf
posebusters	8CSD_C5P	8CSD	C5P	/home/qasim/vgb_bench_data/benchmarks/posebusters_benchmark_set/8CSD_C5P/8CSD_C5P_protein.pdb	/home/qasim/vgb_bench_data/benchmarks/posebusters_benchmark_set/8CSD_C5P/8CSD_C5P_ligand.sdf	/home/qasim/vgb_bench_data/benchmarks/posebusters_benchmark_set/8CSD_C5P/8CSD_C5P_ligands.sdf	/home/qasim/vgb_bench_data/benchmarks/posebusters_benchmark_set/8CSD_C5P/8CSD_C5P_ligand_start_conf.sdf
posebusters	8D19_GSH	8D19	GSH	/home/qasim/vgb_bench_data/benchmarks/posebusters_benchmark_set/8D19_GSH/8D19_GSH_protein.pdb	/home/qasim/vgb_bench_data/benchmarks/posebusters_benchmark_set/8D19_GSH/8D19_GSH_ligand.sdf	/home/qasim/vgb_bench_data/benchmarks/posebusters_benchmark_set/8D19_GSH/8D19_GSH_ligands.sdf	/home/qasim/vgb_bench_data/benchmarks/posebusters_benchmark_set/8D19_GSH/8D19_GSH_ligand_start_conf.sdf
posebusters	8D39_QDB	8D39	QDB	/home/qasim/vgb_bench_data/benchmarks/posebusters_benchmark_set/8D39_QDB/8D39_QDB_protein.pdb	/home/qasim/vgb_bench_data/benchmarks/posebusters_benchmark_set/8D39_QDB/8D39_QDB_ligand.sdf	/home/qasim/vgb_bench_data/benchmarks/posebusters_benchmark_set/8D39_QDB/8D39_QDB_ligands.sdf	/home/qasim/vgb_bench_data/benchmarks/posebusters_benchmark_set/8D39_QDB/8D39_QDB_ligand_start_conf.sdf
posebusters	8D5D_5DK	8D5D	5DK	/home/qasim/vgb_bench_data/benchmarks/posebusters_benchmark_set/8D5D_5DK/8D5D_5DK_protein.pdb	/home/qasim/vgb_bench_data/benchmarks/posebusters_benchmark_set/8D5D_5DK/8D5D_5DK_ligand.sdf	/home/qasim/vgb_bench_data/benchmarks/posebusters_benchmark_set/8D5D_5DK/8D5D_5DK_ligands.sdf	/home/qasim/vgb_bench_data/benchmarks/posebusters_benchmark_set/8D5D_5DK/8D5D_5DK_ligand_start_conf.sdf
posebusters	8DHG_T78	8DHG	T78	/home/qasim/vgb_bench_data/benchmarks/posebusters_benchmark_set/8DHG_T78/8DHG_T78_protein.pdb	/home/qasim/vgb_bench_data/benchmarks/posebusters_benchmark_set/8DHG_T78/8DHG_T78_ligand.sdf	/home/qasim/vgb_bench_data/benchmarks/posebusters_benchmark_set/8DHG_T78/8DHG_T78_ligands.sdf	/home/qasim/vgb_bench_data/benchmarks/posebusters_benchmark_set/8DHG_T78/8DHG_T78_ligand_start_conf.sdf
posebusters	8DKO_TFB	8DKO	TFB	/home/qasim/vgb_bench_data/benchmarks/posebusters_benchmark_set/8DKO_TFB/8DKO_TFB_protein.pdb	/home/qasim/vgb_bench_data/benchmarks/posebusters_benchmark_set/8DKO_TFB/8DKO_TFB_ligand.sdf	/home/qasim/vgb_bench_data/benchmarks/posebusters_benchmark_set/8DKO_TFB/8DKO_TFB_ligands.sdf	/home/qasim/vgb_bench_data/benchmarks/posebusters_benchmark_set/8DKO_TFB/8DKO_TFB_ligand_start_conf.sdf
posebusters	8DP2_UMA	8DP2	UMA	/home/qasim/vgb_bench_data/benchmarks/posebusters_benchmark_set/8DP2_UMA/8DP2_UMA_protein.pdb	/home/qasim/vgb_bench_data/benchmarks/posebusters_benchmark_set/8DP2_UMA/8DP2_UMA_ligand.sdf	/home/qasim/vgb_bench_data/benchmarks/posebusters_benchmark_set/8DP2_UMA/8DP2_UMA_ligands.sdf	/home/qasim/vgb_bench_data/benchmarks/posebusters_benchmark_set/8DP2_UMA/8DP2_UMA_ligand_start_conf.sdf
posebusters	8DSC_NCA	8DSC	NCA	/home/qasim/vgb_bench_data/benchmarks/posebusters_benchmark_set/8DSC_NCA/8DSC_NCA_protein.pdb	/home/qasim/vgb_bench_data/benchmarks/posebusters_benchmark_set/8DSC_NCA/8DSC_NCA_ligand.sdf	/home/qasim/vgb_bench_data/benchmarks/posebusters_benchmark_set/8DSC_NCA/8DSC_NCA_ligands.sdf	/home/qasim/vgb_bench_data/benchmarks/posebusters_benchmark_set/8DSC_NCA/8DSC_NCA_ligand_start_conf.sdf
posebusters	8EAB_VN2	8EAB	VN2	/home/qasim/vgb_bench_data/benchmarks/posebusters_benchmark_set/8EAB_VN2/8EAB_VN2_protein.pdb	/home/qasim/vgb_bench_data/benchmarks/posebusters_benchmark_set/8EAB_VN2/8EAB_VN2_ligand.sdf	/home/qasim/vgb_bench_data/benchmarks/posebusters_benchmark_set/8EAB_VN2/8EAB_VN2_ligands.sdf	/home/qasim/vgb_bench_data/benchmarks/posebusters_benchmark_set/8EAB_VN2/8EAB_VN2_ligand_start_conf.sdf
posebusters	8EX2_Q2Q	8EX2	Q2Q	/home/qasim/vgb_bench_data/benchmarks/posebusters_benchmark_set/8EX2_Q2Q/8EX2_Q2Q_protein.pdb	/home/qasim/vgb_bench_data/benchmarks/posebusters_benchmark_set/8EX2_Q2Q/8EX2_Q2Q_ligand.sdf	/home/qasim/vgb_bench_data/benchmarks/posebusters_benchmark_set/8EX2_Q2Q/8EX2_Q2Q_ligands.sdf	/home/qasim/vgb_bench_data/benchmarks/posebusters_benchmark_set/8EX2_Q2Q/8EX2_Q2Q_ligand_start_conf.sdf
posebusters	8EXL_799	8EXL	799	/home/qasim/vgb_bench_data/benchmarks/posebusters_benchmark_set/8EXL_799/8EXL_799_protein.pdb	/home/qasim/vgb_bench_data/benchmarks/posebusters_benchmark_set/8EXL_799/8EXL_799_ligand.sdf	/home/qasim/vgb_bench_data/benchmarks/posebusters_benchmark_set/8EXL_799/8EXL_799_ligands.sdf	/home/qasim/vgb_bench_data/benchmarks/posebusters_benchmark_set/8EXL_799/8EXL_799_ligand_start_conf.sdf
posebusters	8EYE_X4I	8EYE	X4I	/home/qasim/vgb_bench_data/benchmarks/posebusters_benchmark_set/8EYE_X4I/8EYE_X4I_protein.pdb	/home/qasim/vgb_bench_data/benchmarks/posebusters_benchmark_set/8EYE_X4I/8EYE_X4I_ligand.sdf	/home/qasim/vgb_bench_data/benchmarks/posebusters_benchmark_set/8EYE_X4I/8EYE_X4I_ligands.sdf	/home/qasim/vgb_bench_data/benchmarks/posebusters_benchmark_set/8EYE_X4I/8EYE_X4I_ligand_start_conf.sdf
posebusters	8F4J_PHO	8F4J	PHO	/home/qasim/vgb_bench_data/benchmarks/posebusters_benchmark_set/8F4J_PHO/8F4J_PHO_protein.pdb	/home/qasim/vgb_bench_data/benchmarks/posebusters_benchmark_set/8F4J_PHO/8F4J_PHO_ligand.sdf	/home/qasim/vgb_bench_data/benchmarks/posebusters_benchmark_set/8F4J_PHO/8F4J_PHO_ligands.sdf	/home/qasim/vgb_bench_data/benchmarks/posebusters_benchmark_set/8F4J_PHO/8F4J_PHO_ligand_start_conf.sdf
posebusters	8F8E_XJI	8F8E	XJI	/home/qasim/vgb_bench_data/benchmarks/posebusters_benchmark_set/8F8E_XJI/8F8E_XJI_protein.pdb	/home/qasim/vgb_bench_data/benchmarks/posebusters_benchmark_set/8F8E_XJI/8F8E_XJI_ligand.sdf	/home/qasim/vgb_bench_data/benchmarks/posebusters_benchmark_set/8F8E_XJI/8F8E_XJI_ligands.sdf	/home/qasim/vgb_bench_data/benchmarks/posebusters_benchmark_set/8F8E_XJI/8F8E_XJI_ligand_start_conf.sdf
posebusters	8FAV_4Y5	8FAV	4Y5	/home/qasim/vgb_bench_data/benchmarks/posebusters_benchmark_set/8FAV_4Y5/8FAV_4Y5_protein.pdb	/home/qasim/vgb_bench_data/benchmarks/posebusters_benchmark_set/8FAV_4Y5/8FAV_4Y5_ligand.sdf	/home/qasim/vgb_bench_data/benchmarks/posebusters_benchmark_set/8FAV_4Y5/8FAV_4Y5_ligands.sdf	/home/qasim/vgb_bench_data/benchmarks/posebusters_benchmark_set/8FAV_4Y5/8FAV_4Y5_ligand_start_conf.sdf
posebusters	8FLV_ZB9	8FLV	ZB9	/home/qasim/vgb_bench_data/benchmarks/posebusters_benchmark_set/8FLV_ZB9/8FLV_ZB9_protein.pdb	/home/qasim/vgb_bench_data/benchmarks/posebusters_benchmark_set/8FLV_ZB9/8FLV_ZB9_ligand.sdf	/home/qasim/vgb_bench_data/benchmarks/posebusters_benchmark_set/8FLV_ZB9/8FLV_ZB9_ligands.sdf	/home/qasim/vgb_bench_data/benchmarks/posebusters_benchmark_set/8FLV_ZB9/8FLV_ZB9_ligand_start_conf.sdf
posebusters	8FO5_Y4U	8FO5	Y4U	/home/qasim/vgb_bench_data/benchmarks/posebusters_benchmark_set/8FO5_Y4U/8FO5_Y4U_protein.pdb	/home/qasim/vgb_bench_data/benchmarks/posebusters_benchmark_set/8FO5_Y4U/8FO5_Y4U_ligand.sdf	/home/qasim/vgb_bench_data/benchmarks/posebusters_benchmark_set/8FO5_Y4U/8FO5_Y4U_ligands.sdf	/home/qasim/vgb_bench_data/benchmarks/posebusters_benchmark_set/8FO5_Y4U/8FO5_Y4U_ligand_start_conf.sdf
posebusters	8G0V_YHT	8G0V	YHT	/home/qasim/vgb_bench_data/benchmarks/posebusters_benchmark_set/8G0V_YHT/8G0V_YHT_protein.pdb	/home/qasim/vgb_bench_data/benchmarks/posebusters_benchmark_set/8G0V_YHT/8G0V_YHT_ligand.sdf	/home/qasim/vgb_bench_data/benchmarks/posebusters_benchmark_set/8G0V_YHT/8G0V_YHT_ligands.sdf	/home/qasim/vgb_bench_data/benchmarks/posebusters_benchmark_set/8G0V_YHT/8G0V_YHT_ligand_start_conf.sdf
posebusters	8G6P_API	8G6P	API	/home/qasim/vgb_bench_data/benchmarks/posebusters_benchmark_set/8G6P_API/8G6P_API_protein.pdb	/home/qasim/vgb_bench_data/benchmarks/posebusters_benchmark_set/8G6P_API/8G6P_API_ligand.sdf	/home/qasim/vgb_bench_data/benchmarks/posebusters_benchmark_set/8G6P_API/8G6P_API_ligands.sdf	/home/qasim/vgb_bench_data/benchmarks/posebusters_benchmark_set/8G6P_API/8G6P_API_ligand_start_conf.sdf
posebusters	8GFD_ZHR	8GFD	ZHR	/home/qasim/vgb_bench_data/benchmarks/posebusters_benchmark_set/8GFD_ZHR/8GFD_ZHR_protein.pdb	/home/qasim/vgb_bench_data/benchmarks/posebusters_benchmark_set/8GFD_ZHR/8GFD_ZHR_ligand.sdf	/home/qasim/vgb_bench_data/benchmarks/posebusters_benchmark_set/8GFD_ZHR/8GFD_ZHR_ligands.sdf	/home/qasim/vgb_bench_data/benchmarks/posebusters_benchmark_set/8GFD_ZHR/8GFD_ZHR_ligand_start_conf.sdf
posebusters	8HFN_XGC	8HFN	XGC	/home/qasim/vgb_bench_data/benchmarks/posebusters_benchmark_set/8HFN_XGC/8HFN_XGC_protein.pdb	/home/qasim/vgb_bench_data/benchmarks/posebusters_benchmark_set/8HFN_XGC/8HFN_XGC_ligand.sdf	/home/qasim/vgb_bench_data/benchmarks/posebusters_benchmark_set/8HFN_XGC/8HFN_XGC_ligands.sdf	/home/qasim/vgb_bench_data/benchmarks/posebusters_benchmark_set/8HFN_XGC/8HFN_XGC_ligand_start_conf.sdf
posebusters	8HO0_3ZI	8HO0	3ZI	/home/qasim/vgb_bench_data/benchmarks/posebusters_benchmark_set/8HO0_3ZI/8HO0_3ZI_protein.pdb	/home/qasim/vgb_bench_data/benchmarks/posebusters_benchmark_set/8HO0_3ZI/8HO0_3ZI_ligand.sdf	/home/qasim/vgb_bench_data/benchmarks/posebusters_benchmark_set/8HO0_3ZI/8HO0_3ZI_ligands.sdf	/home/qasim/vgb_bench_data/benchmarks/posebusters_benchmark_set/8HO0_3ZI/8HO0_3ZI_ligand_start_conf.sdf
posebusters	8SLG_G5A	8SLG	G5A	/home/qasim/vgb_bench_data/benchmarks/posebusters_benchmark_set/8SLG_G5A/8SLG_G5A_protein.pdb	/home/qasim/vgb_bench_data/benchmarks/posebusters_benchmark_set/8SLG_G5A/8SLG_G5A_ligand.sdf	/home/qasim/vgb_bench_data/benchmarks/posebusters_benchmark_set/8SLG_G5A/8SLG_G5A_ligands.sdf	/home/qasim/vgb_bench_data/benchmarks/posebusters_benchmark_set/8SLG_G5A/8SLG_G5A_ligand_start_conf.sdf
