run_kind	arm	method	dataset	key	seed	status	reason	n_poses	top_score	score_function	score_units	elapsed_s	jobs	top1_rmsd	top1_kabsch_rmsd	top1_pb_valid	top1_pass_2a	top1_pass_1a	top1_success_2a	top1_success_1a	top5_best_rmsd	top5_pass_2a	top5_success_2a	top1_rmsd_first_match	symmetry_changed_verdict_2a	conformer_source	box_kind	recorded
arm	A0_null	vina	astex	1JD0_AZM	20260922	ok		1		vina	kcal/mol (empirical score, not a measured free energy)	0.024	10	2.8839	1.0323	0	0	0	0	0	2.8839	0	0	2.8839	0	genconf	ligand_centred	2026-09-24T09:15:50+08:00
arm	A0_null	vina	astex	1KE5_LS1	20260922	ok		1		vina	kcal/mol (empirical score, not a measured free energy)	0.011	10	8.1088	1.1345	0	0	0	0	0	8.1088	0	0	8.1263	0	genconf	ligand_centred	2026-09-24T09:15:50+08:00
arm	A0_null	vina	astex	1IA1_TQ3	20260922	ok		1		vina	kcal/mol (empirical score, not a measured free energy)	0.024	10	4.0063	1.5745	0	0	0	0	0	4.0063	0	0	4.0063	0	genconf	ligand_centred	2026-09-24T09:15:50+08:00
arm	A0_null	vina	astex	1IG3_VIB	20260922	ok		1		vina	kcal/mol (empirical score, not a measured free energy)	0.041	10	5.2065	0.9357	0	0	0	0	0	5.2065	0	0	5.2065	0	genconf	ligand_centred	2026-09-24T09:15:50+08:00
arm	A0_null	vina	astex	1JJE_BYS	20260922	ok		1		vina	kcal/mol (empirical score, not a measured free energy)	0.021	10	6.7665	2.9263	0	0	0	0	0	6.7665	0	0	6.7665	0	genconf	ligand_centred	2026-09-24T09:15:50+08:00
arm	A0_null	vina	astex	1K3U_IAD	20260922	ok		1		vina	kcal/mol (empirical score, not a measured free energy)	0.014	10	2.8324	2.2335	0	0	0	0	0	2.8324	0	0	2.8473	0	genconf	ligand_centred	2026-09-24T09:15:50+08:00
arm	A0_null	vina	astex	1G9V_RQ3	20260922	ok		1		vina	kcal/mol (empirical score, not a measured free energy)	14.626	10	6.04	1.5845	0	0	0	0	0	6.04	0	0	6.2395	0	genconf	ligand_centred	2026-09-24T09:15:50+08:00
arm	A0_null	vina	astex	1J3J_CP6	20260922	ok		1		vina	kcal/mol (empirical score, not a measured free energy)	0.022	10	3.9768	0.1675	0	0	0	0	0	3.9768	0	0	3.9768	0	genconf	ligand_centred	2026-09-24T09:15:50+08:00
arm	A0_null	vina	astex	1MEH_MOA	20260922	ok		1		vina	kcal/mol (empirical score, not a measured free energy)	0.017	10	6.3189	1.4977	0	0	0	0	0	6.3189	0	0	6.3431	0	genconf	ligand_centred	2026-09-24T09:15:54+08:00
arm	A0_null	vina	astex	1LPZ_CMB	20260922	ok		1		vina	kcal/mol (empirical score, not a measured free energy)	0.013	10	7.8897	1.6504	0	0	0	0	0	7.8897	0	0	7.8986	0	genconf	ligand_centred	2026-09-24T09:15:53+08:00
arm	A0_null	vina	astex	1KZK_JE2	20260922	ok		1		vina	kcal/mol (empirical score, not a measured free energy)	0.037	10	8.91	1.5537	0	0	0	0	0	8.91	0	0	8.9199	0	genconf	ligand_centred	2026-09-24T09:15:50+08:00
arm	A0_null	vina	astex	1LRH_NLA	20260922	ok		1		vina	kcal/mol (empirical score, not a measured free energy)	0.03	10	5.0562	0.923	0	0	0	0	0	5.0562	0	0	5.0907	0	genconf	ligand_centred	2026-09-24T09:15:53+08:00
arm	A0_null	vina	astex	1L7F_BCZ	20260922	ok		1		vina	kcal/mol (empirical score, not a measured free energy)	0.023	10	5.3724	1.0875	0	0	0	0	0	5.3724	0	0	5.3724	0	genconf	ligand_centred	2026-09-24T09:15:53+08:00
arm	A0_null	vina	astex	1L2S_STC	20260922	ok		1		vina	kcal/mol (empirical score, not a measured free energy)	0.017	10	2.713	1.1995	0	0	0	0	0	2.713	0	0	2.713	0	genconf	ligand_centred	2026-09-24T09:15:53+08:00
arm	A0_null	vina	astex	1JLA_TNK	20260922	ok		1		vina	kcal/mol (empirical score, not a measured free energy)	0.023	10	7.4676	1.5673	0	0	0	0	0	7.4676	0	0	7.4982	0	genconf	ligand_centred	2026-09-24T09:15:50+08:00
arm	A0_null	vina	astex	1N2V_BDI	20260922	ok		1		vina	kcal/mol (empirical score, not a measured free energy)	0.027	10	5.7212	0.4597	0	0	0	0	0	5.7212	0	0	5.9322	0	genconf	ligand_centred	2026-09-24T09:15:56+08:00
arm	A0_null	vina	astex	1M2Z_DEX	20260922	ok		1		vina	kcal/mol (empirical score, not a measured free energy)	0.027	10	4.0035	0.5075	0	0	0	0	0	4.0035	0	0	4.0035	0	genconf	ligand_centred	2026-09-24T09:15:53+08:00
arm	A0_null	vina	astex	1NAV_IH5	20260922	ok		1		vina	kcal/mol (empirical score, not a measured free energy)	0.029	10	6.7923	1.1259	0	0	0	0	0	6.7923	0	0	6.8108	0	genconf	ligand_centred	2026-09-24T09:15:57+08:00
arm	A0_null	vina	astex	1N2J_PAF	20260922	ok		1		vina	kcal/mol (empirical score, not a measured free energy)	0.011	10	2.7225	1.5401	0	0	0	0	0	2.7225	0	0	3.0293	0	genconf	ligand_centred	2026-09-24T09:15:56+08:00
arm	A0_null	vina	astex	1MMV_3AR	20260922	ok		1		vina	kcal/mol (empirical score, not a measured free energy)	0.009	10	5.3327	1.4667	0	0	0	0	0	5.3327	0	0	5.3327	0	genconf	ligand_centred	2026-09-24T09:15:55+08:00
arm	A0_null	vina	astex	1HP0_AD3	20260922	ok		1		vina	kcal/mol (empirical score, not a measured free energy)	15.096	10	2.663	1.9914	0	0	0	0	0	2.663	0	0	2.663	0	genconf	ligand_centred	2026-09-24T09:15:56+08:00
arm	A0_null	vina	astex	1N46_PFA	20260922	ok		1		vina	kcal/mol (empirical score, not a measured free energy)	0.023	10	5.717	1.3354	0	0	0	0	0	5.717	0	0	5.7726	0	genconf	ligand_centred	2026-09-24T09:15:56+08:00
arm	A0_null	vina	astex	1P2Y_NCT	20260922	ok		1		vina	kcal/mol (empirical score, not a measured free energy)	0.024	10	4.376	0.2905	0	0	0	0	0	4.376	0	0	4.376	0	genconf	ligand_centred	2026-09-24T09:15:59+08:00
arm	A0_null	vina	astex	1OF1_SCT	20260922	ok		1		vina	kcal/mol (empirical score, not a measured free energy)	0.034	10	3.6351	1.8915	0	0	0	0	0	3.6351	0	0	3.6351	0	genconf	ligand_centred	2026-09-24T09:15:58+08:00
arm	A0_null	vina	astex	1OWE_675	20260922	ok		1		vina	kcal/mol (empirical score, not a measured free energy)	0.051	10	7.09	0.9099	0	0	0	0	0	7.09	0	0	7.1266	0	genconf	ligand_centred	2026-09-24T09:15:59+08:00
arm	A0_null	vina	astex	1P62_GEO	20260922	ok		1		vina	kcal/mol (empirical score, not a measured free energy)	0.019	10	5.4398	1.6814	0	0	0	0	0	5.4398	0	0	5.4681	0	genconf	ligand_centred	2026-09-24T09:16:00+08:00
arm	A0_null	vina	astex	1OPK_P16	20260922	ok		1		vina	kcal/mol (empirical score, not a measured free energy)	0.023	10	6.2466	1.5218	0	0	0	0	0	6.2466	0	0	6.2466	0	genconf	ligand_centred	2026-09-24T09:15:58+08:00
arm	A0_null	vina	astex	1OQ5_CEL	20260922	ok		1		vina	kcal/mol (empirical score, not a measured free energy)	0.028	10	6.088	0.5125	0	0	0	0	0	6.088	0	0	6.1159	0	genconf	ligand_centred	2026-09-24T09:15:59+08:00
arm	A0_null	vina	astex	1MZC_BNE	20260922	ok		1		vina	kcal/mol (empirical score, not a measured free energy)	0.02	10	3.8532	2.7665	0	0	0	0	0	3.8532	0	0	3.8532	0	genconf	ligand_centred	2026-09-24T09:15:56+08:00
arm	A0_null	vina	astex	1OYT_FSN	20260922	ok		1		vina	kcal/mol (empirical score, not a measured free energy)	0.065	10	6.7521	2.379	0	0	0	0	0	6.7521	0	0	6.8369	0	genconf	ligand_centred	2026-09-24T09:15:59+08:00
arm	A0_null	vina	astex	1R58_AO5	20260922	ok		1		vina	kcal/mol (empirical score, not a measured free energy)	0.01	10	6.9502	2.6995	0	0	0	0	0	6.9502	0	0	6.9502	0	genconf	ligand_centred	2026-09-24T09:16:01+08:00
arm	A0_null	vina	astex	1Q41_IXM	20260922	ok		1		vina	kcal/mol (empirical score, not a measured free energy)	0.024	10	4.9805	0.1264	0	0	0	0	0	4.9805	0	0	4.9805	0	genconf	ligand_centred	2026-09-24T09:16:01+08:00
arm	A0_null	vina	astex	1R55_097	20260922	ok		1		vina	kcal/mol (empirical score, not a measured free energy)	0.036	10	4.9771	1.3352	0	0	0	0	0	4.9771	0	0	5.0814	0	genconf	ligand_centred	2026-09-24T09:16:03+08:00
arm	A0_null	vina	astex	1R9O_FLP	20260922	ok		1		vina	kcal/mol (empirical score, not a measured free energy)	0.032	10	3.7967	1.4957	0	0	0	0	0	3.7967	0	0	3.7967	0	genconf	ligand_centred	2026-09-24T09:16:03+08:00
arm	A0_null	vina	astex	1PMN_984	20260922	ok		1		vina	kcal/mol (empirical score, not a measured free energy)	0.048	10	7.4363	1.4597	0	0	0	0	0	7.4363	0	0	7.4409	0	genconf	ligand_centred	2026-09-24T09:16:01+08:00
arm	A0_null	vina	astex	1HNN_SKF	20260922	ok		1		vina	kcal/mol (empirical score, not a measured free energy)	15.471	10	5.2094	0.9465	0	0	0	0	0	5.2094	0	0	5.2094	0	genconf	ligand_centred	2026-09-24T09:16:05+08:00
arm	A0_null	vina	astex	1N1M_A3M	20260922	ok		1		vina	kcal/mol (empirical score, not a measured free energy)	0.015	10	4.2276	0.5901	0	0	0	0	0	4.2276	0	0	4.3639	0	genconf	ligand_centred	2026-09-24T09:15:56+08:00
arm	A0_null	vina	astex	1SG0_STL	20260922	ok		1		vina	kcal/mol (empirical score, not a measured free energy)	0.021	10	4.3607	0.1746	0	0	0	0	0	4.3607	0	0	4.7016	0	genconf	ligand_centred	2026-09-24T09:16:04+08:00
arm	A0_null	vina	astex	1R1H_BIR	20260922	ok		1		vina	kcal/mol (empirical score, not a measured free energy)	0.025	10	5.8227	2.6407	0	0	0	0	0	5.8227	0	0	5.832	0	genconf	ligand_centred	2026-09-24T09:16:01+08:00
arm	A0_null	vina	astex	1S3V_TQD	20260922	ok		1		vina	kcal/mol (empirical score, not a measured free energy)	0.025	10	7.1076	1.2322	0	0	0	0	0	7.1076	0	0	7.3433	0	genconf	ligand_centred	2026-09-24T09:16:05+08:00
arm	A0_null	vina	astex	1Q4G_BFL	20260922	ok		1		vina	kcal/mol (empirical score, not a measured free energy)	0.036	10	6.0828	0.2731	0	0	0	0	0	6.0828	0	0	6.1363	0	genconf	ligand_centred	2026-09-24T09:16:01+08:00
arm	A0_null	vina	astex	1S19_MC9	20260922	ok		1		vina	kcal/mol (empirical score, not a measured free energy)	0.02	10	8.5672	1.8555	0	0	0	0	0	8.5672	0	0	8.5759	0	genconf	ligand_centred	2026-09-24T09:16:04+08:00
arm	A0_null	vina	astex	1Q1G_MTI	20260922	ok		1		vina	kcal/mol (empirical score, not a measured free energy)	0.026	10	3.5912	1.4081	0	0	0	0	0	3.5912	0	0	3.5912	0	genconf	ligand_centred	2026-09-24T09:16:00+08:00
arm	A0_null	vina	astex	1TOW_CRZ	20260922	ok		1		vina	kcal/mol (empirical score, not a measured free energy)	0.017	10	4.3589	0.8547	1	0	0	0	0	4.3589	0	0	4.9284	0	genconf	ligand_centred	2026-09-24T09:16:08+08:00
arm	A0_null	vina	astex	1T40_ID5	20260922	ok		1		vina	kcal/mol (empirical score, not a measured free energy)	0.01	10	6.5013	2.5295	0	0	0	0	0	6.5013	0	0	6.5013	0	genconf	ligand_centred	2026-09-24T09:16:06+08:00
arm	A0_null	vina	astex	1SJ0_E4D	20260922	ok		1		vina	kcal/mol (empirical score, not a measured free energy)	0.029	10	8.347	0.9416	0	0	0	0	0	8.347	0	0	8.3516	0	genconf	ligand_centred	2026-09-24T09:16:06+08:00
arm	A0_null	vina	astex	1TT1_KAI	20260922	ok		1		vina	kcal/mol (empirical score, not a measured free energy)	0.026	10	2.7706	1.5494	0	0	0	0	0	2.7706	0	0	2.8835	0	genconf	ligand_centred	2026-09-24T09:16:09+08:00
arm	A0_null	vina	astex	1SQN_NDR	20260922	ok		1		vina	kcal/mol (empirical score, not a measured free energy)	0.044	10	5.9422	0.4505	0	0	0	0	0	5.9422	0	0	5.9422	0	genconf	ligand_centred	2026-09-24T09:16:07+08:00
arm	A0_null	vina	astex	1T46_STI	20260922	ok		1		vina	kcal/mol (empirical score, not a measured free energy)	0.014	10	12.205	1.6234	0	0	0	0	0	12.205	0	0	12.2196	0	genconf	ligand_centred	2026-09-24T09:16:06+08:00
arm	A0_null	vina	astex	1TZ8_DES	20260922	ok		1		vina	kcal/mol (empirical score, not a measured free energy)	0.052	10	2.5317	0.3712	0	0	0	0	0	2.5317	0	0	6.4384	0	genconf	ligand_centred	2026-09-24T09:16:09+08:00
arm	A0_null	vina	astex	1U4D_DBQ	20260922	ok		1		vina	kcal/mol (empirical score, not a measured free energy)	0.027	10	3.9017	0.2118	0	0	0	0	0	3.9017	0	0	3.9017	0	genconf	ligand_centred	2026-09-24T09:16:10+08:00
arm	A0_null	vina	astex	1UML_FR4	20260922	ok		1		vina	kcal/mol (empirical score, not a measured free energy)	0.012	10	9.0908	2.4172	0	0	0	0	0	9.0908	0	0	9.096	0	genconf	ligand_centred	2026-09-24T09:16:09+08:00
arm	A0_null	vina	astex	1SQ5_PAU	20260922	ok		1		vina	kcal/mol (empirical score, not a measured free energy)	0.009	10	5.383	1.1463	0	0	0	0	0	5.383	0	0	5.4007	0	genconf	ligand_centred	2026-09-24T09:16:05+08:00
arm	A0_null	vina	astex	1V48_HA1	20260922	ok		1		vina	kcal/mol (empirical score, not a measured free energy)	0.009	10	5.2394	0.7715	0	0	0	0	0	5.2394	0	0	5.3176	0	genconf	ligand_centred	2026-09-24T09:16:11+08:00
arm	A0_null	vina	astex	1UOU_CMU	20260922	ok		1		vina	kcal/mol (empirical score, not a measured free energy)	0.032	10	2.1487	1.5607	0	0	0	0	0	2.1487	0	0	2.1487	0	genconf	ligand_centred	2026-09-24T09:16:11+08:00
arm	A0_null	vina	astex	1T9B_1CS	20260922	ok		1		vina	kcal/mol (empirical score, not a measured free energy)	0.017	10	6.0731	1.4372	0	0	0	0	0	6.0731	0	0	6.0881	0	genconf	ligand_centred	2026-09-24T09:16:06+08:00
arm	A0_null	vina	astex	1X8X_TYR	20260922	ok		1		vina	kcal/mol (empirical score, not a measured free energy)	0.008	10	4.7748	1.2227	0	0	0	0	0	4.7748	0	0	4.8701	0	genconf	ligand_centred	2026-09-24T09:16:12+08:00
arm	A0_null	vina	astex	1V0P_PVB	20260922	ok		1		vina	kcal/mol (empirical score, not a measured free energy)	0.019	10	3.2431	2.261	0	0	0	0	0	3.2431	0	0	3.2431	0	genconf	ligand_centred	2026-09-24T09:16:11+08:00
arm	A0_null	vina	astex	1V4S_MRK	20260922	ok		1		vina	kcal/mol (empirical score, not a measured free energy)	0.016	10	6.9502	1.6185	0	0	0	0	0	6.9502	0	0	6.9502	0	genconf	ligand_centred	2026-09-24T09:16:12+08:00
arm	A0_null	vina	astex	1W2G_THM	20260922	ok		1		vina	kcal/mol (empirical score, not a measured free energy)	0.014	10	3.975	1.9303	0	0	0	0	0	3.975	0	0	3.975	0	genconf	ligand_centred	2026-09-24T09:16:13+08:00
arm	A0_null	vina	astex	1VCJ_IBA	20260922	ok		1		vina	kcal/mol (empirical score, not a measured free energy)	0.039	10	4.8562	1.8217	0	0	0	0	0	4.8562	0	0	4.8952	0	genconf	ligand_centred	2026-09-24T09:16:13+08:00
arm	A0_null	vina	astex	1UNL_RRC	20260922	ok		1		vina	kcal/mol (empirical score, not a measured free energy)	0.031	10	6.2819	2.0863	0	0	0	0	0	6.2819	0	0	6.2819	0	genconf	ligand_centred	2026-09-24T09:16:11+08:00
arm	A0_null	vina	astex	1XM6_5RM	20260922	ok		1		vina	kcal/mol (empirical score, not a measured free energy)	0.02	10	6.5792	0.5791	0	0	0	0	0	6.5792	0	0	6.5792	0	genconf	ligand_centred	2026-09-24T09:16:13+08:00
arm	A0_null	vina	astex	1W1P_GIO	20260922	ok		1		vina	kcal/mol (empirical score, not a measured free energy)	0.009	10	1.4915	0.1583	0	1	0	0	0	1.4915	1	0	1.4915	0	genconf	ligand_centred	2026-09-24T09:16:12+08:00
arm	A0_null	vina	astex	1XOQ_ROF	20260922	ok		1		vina	kcal/mol (empirical score, not a measured free energy)	0.025	10	7.5371	1.6531	0	0	0	0	0	7.5371	0	0	7.5907	0	genconf	ligand_centred	2026-09-24T09:16:14+08:00
arm	A0_null	vina	astex	1YQY_915	20260922	ok		1		vina	kcal/mol (empirical score, not a measured free energy)	0.016	10	5.1144	1.2565	0	0	0	0	0	5.1144	0	0	5.1279	0	genconf	ligand_centred	2026-09-24T09:16:15+08:00
arm	A0_null	vina	astex	1Y6B_AAX	20260922	ok		1		vina	kcal/mol (empirical score, not a measured free energy)	0.014	10	5.5866	1.0483	0	0	0	0	0	5.5866	0	0	5.5887	0	genconf	ligand_centred	2026-09-24T09:16:15+08:00
arm	A0_null	vina	astex	1XOZ_CIA	20260922	ok		1		vina	kcal/mol (empirical score, not a measured free energy)	0.023	10	5.6773	1.2589	0	0	0	0	0	5.6773	0	0	5.6773	0	genconf	ligand_centred	2026-09-24T09:16:15+08:00
arm	A0_null	vina	astex	1U1C_BAU	20260922	ok		1		vina	kcal/mol (empirical score, not a measured free energy)	0.017	10	6.0077	1.3236	0	0	0	0	0	6.0077	0	0	6.0077	0	genconf	ligand_centred	2026-09-24T09:16:09+08:00
arm	A0_null	vina	astex	1Z95_198	20260922	ok		1		vina	kcal/mol (empirical score, not a measured free energy)	0.013	10	4.3478	2.1023	0	0	0	0	0	4.3478	0	0	4.4418	0	genconf	ligand_centred	2026-09-24T09:16:18+08:00
arm	A0_null	vina	astex	1YV3_BIT	20260922	ok		1		vina	kcal/mol (empirical score, not a measured free energy)	0.017	10	6.3745	0.1902	0	0	0	0	0	6.3745	0	0	6.4295	0	genconf	ligand_centred	2026-09-24T09:16:17+08:00
arm	A0_null	vina	astex	1YVF_PH7	20260922	ok		1		vina	kcal/mol (empirical score, not a measured free energy)	0.01	10	7.8281	1.9323	0	0	0	0	0	7.8281	0	0	7.8742	0	genconf	ligand_centred	2026-09-24T09:16:17+08:00
arm	A0_null	vina	astex	2BR1_PFP	20260922	ok		1		vina	kcal/mol (empirical score, not a measured free energy)	0.013	10	4.797	0.6278	0	0	0	0	0	4.797	0	0	4.797	0	genconf	ligand_centred	2026-09-24T09:16:18+08:00
arm	A0_null	vina	astex	2BSM_BSM	20260922	ok		1		vina	kcal/mol (empirical score, not a measured free energy)	0.018	10	6.7203	1.0592	0	0	0	0	0	6.7203	0	0	6.757	0	genconf	ligand_centred	2026-09-24T09:16:19+08:00
arm	A0_null	vina	astex	1HQ2_PH2	20260922	ok		1		vina	kcal/mol (empirical score, not a measured free energy)	17.957	10	2.5698	0.2056	0	0	0	0	0	2.5698	0	0	2.5698	0	genconf	ligand_centred	2026-09-24T09:16:23+08:00
arm	A0_null	vina	astex	1YGC_905	20260922	ok		1		vina	kcal/mol (empirical score, not a measured free energy)	0.033	10	5.6221	2.7337	0	0	0	0	0	5.6221	0	0	5.635	0	genconf	ligand_centred	2026-09-24T09:16:17+08:00
arm	A0_null	vina	astex	1GKC_NFH	20260922	ok		1		vina	kcal/mol (empirical score, not a measured free energy)	15.936	10	4.6246	1.6256	0	0	0	0	0	4.6246	0	0	4.6679	0	genconf	ligand_centred	2026-09-24T09:16:22+08:00
arm	A0_null	vina	astex	1YWR_LI9	20260922	ok		1		vina	kcal/mol (empirical score, not a measured free energy)	0.026	10	4.0011	1.679	0	0	0	0	0	4.0011	0	0	4.0011	0	genconf	ligand_centred	2026-09-24T09:16:18+08:00
arm	A0_null	vina	astex	1GPK_HUP	20260922	ok		1		vina	kcal/mol (empirical score, not a measured free energy)	17.985	10	2.5551	0.2032	0	0	0	0	0	2.5551	0	0	2.5551	0	genconf	ligand_centred	2026-09-24T09:16:23+08:00
arm	A0_null	vina	astex	1OF6_DTY	20260922	ok		1		vina	kcal/mol (empirical score, not a measured free energy)	0.02	10	3.1309	1.1052	0	0	0	0	0	3.1309	0	0	3.2236	0	genconf	ligand_centred	2026-09-24T09:15:57+08:00
arm	A0_null	vina	posebusters	5SB2_1K2	20260922	ok		1		vina	kcal/mol (empirical score, not a measured free energy)	28.906	10	4.9396	2.1316	0	0	0	0	0	4.9396	0	0	5.0074	0	genconf	ligand_centred	2026-09-24T09:16:24+08:00
arm	A0_null	vina	astex	2BM2_PM2	20260922	ok		1		vina	kcal/mol (empirical score, not a measured free energy)	0.021	10	9.0908	2.3599	0	0	0	0	0	9.0908	0	0	9.1337	0	genconf	ligand_centred	2026-09-24T09:16:18+08:00
arm	A0_null	vina	astex	1HWW_SWA	20260922	ok		1		vina	kcal/mol (empirical score, not a measured free energy)	17.674	10	0.7115	0.3672	0	1	1	0	0	0.7115	1	0	0.7115	0	genconf	ligand_centred	2026-09-24T09:16:23+08:00
arm	A0_null	vina	posebusters	6WTN_RXT	20260922	ok		1		vina	kcal/mol (empirical score, not a measured free energy)	0.026	10	4.7523	1.6405	0	0	0	0	0	4.7523	0	0	4.7907	0	genconf	ligand_centred	2026-09-24T09:16:27+08:00
arm	A0_null	vina	posebusters	6M73_FNR	20260922	ok		1		vina	kcal/mol (empirical score, not a measured free energy)	28.902	10	6.8615	2.197	0	0	0	0	0	6.8615	0	0	6.8615	0	genconf	ligand_centred	2026-09-24T09:16:26+08:00
arm	A0_null	vina	posebusters	5SIS_JSM	20260922	ok		1		vina	kcal/mol (empirical score, not a measured free energy)	28.926	10	10.3356	1.971	0	0	0	0	0	10.3356	0	0	10.3356	0	genconf	ligand_centred	2026-09-24T09:16:27+08:00
arm	A0_null	vina	astex	1HVY_D16	20260922	ok		1		vina	kcal/mol (empirical score, not a measured free energy)	15.77	10	5.4475	2.4832	0	0	0	0	0	5.4475	0	0	5.4703	0	genconf	ligand_centred	2026-09-24T09:16:19+08:00
arm	A0_null	vina	posebusters	6XBO_5MC	20260922	ok		1		vina	kcal/mol (empirical score, not a measured free energy)	0.033	10	5.8601	1.9553	0	0	0	0	0	5.8601	0	0	5.8601	0	genconf	ligand_centred	2026-09-24T09:16:28+08:00
arm	A0_null	vina	posebusters	6XG5_TOP	20260922	ok		1		vina	kcal/mol (empirical score, not a measured free energy)	0.022	10	4.1509	1.0679	0	0	0	0	0	4.1509	0	0	4.1509	0	genconf	ligand_centred	2026-09-24T09:16:29+08:00
arm	A0_null	vina	posebusters	6M2B_EZO	20260922	ok		1		vina	kcal/mol (empirical score, not a measured free energy)	28.947	10	3.4222	1.6941	0	0	0	0	0	3.4222	0	0	3.4222	0	genconf	ligand_centred	2026-09-24T09:16:29+08:00
arm	A0_null	vina	astex	1GM8_SOX	20260922	ok		1		vina	kcal/mol (empirical score, not a measured free energy)	20.187	10	5.5694	1.6762	0	0	0	0	0	5.5694	0	0	5.6396	0	genconf	ligand_centred	2026-09-24T09:16:24+08:00
arm	A0_null	vina	posebusters	6YQW_82I	20260922	ok		1		vina	kcal/mol (empirical score, not a measured free energy)	0.028	10	3.2522	0.052	0	0	0	0	0	3.2522	0	0	3.2522	0	genconf	ligand_centred	2026-09-24T09:16:31+08:00
arm	A0_null	vina	posebusters	5SAK_ZRY	20260922	ok		1		vina	kcal/mol (empirical score, not a measured free energy)	28.958	10	6.1149	1.0071	0	0	0	0	0	6.1149	0	0	6.1149	0	genconf	ligand_centred	2026-09-24T09:16:31+08:00
arm	A0_null	vina	posebusters	6YQV_8K2	20260922	ok		1		vina	kcal/mol (empirical score, not a measured free energy)	0.029	10	2.1041	1.1169	0	0	0	0	0	2.1041	0	0	2.3458	0	genconf	ligand_centred	2026-09-24T09:16:31+08:00
arm	A0_null	vina	posebusters	6XCT_478	20260922	ok		1		vina	kcal/mol (empirical score, not a measured free energy)	0.037	10	7.3941	2.7211	0	0	0	0	0	7.3941	0	0	7.4217	0	genconf	ligand_centred	2026-09-24T09:16:28+08:00
arm	A0_null	vina	posebusters	5SD5_HWI	20260922	ok		1		vina	kcal/mol (empirical score, not a measured free energy)	28.976	10	6.3438	2.2959	0	0	0	0	0	6.3438	0	0	6.3726	0	genconf	ligand_centred	2026-09-24T09:16:31+08:00
arm	A0_null	vina	posebusters	6TW5_9M2	20260922	ok		1		vina	kcal/mol (empirical score, not a measured free energy)	28.893	10	6.0288	1.5526	0	0	0	0	0	6.0288	0	0	6.0294	0	genconf	ligand_centred	2026-09-24T09:16:24+08:00
arm	A0_null	vina	astex	1HWI_115	20260922	ok		1		vina	kcal/mol (empirical score, not a measured free energy)	18.916	10	5.1342	2.5132	0	0	0	0	0	5.1342	0	0	5.1376	0	genconf	ligand_centred	2026-09-24T09:16:23+08:00
arm	A0_null	vina	posebusters	6XM9_V55	20260922	ok		1		vina	kcal/mol (empirical score, not a measured free energy)	0.031	10	3.6995	0.5132	1	0	0	0	0	3.6995	0	0	3.6995	0	genconf	ligand_centred	2026-09-24T09:16:31+08:00
arm	A0_null	vina	posebusters	6YRV_PJ8	20260922	ok		1		vina	kcal/mol (empirical score, not a measured free energy)	0.017	10	6.2863	1.9172	0	0	0	0	0	6.2863	0	0	6.2863	0	genconf	ligand_centred	2026-09-24T09:16:33+08:00
arm	A0_null	vina	posebusters	6Z0R_Q4H	20260922	ok		1		vina	kcal/mol (empirical score, not a measured free energy)	0.022	10	2.9018	0.0404	0	0	0	0	0	2.9018	0	0	2.9018	0	genconf	ligand_centred	2026-09-24T09:16:37+08:00
arm	A0_null	vina	posebusters	6T88_MWQ	20260922	ok		1		vina	kcal/mol (empirical score, not a measured free energy)	28.981	10	2.8254	1.1442	0	0	0	0	0	2.8254	0	0	2.8254	0	genconf	ligand_centred	2026-09-24T09:16:35+08:00
arm	A0_null	vina	posebusters	6YYO_Q1K	20260922	ok		1		vina	kcal/mol (empirical score, not a measured free energy)	0.02	10	5.521	0.931	0	0	0	0	0	5.521	0	0	5.5241	0	genconf	ligand_centred	2026-09-24T09:16:37+08:00
arm	A0_null	vina	posebusters	6VTA_AKN	20260922	ok		1		vina	kcal/mol (empirical score, not a measured free energy)	28.947	10	5.2373	2.5377	0	0	0	0	0	5.2373	0	0	5.2373	0	genconf	ligand_centred	2026-09-24T09:16:30+08:00
arm	A0_null	vina	posebusters	6ZC3_JOR	20260922	ok		1		vina	kcal/mol (empirical score, not a measured free energy)	0.01	10	3.5211	1.2986	0	0	0	0	0	3.5211	0	0	3.6399	0	genconf	ligand_centred	2026-09-24T09:16:39+08:00
arm	A0_null	vina	posebusters	7A9E_R4W	20260922	ok		1		vina	kcal/mol (empirical score, not a measured free energy)	0.006	10	1.885	0.7086	1	1	0	1	0	1.885	1	1	2.2534	1	genconf	ligand_centred	2026-09-24T09:16:39+08:00
arm	A0_null	vina	posebusters	6Z4N_Q7B	20260922	ok		1		vina	kcal/mol (empirical score, not a measured free energy)	0.013	10	6.1523	1.343	0	0	0	0	0	6.1523	0	0	6.2213	0	genconf	ligand_centred	2026-09-24T09:16:37+08:00
arm	A0_null	vina	posebusters	6Z2C_Q5E	20260922	ok		1		vina	kcal/mol (empirical score, not a measured free energy)	0.024	10	5.542	1.5254	0	0	0	0	0	5.542	0	0	5.5433	0	genconf	ligand_centred	2026-09-24T09:16:38+08:00
arm	A0_null	vina	posebusters	6Z1C_7EY	20260922	ok		1		vina	kcal/mol (empirical score, not a measured free energy)	0.036	10	4.8069	0.9093	0	0	0	0	0	4.8069	0	0	4.8635	0	genconf	ligand_centred	2026-09-24T09:16:40+08:00
arm	A0_null	vina	posebusters	6YMS_OZH	20260922	ok		1		vina	kcal/mol (empirical score, not a measured free energy)	0.034	10	3.8167	2.7168	0	0	0	0	0	3.8167	0	0	3.9429	0	genconf	ligand_centred	2026-09-24T09:16:35+08:00
arm	A0_null	vina	posebusters	6YJA_2BA	20260922	ok		1		vina	kcal/mol (empirical score, not a measured free energy)	0.057	10	7.2825	3.1194	0	0	0	0	0	7.2825	0	0	7.5546	0	genconf	ligand_centred	2026-09-24T09:16:36+08:00
arm	A0_null	vina	posebusters	6ZK5_IMH	20260922	ok		1		vina	kcal/mol (empirical score, not a measured free energy)	0.019	10	3.2695	1.7984	0	0	0	0	0	3.2695	0	0	3.2695	0	genconf	ligand_centred	2026-09-24T09:16:40+08:00
arm	A0_null	vina	posebusters	6ZAE_ACV	20260922	ok		1		vina	kcal/mol (empirical score, not a measured free energy)	0.017	10	5.1792	2.7281	0	0	0	0	0	5.1792	0	0	5.2607	0	genconf	ligand_centred	2026-09-24T09:16:39+08:00
arm	A0_null	vina	posebusters	6ZPB_3D1	20260922	ok		1		vina	kcal/mol (empirical score, not a measured free energy)	0.023	10	2.5481	0.9539	0	0	0	0	0	2.5481	0	0	2.5481	0	genconf	ligand_centred	2026-09-24T09:16:42+08:00
arm	A0_null	vina	posebusters	6XHT_V2V	20260922	ok		1		vina	kcal/mol (empirical score, not a measured free energy)	0.045	10	8.2712	3.1537	0	0	0	0	0	8.2712	0	0	8.2822	0	genconf	ligand_centred	2026-09-24T09:16:31+08:00
arm	A0_null	vina	posebusters	6TW7_NZB	20260922	ok		1		vina	kcal/mol (empirical score, not a measured free energy)	29.027	10	5.2823	1.4669	0	0	0	0	0	5.2823	0	0	5.3148	0	genconf	ligand_centred	2026-09-24T09:16:41+08:00
arm	A0_null	vina	posebusters	6YT6_PKE	20260922	ok		1		vina	kcal/mol (empirical score, not a measured free energy)	0.043	10	8.6529	2.9101	0	0	0	0	0	8.6529	0	0	8.6529	0	genconf	ligand_centred	2026-09-24T09:16:41+08:00
arm	A0_null	vina	posebusters	7A1P_QW2	20260922	ok		1		vina	kcal/mol (empirical score, not a measured free energy)	0.023	10	4.5897	1.4049	0	0	0	0	0	4.5897	0	0	4.6947	0	genconf	ligand_centred	2026-09-24T09:16:42+08:00
arm	A0_null	vina	posebusters	6Z14_Q4Z	20260922	ok		1		vina	kcal/mol (empirical score, not a measured free energy)	0.052	10	4.5871	1.388	0	0	0	0	0	4.5871	0	0	4.6242	0	genconf	ligand_centred	2026-09-24T09:16:43+08:00
arm	A0_null	vina	posebusters	7AKL_RK5	20260922	ok		1		vina	kcal/mol (empirical score, not a measured free energy)	0.014	10	1.8544	0.5261	0	1	0	0	0	1.8544	1	0	1.9698	0	genconf	ligand_centred	2026-09-24T09:16:45+08:00
arm	A0_null	vina	posebusters	7BCP_GCO	20260922	ok		1		vina	kcal/mol (empirical score, not a measured free energy)	0.007	10	2.8499	1.3769	0	0	0	0	0	2.8499	0	0	2.9237	0	genconf	ligand_centred	2026-09-24T09:16:45+08:00
arm	A0_null	vina	posebusters	6ZCY_QF8	20260922	ok		1		vina	kcal/mol (empirical score, not a measured free energy)	0.034	10	7.7053	3.7569	0	0	0	0	0	7.7053	0	0	7.7053	0	genconf	ligand_centred	2026-09-24T09:16:44+08:00
arm	A0_null	vina	posebusters	7BJJ_TVW	20260922	ok		1		vina	kcal/mol (empirical score, not a measured free energy)	0.019	10	2.1767	0.0858	0	0	0	0	0	2.1767	0	0	2.1767	0	genconf	ligand_centred	2026-09-24T09:16:47+08:00
arm	A0_null	vina	posebusters	7B94_ANP	20260922	ok		1		vina	kcal/mol (empirical score, not a measured free energy)	0.01	10	6.2264	2.3324	0	0	0	0	0	6.2264	0	0	6.2814	0	genconf	ligand_centred	2026-09-24T09:16:44+08:00
arm	A0_null	vina	posebusters	7BKA_4JC	20260922	ok		1		vina	kcal/mol (empirical score, not a measured free energy)	0.014	10	4.0461	0.7636	0	0	0	0	0	4.0461	0	0	4.0922	0	genconf	ligand_centred	2026-09-24T09:16:45+08:00
arm	A0_null	vina	posebusters	7AN5_RDH	20260922	ok		1		vina	kcal/mol (empirical score, not a measured free energy)	0.029	10	5.3544	1.4455	0	0	0	0	0	5.3544	0	0	5.3544	0	genconf	ligand_centred	2026-09-24T09:16:48+08:00
arm	A0_null	vina	posebusters	6YR2_T1C	20260922	ok		1		vina	kcal/mol (empirical score, not a measured free energy)	0.063	10	5.3267	1.0149	0	0	0	0	0	5.3267	0	0	5.3577	0	genconf	ligand_centred	2026-09-24T09:16:41+08:00
arm	A0_null	vina	posebusters	7C3U_AZG	20260922	ok		1		vina	kcal/mol (empirical score, not a measured free energy)	0.023	10	1.7758	0.0475	0	1	0	0	0	1.7758	1	0	1.7758	0	genconf	ligand_centred	2026-09-24T09:16:49+08:00
arm	A0_null	vina	posebusters	7BMI_U4B	20260922	ok		1		vina	kcal/mol (empirical score, not a measured free energy)	0.015	10	2.977	0.3914	0	0	0	0	0	2.977	0	0	2.98	0	genconf	ligand_centred	2026-09-24T09:16:47+08:00
arm	A0_null	vina	posebusters	7BNH_BEZ	20260922	ok		1		vina	kcal/mol (empirical score, not a measured free energy)	0.037	10	2.9925	0.0632	0	0	0	0	0	2.9925	0	0	3.0451	0	genconf	ligand_centred	2026-09-24T09:16:49+08:00
arm	A0_null	vina	posebusters	7AFX_R9K	20260922	ok		1		vina	kcal/mol (empirical score, not a measured free energy)	0.044	10	3.9949	1.5928	0	0	0	0	0	3.9949	0	0	3.9949	0	genconf	ligand_centred	2026-09-24T09:16:48+08:00
arm	A0_null	vina	posebusters	6YSP_PAL	20260922	ok		1		vina	kcal/mol (empirical score, not a measured free energy)	0.009	10	5.4798	1.1433	0	0	0	0	0	5.4798	0	0	5.6384	0	genconf	ligand_centred	2026-09-24T09:16:36+08:00
arm	A0_null	vina	posebusters	7CL8_TES	20260922	ok		1		vina	kcal/mol (empirical score, not a measured free energy)	0.018	10	5.5358	0.2944	0	0	0	0	0	5.5358	0	0	5.5358	0	genconf	ligand_centred	2026-09-24T09:16:49+08:00
arm	A0_null	vina	posebusters	7CTM_BDP	20260922	ok		1		vina	kcal/mol (empirical score, not a measured free energy)	0.02	10	3.566	0.4141	0	0	0	0	0	3.566	0	0	3.6196	0	genconf	ligand_centred	2026-09-24T09:16:50+08:00
arm	A0_null	vina	posebusters	7C8Q_DSG	20260922	ok		1		vina	kcal/mol (empirical score, not a measured free energy)	0.018	10	3.2543	1.2613	0	0	0	0	0	3.2543	0	0	3.274	0	genconf	ligand_centred	2026-09-24T09:16:48+08:00
arm	A0_null	vina	posebusters	7CIJ_G0C	20260922	ok		1		vina	kcal/mol (empirical score, not a measured free energy)	0.03	10	3.5114	1.3634	0	0	0	0	0	3.5114	0	0	3.5372	0	genconf	ligand_centred	2026-09-24T09:16:49+08:00
arm	A0_null	vina	posebusters	7E4L_MDN	20260922	ok		1		vina	kcal/mol (empirical score, not a measured free energy)	0.021	10	2.2786	0.2654	0	0	0	0	0	2.2786	0	0	3.4414	0	genconf	ligand_centred	2026-09-24T09:16:55+08:00
arm	A0_null	vina	posebusters	7DUA_HJ0	20260922	ok		1		vina	kcal/mol (empirical score, not a measured free energy)	0.017	10	3.4683	1.5834	0	0	0	0	0	3.4683	0	0	3.4683	0	genconf	ligand_centred	2026-09-24T09:16:54+08:00
arm	A0_null	vina	posebusters	7EBG_J0L	20260922	ok		1		vina	kcal/mol (empirical score, not a measured free energy)	0.007	10	4.1838	0.0827	0	0	0	0	0	4.1838	0	0	4.2441	0	genconf	ligand_centred	2026-09-24T09:16:53+08:00
arm	A0_null	vina	posebusters	7CUO_PHB	20260922	ok		1		vina	kcal/mol (empirical score, not a measured free energy)	0.027	10	2.1204	0.1444	0	0	0	0	0	2.1204	0	0	2.7315	0	genconf	ligand_centred	2026-09-24T09:16:56+08:00
arm	A0_null	vina	posebusters	7BTT_F8R	20260922	ok		1		vina	kcal/mol (empirical score, not a measured free energy)	0.054	10	7.2017	4.0768	0	0	0	0	0	7.2017	0	0	7.2282	0	genconf	ligand_centred	2026-09-24T09:16:53+08:00
arm	A0_null	vina	posebusters	7C0U_FGO	20260922	ok		1		vina	kcal/mol (empirical score, not a measured free energy)	0.037	10	9.1639	2.8368	0	0	0	0	0	9.1639	0	0	9.1779	0	genconf	ligand_centred	2026-09-24T09:16:50+08:00
arm	A0_null	vina	posebusters	7DQL_4CL	20260922	ok		1		vina	kcal/mol (empirical score, not a measured free energy)	0.035	10	3.0123	0.0191	0	0	0	0	0	3.0123	0	0	3.0123	0	genconf	ligand_centred	2026-09-24T09:16:57+08:00
arm	A0_null	vina	posebusters	7CNS_PMV	20260922	ok		1		vina	kcal/mol (empirical score, not a measured free energy)	0.049	10	5.7621	0.8814	0	0	0	0	0	5.7621	0	0	5.8462	0	genconf	ligand_centred	2026-09-24T09:16:57+08:00
arm	A0_null	vina	posebusters	7CD9_FVR	20260922	ok		1		vina	kcal/mol (empirical score, not a measured free energy)	0.035	10	9.4529	0.6565	0	0	0	0	0	9.4529	0	0	9.4572	0	genconf	ligand_centred	2026-09-24T09:16:51+08:00
arm	A0_null	vina	posebusters	7FB7_8NF	20260922	ok		1		vina	kcal/mol (empirical score, not a measured free energy)	0.01	10	1.6686	0.0542	0	1	0	0	0	1.6686	1	0	1.6686	0	genconf	ligand_centred	2026-09-24T09:16:58+08:00
arm	A0_null	vina	posebusters	7A9H_TPP	20260922	ok		1		vina	kcal/mol (empirical score, not a measured free energy)	0.012	10	5.2066	2.7796	0	0	0	0	0	5.2066	0	0	5.2086	0	genconf	ligand_centred	2026-09-24T09:16:42+08:00
arm	A0_null	vina	posebusters	7ES1_UDP	20260922	ok		1		vina	kcal/mol (empirical score, not a measured free energy)	0.032	10	4.6754	1.3135	0	0	0	0	0	4.6754	0	0	4.7179	0	genconf	ligand_centred	2026-09-24T09:16:58+08:00
arm	A0_null	vina	posebusters	7DKT_GLF	20260922	ok		1		vina	kcal/mol (empirical score, not a measured free energy)	0.047	10	3.2725	0.541	0	0	0	0	0	3.2725	0	0	3.2725	0	genconf	ligand_centred	2026-09-24T09:16:58+08:00
arm	A0_null	vina	posebusters	7JG0_GAR	20260922	ok		1		vina	kcal/mol (empirical score, not a measured free energy)	0.013	10	5.2745	2.1216	0	0	0	0	0	5.2745	0	0	5.3495	0	genconf	ligand_centred	2026-09-24T09:17:00+08:00
arm	A0_null	vina	posebusters	7ELT_TYM	20260922	ok		1		vina	kcal/mol (empirical score, not a measured free energy)	0.041	10	4.5682	3.8585	0	0	0	0	0	4.5682	0	0	4.5682	0	genconf	ligand_centred	2026-09-24T09:16:59+08:00
arm	A0_null	vina	posebusters	7JMV_4NC	20260922	ok		1		vina	kcal/mol (empirical score, not a measured free energy)	0.013	10	3.0588	0.1323	0	0	0	0	0	3.0588	0	0	3.1521	0	genconf	ligand_centred	2026-09-24T09:17:02+08:00
arm	A0_null	vina	posebusters	7D5C_GV6	20260922	ok		1		vina	kcal/mol (empirical score, not a measured free energy)	0.039	10	4.1615	2.1142	0	0	0	0	0	4.1615	0	0	4.1965	0	genconf	ligand_centred	2026-09-24T09:16:58+08:00
arm	A0_null	vina	posebusters	7F5D_EUO	20260922	ok		1		vina	kcal/mol (empirical score, not a measured free energy)	0.052	10	6.6372	1.6895	0	0	0	0	0	6.6372	0	0	6.6419	0	genconf	ligand_centred	2026-09-24T09:17:04+08:00
arm	A0_null	vina	posebusters	7FHA_ADX	20260922	ok		1		vina	kcal/mol (empirical score, not a measured free energy)	0.032	10	6.2596	2.3411	0	0	0	0	0	6.2596	0	0	6.2864	0	genconf	ligand_centred	2026-09-24T09:17:02+08:00
arm	A0_null	vina	posebusters	7ECR_SIN	20260922	ok		1		vina	kcal/mol (empirical score, not a measured free energy)	0.015	10	2.8143	0.957	0	0	0	0	0	2.8143	0	0	2.8477	0	genconf	ligand_centred	2026-09-24T09:16:57+08:00
arm	A0_null	vina	posebusters	7F8T_FAD	20260922	ok		1		vina	kcal/mol (empirical score, not a measured free energy)	0.036	10	10.4019	4.5711	0	0	0	0	0	10.4019	0	0	10.4147	0	genconf	ligand_centred	2026-09-24T09:17:00+08:00
arm	A0_null	vina	posebusters	7JHQ_VAJ	20260922	ok		1		vina	kcal/mol (empirical score, not a measured free energy)	0.02	10	4.5167	0.3923	0	0	0	0	0	4.5167	0	0	4.6332	0	genconf	ligand_centred	2026-09-24T09:17:03+08:00
arm	A0_null	vina	posebusters	7FT9_4MB	20260922	ok		1		vina	kcal/mol (empirical score, not a measured free energy)	0.046	10	4.2599	1.0108	0	0	0	0	0	4.2599	0	0	4.4485	0	genconf	ligand_centred	2026-09-24T09:17:06+08:00
arm	A0_null	vina	posebusters	7CNQ_G8X	20260922	ok		1		vina	kcal/mol (empirical score, not a measured free energy)	0.019	10	3.1624	0.3416	0	0	0	0	0	3.1624	0	0	3.1624	0	genconf	ligand_centred	2026-09-24T09:16:51+08:00
arm	A0_null	vina	posebusters	7JXX_VP7	20260922	ok		1		vina	kcal/mol (empirical score, not a measured free energy)	0.022	10	5.5184	0.8114	0	0	0	0	0	5.5184	0	0	5.5184	0	genconf	ligand_centred	2026-09-24T09:17:08+08:00
arm	A0_null	vina	posebusters	7ED2_A3P	20260922	ok		1		vina	kcal/mol (empirical score, not a measured free energy)	0.095	10	4.0388	1.9487	0	0	0	0	0	4.0388	0	0	4.0771	0	genconf	ligand_centred	2026-09-24T09:17:09+08:00
arm	A0_null	vina	posebusters	7EPV_FDA	20260922	ok		1		vina	kcal/mol (empirical score, not a measured free energy)	0.057	10	13.9285	3.2436	0	0	0	0	0	13.9285	0	0	13.9347	0	genconf	ligand_centred	2026-09-24T09:17:03+08:00
arm	A0_null	vina	posebusters	7KM8_WPD	20260922	ok		1		vina	kcal/mol (empirical score, not a measured free energy)	0.033	10	8.8423	3.0118	0	0	0	0	0	8.8423	0	0	8.8423	0	genconf	ligand_centred	2026-09-24T09:17:10+08:00
arm	A0_null	vina	posebusters	7KQU_YOF	20260922	ok		1		vina	kcal/mol (empirical score, not a measured free energy)	0.014	10	5.1033	1.342	0	0	0	0	0	5.1033	0	0	5.1033	0	genconf	ligand_centred	2026-09-24T09:17:12+08:00
arm	A0_null	vina	posebusters	7K0V_VQP	20260922	ok		1		vina	kcal/mol (empirical score, not a measured free energy)	0.021	10	7.0901	2.4687	0	0	0	0	0	7.0901	0	0	7.0966	0	genconf	ligand_centred	2026-09-24T09:17:07+08:00
arm	A0_null	vina	posebusters	7L03_F9F	20260922	ok		1		vina	kcal/mol (empirical score, not a measured free energy)	0.01	10	4.3093	1.0618	0	0	0	0	0	4.3093	0	0	4.4043	0	genconf	ligand_centred	2026-09-24T09:17:13+08:00
arm	A0_null	vina	posebusters	7KC5_BJZ	20260922	ok		1		vina	kcal/mol (empirical score, not a measured free energy)	0.028	10	6.3238	0.9988	0	0	0	0	0	6.3238	0	0	6.3431	0	genconf	ligand_centred	2026-09-24T09:17:09+08:00
arm	A0_null	vina	posebusters	7KZ9_XN7	20260922	ok		1		vina	kcal/mol (empirical score, not a measured free energy)	0.033	10	4.0498	1.485	0	0	0	0	0	4.0498	0	0	4.0498	0	genconf	ligand_centred	2026-09-24T09:17:13+08:00
arm	A0_null	vina	posebusters	7LEV_0JO	20260922	ok		1		vina	kcal/mol (empirical score, not a measured free energy)	0.028	10	4.665	1.4378	0	0	0	0	0	4.665	0	0	4.7527	0	genconf	ligand_centred	2026-09-24T09:17:15+08:00
arm	A0_null	vina	posebusters	7B2C_TP7	20260922	ok		1		vina	kcal/mol (empirical score, not a measured free energy)	0.023	10	5.565	1.9659	0	0	0	0	0	5.565	0	0	5.565	0	genconf	ligand_centred	2026-09-24T09:16:47+08:00
arm	A0_null	vina	posebusters	7JY3_VUD	20260922	ok		1		vina	kcal/mol (empirical score, not a measured free energy)	0.077	10	4.1952	2.5973	0	0	0	0	0	4.1952	0	0	4.1952	0	genconf	ligand_centred	2026-09-24T09:17:15+08:00
arm	A0_null	vina	posebusters	7F51_BA7	20260922	ok		1		vina	kcal/mol (empirical score, not a measured free energy)	0.13	10	6.0435	2.6812	0	0	0	0	0	6.0435	0	0	6.052	0	genconf	ligand_centred	2026-09-24T09:17:15+08:00
arm	A0_null	vina	posebusters	7LT0_ONJ	20260922	ok		1		vina	kcal/mol (empirical score, not a measured free energy)	0.015	10	7.8018	2.597	0	0	0	0	0	7.8018	0	0	7.8018	0	genconf	ligand_centred	2026-09-24T09:17:18+08:00
arm	A0_null	vina	posebusters	7L7C_XQ1	20260922	ok		1		vina	kcal/mol (empirical score, not a measured free energy)	0.059	10	6.5969	1.6225	0	0	0	0	0	6.5969	0	0	6.5969	0	genconf	ligand_centred	2026-09-24T09:17:19+08:00
arm	A0_null	vina	posebusters	7L00_XCJ	20260922	ok		1		vina	kcal/mol (empirical score, not a measured free energy)	0.035	10	9.5276	1.8678	0	0	0	0	0	9.5276	0	0	9.5409	0	genconf	ligand_centred	2026-09-24T09:17:14+08:00
arm	A0_null	vina	posebusters	7LOU_IFM	20260922	ok		1		vina	kcal/mol (empirical score, not a measured free energy)	0.017	10	3.8487	0.5867	0	0	0	0	0	3.8487	0	0	3.8487	0	genconf	ligand_centred	2026-09-24T09:17:16+08:00
arm	A0_null	vina	posebusters	7KB1_WBJ	20260922	ok		1		vina	kcal/mol (empirical score, not a measured free energy)	0.027	10	4.9035	0.8258	0	0	0	0	0	4.9035	0	0	4.9035	0	genconf	ligand_centred	2026-09-24T09:17:08+08:00
arm	A0_null	vina	posebusters	7LJN_GTP	20260922	ok		1		vina	kcal/mol (empirical score, not a measured free energy)	0.023	10	3.947	1.7927	0	0	0	0	0	3.947	0	0	3.9841	0	genconf	ligand_centred	2026-09-24T09:17:14+08:00
arm	A0_null	vina	posebusters	7LZD_YHY	20260922	ok		1		vina	kcal/mol (empirical score, not a measured free energy)	0.042	10	4.4456	1.9621	0	0	0	0	0	4.4456	0	0	4.4456	0	genconf	ligand_centred	2026-09-24T09:17:21+08:00
arm	A0_null	vina	posebusters	7MGT_ZD4	20260922	ok		1		vina	kcal/mol (empirical score, not a measured free energy)	0.027	10	5.0955	2.3311	0	0	0	0	0	5.0955	0	0	5.1408	0	genconf	ligand_centred	2026-09-24T09:17:21+08:00
arm	A0_null	vina	posebusters	7MOI_HPS	20260922	ok		1		vina	kcal/mol (empirical score, not a measured free energy)	0.017	10	3.2078	0.5159	0	0	0	0	0	3.2078	0	0	3.2951	0	genconf	ligand_centred	2026-09-24T09:17:25+08:00
arm	A0_null	vina	posebusters	7LMO_NYO	20260922	ok		1		vina	kcal/mol (empirical score, not a measured free energy)	0.051	10	7.3204	2.394	0	0	0	0	0	7.3204	0	0	7.3927	0	genconf	ligand_centred	2026-09-24T09:17:21+08:00
arm	A0_null	vina	posebusters	7LOE_Y84	20260922	ok		1		vina	kcal/mol (empirical score, not a measured free energy)	0.066	10	3.2941	0.0214	1	0	0	0	0	3.2941	0	0	3.2941	0	genconf	ligand_centred	2026-09-24T09:17:25+08:00
arm	A0_null	vina	posebusters	7MY1_IPE	20260922	ok		1		vina	kcal/mol (empirical score, not a measured free energy)	0.01	10	3.33	1.266	0	0	0	0	0	3.33	0	0	3.3734	0	genconf	ligand_centred	2026-09-24T09:17:26+08:00
arm	A0_null	vina	posebusters	7MWU_ZPM	20260922	ok		1		vina	kcal/mol (empirical score, not a measured free energy)	0.008	10	2.7743	0.1797	0	0	0	0	0	2.7743	0	0	2.7743	0	genconf	ligand_centred	2026-09-24T09:17:25+08:00
arm	A0_null	vina	posebusters	7M6K_YRJ	20260922	ok		1		vina	kcal/mol (empirical score, not a measured free energy)	0.018	10	5.2508	1.3525	0	0	0	0	0	5.2508	0	0	5.3148	0	genconf	ligand_centred	2026-09-24T09:17:20+08:00
arm	A0_null	vina	posebusters	7L5F_XNG	20260922	ok		1		vina	kcal/mol (empirical score, not a measured free energy)	0.089	10	3.8427	1.768	0	0	0	0	0	3.8427	0	0	3.8427	0	genconf	ligand_centred	2026-09-24T09:17:27+08:00
arm	A0_null	vina	posebusters	7D6O_MTE	20260922	ok		1		vina	kcal/mol (empirical score, not a measured free energy)	0.057	10	3.8578	1.4362	0	0	0	0	0	3.8578	0	0	3.8966	0	genconf	ligand_centred	2026-09-24T09:16:58+08:00
arm	A0_null	vina	posebusters	7LCU_XTA	20260922	ok		1		vina	kcal/mol (empirical score, not a measured free energy)	0.091	10	9.8157	1.692	0	0	0	0	0	9.8157	0	0	9.9316	0	genconf	ligand_centred	2026-09-24T09:17:25+08:00
arm	A0_null	vina	posebusters	7N4W_P4V	20260922	ok		1		vina	kcal/mol (empirical score, not a measured free energy)	0.027	10	3.8134	1.7803	0	0	0	0	0	3.8134	0	0	3.8134	0	genconf	ligand_centred	2026-09-24T09:17:30+08:00
arm	A0_null	vina	posebusters	7MYU_ZR7	20260922	ok		1		vina	kcal/mol (empirical score, not a measured free energy)	0.017	10	4.8723	0.7563	0	0	0	0	0	4.8723	0	0	4.8723	0	genconf	ligand_centred	2026-09-24T09:17:27+08:00
arm	A0_null	vina	posebusters	7MWN_WI5	20260922	ok		1		vina	kcal/mol (empirical score, not a measured free energy)	0.031	10	4.6629	2.441	0	0	0	0	0	4.6629	0	0	4.6629	0	genconf	ligand_centred	2026-09-24T09:17:29+08:00
arm	A0_null	vina	posebusters	7N7H_CTP	20260922	ok		1		vina	kcal/mol (empirical score, not a measured free energy)	0.019	10	6.889	2.0405	0	0	0	0	0	6.889	0	0	6.9286	0	genconf	ligand_centred	2026-09-24T09:17:33+08:00
arm	A0_null	vina	posebusters	7MGY_ZD1	20260922	ok		1		vina	kcal/mol (empirical score, not a measured free energy)	0.034	10	4.2902	1.2658	0	0	0	0	0	4.2902	0	0	4.2902	0	genconf	ligand_centred	2026-09-24T09:17:25+08:00
arm	A0_null	vina	posebusters	7M3H_YPV	20260922	ok		1		vina	kcal/mol (empirical score, not a measured free energy)	0.035	10	4.1706	1.156	0	0	0	0	0	4.1706	0	0	4.1815	0	genconf	ligand_centred	2026-09-24T09:17:21+08:00
arm	A0_null	vina	posebusters	7NGW_UAW	20260922	ok		1		vina	kcal/mol (empirical score, not a measured free energy)	0.016	10	2.4507	0.631	0	0	0	0	0	2.4507	0	0	2.6708	0	genconf	ligand_centred	2026-09-24T09:17:37+08:00
arm	A0_null	vina	posebusters	7NLV_UJE	20260922	ok		1		vina	kcal/mol (empirical score, not a measured free energy)	0.018	10	7.713	1.3466	0	0	0	0	0	7.713	0	0	7.713	0	genconf	ligand_centred	2026-09-24T09:17:37+08:00
arm	A0_null	vina	posebusters	7N03_ZRP	20260922	ok		1		vina	kcal/mol (empirical score, not a measured free energy)	0.044	10	6.0914	2.2167	0	0	0	0	0	6.0914	0	0	6.0962	0	genconf	ligand_centred	2026-09-24T09:17:37+08:00
arm	A0_null	vina	posebusters	7NSW_HC4	20260922	ok		1		vina	kcal/mol (empirical score, not a measured free energy)	0.014	10	3.3715	0.214	0	0	0	0	0	3.3715	0	0	3.5831	0	genconf	ligand_centred	2026-09-24T09:17:42+08:00
arm	A0_null	vina	posebusters	7NF3_4LU	20260922	ok		1		vina	kcal/mol (empirical score, not a measured free energy)	0.021	10	3.8653	1.3555	0	0	0	0	0	3.8653	0	0	3.9248	0	genconf	ligand_centred	2026-09-24T09:17:40+08:00
arm	A0_null	vina	posebusters	7KRU_ATP	20260922	ok		1		vina	kcal/mol (empirical score, not a measured free energy)	0.061	10	8.5712	2.8155	0	0	0	0	0	8.5712	0	0	8.6173	0	genconf	ligand_centred	2026-09-24T09:17:18+08:00
arm	A0_null	vina	posebusters	7N4N_0BK	20260922	ok		1		vina	kcal/mol (empirical score, not a measured free energy)	0.037	10	5.6189	2.4379	0	0	0	0	0	5.6189	0	0	5.6282	0	genconf	ligand_centred	2026-09-24T09:17:35+08:00
arm	A0_null	vina	posebusters	7N7B_T3F	20260922	ok		1		vina	kcal/mol (empirical score, not a measured free energy)	0.038	10	8.0427	2.0893	0	0	0	0	0	8.0427	0	0	8.0463	0	genconf	ligand_centred	2026-09-24T09:17:41+08:00
arm	A0_null	vina	posebusters	7MFP_Z7P	20260922	ok		1		vina	kcal/mol (empirical score, not a measured free energy)	0.077	10	7.0196	3.8382	0	0	0	0	0	7.0196	0	0	7.0498	0	genconf	ligand_centred	2026-09-24T09:17:30+08:00
arm	A0_null	vina	posebusters	7NPL_UKZ	20260922	ok		1		vina	kcal/mol (empirical score, not a measured free energy)	0.023	10	7.2777	2.3899	0	0	0	0	0	7.2777	0	0	7.2777	0	genconf	ligand_centred	2026-09-24T09:17:46+08:00
arm	A0_null	vina	posebusters	7NP6_UK8	20260922	ok		1		vina	kcal/mol (empirical score, not a measured free energy)	0.029	10	2.918	2.3195	0	0	0	0	0	2.918	0	0	3.0852	0	genconf	ligand_centred	2026-09-24T09:17:46+08:00
arm	A0_null	vina	posebusters	7MSR_DCA	20260922	ok		1		vina	kcal/mol (empirical score, not a measured free energy)	0.04	10	9.192	2.9357	0	0	0	0	0	9.192	0	0	9.2048	0	genconf	ligand_centred	2026-09-24T09:17:29+08:00
arm	A0_null	vina	posebusters	7O1T_5X8	20260922	ok		1		vina	kcal/mol (empirical score, not a measured free energy)	0.014	10	7.0041	1.2296	0	0	0	0	0	7.0041	0	0	7.0124	0	genconf	ligand_centred	2026-09-24T09:17:49+08:00
arm	A0_null	vina	posebusters	7NU0_DCL	20260922	ok		1		vina	kcal/mol (empirical score, not a measured free energy)	0.019	10	2.4587	0.8356	0	0	0	0	0	2.4587	0	0	2.5969	0	genconf	ligand_centred	2026-09-24T09:17:49+08:00
arm	A0_null	vina	posebusters	7FRX_O88	20260922	ok		1		vina	kcal/mol (empirical score, not a measured free energy)	0.014	10	4.0476	1.482	0	0	0	0	0	4.0476	0	0	4.0476	0	genconf	ligand_centred	2026-09-24T09:16:59+08:00
arm	A0_null	vina	posebusters	7NFB_GEN	20260922	ok		1		vina	kcal/mol (empirical score, not a measured free energy)	0.047	10	5.6645	0.2235	0	0	0	0	0	5.6645	0	0	5.6976	0	genconf	ligand_centred	2026-09-24T09:17:49+08:00
arm	A0_null	vina	posebusters	7N6F_0I1	20260922	ok		1		vina	kcal/mol (empirical score, not a measured free energy)	0.071	10	6.8194	1.9158	0	0	0	0	0	6.8194	0	0	6.9343	0	genconf	ligand_centred	2026-09-24T09:17:51+08:00
arm	A0_null	vina	posebusters	7O0N_CDP	20260922	ok		1		vina	kcal/mol (empirical score, not a measured free energy)	0.025	10	6.8076	2.0761	0	0	0	0	0	6.8076	0	0	6.8417	0	genconf	ligand_centred	2026-09-24T09:17:52+08:00
arm	A0_null	vina	posebusters	7NF0_BYN	20260922	ok		1		vina	kcal/mol (empirical score, not a measured free energy)	0.043	10	5.7937	1.616	0	0	0	0	0	5.7937	0	0	5.8381	0	genconf	ligand_centred	2026-09-24T09:17:46+08:00
arm	A0_null	vina	posebusters	7MMH_ZJY	20260922	ok		1		vina	kcal/mol (empirical score, not a measured free energy)	0.071	10	9.1436	2.5826	0	0	0	0	0	9.1436	0	0	9.1623	0	genconf	ligand_centred	2026-09-24T09:17:35+08:00
arm	A0_null	vina	posebusters	7OEO_V9Z	20260922	ok		1		vina	kcal/mol (empirical score, not a measured free energy)	0.026	10	4.9383	0.6963	0	0	0	0	0	4.9383	0	0	5.2958	0	genconf	ligand_centred	2026-09-24T09:17:54+08:00
arm	A0_null	vina	posebusters	7NR8_UOE	20260922	ok		1		vina	kcal/mol (empirical score, not a measured free energy)	0.025	10	8.2281	5.0496	0	0	0	0	0	8.2281	0	0	8.2491	0	genconf	ligand_centred	2026-09-24T09:17:49+08:00
arm	A0_null	vina	posebusters	7OSO_0V1	20260922	ok		1		vina	kcal/mol (empirical score, not a measured free energy)	0.023	10	3.1994	1.077	0	0	0	0	0	3.1994	0	0	3.1994	0	genconf	ligand_centred	2026-09-24T09:17:59+08:00
arm	A0_null	vina	posebusters	7OFK_VCH	20260922	ok		1		vina	kcal/mol (empirical score, not a measured free energy)	0.034	10	7.9557	1.1814	0	0	0	0	0	7.9557	0	0	8.0082	0	genconf	ligand_centred	2026-09-24T09:17:57+08:00
arm	A0_null	vina	posebusters	7OLI_8HG	20260922	ok		1		vina	kcal/mol (empirical score, not a measured free energy)	0.039	10	3.181	2.064	0	0	0	0	0	3.181	0	0	3.181	0	genconf	ligand_centred	2026-09-24T09:17:58+08:00
arm	A0_null	vina	posebusters	7P2I_MFU	20260922	ok		1		vina	kcal/mol (empirical score, not a measured free energy)	0.014	10	3.7437	0.3881	0	0	0	0	0	3.7437	0	0	3.7437	0	genconf	ligand_centred	2026-09-24T09:18:00+08:00
arm	A0_null	vina	posebusters	7OFF_VCB	20260922	ok		1		vina	kcal/mol (empirical score, not a measured free energy)	0.034	10	6.4495	0.4892	0	0	0	0	0	6.4495	0	0	6.4495	0	genconf	ligand_centred	2026-09-24T09:17:57+08:00
arm	A0_null	vina	posebusters	7ODY_DGI	20260922	ok		1		vina	kcal/mol (empirical score, not a measured free energy)	0.033	10	6.2619	2.3565	0	0	0	0	0	6.2619	0	0	6.2659	0	genconf	ligand_centred	2026-09-24T09:17:57+08:00
arm	A0_null	vina	posebusters	7NUT_GLP	20260922	ok		1		vina	kcal/mol (empirical score, not a measured free energy)	0.016	10	3.4913	0.9793	0	0	0	0	0	3.4913	0	0	3.5898	0	genconf	ligand_centred	2026-09-24T09:17:46+08:00
arm	A0_null	vina	posebusters	7P5T_5YG	20260922	ok		1		vina	kcal/mol (empirical score, not a measured free energy)	0.031	10	7.5932	1.09	0	0	0	0	0	7.5932	0	0	7.5932	0	genconf	ligand_centred	2026-09-24T09:18:01+08:00
arm	A0_null	vina	posebusters	7OZC_G6S	20260922	ok		1		vina	kcal/mol (empirical score, not a measured free energy)	0.043	10	4.9483	1.1452	0	0	0	0	0	4.9483	0	0	5.0491	0	genconf	ligand_centred	2026-09-24T09:18:01+08:00
arm	A0_null	vina	posebusters	7NXO_UU8	20260922	ok		1		vina	kcal/mol (empirical score, not a measured free energy)	0.056	10	7.5097	2.0063	0	0	0	0	0	7.5097	0	0	7.5367	0	genconf	ligand_centred	2026-09-24T09:17:59+08:00
arm	A0_null	vina	posebusters	7P1M_4IU	20260922	ok		1		vina	kcal/mol (empirical score, not a measured free energy)	0.05	10	4.9893	2.0979	0	0	0	0	0	4.9893	0	0	5.005	0	genconf	ligand_centred	2026-09-24T09:18:04+08:00
arm	A0_null	vina	posebusters	7OMX_CNA	20260922	ok		1		vina	kcal/mol (empirical score, not a measured free energy)	0.048	10	11.6557	2.7904	0	0	0	0	0	11.6557	0	0	11.6557	0	genconf	ligand_centred	2026-09-24T09:18:01+08:00
arm	A0_null	vina	posebusters	7OZ9_NGK	20260922	ok		1		vina	kcal/mol (empirical score, not a measured free energy)	0.039	10	4.6115	1.4625	0	0	0	0	0	4.6115	0	0	4.6247	0	genconf	ligand_centred	2026-09-24T09:18:01+08:00
arm	A0_null	vina	posebusters	7PIH_7QW	20260922	ok		1		vina	kcal/mol (empirical score, not a measured free energy)	0.029	10	3.4595	1.4917	0	0	0	0	0	3.4595	0	0	3.4595	0	genconf	ligand_centred	2026-09-24T09:18:02+08:00
arm	A0_null	vina	posebusters	7PGX_FMN	20260922	ok		1		vina	kcal/mol (empirical score, not a measured free energy)	0.039	10	8.2969	1.5541	0	0	0	0	0	8.2969	0	0	8.3214	0	genconf	ligand_centred	2026-09-24T09:18:04+08:00
arm	A0_null	vina	posebusters	7OPG_06N	20260922	ok		1		vina	kcal/mol (empirical score, not a measured free energy)	0.03	10	3.5491	0.9027	0	0	0	0	0	3.5491	0	0	3.5705	0	genconf	ligand_centred	2026-09-24T09:18:01+08:00
arm	A0_null	vina	posebusters	7P1F_KFN	20260922	ok		1		vina	kcal/mol (empirical score, not a measured free energy)	0.053	10	3.5422	0.5456	0	0	0	0	0	3.5422	0	0	3.584	0	genconf	ligand_centred	2026-09-24T09:18:04+08:00
arm	A0_null	vina	posebusters	7PJQ_OWH	20260922	ok		1		vina	kcal/mol (empirical score, not a measured free energy)	0.039	10	3.448	0.8976	0	0	0	0	0	3.448	0	0	3.448	0	genconf	ligand_centred	2026-09-24T09:18:06+08:00
arm	A0_null	vina	posebusters	7Q2B_M6H	20260922	ok		1		vina	kcal/mol (empirical score, not a measured free energy)	0.02	10	4.9747	0.6838	0	0	0	0	0	4.9747	0	0	5.2071	0	genconf	ligand_centred	2026-09-24T09:18:07+08:00
arm	A0_null	vina	posebusters	7PL1_SFG	20260922	ok		1		vina	kcal/mol (empirical score, not a measured free energy)	0.047	10	6.896	2.0415	0	0	0	0	0	6.896	0	0	6.9058	0	genconf	ligand_centred	2026-09-24T09:18:07+08:00
arm	A0_null	vina	posebusters	7PRI_7TI	20260922	ok		1		vina	kcal/mol (empirical score, not a measured free energy)	0.034	10	5.1146	0.881	0	0	0	0	0	5.1146	0	0	5.1146	0	genconf	ligand_centred	2026-09-24T09:18:07+08:00
arm	A0_null	vina	posebusters	7POM_7VZ	20260922	ok		1		vina	kcal/mol (empirical score, not a measured free energy)	0.03	10	6.3263	1.267	0	0	0	0	0	6.3263	0	0	6.3475	0	genconf	ligand_centred	2026-09-24T09:18:07+08:00
arm	A0_null	vina	posebusters	7PRM_81I	20260922	ok		1		vina	kcal/mol (empirical score, not a measured free energy)	0.044	10	2.4871	1.4441	0	0	0	0	0	2.4871	0	0	2.5571	0	genconf	ligand_centred	2026-09-24T09:18:10+08:00
arm	A0_null	vina	posebusters	7P4C_5OV	20260922	ok		1		vina	kcal/mol (empirical score, not a measured free energy)	0.019	10	1.5603	0.4931	0	1	0	0	0	1.5603	1	0	1.5603	0	genconf	ligand_centred	2026-09-24T09:18:01+08:00
arm	A0_null	vina	posebusters	7QE4_NGA	20260922	ok		1		vina	kcal/mol (empirical score, not a measured free energy)	0.01	10	3.6995	1.0141	0	0	0	0	0	3.6995	0	0	3.6995	0	genconf	ligand_centred	2026-09-24T09:18:08+08:00
arm	A0_null	vina	posebusters	7PUV_84Z	20260922	ok		1		vina	kcal/mol (empirical score, not a measured free energy)	0.044	10	5.7612	1.6032	0	0	0	0	0	5.7612	0	0	5.7612	0	genconf	ligand_centred	2026-09-24T09:18:15+08:00
arm	A0_null	vina	posebusters	7Q27_8KC	20260922	ok		1		vina	kcal/mol (empirical score, not a measured free energy)	0.026	10	6.1267	2.6993	0	0	0	0	0	6.1267	0	0	6.1416	0	genconf	ligand_centred	2026-09-24T09:18:09+08:00
arm	A0_null	vina	posebusters	7PK0_BYC	20260922	ok		1		vina	kcal/mol (empirical score, not a measured free energy)	0.056	10	7.3422	4.6741	0	0	0	0	0	7.3422	0	0	7.3956	0	genconf	ligand_centred	2026-09-24T09:18:07+08:00
arm	A0_null	vina	posebusters	7QPP_VDX	20260922	ok		1		vina	kcal/mol (empirical score, not a measured free energy)	0.016	10	8.5883	1.0371	0	0	0	0	0	8.5883	0	0	8.5883	0	genconf	ligand_centred	2026-09-24T09:18:18+08:00
arm	A0_null	vina	posebusters	7QTA_URI	20260922	ok		1		vina	kcal/mol (empirical score, not a measured free energy)	0.018	10	4.3444	0.9026	0	0	0	0	0	4.3444	0	0	4.3444	0	genconf	ligand_centred	2026-09-24T09:18:23+08:00
arm	A0_null	vina	posebusters	7QHL_D5P	20260922	ok		1		vina	kcal/mol (empirical score, not a measured free energy)	0.013	10	3.3977	2.3903	0	0	0	0	0	3.3977	0	0	3.3977	0	genconf	ligand_centred	2026-09-24T09:18:11+08:00
arm	A0_null	vina	posebusters	7QFM_AY3	20260922	ok		1		vina	kcal/mol (empirical score, not a measured free energy)	0.17	10	5.032	0.4128	0	0	0	0	0	5.032	0	0	5.0691	0	genconf	ligand_centred	2026-09-24T09:18:26+08:00
arm	A0_null	vina	posebusters	7QF4_RBF	20260922	ok		1		vina	kcal/mol (empirical score, not a measured free energy)	0.169	10	2.568	1.3737	0	0	0	0	0	2.568	0	0	2.568	0	genconf	ligand_centred	2026-09-24T09:18:26+08:00
arm	A0_null	vina	posebusters	7QGP_DJ8	20260922	ok		1		vina	kcal/mol (empirical score, not a measured free energy)	0.17	10	10.1723	1.5107	0	0	0	0	0	10.1723	0	0	10.1723	0	genconf	ligand_centred	2026-09-24T09:18:27+08:00
arm	A0_null	vina	posebusters	7R7R_AWJ	20260922	ok		1		vina	kcal/mol (empirical score, not a measured free energy)	0.145	10	7.4106	2.9141	0	0	0	0	0	7.4106	0	0	7.4106	0	genconf	ligand_centred	2026-09-24T09:18:28+08:00
arm	A0_null	vina	posebusters	7R59_I5F	20260922	ok		1		vina	kcal/mol (empirical score, not a measured free energy)	0.165	10	2.1307	0.063	1	0	0	0	0	2.1307	0	0	2.1307	0	genconf	ligand_centred	2026-09-24T09:18:35+08:00
arm	A0_null	vina	posebusters	7QHG_T3B	20260922	ok		1		vina	kcal/mol (empirical score, not a measured free energy)	0.168	10	7.0012	3.0598	0	0	0	0	0	7.0012	0	0	7.0986	0	genconf	ligand_centred	2026-09-24T09:18:27+08:00
arm	A0_null	vina	posebusters	7RH3_59O	20260922	ok		1		vina	kcal/mol (empirical score, not a measured free energy)	0.019	10	7.3007	1.4177	0	0	0	0	0	7.3007	0	0	7.3438	0	genconf	ligand_centred	2026-09-24T09:18:29+08:00
arm	A0_null	vina	posebusters	7RC3_SAH	20260922	ok		1		vina	kcal/mol (empirical score, not a measured free energy)	0.157	10	6.5499	2.606	0	0	0	0	0	6.5499	0	0	6.5704	0	genconf	ligand_centred	2026-09-24T09:18:33+08:00
arm	A0_null	vina	posebusters	7R9N_F97	20260922	ok		1		vina	kcal/mol (empirical score, not a measured free energy)	0.163	10	5.8163	2.5202	0	0	0	0	0	5.8163	0	0	5.8469	0	genconf	ligand_centred	2026-09-24T09:18:35+08:00
arm	A0_null	vina	posebusters	7ROU_66I	20260922	ok		1		vina	kcal/mol (empirical score, not a measured free energy)	0.023	10	7.6759	1.7138	0	0	0	0	0	7.6759	0	0	7.6808	0	genconf	ligand_centred	2026-09-24T09:18:37+08:00
arm	A0_null	vina	posebusters	7Q5I_I0F	20260922	ok		1		vina	kcal/mol (empirical score, not a measured free energy)	0.035	10	3.7004	1.7515	0	0	0	0	0	3.7004	0	0	3.733	0	genconf	ligand_centred	2026-09-24T09:18:18+08:00
arm	A0_null	vina	posebusters	7RKW_5TV	20260922	ok		1		vina	kcal/mol (empirical score, not a measured free energy)	0.035	10	3.7383	1.4744	0	0	0	0	0	3.7383	0	0	3.9945	0	genconf	ligand_centred	2026-09-24T09:18:44+08:00
arm	A0_null	vina	posebusters	7RZL_NPO	20260922	ok		1		vina	kcal/mol (empirical score, not a measured free energy)	0.015	10	2.9017	0.0475	0	0	0	0	0	2.9017	0	0	2.978	0	genconf	ligand_centred	2026-09-24T09:18:46+08:00
arm	A0_null	vina	posebusters	7OP9_06K	20260922	ok		1		vina	kcal/mol (empirical score, not a measured free energy)	0.02	10	2.8711	0.0599	0	0	0	0	0	2.8711	0	0	2.8711	0	genconf	ligand_centred	2026-09-24T09:17:58+08:00
arm	A0_null	vina	posebusters	7RSV_7IQ	20260922	ok		1		vina	kcal/mol (empirical score, not a measured free energy)	0.011	10	3.0269	1.5752	0	0	0	0	0	3.0269	0	0	3.0269	0	genconf	ligand_centred	2026-09-24T09:18:39+08:00
arm	A0_null	vina	posebusters	7SFO_98L	20260922	ok		1		vina	kcal/mol (empirical score, not a measured free energy)	0.021	10	4.1716	0.8819	0	0	0	0	0	4.1716	0	0	4.1988	0	genconf	ligand_centred	2026-09-24T09:18:47+08:00
arm	A0_null	vina	posebusters	7ROR_69X	20260922	ok		1		vina	kcal/mol (empirical score, not a measured free energy)	0.03	10	3.1604	1.8847	0	0	0	0	0	3.1604	0	0	3.1876	0	genconf	ligand_centred	2026-09-24T09:18:45+08:00
arm	A0_null	vina	posebusters	7SZA_DUI	20260922	ok		1		vina	kcal/mol (empirical score, not a measured free energy)	0.023	10	5.5123	0.3793	0	0	0	0	0	5.5123	0	0	5.5123	0	genconf	ligand_centred	2026-09-24T09:18:48+08:00
arm	A0_null	vina	posebusters	7SDD_4IP	20260922	ok		1		vina	kcal/mol (empirical score, not a measured free energy)	0.022	10	3.2185	1.6236	0	0	0	0	0	3.2185	0	0	4.2991	0	genconf	ligand_centred	2026-09-24T09:18:48+08:00
arm	A0_null	vina	posebusters	7PT3_3KK	20260922	ok		1		vina	kcal/mol (empirical score, not a measured free energy)	0.024	10	8.5204	2.908	0	0	0	0	0	8.5204	0	0	8.5708	0	genconf	ligand_centred	2026-09-24T09:18:07+08:00
arm	A0_null	vina	posebusters	7R3D_APR	20260922	ok		1		vina	kcal/mol (empirical score, not a measured free energy)	0.177	10	5.4335	2.5966	0	0	0	0	0	5.4335	0	0	5.4811	0	genconf	ligand_centred	2026-09-24T09:18:37+08:00
arm	A0_null	vina	posebusters	7T0D_FPP	20260922	ok		1		vina	kcal/mol (empirical score, not a measured free energy)	0.025	10	10.4341	1.6151	0	0	0	0	0	10.4341	0	0	10.4768	0	genconf	ligand_centred	2026-09-24T09:18:50+08:00
arm	A0_null	vina	posebusters	7R6J_2I7	20260922	ok		1		vina	kcal/mol (empirical score, not a measured free energy)	0.173	10	8.4876	2.5992	0	0	0	0	0	8.4876	0	0	8.4876	0	genconf	ligand_centred	2026-09-24T09:18:37+08:00
arm	A0_null	vina	posebusters	7SCW_GSP	20260922	ok		1		vina	kcal/mol (empirical score, not a measured free energy)	0.038	10	8.9532	1.4709	0	0	0	0	0	8.9532	0	0	8.9697	0	genconf	ligand_centred	2026-09-24T09:18:52+08:00
arm	A0_null	vina	posebusters	7TBU_S3P	20260922	ok		1		vina	kcal/mol (empirical score, not a measured free energy)	0.022	10	5.5523	0.5612	0	0	0	0	0	5.5523	0	0	5.674	0	genconf	ligand_centred	2026-09-24T09:18:53+08:00
arm	A0_null	vina	posebusters	7T1D_E7K	20260922	ok		1		vina	kcal/mol (empirical score, not a measured free energy)	0.03	10	10.4221	1.5014	0	0	0	0	0	10.4221	0	0	10.4375	0	genconf	ligand_centred	2026-09-24T09:18:52+08:00
arm	A0_null	vina	posebusters	7M31_TDR	20260922	ok		1		vina	kcal/mol (empirical score, not a measured free energy)	0.024	10	3.062	0.0638	0	0	0	0	0	3.062	0	0	3.062	0	genconf	ligand_centred	2026-09-24T09:17:21+08:00
arm	A0_null	vina	posebusters	7TE8_P0T	20260922	ok		1		vina	kcal/mol (empirical score, not a measured free energy)	0.023	10	4.4885	1.2647	0	0	0	0	0	4.4885	0	0	4.4885	0	genconf	ligand_centred	2026-09-24T09:18:58+08:00
arm	A0_null	vina	posebusters	7T3E_SLB	20260922	ok		1		vina	kcal/mol (empirical score, not a measured free energy)	0.016	10	4.3252	1.0531	0	0	0	0	0	4.3252	0	0	4.3252	0	genconf	ligand_centred	2026-09-24T09:18:52+08:00
arm	A0_null	vina	posebusters	7TM6_GPJ	20260922	ok		1		vina	kcal/mol (empirical score, not a measured free energy)	0.016	10	4.4071	0.6725	0	0	0	0	0	4.4071	0	0	4.4818	0	genconf	ligand_centred	2026-09-24T09:18:58+08:00
arm	A0_null	vina	posebusters	7THI_PGA	20260922	ok		1		vina	kcal/mol (empirical score, not a measured free energy)	0.012	10	3.2328	0.9425	0	0	0	0	0	3.2328	0	0	3.336	0	genconf	ligand_centred	2026-09-24T09:18:57+08:00
arm	A0_null	vina	posebusters	7SIU_9ID	20260922	ok		1		vina	kcal/mol (empirical score, not a measured free energy)	0.058	10	3.375	2.8554	0	0	0	0	0	3.375	0	0	3.375	0	genconf	ligand_centred	2026-09-24T09:19:01+08:00
arm	A0_null	vina	posebusters	7RNI_60I	20260922	ok		1		vina	kcal/mol (empirical score, not a measured free energy)	0.057	10	7.3187	1.3134	0	0	0	0	0	7.3187	0	0	7.3773	0	genconf	ligand_centred	2026-09-24T09:18:51+08:00
arm	A0_null	vina	posebusters	7TUO_KL9	20260922	ok		1		vina	kcal/mol (empirical score, not a measured free energy)	0.019	10	9.6009	1.0122	0	0	0	0	0	9.6009	0	0	9.6161	0	genconf	ligand_centred	2026-09-24T09:19:01+08:00
arm	A0_null	vina	posebusters	7TXK_LW8	20260922	ok		1		vina	kcal/mol (empirical score, not a measured free energy)	0.015	10	4.2724	1.2585	0	0	0	0	0	4.2724	0	0	4.3097	0	genconf	ligand_centred	2026-09-24T09:19:01+08:00
arm	A0_null	vina	posebusters	7RWS_4UR	20260922	ok		1		vina	kcal/mol (empirical score, not a measured free energy)	0.062	10	7.9318	1.9587	0	0	0	0	0	7.9318	0	0	7.9588	0	genconf	ligand_centred	2026-09-24T09:19:03+08:00
arm	A0_null	vina	posebusters	7TOM_5AD	20260922	ok		1		vina	kcal/mol (empirical score, not a measured free energy)	0.031	10	5.7364	1.3684	0	0	0	0	0	5.7364	0	0	5.7364	0	genconf	ligand_centred	2026-09-24T09:19:06+08:00
arm	A0_null	vina	posebusters	7TSF_H4B	20260922	ok		1		vina	kcal/mol (empirical score, not a measured free energy)	0.024	10	4.4082	1.2538	0	0	0	0	0	4.4082	0	0	4.4082	0	genconf	ligand_centred	2026-09-24T09:19:06+08:00
arm	A0_null	vina	posebusters	7TYP_KUR	20260922	ok		1		vina	kcal/mol (empirical score, not a measured free energy)	0.025	10	8.1915	1.3896	0	0	0	0	0	8.1915	0	0	8.1934	0	genconf	ligand_centred	2026-09-24T09:19:06+08:00
arm	A0_null	vina	posebusters	7TH4_FFO	20260922	ok		1		vina	kcal/mol (empirical score, not a measured free energy)	0.026	10	8.309	2.8146	0	0	0	0	0	8.309	0	0	8.3206	0	genconf	ligand_centred	2026-09-24T09:19:00+08:00
arm	A0_null	vina	posebusters	7TB0_UD1	20260922	ok		1		vina	kcal/mol (empirical score, not a measured free energy)	0.024	10	5.3346	2.3024	0	0	0	0	0	5.3346	0	0	5.3719	0	genconf	ligand_centred	2026-09-24T09:18:56+08:00
arm	A0_null	vina	posebusters	7UQ3_O2U	20260922	ok		1		vina	kcal/mol (empirical score, not a measured free energy)	0.014	10	1.9227	0.8944	0	1	0	0	0	1.9227	1	0	2.0309	1	genconf	ligand_centred	2026-09-24T09:19:11+08:00
arm	A0_null	vina	posebusters	7UAW_MF6	20260922	ok		1		vina	kcal/mol (empirical score, not a measured free energy)	0.017	10	4.3392	3.3157	0	0	0	0	0	4.3392	0	0	4.3449	0	genconf	ligand_centred	2026-09-24T09:19:09+08:00
arm	A0_null	vina	posebusters	7Q25_8J9	20260922	ok		1		vina	kcal/mol (empirical score, not a measured free energy)	0.055	10	3.2082	2.7732	0	0	0	0	0	3.2082	0	0	3.3525	0	genconf	ligand_centred	2026-09-24T09:18:23+08:00
arm	A0_null	vina	posebusters	7U3J_L6U	20260922	ok		1		vina	kcal/mol (empirical score, not a measured free energy)	0.023	10	8.1629	3.0392	0	0	0	0	0	8.1629	0	0	8.1919	0	genconf	ligand_centred	2026-09-24T09:19:08+08:00
arm	A0_null	vina	posebusters	7TS6_KMI	20260922	ok		1		vina	kcal/mol (empirical score, not a measured free energy)	0.017	10	5.7984	1.9246	0	0	0	0	0	5.7984	0	0	5.7984	0	genconf	ligand_centred	2026-09-24T09:18:58+08:00
arm	A0_null	vina	posebusters	7USH_82V	20260922	ok		1		vina	kcal/mol (empirical score, not a measured free energy)	0.033	10	6.1527	0.5351	0	0	0	0	0	6.1527	0	0	6.1527	0	genconf	ligand_centred	2026-09-24T09:19:15+08:00
arm	A0_null	vina	posebusters	7V3N_AKG	20260922	ok		1		vina	kcal/mol (empirical score, not a measured free energy)	0.025	10	2.9892	0.8951	0	0	0	0	0	2.9892	0	0	3.132	0	genconf	ligand_centred	2026-09-24T09:19:18+08:00
arm	A0_null	vina	posebusters	7UAS_MBU	20260922	ok		1		vina	kcal/mol (empirical score, not a measured free energy)	0.014	10	8.8897	2.6813	0	0	0	0	0	8.8897	0	0	8.9055	0	genconf	ligand_centred	2026-09-24T09:19:09+08:00
arm	A0_null	vina	posebusters	7ULC_56B	20260922	ok		1		vina	kcal/mol (empirical score, not a measured free energy)	0.029	10	5.4501	2.5166	0	0	0	0	0	5.4501	0	0	5.4755	0	genconf	ligand_centred	2026-09-24T09:19:14+08:00
arm	A0_null	vina	posebusters	7UY4_SMI	20260922	ok		1		vina	kcal/mol (empirical score, not a measured free energy)	0.018	10	5.4185	1.1728	0	0	0	0	0	5.4185	0	0	5.4358	0	genconf	ligand_centred	2026-09-24T09:19:15+08:00
arm	A0_null	vina	posebusters	7UXS_OJC	20260922	ok		1		vina	kcal/mol (empirical score, not a measured free energy)	0.035	10	7.926	1.1003	0	0	0	0	0	7.926	0	0	7.9562	0	genconf	ligand_centred	2026-09-24T09:19:16+08:00
arm	A0_null	vina	posebusters	7V14_ORU	20260922	ok		1		vina	kcal/mol (empirical score, not a measured free energy)	0.039	10	5.484	1.4123	0	0	0	0	0	5.484	0	0	5.4923	0	genconf	ligand_centred	2026-09-24T09:19:20+08:00
arm	A0_null	vina	posebusters	7UYB_OK0	20260922	ok		1		vina	kcal/mol (empirical score, not a measured free energy)	0.039	10	7.2019	0.4571	0	0	0	0	0	7.2019	0	0	7.2661	0	genconf	ligand_centred	2026-09-24T09:19:22+08:00
arm	A0_null	vina	posebusters	7V43_C4O	20260922	ok		1		vina	kcal/mol (empirical score, not a measured free energy)	0.019	10	3.5248	0.0413	1	0	0	0	0	3.5248	0	0	3.848	0	genconf	ligand_centred	2026-09-24T09:19:23+08:00
arm	A0_null	vina	posebusters	7VBU_6I4	20260922	ok		1		vina	kcal/mol (empirical score, not a measured free energy)	0.023	10	4.6433	0.3102	0	0	0	0	0	4.6433	0	0	4.6433	0	genconf	ligand_centred	2026-09-24T09:19:28+08:00
arm	A0_null	vina	posebusters	7UJF_R3V	20260922	ok		1		vina	kcal/mol (empirical score, not a measured free energy)	0.024	10	8.6318	2.151	0	0	0	0	0	8.6318	0	0	8.6568	0	genconf	ligand_centred	2026-09-24T09:19:13+08:00
arm	A0_null	vina	posebusters	7W06_ITN	20260922	ok		1		vina	kcal/mol (empirical score, not a measured free energy)	0.016	10	2.8455	0.1353	0	0	0	0	0	2.8455	0	0	2.98	0	genconf	ligand_centred	2026-09-24T09:19:32+08:00
arm	A0_null	vina	posebusters	7UMW_NAD	20260922	ok		1		vina	kcal/mol (empirical score, not a measured free energy)	0.05	10	10.5933	3.5451	0	0	0	0	0	10.5933	0	0	10.606	0	genconf	ligand_centred	2026-09-24T09:19:19+08:00
arm	A0_null	vina	posebusters	7VC5_9SF	20260922	ok		1		vina	kcal/mol (empirical score, not a measured free energy)	0.024	10	4.0275	1.4819	0	0	0	0	0	4.0275	0	0	4.0275	0	genconf	ligand_centred	2026-09-24T09:19:29+08:00
arm	A0_null	vina	posebusters	7VB8_STL	20260922	ok		1		vina	kcal/mol (empirical score, not a measured free energy)	0.03	10	6.0455	0.1723	0	0	0	0	0	6.0455	0	0	6.2848	0	genconf	ligand_centred	2026-09-24T09:19:30+08:00
arm	A0_null	vina	posebusters	7W05_GMP	20260922	ok		1		vina	kcal/mol (empirical score, not a measured free energy)	0.031	10	3.0643	2.0497	0	0	0	0	0	3.0643	0	0	3.0643	0	genconf	ligand_centred	2026-09-24T09:19:36+08:00
arm	A0_null	vina	posebusters	7WCF_ACP	20260922	ok		1		vina	kcal/mol (empirical score, not a measured free energy)	0.018	10	8.6034	2.2537	0	0	0	0	0	8.6034	0	0	8.6324	0	genconf	ligand_centred	2026-09-24T09:19:34+08:00
arm	A0_null	vina	posebusters	7UJ4_OQ4	20260922	ok		1		vina	kcal/mol (empirical score, not a measured free energy)	0.065	10	9.2517	2.4471	0	0	0	0	0	9.2517	0	0	9.2613	0	genconf	ligand_centred	2026-09-24T09:19:20+08:00
arm	A0_null	vina	posebusters	7UTW_NAI	20260922	ok		1		vina	kcal/mol (empirical score, not a measured free energy)	0.072	10	11.5722	3.222	0	0	0	0	0	11.5722	0	0	11.584	0	genconf	ligand_centred	2026-09-24T09:19:32+08:00
arm	A0_null	vina	posebusters	7WPW_F15	20260922	ok		1		vina	kcal/mol (empirical score, not a measured free energy)	0.015	10	5.3097	2.9885	0	0	0	0	0	5.3097	0	0	5.356	0	genconf	ligand_centred	2026-09-24T09:19:41+08:00
arm	A0_null	vina	posebusters	7VWF_K55	20260922	ok		1		vina	kcal/mol (empirical score, not a measured free energy)	0.034	10	6.8558	1.9903	0	0	0	0	0	6.8558	0	0	6.8799	0	genconf	ligand_centred	2026-09-24T09:19:34+08:00
arm	A0_null	vina	posebusters	7WJB_BGC	20260922	ok		1		vina	kcal/mol (empirical score, not a measured free energy)	0.024	10	2.7121	0.4981	0	0	0	0	0	2.7121	0	0	2.7121	0	genconf	ligand_centred	2026-09-24T09:19:40+08:00
arm	A0_null	vina	posebusters	7V3S_5I9	20260922	ok		1		vina	kcal/mol (empirical score, not a measured free energy)	0.069	10	6.8945	2.9427	0	0	0	0	0	6.8945	0	0	6.8948	0	genconf	ligand_centred	2026-09-24T09:19:39+08:00
arm	A0_null	vina	posebusters	7VYJ_CA0	20260922	ok		1		vina	kcal/mol (empirical score, not a measured free energy)	0.018	10	4.7121	3.0357	0	0	0	0	0	4.7121	0	0	4.7355	0	genconf	ligand_centred	2026-09-24T09:19:30+08:00
arm	A0_null	vina	posebusters	7VQ9_ISY	20260922	ok		1		vina	kcal/mol (empirical score, not a measured free energy)	0.084	10	5.089	1.2398	0	0	0	0	0	5.089	0	0	5.1945	0	genconf	ligand_centred	2026-09-24T09:19:47+08:00
arm	A0_null	vina	posebusters	7U0U_FK5	20260922	ok		1		vina	kcal/mol (empirical score, not a measured free energy)	0.039	10	5.8887	2.857	0	0	0	0	0	5.8887	0	0	5.8887	0	genconf	ligand_centred	2026-09-24T09:19:13+08:00
arm	A0_null	vina	posebusters	7WDT_NGS	20260922	ok		1		vina	kcal/mol (empirical score, not a measured free energy)	0.032	10	3.3507	1.2971	0	0	0	0	0	3.3507	0	0	3.3543	0	genconf	ligand_centred	2026-09-24T09:19:44+08:00
arm	A0_null	vina	posebusters	7XI7_4RI	20260922	ok		1		vina	kcal/mol (empirical score, not a measured free energy)	0.022	10	3.6168	0.7302	0	0	0	0	0	3.6168	0	0	3.6168	0	genconf	ligand_centred	2026-09-24T09:19:49+08:00
arm	A0_null	vina	posebusters	7WL4_JFU	20260922	ok		1		vina	kcal/mol (empirical score, not a measured free energy)	0.042	10	5.2298	2.729	0	0	0	0	0	5.2298	0	0	5.2298	0	genconf	ligand_centred	2026-09-24T09:19:46+08:00
arm	A0_null	vina	posebusters	7VKZ_NOJ	20260922	ok		1		vina	kcal/mol (empirical score, not a measured free energy)	0.047	10	1.5549	0.6666	0	1	0	0	0	1.5549	1	0	1.5549	0	genconf	ligand_centred	2026-09-24T09:19:36+08:00
arm	A0_null	vina	posebusters	7UJ5_DGL	20260922	ok		1		vina	kcal/mol (empirical score, not a measured free energy)	0.023	10	3.625	1.1294	0	0	0	0	0	3.625	0	0	3.6854	0	genconf	ligand_centred	2026-09-24T09:19:13+08:00
arm	A0_null	vina	posebusters	7X5N_5M5	20260922	ok		1		vina	kcal/mol (empirical score, not a measured free energy)	0.033	10	5.7467	2.7805	0	0	0	0	0	5.7467	0	0	5.7763	0	genconf	ligand_centred	2026-09-24T09:19:47+08:00
arm	A0_null	vina	posebusters	7X9K_8OG	20260922	ok		1		vina	kcal/mol (empirical score, not a measured free energy)	0.079	10	5.8371	0.505	0	0	0	0	0	5.8371	0	0	5.9015	0	genconf	ligand_centred	2026-09-24T09:19:53+08:00
arm	A0_null	vina	posebusters	7WQQ_5Z6	20260922	ok		1		vina	kcal/mol (empirical score, not a measured free energy)	0.067	10	3.4426	0.5482	0	0	0	0	0	3.4426	0	0	4.2543	0	genconf	ligand_centred	2026-09-24T09:19:51+08:00
arm	A0_null	vina	posebusters	7WKL_CAQ	20260922	ok		1		vina	kcal/mol (empirical score, not a measured free energy)	0.04	10	2.7315	0.0185	0	0	0	0	0	2.7315	0	0	2.7315	0	genconf	ligand_centred	2026-09-24T09:19:46+08:00
arm	A0_null	vina	posebusters	7Z1Q_NIO	20260922	ok		1		vina	kcal/mol (empirical score, not a measured free energy)	0.045	10	3.5086	0.0684	0	0	0	0	0	3.5086	0	0	3.5914	0	genconf	ligand_centred	2026-09-24T09:19:57+08:00
arm	A0_null	vina	posebusters	7XBV_APC	20260922	ok		1		vina	kcal/mol (empirical score, not a measured free energy)	0.055	10	8.5947	2.4043	0	0	0	0	0	8.5947	0	0	8.6466	0	genconf	ligand_centred	2026-09-24T09:19:53+08:00
arm	A0_null	vina	posebusters	7Z2O_IAJ	20260922	ok		1		vina	kcal/mol (empirical score, not a measured free energy)	0.045	10	4.9591	0.0778	0	0	0	0	0	4.9591	0	0	4.9591	0	genconf	ligand_centred	2026-09-24T09:19:57+08:00
arm	A0_null	vina	posebusters	7XG5_PLP	20260922	ok		1		vina	kcal/mol (empirical score, not a measured free energy)	0.066	10	3.3947	1.0686	0	0	0	0	0	3.3947	0	0	3.4431	0	genconf	ligand_centred	2026-09-24T09:19:56+08:00
arm	A0_null	vina	posebusters	7Z7F_IF3	20260922	ok		1		vina	kcal/mol (empirical score, not a measured free energy)	0.039	10	1.9364	0.3745	0	1	0	0	0	1.9364	1	0	1.9364	0	genconf	ligand_centred	2026-09-24T09:19:58+08:00
arm	A0_null	vina	posebusters	7YZU_DO7	20260922	ok		1		vina	kcal/mol (empirical score, not a measured free energy)	0.048	10	4.5645	1.0718	0	0	0	0	0	4.5645	0	0	4.594	0	genconf	ligand_centred	2026-09-24T09:19:57+08:00
arm	A0_null	vina	posebusters	7WUY_76N	20260922	ok		1		vina	kcal/mol (empirical score, not a measured free energy)	0.052	10	4.8709	2.3184	0	0	0	0	0	4.8709	0	0	4.8709	0	genconf	ligand_centred	2026-09-24T09:19:53+08:00
arm	A0_null	vina	posebusters	7ZTL_BCN	20260922	ok		1		vina	kcal/mol (empirical score, not a measured free energy)	0.031	10	1.5997	0.8221	0	1	0	0	0	1.5997	1	0	2.7965	1	genconf	ligand_centred	2026-09-24T09:19:59+08:00
arm	A0_null	vina	posebusters	7WY1_D0L	20260922	ok		1		vina	kcal/mol (empirical score, not a measured free energy)	0.047	10	8.2228	2.129	0	0	0	0	0	8.2228	0	0	8.2352	0	genconf	ligand_centred	2026-09-24T09:19:49+08:00
arm	A0_null	vina	posebusters	7ZHP_IQY	20260922	ok		1		vina	kcal/mol (empirical score, not a measured free energy)	0.038	10	6.0594	0.9145	0	0	0	0	0	6.0594	0	0	6.1135	0	genconf	ligand_centred	2026-09-24T09:19:59+08:00
arm	A0_null	vina	posebusters	7ZOC_T8E	20260922	ok		1		vina	kcal/mol (empirical score, not a measured free energy)	0.028	10	5.6045	0.9398	0	0	0	0	0	5.6045	0	0	5.6697	0	genconf	ligand_centred	2026-09-24T09:20:01+08:00
arm	A0_null	vina	posebusters	7XPO_UPG	20260922	ok		1		vina	kcal/mol (empirical score, not a measured free energy)	0.086	10	7.2525	1.9884	0	0	0	0	0	7.2525	0	0	7.2597	0	genconf	ligand_centred	2026-09-24T09:19:58+08:00
arm	A0_null	vina	posebusters	7ZL5_IWE	20260922	ok		1		vina	kcal/mol (empirical score, not a measured free energy)	0.033	10	4.9571	1.4954	0	0	0	0	0	4.9571	0	0	4.9714	0	genconf	ligand_centred	2026-09-24T09:20:02+08:00
arm	A0_null	vina	posebusters	7ZF0_DHR	20260922	ok		1		vina	kcal/mol (empirical score, not a measured free energy)	0.034	10	4.0358	0.1996	0	0	0	0	0	4.0358	0	0	4.1288	0	genconf	ligand_centred	2026-09-24T09:20:00+08:00
arm	A0_null	vina	posebusters	7XJN_NSD	20260922	ok		1		vina	kcal/mol (empirical score, not a measured free energy)	0.071	10	2.3465	0.6023	0	0	0	0	0	2.3465	0	0	2.3465	0	genconf	ligand_centred	2026-09-24T09:19:58+08:00
arm	A0_null	vina	posebusters	7XQZ_FPF	20260922	ok		1		vina	kcal/mol (empirical score, not a measured free energy)	0.085	10	7.6579	2.077	0	0	0	0	0	7.6579	0	0	7.682	0	genconf	ligand_centred	2026-09-24T09:20:03+08:00
arm	A0_null	vina	posebusters	8AAU_LH0	20260922	ok		1		vina	kcal/mol (empirical score, not a measured free energy)	0.03	10	5.2233	1.0138	0	0	0	0	0	5.2233	0	0	5.2455	0	genconf	ligand_centred	2026-09-24T09:20:04+08:00
arm	A0_null	vina	posebusters	7ZU2_DHT	20260922	ok		1		vina	kcal/mol (empirical score, not a measured free energy)	0.024	10	4.2164	0.0804	0	0	0	0	0	4.2164	0	0	4.2164	0	genconf	ligand_centred	2026-09-24T09:20:04+08:00
arm	A0_null	vina	posebusters	7WUX_6OI	20260922	ok		1		vina	kcal/mol (empirical score, not a measured free energy)	0.022	10	4.8468	1.4804	0	0	0	0	0	4.8468	0	0	4.9202	0	genconf	ligand_centred	2026-09-24T09:19:45+08:00
arm	A0_null	vina	posebusters	7XFA_D9J	20260922	ok		1		vina	kcal/mol (empirical score, not a measured free energy)	0.185	10	5.7068	1.7792	0	0	0	0	0	5.7068	0	0	5.7169	0	genconf	ligand_centred	2026-09-24T09:20:07+08:00
arm	A0_null	vina	posebusters	8AUH_L9I	20260922	ok		1		vina	kcal/mol (empirical score, not a measured free energy)	0.068	10	3.8378	0.5347	0	0	0	0	0	3.8378	0	0	3.8378	0	genconf	ligand_centred	2026-09-24T09:20:08+08:00
arm	A0_null	vina	posebusters	7XRL_FWK	20260922	ok		1		vina	kcal/mol (empirical score, not a measured free energy)	0.051	10	4.9294	0.2153	0	0	0	0	0	4.9294	0	0	4.9294	0	genconf	ligand_centred	2026-09-24T09:19:56+08:00
arm	A0_null	vina	posebusters	8A1H_DLZ	20260922	ok		1		vina	kcal/mol (empirical score, not a measured free energy)	0.031	10	4.8252	1.325	0	0	0	0	0	4.8252	0	0	4.8252	0	genconf	ligand_centred	2026-09-24T09:20:04+08:00
arm	A0_null	vina	posebusters	8BTI_RFO	20260922	ok		1		vina	kcal/mol (empirical score, not a measured free energy)	0.048	10	5.1153	1.0751	0	0	0	0	0	5.1153	0	0	5.1153	0	genconf	ligand_centred	2026-09-24T09:20:12+08:00
arm	A0_null	vina	posebusters	8AP0_PRP	20260922	ok		1		vina	kcal/mol (empirical score, not a measured free energy)	0.103	10	3.9855	1.8676	0	0	0	0	0	3.9855	0	0	4.1758	0	genconf	ligand_centred	2026-09-24T09:20:14+08:00
arm	A0_null	vina	posebusters	7ZZW_KKW	20260922	ok		1		vina	kcal/mol (empirical score, not a measured free energy)	0.06	10	4.9244	1.9209	0	0	0	0	0	4.9244	0	0	4.9244	0	genconf	ligand_centred	2026-09-24T09:20:07+08:00
arm	A0_null	vina	posebusters	7ZDY_6MJ	20260922	ok		1		vina	kcal/mol (empirical score, not a measured free energy)	0.028	10	2.4344	0.5679	0	0	0	0	0	2.4344	0	0	2.4344	0	genconf	ligand_centred	2026-09-24T09:20:03+08:00
arm	A0_null	vina	posebusters	8AY3_OE3	20260922	ok		1		vina	kcal/mol (empirical score, not a measured free energy)	0.089	10	4.3653	2.6455	0	0	0	0	0	4.3653	0	0	4.4098	0	genconf	ligand_centred	2026-09-24T09:20:15+08:00
arm	A0_null	vina	posebusters	8AEM_LVF	20260922	ok		1		vina	kcal/mol (empirical score, not a measured free energy)	0.146	10	4.6802	0.9643	0	0	0	0	0	4.6802	0	0	4.6802	0	genconf	ligand_centred	2026-09-24T09:20:21+08:00
arm	A0_null	vina	posebusters	8AIE_M7L	20260922	ok		1		vina	kcal/mol (empirical score, not a measured free energy)	0.116	10	4.6683	1.6128	0	0	0	0	0	4.6683	0	0	4.738	0	genconf	ligand_centred	2026-09-24T09:20:20+08:00
arm	A0_null	vina	posebusters	8C3N_ADP	20260922	ok		1		vina	kcal/mol (empirical score, not a measured free energy)	0.088	10	6.4587	1.4879	0	0	0	0	0	6.4587	0	0	6.4698	0	genconf	ligand_centred	2026-09-24T09:20:23+08:00
arm	A0_null	vina	posebusters	8BOM_QU6	20260922	ok		1		vina	kcal/mol (empirical score, not a measured free energy)	0.078	10	7.9808	3.7537	0	0	0	0	0	7.9808	0	0	7.9808	0	genconf	ligand_centred	2026-09-24T09:20:15+08:00
arm	A0_null	vina	posebusters	8C5M_MTA	20260922	ok		1		vina	kcal/mol (empirical score, not a measured free energy)	0.06	10	5.343	2.3605	0	0	0	0	0	5.343	0	0	5.343	0	genconf	ligand_centred	2026-09-24T09:20:23+08:00
arm	A0_null	vina	posebusters	8A2D_KXY	20260922	ok		1		vina	kcal/mol (empirical score, not a measured free energy)	0.11	10	8.1635	2.9338	0	0	0	0	0	8.1635	0	0	8.176	0	genconf	ligand_centred	2026-09-24T09:20:13+08:00
arm	A0_null	vina	posebusters	8D39_QDB	20260922	ok		1		vina	kcal/mol (empirical score, not a measured free energy)	0.042	10	5.8471	0.4252	0	0	0	0	0	5.8471	0	0	5.9964	0	genconf	ligand_centred	2026-09-24T09:20:27+08:00
arm	A0_null	vina	posebusters	8B8H_OJQ	20260922	ok		1		vina	kcal/mol (empirical score, not a measured free energy)	0.106	10	5.5696	1.5732	0	0	0	0	0	5.5696	0	0	5.5975	0	genconf	ligand_centred	2026-09-24T09:20:18+08:00
arm	A0_null	vina	posebusters	8DKO_TFB	20260922	ok		1		vina	kcal/mol (empirical score, not a measured free energy)	0.036	10	2.8866	0.1436	0	0	0	0	0	2.8866	0	0	2.8866	0	genconf	ligand_centred	2026-09-24T09:20:28+08:00
arm	A0_null	vina	posebusters	8AQL_PLG	20260922	ok		1		vina	kcal/mol (empirical score, not a measured free energy)	0.017	10	6.3454	1.2589	0	0	0	0	0	6.3454	0	0	6.4108	0	genconf	ligand_centred	2026-09-24T09:20:06+08:00
arm	A0_null	vina	posebusters	8DHG_T78	20260922	ok		1		vina	kcal/mol (empirical score, not a measured free energy)	0.043	10	4.2531	1.6778	0	0	0	0	0	4.2531	0	0	4.2754	0	genconf	ligand_centred	2026-09-24T09:20:30+08:00
arm	A0_null	vina	posebusters	8CNH_V6U	20260922	ok		1		vina	kcal/mol (empirical score, not a measured free energy)	0.062	10	4.8056	2.7517	0	0	0	0	0	4.8056	0	0	4.8056	0	genconf	ligand_centred	2026-09-24T09:20:27+08:00
arm	A0_null	vina	posebusters	8EX2_Q2Q	20260922	ok		1		vina	kcal/mol (empirical score, not a measured free energy)	0.028	10	6.7612	0.229	0	0	0	0	0	6.7612	0	0	6.837	0	genconf	ligand_centred	2026-09-24T09:20:32+08:00
arm	A0_null	vina	posebusters	8D19_GSH	20260922	ok		1		vina	kcal/mol (empirical score, not a measured free energy)	0.08	10	5.7809	1.5255	0	0	0	0	0	5.7809	0	0	5.7979	0	genconf	ligand_centred	2026-09-24T09:20:33+08:00
arm	A0_null	vina	posebusters	7ZXV_45D	20260922	ok		1		vina	kcal/mol (empirical score, not a measured free energy)	0.065	10	5.2803	1.653	0	0	0	0	0	5.2803	0	0	18.9855	0	genconf	ligand_centred	2026-09-24T09:20:07+08:00
arm	A0_null	vina	posebusters	8DSC_NCA	20260922	ok		1		vina	kcal/mol (empirical score, not a measured free energy)	0.055	10	1.5682	0.1585	0	1	0	0	0	1.5682	1	0	1.5682	0	genconf	ligand_centred	2026-09-24T09:20:33+08:00
arm	A0_null	vina	posebusters	8EAB_VN2	20260922	ok		1		vina	kcal/mol (empirical score, not a measured free energy)	0.038	10	6.3395	3.6731	0	0	0	0	0	6.3395	0	0	6.3764	0	genconf	ligand_centred	2026-09-24T09:20:34+08:00
arm	A0_null	vina	posebusters	8EYE_X4I	20260922	ok		1		vina	kcal/mol (empirical score, not a measured free energy)	0.048	10	5.7737	1.5384	0	0	0	0	0	5.7737	0	0	5.7737	0	genconf	ligand_centred	2026-09-24T09:20:35+08:00
arm	A0_null	vina	posebusters	8FAV_4Y5	20260922	ok		1		vina	kcal/mol (empirical score, not a measured free energy)	0.031	10	4.9504	1.1818	0	0	0	0	0	4.9504	0	0	4.9969	0	genconf	ligand_centred	2026-09-24T09:20:40+08:00
arm	A0_null	vina	posebusters	8CSD_C5P	20260922	ok		1		vina	kcal/mol (empirical score, not a measured free energy)	0.061	10	5.3622	1.9308	0	0	0	0	0	5.3622	0	0	5.4528	0	genconf	ligand_centred	2026-09-24T09:20:27+08:00
arm	A0_null	vina	posebusters	8G6P_API	20260922	ok		1		vina	kcal/mol (empirical score, not a measured free energy)	0.032	10	1.8319	1.5776	0	1	0	0	0	1.8319	1	0	1.8319	0	genconf	ligand_centred	2026-09-24T09:20:45+08:00
arm	A0_null	vina	posebusters	8DP2_UMA	20260922	ok		1		vina	kcal/mol (empirical score, not a measured free energy)	0.068	10	10.9242	3.037	0	0	0	0	0	10.9242	0	0	10.9307	0	genconf	ligand_centred	2026-09-24T09:20:35+08:00
arm	A0_null	vina	posebusters	8F8E_XJI	20260922	ok		1		vina	kcal/mol (empirical score, not a measured free energy)	0.036	10	6.8313	1.9222	0	0	0	0	0	6.8313	0	0	6.8313	0	genconf	ligand_centred	2026-09-24T09:20:42+08:00
arm	A0_null	vina	posebusters	7ZCC_OGA	20260922	ok		1		vina	kcal/mol (empirical score, not a measured free energy)	0.055	10	4.3841	0.724	0	0	0	0	0	4.3841	0	0	4.5807	0	genconf	ligand_centred	2026-09-24T09:19:59+08:00
arm	A0_null	vina	posebusters	8FO5_Y4U	20260922	ok		1		vina	kcal/mol (empirical score, not a measured free energy)	0.025	10	3.4052	1.4778	0	0	0	0	0	3.4052	0	0	3.5301	0	genconf	ligand_centred	2026-09-24T09:20:42+08:00
arm	A0_null	vina	posebusters	8HFN_XGC	20260922	ok		1		vina	kcal/mol (empirical score, not a measured free energy)	0.023	10	8.0509	1.3769	0	0	0	0	0	8.0509	0	0	8.0509	0	genconf	ligand_centred	2026-09-24T09:20:46+08:00
arm	A0_null	vina	posebusters	8GFD_ZHR	20260922	ok		1		vina	kcal/mol (empirical score, not a measured free energy)	0.018	10	3.7744	2.442	0	0	0	0	0	3.7744	0	0	3.7744	0	genconf	ligand_centred	2026-09-24T09:20:46+08:00
arm	A0_null	vina	posebusters	8FLV_ZB9	20260922	ok		1		vina	kcal/mol (empirical score, not a measured free energy)	0.047	10	3.5752	2.5979	0	0	0	0	0	3.5752	0	0	3.8949	0	genconf	ligand_centred	2026-09-24T09:20:47+08:00
arm	A0_null	vina	posebusters	8HO0_3ZI	20260922	ok		1		vina	kcal/mol (empirical score, not a measured free energy)	0.02	10	7.0693	1.9108	0	0	0	0	0	7.0693	0	0	7.0693	0	genconf	ligand_centred	2026-09-24T09:20:47+08:00
arm	A0_null	vina	posebusters	8D5D_5DK	20260922	ok		1		vina	kcal/mol (empirical score, not a measured free energy)	0.053	10	4.8402	2.0848	0	0	0	0	0	4.8402	0	0	4.8654	0	genconf	ligand_centred	2026-09-24T09:20:28+08:00
arm	A0_null	vina	posebusters	8SLG_G5A	20260922	ok		1		vina	kcal/mol (empirical score, not a measured free energy)	0.016	10	3.2451	1.7796	0	0	0	0	0	3.2451	0	0	3.2451	0	genconf	ligand_centred	2026-09-24T09:20:49+08:00
arm	A0_null	vina	posebusters	8EXL_799	20260922	ok		1		vina	kcal/mol (empirical score, not a measured free energy)	0.073	10	7.4557	2.0528	0	0	0	0	0	7.4557	0	0	7.4784	0	genconf	ligand_centred	2026-09-24T09:20:47+08:00
arm	A1_refconf_refbox	gnina	astex	1HQ2_PH2	20260922	ok		5	-9.53	gnina_cnn:rescore:crossdock_default2018	kcal/mol (empirical score, not a measured free energy)	30.49	4	0.2935	0.1741	1	1	1	1	1	0.2935	1	1	0.2935	0	refconf	ligand_centred	2026-09-24T09:21:00+08:00
arm	A1_refconf_refbox	gnina	astex	1GPK_HUP	20260922	ok		5	-10.27	gnina_cnn:rescore:crossdock_default2018	kcal/mol (empirical score, not a measured free energy)	21.67	4	3.5051	0.0004	1	0	0	0	0	0.2373	1	1	3.5051	0	refconf	ligand_centred	2026-09-24T09:20:51+08:00
arm	A1_refconf_refbox	gnina	astex	1GKC_NFH	20260922	ok		5	-6.69	gnina_cnn:rescore:crossdock_default2018	kcal/mol (empirical score, not a measured free energy)	70.9	4	1.3101	1.2325	1	1	0	1	0	0.9143	1	1	1.4212	0	refconf	ligand_centred	2026-09-24T09:20:57+08:00
arm	A1_refconf_refbox	gnina	astex	1HNN_SKF	20260922	ok		5	-9.04	gnina_cnn:rescore:crossdock_default2018	kcal/mol (empirical score, not a measured free energy)	23.47	4	0.9501	0.9281	1	1	1	1	1	0.9501	1	1	1.078	0	refconf	ligand_centred	2026-09-24T09:20:53+08:00
arm	A1_refconf_refbox	gnina	astex	1HP0_AD3	20260922	ok		5	-10.21	gnina_cnn:rescore:crossdock_default2018	kcal/mol (empirical score, not a measured free energy)	45.66	4	0.5777	0.0974	1	1	1	1	1	0.5777	1	1	0.5777	0	refconf	ligand_centred	2026-09-24T09:21:00+08:00
arm	A0_null	vina	posebusters	8G0V_YHT	20260922	ok		1		vina	kcal/mol (empirical score, not a measured free energy)	0.04	10	4.5434	2.3194	0	0	0	0	0	4.5434	0	0	4.5434	0	genconf	ligand_centred	2026-09-24T09:20:47+08:00
arm	A1_refconf_refbox	gnina	astex	1G9V_RQ3	20260922	ok		5	-6.36	gnina_cnn:rescore:crossdock_default2018	kcal/mol (empirical score, not a measured free energy)	61.39	4	12.1265	1.6819	1	0	0	0	0	6.5008	0	0	12.1562	0	refconf	ligand_centred	2026-09-24T09:20:55+08:00
arm	A1_refconf_refbox	gnina	astex	1IA1_TQ3	20260922	ok		5	-9.52	gnina_cnn:rescore:crossdock_default2018	kcal/mol (empirical score, not a measured free energy)	30.68	4	0.2659	0.0826	1	1	1	1	1	0.2659	1	1	1.1579	0	refconf	ligand_centred	2026-09-24T09:21:10+08:00
arm	A1_refconf_refbox	gnina	astex	1GM8_SOX	20260922	ok		5	-8.92	gnina_cnn:rescore:crossdock_default2018	kcal/mol (empirical score, not a measured free energy)	47.64	4	3.1928	1.6629	1	0	0	0	0	2.0663	0	0	3.1928	0	refconf	ligand_centred	2026-09-24T09:20:54+08:00
arm	A1_refconf_refbox	gnina	astex	1IG3_VIB	20260922	ok		5	-8.02	gnina_cnn:rescore:crossdock_default2018	kcal/mol (empirical score, not a measured free energy)	35.28	4	1.0298	0.9072	1	1	0	1	0	1.0298	1	1	1.0298	0	refconf	ligand_centred	2026-09-24T09:21:11+08:00
arm	A1_refconf_refbox	gnina	astex	1JD0_AZM	20260922	ok		5	-5.77	gnina_cnn:rescore:crossdock_default2018	kcal/mol (empirical score, not a measured free energy)	31.83	4	0.3656	0.184	0	1	1	0	0	0.3656	1	0	0.3656	0	refconf	ligand_centred	2026-09-24T09:21:14+08:00
arm	A1_refconf_refbox	gnina	astex	1KE5_LS1	20260922	ok		5	-9.53	gnina_cnn:rescore:crossdock_default2018	kcal/mol (empirical score, not a measured free energy)	37.85	4	0.4704	0.4245	1	1	1	1	1	0.4704	1	1	1.1306	0	refconf	ligand_centred	2026-09-24T09:21:20+08:00
arm	A1_refconf_refbox	gnina	astex	1JJE_BYS	20260922	ok		5	-9.35	gnina_cnn:rescore:crossdock_default2018	kcal/mol (empirical score, not a measured free energy)	71.39	4	7.8593	0.7461	1	0	0	0	0	0.4881	1	1	7.9596	0	refconf	ligand_centred	2026-09-24T09:21:18+08:00
arm	A1_refconf_refbox	gnina	astex	1HWW_SWA	20260922	ok		5	-7.36	gnina_cnn:rescore:crossdock_default2018	kcal/mol (empirical score, not a measured free energy)	20.33	4	0.4254	0.0006	1	1	1	1	1	0.4254	1	1	0.4254	0	refconf	ligand_centred	2026-09-24T09:21:06+08:00
arm	A1_refconf_refbox	gnina	astex	1K3U_IAD	20260922	ok		5	-10.23	gnina_cnn:rescore:crossdock_default2018	kcal/mol (empirical score, not a measured free energy)	56.28	4	0.7669	0.678	1	1	1	1	1	0.7669	1	1	1.0094	0	refconf	ligand_centred	2026-09-24T09:21:23+08:00
arm	A1_refconf_refbox	gnina	astex	1L2S_STC	20260922	ok		5	-7.86	gnina_cnn:rescore:crossdock_default2018	kcal/mol (empirical score, not a measured free energy)	50.99	4	0.6846	0.4112	1	1	1	1	1	0.6846	1	1	0.6846	0	refconf	ligand_centred	2026-09-24T09:21:26+08:00
arm	A1_refconf_refbox	gnina	astex	1L7F_BCZ	20260922	ok		5	-8.65	gnina_cnn:rescore:crossdock_default2018	kcal/mol (empirical score, not a measured free energy)	68.91	4	0.3683	0.2671	1	1	1	1	1	0.3683	1	1	0.3683	0	refconf	ligand_centred	2026-09-24T09:21:29+08:00
arm	A1_refconf_refbox	gnina	astex	1J3J_CP6	20260922	ok		5	-9.35	gnina_cnn:rescore:crossdock_default2018	kcal/mol (empirical score, not a measured free energy)	40.87	4	0.3367	0.0662	1	1	1	1	1	0.3367	1	1	1.2278	0	refconf	ligand_centred	2026-09-24T09:21:11+08:00
arm	A1_refconf_refbox	gnina	astex	1LRH_NLA	20260922	ok		5	-8.14	gnina_cnn:rescore:crossdock_default2018	kcal/mol (empirical score, not a measured free energy)	19.38	4	0.5741	0.3893	1	1	1	1	1	0.5741	1	1	0.5741	0	refconf	ligand_centred	2026-09-24T09:21:28+08:00
arm	A1_refconf_refbox	gnina	astex	1JLA_TNK	20260922	ok		5	-11.76	gnina_cnn:rescore:crossdock_default2018	kcal/mol (empirical score, not a measured free energy)	90.69	4	0.4709	0.3737	1	1	1	1	1	0.4709	1	1	0.8469	0	refconf	ligand_centred	2026-09-24T09:21:24+08:00
arm	A1_refconf_refbox	gnina	astex	1MEH_MOA	20260922	ok		5	-7.7	gnina_cnn:rescore:crossdock_default2018	kcal/mol (empirical score, not a measured free energy)	51.4	4	2.5833	1.786	1	0	0	0	0	1.3209	1	1	2.6433	0	refconf	ligand_centred	2026-09-24T09:21:39+08:00
arm	A1_refconf_refbox	gnina	astex	1LPZ_CMB	20260922	ok		5	-10.93	gnina_cnn:rescore:crossdock_default2018	kcal/mol (empirical score, not a measured free energy)	101.05	4	0.4602	0.3285	1	1	1	1	1	0.4602	1	1	1.6835	0	refconf	ligand_centred	2026-09-24T09:21:37+08:00
arm	A1_refconf_refbox	gnina	astex	1M2Z_DEX	20260922	ok		5	-13.28	gnina_cnn:rescore:crossdock_default2018	kcal/mol (empirical score, not a measured free energy)	45.63	4	0.5961	0.5705	1	1	1	1	1	0.5961	1	1	0.5961	0	refconf	ligand_centred	2026-09-24T09:21:32+08:00
arm	A1_refconf_refbox	gnina	astex	1HVY_D16	20260922	ok		5	-10.02	gnina_cnn:rescore:crossdock_default2018	kcal/mol (empirical score, not a measured free energy)	135.5	4	3.266	2.2564	1	0	0	0	0	2.6329	0	0	3.266	0	refconf	ligand_centred	2026-09-24T09:21:16+08:00
arm	A0_null	vina	posebusters	7SUC_COM	20260922	ok		1		vina	kcal/mol (empirical score, not a measured free energy)	0.006	10	2.7843	0.6959	0	0	0	0	0	2.7843	0	0	2.8621	0	genconf	ligand_centred	2026-09-24T09:18:45+08:00
arm	A1_refconf_refbox	gnina	astex	1N2J_PAF	20260922	ok		5	-4.69	gnina_cnn:rescore:crossdock_default2018	kcal/mol (empirical score, not a measured free energy)	22.5	4	1.8286	1.521	1	1	0	1	0	0.8826	1	1	2.0903	1	refconf	ligand_centred	2026-09-24T09:21:43+08:00
arm	A1_refconf_refbox	gnina	astex	1N2V_BDI	20260922	ok		5	-6.87	gnina_cnn:rescore:crossdock_default2018	kcal/mol (empirical score, not a measured free energy)	30.97	4	2.1326	1.1579	1	0	0	0	0	2.0062	0	0	3.3191	0	refconf	ligand_centred	2026-09-24T09:21:47+08:00
arm	A1_refconf_refbox	gnina	astex	1NAV_IH5	20260922	ok		5	-10.81	gnina_cnn:rescore:crossdock_default2018	kcal/mol (empirical score, not a measured free energy)	85.72	4	0.7122	0.6079	1	1	1	1	1	0.7122	1	1	1.0281	0	refconf	ligand_centred	2026-09-24T09:21:51+08:00
arm	A1_refconf_refbox	gnina	astex	1OF1_SCT	20260922	ok		5	-9.56	gnina_cnn:rescore:crossdock_default2018	kcal/mol (empirical score, not a measured free energy)	31.47	4	0.401	0.3734	1	1	1	1	1	0.401	1	1	0.401	0	refconf	ligand_centred	2026-09-24T09:21:47+08:00
arm	A1_refconf_refbox	gnina	astex	1KZK_JE2	20260922	ok		5	-12.53	gnina_cnn:rescore:crossdock_default2018	kcal/mol (empirical score, not a measured free energy)	213.39	4	0.2997	0.194	1	1	1	1	1	0.2997	1	1	0.8128	0	refconf	ligand_centred	2026-09-24T09:21:47+08:00
arm	A1_refconf_refbox	gnina	astex	1N46_PFA	20260922	ok		5	-12.3	gnina_cnn:rescore:crossdock_default2018	kcal/mol (empirical score, not a measured free energy)	102.06	4	0.5205	0.4054	1	1	1	1	1	0.4428	1	1	1.8658	0	refconf	ligand_centred	2026-09-24T09:21:52+08:00
arm	A1_refconf_refbox	gnina	astex	1OWE_675	20260922	ok		5	-7.97	gnina_cnn:rescore:crossdock_default2018	kcal/mol (empirical score, not a measured free energy)	36.93	4	1.7602	0.8219	1	1	0	1	0	1.3216	1	1	1.8956	0	refconf	ligand_centred	2026-09-24T09:21:57+08:00
arm	A1_refconf_refbox	gnina	astex	1MMV_3AR	20260922	ok		5	-7.33	gnina_cnn:rescore:crossdock_default2018	kcal/mol (empirical score, not a measured free energy)	56.78	4	2.0001	1.5355	1	0	0	0	0	2.0001	0	0	2.0626	0	refconf	ligand_centred	2026-09-24T09:21:45+08:00
arm	A1_refconf_refbox	gnina	astex	1OPK_P16	20260922	ok		5	-12.22	gnina_cnn:rescore:crossdock_default2018	kcal/mol (empirical score, not a measured free energy)	71.7	4	0.6096	0.5334	1	1	1	1	1	0.6096	1	1	0.6096	0	refconf	ligand_centred	2026-09-24T09:21:55+08:00
arm	A1_refconf_refbox	gnina	astex	1P2Y_NCT	20260922	ok		5	-6.84	gnina_cnn:rescore:crossdock_default2018	kcal/mol (empirical score, not a measured free energy)	26.74	4	3.1732	1.2943	0	0	0	0	0	1.4826	1	1	3.1732	0	refconf	ligand_centred	2026-09-24T09:21:59+08:00
arm	A1_refconf_refbox	gnina	astex	1P62_GEO	20260922	ok		5	-8.76	gnina_cnn:rescore:crossdock_default2018	kcal/mol (empirical score, not a measured free energy)	43.06	4	0.3794	0.1431	1	1	1	1	1	0.3794	1	1	0.3794	0	refconf	ligand_centred	2026-09-24T09:22:02+08:00
arm	A1_refconf_refbox	gnina	astex	1OQ5_CEL	20260922	ok		5	-9.3	gnina_cnn:rescore:crossdock_default2018	kcal/mol (empirical score, not a measured free energy)	68.94	4	0.4488	0.1645	1	1	1	1	1	0.4488	1	1	1.0293	0	refconf	ligand_centred	2026-09-24T09:22:02+08:00
arm	A1_refconf_refbox	gnina	astex	1HWI_115	20260922	ok		5	-9.51	gnina_cnn:rescore:crossdock_default2018	kcal/mol (empirical score, not a measured free energy)	123.64	4	1.3021	0.9093	1	1	0	1	0	1.3021	1	1	1.4465	0	refconf	ligand_centred	2026-09-24T09:21:15+08:00
arm	A1_refconf_refbox	gnina	astex	1OYT_FSN	20260922	ok		5	-11.32	gnina_cnn:rescore:crossdock_default2018	kcal/mol (empirical score, not a measured free energy)	79.82	4	0.7137	0.4569	1	1	1	1	1	0.7137	1	1	1.2215	0	refconf	ligand_centred	2026-09-24T09:22:03+08:00
arm	A1_refconf_refbox	gnina	astex	1R55_097	20260922	ok		5	-6.49	gnina_cnn:rescore:crossdock_default2018	kcal/mol (empirical score, not a measured free energy)	103.44	4	2.9542	1.7832	1	0	0	0	0	1.3737	1	1	3.0354	0	refconf	ligand_centred	2026-09-24T09:22:08+08:00
arm	A1_refconf_refbox	gnina	astex	1PMN_984	20260922	ok		5	-9.91	gnina_cnn:rescore:crossdock_default2018	kcal/mol (empirical score, not a measured free energy)	116.5	4	0.7714	0.5711	1	1	1	1	1	0.7714	1	1	0.7714	0	refconf	ligand_centred	2026-09-24T09:22:07+08:00
arm	A1_refconf_refbox	gnina	astex	1Q41_IXM	20260922	ok		5	-10.51	gnina_cnn:rescore:crossdock_default2018	kcal/mol (empirical score, not a measured free energy)	29.65	4	0.33	0.0005	1	1	1	1	1	0.33	1	1	0.33	0	refconf	ligand_centred	2026-09-24T09:22:05+08:00
arm	A1_refconf_refbox	gnina	astex	1R58_AO5	20260922	ok		5	-8.03	gnina_cnn:rescore:crossdock_default2018	kcal/mol (empirical score, not a measured free energy)	90.37	4	0.7017	0.4796	1	1	1	1	1	0.7017	1	1	0.7017	0	refconf	ligand_centred	2026-09-24T09:22:13+08:00
arm	A1_refconf_refbox	gnina	astex	1R9O_FLP	20260922	ok		5	-8.73	gnina_cnn:rescore:crossdock_default2018	kcal/mol (empirical score, not a measured free energy)	55.18	4	1.6997	1.4295	1	1	0	1	0	0.5073	1	1	1.8421	0	refconf	ligand_centred	2026-09-24T09:22:13+08:00
arm	A1_refconf_refbox	gnina	astex	1SG0_STL	20260922	ok		5	-11.42	gnina_cnn:rescore:crossdock_default2018	kcal/mol (empirical score, not a measured free energy)	28.47	4	7.3972	0.089	1	0	0	0	0	0.8524	1	1	7.675	0	refconf	ligand_centred	2026-09-24T09:22:19+08:00
arm	A1_refconf_refbox	gnina	astex	1S3V_TQD	20260922	ok		5	-9.79	gnina_cnn:rescore:crossdock_default2018	kcal/mol (empirical score, not a measured free energy)	81.64	4	0.3664	0.2175	1	1	1	1	1	0.3664	1	1	0.3664	0	refconf	ligand_centred	2026-09-24T09:22:20+08:00
arm	A1_refconf_refbox	gnina	astex	1R1H_BIR	20260922	ok		5	-10.3	gnina_cnn:rescore:crossdock_default2018	kcal/mol (empirical score, not a measured free energy)	138.34	4	1.0377	0.7918	1	1	0	1	0	1.0377	1	1	1.1669	0	refconf	ligand_centred	2026-09-24T09:22:16+08:00
arm	A1_refconf_refbox	gnina	astex	1S19_MC9	20260922	ok		5	-13.73	gnina_cnn:rescore:crossdock_default2018	kcal/mol (empirical score, not a measured free energy)	94.79	4	0.7661	0.556	1	1	1	1	1	0.7661	1	1	0.7661	0	refconf	ligand_centred	2026-09-24T09:22:21+08:00
arm	A1_refconf_refbox	gnina	astex	1SJ0_E4D	20260922	ok		5	-11.85	gnina_cnn:rescore:crossdock_default2018	kcal/mol (empirical score, not a measured free energy)	101.43	4	0.5326	0.369	1	1	1	1	1	0.5326	1	1	0.9694	0	refconf	ligand_centred	2026-09-24T09:22:28+08:00
arm	A1_refconf_refbox	gnina	astex	1SQN_NDR	20260922	ok		5	-11.69	gnina_cnn:rescore:crossdock_default2018	kcal/mol (empirical score, not a measured free energy)	43.85	4	0.2597	0.0005	1	1	1	1	1	0.2597	1	1	0.2597	0	refconf	ligand_centred	2026-09-24T09:22:28+08:00
arm	A1_refconf_refbox	gnina	astex	1N1M_A3M	20260922	ok		5	-5.62	gnina_cnn:rescore:crossdock_default2018	kcal/mol (empirical score, not a measured free energy)	26.15	4	0.8231	0.7101	1	1	1	1	1	0.8231	1	1	0.8231	0	refconf	ligand_centred	2026-09-24T09:21:41+08:00
arm	A1_refconf_refbox	gnina	astex	1TOW_CRZ	20260922	ok		5	-8.09	gnina_cnn:rescore:crossdock_default2018	kcal/mol (empirical score, not a measured free energy)	39.38	4	0.7108	0.5619	1	1	1	1	1	0.7108	1	1	0.9204	0	refconf	ligand_centred	2026-09-24T09:22:36+08:00
arm	A1_refconf_refbox	gnina	astex	1T40_ID5	20260922	ok		5	-11.07	gnina_cnn:rescore:crossdock_default2018	kcal/mol (empirical score, not a measured free energy)	79.7	4	0.7308	0.4564	1	1	1	1	1	0.7308	1	1	0.8157	0	refconf	ligand_centred	2026-09-24T09:22:34+08:00
arm	A1_refconf_refbox	gnina	astex	1Q4G_BFL	20260922	ok		5	-9.23	gnina_cnn:rescore:crossdock_default2018	kcal/mol (empirical score, not a measured free energy)	52.98	4	0.3676	0.1443	1	1	1	1	1	0.3676	1	1	1.4529	0	refconf	ligand_centred	2026-09-24T09:22:06+08:00
arm	A1_refconf_refbox	gnina	astex	1TZ8_DES	20260922	ok		5	-8.69	gnina_cnn:rescore:crossdock_default2018	kcal/mol (empirical score, not a measured free energy)	36.87	4	2.3183	0.4629	1	0	0	0	0	0.6493	1	1	2.3183	0	refconf	ligand_centred	2026-09-24T09:22:39+08:00
arm	A1_refconf_refbox	gnina	astex	1TT1_KAI	20260922	ok		5	-7.86	gnina_cnn:rescore:crossdock_default2018	kcal/mol (empirical score, not a measured free energy)	32.14	4	0.6924	0.3268	1	1	1	1	1	0.6924	1	1	1.3078	0	refconf	ligand_centred	2026-09-24T09:22:38+08:00
arm	A1_refconf_refbox	gnina	astex	1Q1G_MTI	20260922	ok		5	-9.74	gnina_cnn:rescore:crossdock_default2018	kcal/mol (empirical score, not a measured free energy)	60.86	4	0.3519	0.1994	1	1	1	1	1	0.3519	1	1	0.3519	0	refconf	ligand_centred	2026-09-24T09:22:05+08:00
arm	A1_refconf_refbox	gnina	astex	1UOU_CMU	20260922	ok		5	-7.97	gnina_cnn:rescore:crossdock_default2018	kcal/mol (empirical score, not a measured free energy)	38.3	4	0.5504	0.3792	1	1	1	1	1	0.5504	1	1	0.5504	0	refconf	ligand_centred	2026-09-24T09:22:40+08:00
arm	A1_refconf_refbox	gnina	astex	1SQ5_PAU	20260922	ok		5	-5.41	gnina_cnn:rescore:crossdock_default2018	kcal/mol (empirical score, not a measured free energy)	30.62	4	6.1419	1.7169	1	0	0	0	0	1.7996	1	1	6.1419	0	refconf	ligand_centred	2026-09-24T09:22:19+08:00
arm	A1_refconf_refbox	gnina	astex	1T46_STI	20260922	ok		5	-14.01	gnina_cnn:rescore:crossdock_default2018	kcal/mol (empirical score, not a measured free energy)	148.01	4	0.2439	0.178	1	1	1	1	1	0.2439	1	1	0.2439	0	refconf	ligand_centred	2026-09-24T09:22:39+08:00
arm	A1_refconf_refbox	gnina	astex	1V48_HA1	20260922	ok		5	-8.69	gnina_cnn:rescore:crossdock_default2018	kcal/mol (empirical score, not a measured free energy)	56.7	4	1.2192	1.155	1	1	0	1	0	1.2192	1	1	1.5971	0	refconf	ligand_centred	2026-09-24T09:22:47+08:00
arm	A1_refconf_refbox	gnina	astex	1V4S_MRK	20260922	ok		5	-9.23	gnina_cnn:rescore:crossdock_default2018	kcal/mol (empirical score, not a measured free energy)	53.34	4	1.487	1.375	1	1	0	1	0	1.487	1	1	1.487	0	refconf	ligand_centred	2026-09-24T09:22:48+08:00
arm	A1_refconf_refbox	gnina	astex	1X8X_TYR	20260922	ok		5	-7.31	gnina_cnn:rescore:crossdock_default2018	kcal/mol (empirical score, not a measured free energy)	36.37	4	0.7578	0.4155	1	1	1	1	1	0.7578	1	1	1.5285	0	refconf	ligand_centred	2026-09-24T09:22:53+08:00
arm	A1_refconf_refbox	gnina	astex	1UML_FR4	20260922	ok		5	-7.67	gnina_cnn:rescore:crossdock_default2018	kcal/mol (empirical score, not a measured free energy)	137.14	4	6.1245	2.6353	1	0	0	0	0	1.5153	1	1	6.1245	0	refconf	ligand_centred	2026-09-24T09:22:47+08:00
arm	A1_refconf_refbox	gnina	astex	1T9B_1CS	20260922	ok		5	-8.93	gnina_cnn:rescore:crossdock_default2018	kcal/mol (empirical score, not a measured free energy)	43.66	4	0.2659	0.1125	1	1	1	1	1	0.2659	1	1	0.2659	0	refconf	ligand_centred	2026-09-24T09:22:34+08:00
arm	A1_refconf_refbox	gnina	astex	1W2G_THM	20260922	ok		5	-9.42	gnina_cnn:rescore:crossdock_default2018	kcal/mol (empirical score, not a measured free energy)	37.66	4	0.8042	0.5995	1	1	1	1	1	0.8042	1	1	0.8042	0	refconf	ligand_centred	2026-09-24T09:22:57+08:00
arm	A1_refconf_refbox	gnina	astex	1V0P_PVB	20260922	ok		5	-8.94	gnina_cnn:rescore:crossdock_default2018	kcal/mol (empirical score, not a measured free energy)	106.96	4	1.4858	1.3043	1	1	0	1	0	1.4858	1	1	1.4858	0	refconf	ligand_centred	2026-09-24T09:22:52+08:00
arm	A1_refconf_refbox	gnina	astex	1VCJ_IBA	20260922	ok		5	-7.43	gnina_cnn:rescore:crossdock_default2018	kcal/mol (empirical score, not a measured free energy)	113.69	4	3.7894	2.2732	1	0	0	0	0	0.8249	1	1	3.8196	0	refconf	ligand_centred	2026-09-24T09:22:58+08:00
arm	A1_refconf_refbox	gnina	astex	1UNL_RRC	20260922	ok		5	-8.69	gnina_cnn:rescore:crossdock_default2018	kcal/mol (empirical score, not a measured free energy)	85.97	4	0.5928	0.5249	1	1	1	1	1	0.5928	1	1	0.5928	0	refconf	ligand_centred	2026-09-24T09:22:47+08:00
arm	A1_refconf_refbox	gnina	astex	1XOZ_CIA	20260922	ok		5	-12.81	gnina_cnn:rescore:crossdock_default2018	kcal/mol (empirical score, not a measured free energy)	61.64	4	0.2553	0.0332	1	1	1	1	1	0.2553	1	1	0.2553	0	refconf	ligand_centred	2026-09-24T09:23:01+08:00
arm	A1_refconf_refbox	gnina	astex	1XM6_5RM	20260922	ok		5	-8.73	gnina_cnn:rescore:crossdock_default2018	kcal/mol (empirical score, not a measured free energy)	56.14	4	2.4455	1.9739	1	0	0	0	0	1.1491	1	1	2.4455	0	refconf	ligand_centred	2026-09-24T09:22:58+08:00
arm	A1_refconf_refbox	gnina	astex	1YQY_915	20260922	ok		5	-10.08	gnina_cnn:rescore:crossdock_default2018	kcal/mol (empirical score, not a measured free energy)	55.25	4	0.2927	0.1081	1	1	1	1	1	0.2927	1	1	0.2927	0	refconf	ligand_centred	2026-09-24T09:23:04+08:00
arm	A1_refconf_refbox	gnina	astex	1Y6B_AAX	20260922	ok		5	-9.54	gnina_cnn:rescore:crossdock_default2018	kcal/mol (empirical score, not a measured free energy)	132.73	4	0.9999	0.8927	1	1	1	1	1	0.9999	1	1	1.0285	0	refconf	ligand_centred	2026-09-24T09:23:06+08:00
arm	A1_refconf_refbox	gnina	astex	1W1P_GIO	20260922	ok		5	-5.47	gnina_cnn:rescore:crossdock_default2018	kcal/mol (empirical score, not a measured free energy)	19.43	4	9.2264	0.0005	0	0	0	0	0	3.051	0	0	9.2264	0	refconf	ligand_centred	2026-09-24T09:22:51+08:00
arm	A1_refconf_refbox	gnina	astex	1XOQ_ROF	20260922	ok		5	-8.18	gnina_cnn:rescore:crossdock_default2018	kcal/mol (empirical score, not a measured free energy)	89.36	4	4.825	1.7185	1	0	0	0	0	0.5839	1	0	4.825	0	refconf	ligand_centred	2026-09-24T09:23:02+08:00
arm	A1_refconf_refbox	gnina	astex	1YV3_BIT	20260922	ok		5	-13.16	gnina_cnn:rescore:crossdock_default2018	kcal/mol (empirical score, not a measured free energy)	37.44	4	0.4636	0.0948	1	1	1	1	1	0.4636	1	1	0.4636	0	refconf	ligand_centred	2026-09-24T09:23:05+08:00
arm	A1_refconf_refbox	gnina	astex	1Z95_198	20260922	ok		5	-11.31	gnina_cnn:rescore:crossdock_default2018	kcal/mol (empirical score, not a measured free energy)	81.41	4	0.3432	0.2486	1	1	1	1	1	0.3432	1	1	0.952	0	refconf	ligand_centred	2026-09-24T09:23:14+08:00
arm	A1_refconf_refbox	gnina	astex	1U1C_BAU	20260922	ok		5	-9.68	gnina_cnn:rescore:crossdock_default2018	kcal/mol (empirical score, not a measured free energy)	46.65	4	1.6857	1.365	0	1	0	0	0	1.6857	1	0	2.0234	1	refconf	ligand_centred	2026-09-24T09:22:39+08:00
arm	A1_refconf_refbox	gnina	astex	1YVF_PH7	20260922	ok		5	-8.85	gnina_cnn:rescore:crossdock_default2018	kcal/mol (empirical score, not a measured free energy)	69.11	4	5.5019	1.7297	0	0	0	0	0	0.386	1	1	5.571	0	refconf	ligand_centred	2026-09-24T09:23:10+08:00
arm	A1_refconf_refbox	gnina	astex	2BSM_BSM	20260922	ok		5	-9.86	gnina_cnn:rescore:crossdock_default2018	kcal/mol (empirical score, not a measured free energy)	63.67	4	0.4366	0.4026	1	1	1	1	1	0.4366	1	1	1.0118	0	refconf	ligand_centred	2026-09-24T09:23:20+08:00
arm	A1_refconf_refbox	gnina	astex	1YWR_LI9	20260922	ok		5	-10.53	gnina_cnn:rescore:crossdock_default2018	kcal/mol (empirical score, not a measured free energy)	93.85	4	0.343	0.18	1	1	1	1	1	0.343	1	1	1.2134	0	refconf	ligand_centred	2026-09-24T09:23:11+08:00
arm	A1_refconf_refbox	gnina	astex	2BR1_PFP	20260922	ok		5	-8.06	gnina_cnn:rescore:crossdock_default2018	kcal/mol (empirical score, not a measured free energy)	68.18	4	1.4731	0.6247	1	1	0	1	0	1.4731	1	1	1.7093	0	refconf	ligand_centred	2026-09-24T09:23:17+08:00
arm	A1_refconf_refbox	gnina	astex	1YGC_905	20260922	ok		5	-10.32	gnina_cnn:rescore:crossdock_default2018	kcal/mol (empirical score, not a measured free energy)	203.94	4	4.09	2.913	1	0	0	0	0	3.2783	0	0	4.1557	0	refconf	ligand_centred	2026-09-24T09:23:16+08:00
arm	A1_refconf_refbox	gnina	posebusters	5SB2_1K2	20260922	ok		5	-13.04	gnina_cnn:rescore:crossdock_default2018	kcal/mol (empirical score, not a measured free energy)	128.32	4	0.1706	0.128	1	1	1	1	1	0.1706	1	1	0.1706	0	refconf	ligand_centred	2026-09-24T09:23:25+08:00
arm	A1_refconf_refbox	gnina	posebusters	6M2B_EZO	20260922	ok		5	-10.84	gnina_cnn:rescore:crossdock_default2018	kcal/mol (empirical score, not a measured free energy)	105.77	4	0.7385	0.3054	1	1	1	1	1	0.7385	1	1	0.7385	0	refconf	ligand_centred	2026-09-24T09:23:25+08:00
arm	A1_refconf_refbox	gnina	posebusters	5SD5_HWI	20260922	ok		5	-7.97	gnina_cnn:rescore:crossdock_default2018	kcal/mol (empirical score, not a measured free energy)	185.84	4	3.4908	2.504	1	0	0	0	0	3.4257	0	0	3.5188	0	refconf	ligand_centred	2026-09-24T09:23:27+08:00
arm	A1_refconf_refbox	gnina	posebusters	5SAK_ZRY	20260922	ok		5	-7.52	gnina_cnn:rescore:crossdock_default2018	kcal/mol (empirical score, not a measured free energy)	59.78	4	9.3924	0.922	0	0	0	0	0	0.3634	1	1	9.3924	0	refconf	ligand_centred	2026-09-24T09:23:24+08:00
arm	A1_refconf_refbox	gnina	posebusters	5SIS_JSM	20260922	ok		5	-9.21	gnina_cnn:rescore:crossdock_default2018	kcal/mol (empirical score, not a measured free energy)	177.8	4	1.2899	1.0877	1	1	0	1	0	1.2899	1	1	1.5388	0	refconf	ligand_centred	2026-09-24T09:23:27+08:00
arm	A1_refconf_refbox	gnina	posebusters	6TW7_NZB	20260922	ok		5	-10.12	gnina_cnn:rescore:crossdock_default2018	kcal/mol (empirical score, not a measured free energy)	123.45	4	7.4541	1.7542	1	0	0	0	0	0.903	1	1	7.4694	0	refconf	ligand_centred	2026-09-24T09:23:32+08:00
arm	A1_refconf_refbox	gnina	posebusters	6WTN_RXT	20260922	ok		5	-9.08	gnina_cnn:rescore:crossdock_default2018	kcal/mol (empirical score, not a measured free energy)	71.88	4	0.452	0.0945	1	1	1	1	1	0.452	1	1	0.452	0	refconf	ligand_centred	2026-09-24T09:23:37+08:00
arm	A1_refconf_refbox	gnina	astex	2BM2_PM2	20260922	ok		5	-9.16	gnina_cnn:rescore:crossdock_default2018	kcal/mol (empirical score, not a measured free energy)	77.74	4	0.4095	0.2153	1	1	1	1	1	0.4095	1	1	0.4095	0	refconf	ligand_centred	2026-09-24T09:23:16+08:00
arm	A1_refconf_refbox	gnina	posebusters	6XBO_5MC	20260922	ok		5	-9.25	gnina_cnn:rescore:crossdock_default2018	kcal/mol (empirical score, not a measured free energy)	94.04	4	0.5896	0.5177	1	1	1	1	1	0.5896	1	1	0.5896	0	refconf	ligand_centred	2026-09-24T09:23:38+08:00
arm	A1_refconf_refbox	gnina	posebusters	6M73_FNR	20260922	ok		5	-14.46	gnina_cnn:rescore:crossdock_default2018	kcal/mol (empirical score, not a measured free energy)	180.39	4	0.5005	0.4755	1	1	1	1	1	0.5005	1	1	0.8814	0	refconf	ligand_centred	2026-09-24T09:23:32+08:00
arm	A1_refconf_refbox	gnina	posebusters	6XG5_TOP	20260922	ok		5	-8.11	gnina_cnn:rescore:crossdock_default2018	kcal/mol (empirical score, not a measured free energy)	73.21	4	0.5493	0.521	1	1	1	1	1	0.5493	1	1	0.5493	0	refconf	ligand_centred	2026-09-24T09:23:40+08:00
arm	A1_refconf_refbox	gnina	posebusters	6YQW_82I	20260922	ok		5	-5.66	gnina_cnn:rescore:crossdock_default2018	kcal/mol (empirical score, not a measured free energy)	40.22	4	0.5381	0.2888	1	1	1	1	1	0.5381	1	1	0.5381	0	refconf	ligand_centred	2026-09-24T09:23:47+08:00
arm	A1_refconf_refbox	gnina	posebusters	6T88_MWQ	20260922	ok		5	-6.06	gnina_cnn:rescore:crossdock_default2018	kcal/mol (empirical score, not a measured free energy)	53.5	4	0.7921	0.435	1	1	1	1	1	0.7921	1	1	1.1609	0	refconf	ligand_centred	2026-09-24T09:23:28+08:00
arm	A1_refconf_refbox	gnina	posebusters	6YQV_8K2	20260922	ok		5	-5.46	gnina_cnn:rescore:crossdock_default2018	kcal/mol (empirical score, not a measured free energy)	37.0	4	0.5747	0.3666	1	1	1	1	1	0.5747	1	1	0.5747	0	refconf	ligand_centred	2026-09-24T09:23:44+08:00
arm	A1_refconf_refbox	gnina	posebusters	6YRV_PJ8	20260922	ok		5	-7.83	gnina_cnn:rescore:crossdock_default2018	kcal/mol (empirical score, not a measured free energy)	81.87	4	0.8046	0.6289	1	1	1	1	1	0.8046	1	1	0.8046	0	refconf	ligand_centred	2026-09-24T09:23:48+08:00
arm	A1_refconf_refbox	gnina	posebusters	6XCT_478	20260922	ok		5	-9.08	gnina_cnn:rescore:crossdock_default2018	kcal/mol (empirical score, not a measured free energy)	255.21	4	0.6866	0.6279	1	1	1	1	1	0.6866	1	1	1.0702	0	refconf	ligand_centred	2026-09-24T09:23:47+08:00
arm	A1_refconf_refbox	gnina	posebusters	6VTA_AKN	20260922	ok		5	-8.3	gnina_cnn:rescore:crossdock_default2018	kcal/mol (empirical score, not a measured free energy)	308.29	4	5.1726	3.0191	1	0	0	0	0	5.1726	0	0	5.1726	0	refconf	ligand_centred	2026-09-24T09:23:43+08:00
arm	A1_refconf_refbox	gnina	posebusters	6XM9_V55	20260922	ok		5	-4.12	gnina_cnn:rescore:crossdock_default2018	kcal/mol (empirical score, not a measured free energy)	37.09	4	14.799	0.0992	1	0	0	0	0	0.8426	1	1	14.799	0	refconf	ligand_centred	2026-09-24T09:23:43+08:00
arm	A1_refconf_refbox	gnina	posebusters	6Z0R_Q4H	20260922	ok		5	-4.71	gnina_cnn:rescore:crossdock_default2018	kcal/mol (empirical score, not a measured free energy)	44.37	4	0.405	0.0005	1	1	1	1	1	0.405	1	1	0.405	0	refconf	ligand_centred	2026-09-24T09:24:01+08:00
arm	A1_refconf_refbox	gnina	posebusters	6YYO_Q1K	20260922	ok		5	-7.87	gnina_cnn:rescore:crossdock_default2018	kcal/mol (empirical score, not a measured free energy)	64.07	4	0.4515	0.2086	1	1	1	1	1	0.4515	1	1	0.4515	0	refconf	ligand_centred	2026-09-24T09:24:02+08:00
arm	A1_refconf_refbox	gnina	posebusters	6YR2_T1C	20260922	ok		5	-12.0	gnina_cnn:rescore:crossdock_default2018	kcal/mol (empirical score, not a measured free energy)	176.56	4	1.1051	1.0071	1	1	0	1	0	1.1051	1	1	1.2432	0	refconf	ligand_centred	2026-09-24T09:23:55+08:00
arm	A1_refconf_refbox	gnina	posebusters	6TW5_9M2	20260922	ok		5	-11.64	gnina_cnn:rescore:crossdock_default2018	kcal/mol (empirical score, not a measured free energy)	145.38	4	0.5113	0.2434	1	1	1	1	1	0.5113	1	1	0.5113	0	refconf	ligand_centred	2026-09-24T09:23:35+08:00
arm	A1_refconf_refbox	gnina	posebusters	6YMS_OZH	20260922	ok		5	-8.9	gnina_cnn:rescore:crossdock_default2018	kcal/mol (empirical score, not a measured free energy)	276.68	4	9.7748	2.8687	0	0	0	0	0	2.0704	0	0	9.8348	0	refconf	ligand_centred	2026-09-24T09:24:01+08:00
arm	A1_refconf_refbox	gnina	posebusters	6YT6_PKE	20260922	ok		5	-9.66	gnina_cnn:rescore:crossdock_default2018	kcal/mol (empirical score, not a measured free energy)	161.98	4	0.7602	0.6688	1	1	1	1	1	0.7602	1	1	0.8903	0	refconf	ligand_centred	2026-09-24T09:24:08+08:00
arm	A1_refconf_refbox	gnina	astex	1OF6_DTY	20260922	ok		5	-8.97	gnina_cnn:rescore:crossdock_default2018	kcal/mol (empirical score, not a measured free energy)	34.72	4	0.7182	0.4627	1	1	1	1	1	0.7182	1	1	1.6082	0	refconf	ligand_centred	2026-09-24T09:21:50+08:00
arm	A1_refconf_refbox	gnina	posebusters	6Z14_Q4Z	20260922	ok		5	-8.25	gnina_cnn:rescore:crossdock_default2018	kcal/mol (empirical score, not a measured free energy)	66.28	4	0.164	0.1089	1	1	1	1	1	0.164	1	1	1.0081	0	refconf	ligand_centred	2026-09-24T09:24:07+08:00
arm	A1_refconf_refbox	gnina	posebusters	6Z1C_7EY	20260922	ok		5	-8.52	gnina_cnn:rescore:crossdock_default2018	kcal/mol (empirical score, not a measured free energy)	89.49	4	0.4664	0.236	1	1	1	1	1	0.4664	1	1	1.2962	0	refconf	ligand_centred	2026-09-24T09:24:12+08:00
arm	A1_refconf_refbox	gnina	posebusters	6ZC3_JOR	20260922	ok		5	-6.66	gnina_cnn:rescore:crossdock_default2018	kcal/mol (empirical score, not a measured free energy)	54.25	4	0.6657	0.352	1	1	1	1	1	0.6657	1	1	0.6657	0	refconf	ligand_centred	2026-09-24T09:24:16+08:00
arm	A1_refconf_refbox	gnina	posebusters	6ZPB_3D1	20260922	ok		5	-6.73	gnina_cnn:rescore:crossdock_default2018	kcal/mol (empirical score, not a measured free energy)	48.96	4	1.7132	1.0592	1	1	0	1	0	0.6667	1	1	1.7132	0	refconf	ligand_centred	2026-09-24T09:24:17+08:00
arm	A1_refconf_refbox	gnina	posebusters	7A9E_R4W	20260922	ok		5	-2.58	gnina_cnn:rescore:crossdock_default2018	kcal/mol (empirical score, not a measured free energy)	41.0	4	9.3596	0.8213	1	0	0	0	0	8.9468	0	0	9.3596	0	refconf	ligand_centred	2026-09-24T09:24:19+08:00
arm	A1_refconf_refbox	gnina	posebusters	6Z4N_Q7B	20260922	ok		5	-8.47	gnina_cnn:rescore:crossdock_default2018	kcal/mol (empirical score, not a measured free energy)	83.21	4	0.2963	0.2073	1	1	1	1	1	0.2963	1	1	0.734	0	refconf	ligand_centred	2026-09-24T09:24:14+08:00
arm	A1_refconf_refbox	gnina	posebusters	6Z2C_Q5E	20260922	ok		5	-10.0	gnina_cnn:rescore:crossdock_default2018	kcal/mol (empirical score, not a measured free energy)	105.32	4	0.7457	0.602	1	1	1	1	1	0.7457	1	1	0.7509	0	refconf	ligand_centred	2026-09-24T09:24:15+08:00
arm	A1_refconf_refbox	gnina	posebusters	6ZK5_IMH	20260922	ok		5	-9.1	gnina_cnn:rescore:crossdock_default2018	kcal/mol (empirical score, not a measured free energy)	61.1	4	2.093	1.8881	1	0	0	0	0	1.1461	1	1	2.093	0	refconf	ligand_centred	2026-09-24T09:24:17+08:00
arm	A1_refconf_refbox	gnina	posebusters	7AKL_RK5	20260922	ok		5	-10.6	gnina_cnn:rescore:crossdock_default2018	kcal/mol (empirical score, not a measured free energy)	55.12	4	0.3251	0.1973	1	1	1	1	1	0.3251	1	1	0.3251	0	refconf	ligand_centred	2026-09-24T09:24:24+08:00
arm	A1_refconf_refbox	gnina	posebusters	7A1P_QW2	20260922	ok		5	-6.54	gnina_cnn:rescore:crossdock_default2018	kcal/mol (empirical score, not a measured free energy)	77.31	4	1.5398	0.9079	1	1	0	1	0	1.2287	1	1	1.9043	0	refconf	ligand_centred	2026-09-24T09:24:19+08:00
arm	A1_refconf_refbox	gnina	posebusters	6ZCY_QF8	20260922	ok		5	-10.54	gnina_cnn:rescore:crossdock_default2018	kcal/mol (empirical score, not a measured free energy)	152.46	4	0.486	0.4087	1	1	1	1	1	0.486	1	1	0.486	0	refconf	ligand_centred	2026-09-24T09:24:21+08:00
arm	A1_refconf_refbox	gnina	posebusters	6ZAE_ACV	20260922	ok		5	-6.91	gnina_cnn:rescore:crossdock_default2018	kcal/mol (empirical score, not a measured free energy)	150.41	4	0.5379	0.442	1	1	1	1	1	0.5379	1	1	0.8088	0	refconf	ligand_centred	2026-09-24T09:24:18+08:00
arm	A1_refconf_refbox	gnina	posebusters	7BJJ_TVW	20260922	ok		5	-4.65	gnina_cnn:rescore:crossdock_default2018	kcal/mol (empirical score, not a measured free energy)	39.63	4	2.9582	0.0005	1	0	0	0	0	2.5178	0	0	2.9582	0	refconf	ligand_centred	2026-09-24T09:24:29+08:00
arm	A1_refconf_refbox	gnina	posebusters	7AN5_RDH	20260922	ok		5	-8.35	gnina_cnn:rescore:crossdock_default2018	kcal/mol (empirical score, not a measured free energy)	70.73	4	0.5878	0.4806	1	1	1	1	1	0.5878	1	1	0.8257	0	refconf	ligand_centred	2026-09-24T09:24:26+08:00
arm	A1_refconf_refbox	gnina	posebusters	6XHT_V2V	20260922	ok		5	-10.33	gnina_cnn:rescore:crossdock_default2018	kcal/mol (empirical score, not a measured free energy)	296.67	4	1.1551	1.1327	1	1	0	1	0	1.1551	1	1	1.1551	0	refconf	ligand_centred	2026-09-24T09:23:50+08:00
arm	A1_refconf_refbox	gnina	posebusters	7AFX_R9K	20260922	ok		5	-10.16	gnina_cnn:rescore:crossdock_default2018	kcal/mol (empirical score, not a measured free energy)	67.63	4	0.2651	0.1056	1	1	1	1	1	0.2651	1	1	0.7333	0	refconf	ligand_centred	2026-09-24T09:24:23+08:00
arm	A1_refconf_refbox	gnina	posebusters	7BCP_GCO	20260922	ok		5	-7.98	gnina_cnn:rescore:crossdock_default2018	kcal/mol (empirical score, not a measured free energy)	58.01	4	0.4547	0.4357	1	1	1	1	1	0.4547	1	1	0.9716	0	refconf	ligand_centred	2026-09-24T09:24:29+08:00
arm	A1_refconf_refbox	gnina	posebusters	7BNH_BEZ	20260922	ok		5	-5.2	gnina_cnn:rescore:crossdock_default2018	kcal/mol (empirical score, not a measured free energy)	44.04	4	0.725	0.1011	1	1	1	1	1	0.725	1	1	0.725	0	refconf	ligand_centred	2026-09-24T09:24:33+08:00
arm	A1_refconf_refbox	gnina	posebusters	7C3U_AZG	20260922	ok		5	-4.97	gnina_cnn:rescore:crossdock_default2018	kcal/mol (empirical score, not a measured free energy)	42.27	4	8.7145	0.0004	1	0	0	0	0	0.4196	1	1	8.7145	0	refconf	ligand_centred	2026-09-24T09:24:37+08:00
arm	A1_refconf_refbox	gnina	posebusters	7BKA_4JC	20260922	ok		5	15.43	gnina_cnn:rescore:crossdock_default2018	kcal/mol (empirical score, not a measured free energy)	49.8	4	9.2621	0.7586	0	0	0	0	0	1.0112	1	1	9.2621	0	refconf	ligand_centred	2026-09-24T09:24:30+08:00
arm	A1_refconf_refbox	gnina	posebusters	7B94_ANP	20260922	ok		5	-9.44	gnina_cnn:rescore:crossdock_default2018	kcal/mol (empirical score, not a measured free energy)	210.05	4	2.0448	1.7692	1	0	0	0	0	1.7112	1	1	2.1193	0	refconf	ligand_centred	2026-09-24T09:24:35+08:00
arm	A1_refconf_refbox	gnina	posebusters	7BMI_U4B	20260922	ok		5	-7.44	gnina_cnn:rescore:crossdock_default2018	kcal/mol (empirical score, not a measured free energy)	55.64	4	0.8225	0.3164	0	1	1	0	0	0.8225	1	0	0.8225	0	refconf	ligand_centred	2026-09-24T09:24:33+08:00
arm	A1_refconf_refbox	gnina	posebusters	7CL8_TES	20260922	ok		5	42.68	gnina_cnn:rescore:crossdock_default2018	kcal/mol (empirical score, not a measured free energy)	33.65	4	13.2128	0.0005	0	0	0	0	0	0.2583	1	1	13.2128	0	refconf	ligand_centred	2026-09-24T09:24:43+08:00
arm	A1_refconf_refbox	gnina	posebusters	7BTT_F8R	20260922	ok		5	-9.53	gnina_cnn:rescore:crossdock_default2018	kcal/mol (empirical score, not a measured free energy)	255.99	4	1.0	0.9062	1	1	1	1	1	1.0	1	1	1.0642	0	refconf	ligand_centred	2026-09-24T09:24:48+08:00
arm	A1_refconf_refbox	gnina	posebusters	6YSP_PAL	20260922	ok		5	-9.77	gnina_cnn:rescore:crossdock_default2018	kcal/mol (empirical score, not a measured free energy)	63.38	4	0.5854	0.4307	1	1	1	1	1	0.2722	1	1	1.2522	0	refconf	ligand_centred	2026-09-24T09:23:52+08:00
arm	A1_refconf_refbox	gnina	posebusters	7CIJ_G0C	20260922	ok		5	-8.39	gnina_cnn:rescore:crossdock_default2018	kcal/mol (empirical score, not a measured free energy)	80.65	4	0.7919	0.7311	1	1	1	1	1	0.7919	1	1	0.7919	0	refconf	ligand_centred	2026-09-24T09:24:38+08:00
arm	A1_refconf_refbox	gnina	posebusters	7CD9_FVR	20260922	ok		5	-11.88	gnina_cnn:rescore:crossdock_default2018	kcal/mol (empirical score, not a measured free energy)	124.38	4	12.4867	0.4637	1	0	0	0	0	0.4857	1	1	12.512	0	refconf	ligand_centred	2026-09-24T09:24:41+08:00
arm	A1_refconf_refbox	gnina	posebusters	7C8Q_DSG	20260922	ok		5	-3.51	gnina_cnn:rescore:crossdock_default2018	kcal/mol (empirical score, not a measured free energy)	44.25	4	12.2606	1.0104	1	0	0	0	0	0.6423	1	1	12.265	0	refconf	ligand_centred	2026-09-24T09:24:38+08:00
arm	A1_refconf_refbox	gnina	posebusters	7CNS_PMV	20260922	ok		5	-8.21	gnina_cnn:rescore:crossdock_default2018	kcal/mol (empirical score, not a measured free energy)	80.1	4	0.8527	0.727	1	1	1	1	1	0.8527	1	1	1.4938	0	refconf	ligand_centred	2026-09-24T09:24:56+08:00
arm	A1_refconf_refbox	gnina	posebusters	7CUO_PHB	20260922	ok		5	-7.41	gnina_cnn:rescore:crossdock_default2018	kcal/mol (empirical score, not a measured free energy)	48.35	4	3.312	0.2793	1	0	0	0	0	0.3845	1	1	3.312	0	refconf	ligand_centred	2026-09-24T09:24:57+08:00
arm	A1_refconf_refbox	gnina	posebusters	7CTM_BDP	20260922	ok		5	-7.87	gnina_cnn:rescore:crossdock_default2018	kcal/mol (empirical score, not a measured free energy)	60.82	4	0.3882	0.3337	1	1	1	1	1	0.3882	1	1	0.8144	0	refconf	ligand_centred	2026-09-24T09:24:51+08:00
arm	A1_refconf_refbox	gnina	posebusters	7DQL_4CL	20260922	ok		5	-4.89	gnina_cnn:rescore:crossdock_default2018	kcal/mol (empirical score, not a measured free energy)	56.15	4	4.6621	0.0004	1	0	0	0	0	1.765	1	1	4.6621	0	refconf	ligand_centred	2026-09-24T09:30:10+08:00
arm	A1_refconf_refbox	gnina	posebusters	7E4L_MDN	20260922	ok		5	-5.73	gnina_cnn:rescore:crossdock_default2018	kcal/mol (empirical score, not a measured free energy)	48.6	4	2.0715	0.2827	0	0	0	0	0	1.3375	1	1	2.4139	0	refconf	ligand_centred	2026-09-24T09:30:11+08:00
arm	A1_refconf_refbox	gnina	posebusters	7DKT_GLF	20260922	ok		5	-7.67	gnina_cnn:rescore:crossdock_default2018	kcal/mol (empirical score, not a measured free energy)	44.87	4	0.5796	0.3812	1	1	1	1	1	0.5796	1	1	0.5796	0	refconf	ligand_centred	2026-09-24T09:24:57+08:00
arm	A1_refconf_refbox	gnina	posebusters	7DUA_HJ0	20260922	ok		5	-10.27	gnina_cnn:rescore:crossdock_default2018	kcal/mol (empirical score, not a measured free energy)	98.69	4	0.6712	0.6256	1	1	1	1	1	0.6712	1	1	0.6712	0	refconf	ligand_centred	2026-09-24T09:30:12+08:00
arm	A1_refconf_refbox	gnina	posebusters	7EBG_J0L	20260922	ok		5	-8.03	gnina_cnn:rescore:crossdock_default2018	kcal/mol (empirical score, not a measured free energy)	76.09	4	0.4764	0.2364	1	1	1	1	1	0.4764	1	1	0.4764	0	refconf	ligand_centred	2026-09-24T09:30:13+08:00
arm	A1_refconf_refbox	gnina	posebusters	7C0U_FGO	20260922	ok		5	-12.66	gnina_cnn:rescore:crossdock_default2018	kcal/mol (empirical score, not a measured free energy)	372.2	4	0.4032	0.3336	1	1	1	1	1	0.4032	1	1	0.4032	0	refconf	ligand_centred	2026-09-24T09:24:58+08:00
arm	A1_refconf_refbox	gnina	posebusters	7F5D_EUO	20260922	ok		5	-7.62	gnina_cnn:rescore:crossdock_default2018	kcal/mol (empirical score, not a measured free energy)	45.62	4	3.6662	1.4785	1	0	0	0	0	3.6662	0	0	3.7166	0	refconf	ligand_centred	2026-09-24T09:30:21+08:00
arm	A1_refconf_refbox	gnina	posebusters	7ES1_UDP	20260922	ok		5	-11.03	gnina_cnn:rescore:crossdock_default2018	kcal/mol (empirical score, not a measured free energy)	104.7	4	0.2778	0.187	1	1	1	1	1	0.2778	1	1	0.8578	0	refconf	ligand_centred	2026-09-24T09:30:19+08:00
arm	A1_refconf_refbox	gnina	posebusters	7ED2_A3P	20260922	ok		5	-9.87	gnina_cnn:rescore:crossdock_default2018	kcal/mol (empirical score, not a measured free energy)	133.2	4	5.0683	0.5803	1	0	0	0	0	0.2409	1	1	5.1072	0	refconf	ligand_centred	2026-09-24T09:30:19+08:00
arm	A1_refconf_refbox	gnina	posebusters	7FB7_8NF	20260922	ok		5	-0.0	gnina_cnn:rescore:crossdock_default2018	kcal/mol (empirical score, not a measured free energy)	29.7	4	12.6587	0.0004	0	0	0	0	0	0.3587	1	1	12.6587	0	refconf	ligand_centred	2026-09-24T09:30:24+08:00
arm	A1_refconf_refbox	gnina	posebusters	7ELT_TYM	20260922	ok		5	-13.72	gnina_cnn:rescore:crossdock_default2018	kcal/mol (empirical score, not a measured free energy)	251.59	4	0.2453	0.2163	1	1	1	1	1	0.2453	1	1	0.2453	0	refconf	ligand_centred	2026-09-24T09:30:23+08:00
arm	A1_refconf_refbox	gnina	posebusters	7D5C_GV6	20260922	ok		5	-10.17	gnina_cnn:rescore:crossdock_default2018	kcal/mol (empirical score, not a measured free energy)	261.14	4	3.5942	2.5526	0	0	0	0	0	2.0685	0	0	3.6324	0	refconf	ligand_centred	2026-09-24T09:30:15+08:00
arm	A1_refconf_refbox	gnina	posebusters	7F51_BA7	20260922	ok		5	-12.26	gnina_cnn:rescore:crossdock_default2018	kcal/mol (empirical score, not a measured free energy)	298.72	4	4.4794	3.498	1	0	0	0	0	1.3695	1	1	4.4961	0	refconf	ligand_centred	2026-09-24T09:30:27+08:00
arm	A1_refconf_refbox	gnina	posebusters	7ECR_SIN	20260922	ok		5	-5.65	gnina_cnn:rescore:crossdock_default2018	kcal/mol (empirical score, not a measured free energy)	68.95	4	1.1939	0.2115	1	1	0	1	0	1.1615	1	1	4.2665	1	refconf	ligand_centred	2026-09-24T09:30:15+08:00
arm	A1_refconf_refbox	gnina	posebusters	7JG0_GAR	20260922	ok		5	-7.86	gnina_cnn:rescore:crossdock_default2018	kcal/mol (empirical score, not a measured free energy)	60.21	4	1.7066	1.2216	1	1	0	1	0	0.9046	1	1	1.9475	0	refconf	ligand_centred	2026-09-24T09:30:38+08:00
arm	A1_refconf_refbox	gnina	posebusters	7A9H_TPP	20260922	ok		5	-8.53	gnina_cnn:rescore:crossdock_default2018	kcal/mol (empirical score, not a measured free energy)	162.51	4	1.5634	1.4253	1	1	0	1	0	0.8712	1	1	1.8118	0	refconf	ligand_centred	2026-09-24T09:24:27+08:00
arm	A1_refconf_refbox	gnina	posebusters	7FHA_ADX	20260922	ok		5	-10.79	gnina_cnn:rescore:crossdock_default2018	kcal/mol (empirical score, not a measured free energy)	75.76	4	1.7997	1.6263	1	1	0	1	0	1.4699	1	1	1.8601	0	refconf	ligand_centred	2026-09-24T09:30:25+08:00
arm	A1_refconf_refbox	gnina	posebusters	7FT9_4MB	20260922	ok		5	-4.67	gnina_cnn:rescore:crossdock_default2018	kcal/mol (empirical score, not a measured free energy)	42.59	4	6.9351	1.0808	1	0	0	0	0	4.7338	0	0	6.9408	0	refconf	ligand_centred	2026-09-24T09:30:32+08:00
arm	A1_refconf_refbox	gnina	posebusters	7JMV_4NC	20260922	ok		5	-6.91	gnina_cnn:rescore:crossdock_default2018	kcal/mol (empirical score, not a measured free energy)	42.62	4	0.3974	0.0666	1	1	1	1	1	0.3974	1	1	0.3974	0	refconf	ligand_centred	2026-09-24T09:30:41+08:00
arm	A1_refconf_refbox	gnina	posebusters	7CNQ_G8X	20260922	ok		5	-7.23	gnina_cnn:rescore:crossdock_default2018	kcal/mol (empirical score, not a measured free energy)	34.86	4	0.5083	0.1033	1	1	1	1	1	0.5083	1	1	1.1474	0	refconf	ligand_centred	2026-09-24T09:24:46+08:00
arm	A1_refconf_refbox	gnina	posebusters	7JHQ_VAJ	20260922	ok		5	-7.91	gnina_cnn:rescore:crossdock_default2018	kcal/mol (empirical score, not a measured free energy)	53.96	4	6.7322	0.4986	0	0	0	0	0	1.2714	1	0	6.7322	0	refconf	ligand_centred	2026-09-24T09:30:39+08:00
arm	A1_refconf_refbox	gnina	posebusters	7JY3_VUD	20260922	ok		5	-8.22	gnina_cnn:rescore:crossdock_default2018	kcal/mol (empirical score, not a measured free energy)	80.75	4	7.3059	1.6898	1	0	0	0	0	5.5836	0	0	7.3059	0	refconf	ligand_centred	2026-09-24T09:30:43+08:00
arm	A1_refconf_refbox	gnina	posebusters	7EPV_FDA	20260922	ok		5	-11.64	gnina_cnn:rescore:crossdock_default2018	kcal/mol (empirical score, not a measured free energy)	540.79	4	5.766	4.1893	1	0	0	0	0	0.4122	1	1	5.7847	0	refconf	ligand_centred	2026-09-24T09:30:43+08:00
arm	A1_refconf_refbox	gnina	posebusters	7KQU_YOF	20260922	ok		5	-9.31	gnina_cnn:rescore:crossdock_default2018	kcal/mol (empirical score, not a measured free energy)	38.63	4	1.7812	1.2334	1	1	0	1	0	0.3217	1	1	1.7812	0	refconf	ligand_centred	2026-09-24T09:30:53+08:00
arm	A1_refconf_refbox	gnina	posebusters	7K0V_VQP	20260922	ok		5	-13.48	gnina_cnn:rescore:crossdock_default2018	kcal/mol (empirical score, not a measured free energy)	119.05	4	0.9142	0.7021	1	1	1	1	1	0.9142	1	1	1.1171	0	refconf	ligand_centred	2026-09-24T09:30:47+08:00
arm	A1_refconf_refbox	gnina	posebusters	7KC5_BJZ	20260922	ok		5	-11.38	gnina_cnn:rescore:crossdock_default2018	kcal/mol (empirical score, not a measured free energy)	110.7	4	0.6291	0.3205	1	1	1	1	1	0.6291	1	1	1.7789	0	refconf	ligand_centred	2026-09-24T09:30:57+08:00
arm	A1_refconf_refbox	gnina	posebusters	7F8T_FAD	20260922	ok		5	-13.28	gnina_cnn:rescore:crossdock_default2018	kcal/mol (empirical score, not a measured free energy)	520.5	4	4.3727	2.8094	0	0	0	0	0	0.6851	1	1	4.3727	0	refconf	ligand_centred	2026-09-24T09:30:57+08:00
arm	A1_refconf_refbox	gnina	posebusters	7KM8_WPD	20260922	ok		5	-9.97	gnina_cnn:rescore:crossdock_default2018	kcal/mol (empirical score, not a measured free energy)	149.45	4	1.1675	1.0434	1	1	0	1	0	1.1675	1	1	1.1675	0	refconf	ligand_centred	2026-09-24T09:31:00+08:00
arm	A1_refconf_refbox	gnina	posebusters	7KZ9_XN7	20260922	ok		5	-6.25	gnina_cnn:rescore:crossdock_default2018	kcal/mol (empirical score, not a measured free energy)	51.45	4	1.0663	0.8069	1	1	0	1	0	1.0663	1	1	1.0663	0	refconf	ligand_centred	2026-09-24T09:30:59+08:00
arm	A1_refconf_refbox	gnina	posebusters	7L7C_XQ1	20260922	ok		5	-9.23	gnina_cnn:rescore:crossdock_default2018	kcal/mol (empirical score, not a measured free energy)	62.27	4	1.9961	1.8252	1	1	0	1	0	0.5746	1	1	2.0597	1	refconf	ligand_centred	2026-09-24T09:31:08+08:00
arm	A1_refconf_refbox	gnina	posebusters	7L5F_XNG	20260922	ok		5	-5.17	gnina_cnn:rescore:crossdock_default2018	kcal/mol (empirical score, not a measured free energy)	102.28	4	10.317	1.9026	1	0	0	0	0	1.6252	1	1	10.3311	0	refconf	ligand_centred	2026-09-24T09:31:12+08:00
arm	A1_refconf_refbox	gnina	posebusters	7B2C_TP7	20260922	ok		5	-8.06	gnina_cnn:rescore:crossdock_default2018	kcal/mol (empirical score, not a measured free energy)	158.53	4	1.7411	0.9435	1	1	0	1	0	1.0142	1	1	1.7795	0	refconf	ligand_centred	2026-09-24T09:24:30+08:00
arm	A1_refconf_refbox	gnina	posebusters	7LOE_Y84	20260922	ok		5	-7.88	gnina_cnn:rescore:crossdock_default2018	kcal/mol (empirical score, not a measured free energy)	26.14	4	4.1845	0.0004	1	0	0	0	0	0.4147	1	1	4.1845	0	refconf	ligand_centred	2026-09-24T09:31:16+08:00
arm	A1_refconf_refbox	gnina	posebusters	7L03_F9F	20260922	ok		5	-9.88	gnina_cnn:rescore:crossdock_default2018	kcal/mol (empirical score, not a measured free energy)	78.17	4	1.2058	0.906	1	1	0	1	0	1.2058	1	1	1.5869	0	refconf	ligand_centred	2026-09-24T09:31:06+08:00
arm	A1_refconf_refbox	gnina	posebusters	7LEV_0JO	20260922	ok		5	-10.91	gnina_cnn:rescore:crossdock_default2018	kcal/mol (empirical score, not a measured free energy)	73.87	4	0.7146	0.6079	1	1	1	1	1	0.7146	1	1	0.964	0	refconf	ligand_centred	2026-09-24T09:31:14+08:00
arm	A1_refconf_refbox	gnina	posebusters	7KB1_WBJ	20260922	ok		5	-9.77	gnina_cnn:rescore:crossdock_default2018	kcal/mol (empirical score, not a measured free energy)	90.97	4	0.9528	0.4881	1	1	1	1	1	0.9528	1	1	1.2966	0	refconf	ligand_centred	2026-09-24T09:30:48+08:00
arm	A1_refconf_refbox	gnina	posebusters	7L00_XCJ	20260922	ok		5	-10.5	gnina_cnn:rescore:crossdock_default2018	kcal/mol (empirical score, not a measured free energy)	82.94	4	0.8231	0.7799	1	1	1	1	1	0.8231	1	1	0.9882	0	refconf	ligand_centred	2026-09-24T09:31:05+08:00
arm	A1_refconf_refbox	gnina	posebusters	7LCU_XTA	20260922	ok		5	-10.33	gnina_cnn:rescore:crossdock_default2018	kcal/mol (empirical score, not a measured free energy)	183.06	4	0.7818	0.6571	1	1	1	1	1	0.7659	1	1	0.7818	0	refconf	ligand_centred	2026-09-24T09:31:18+08:00
arm	A1_refconf_refbox	gnina	posebusters	7LMO_NYO	20260922	ok		5	-12.01	gnina_cnn:rescore:crossdock_default2018	kcal/mol (empirical score, not a measured free energy)	173.05	4	1.49	1.4115	1	1	0	1	0	0.9577	1	1	1.49	0	refconf	ligand_centred	2026-09-24T09:31:22+08:00
arm	A1_refconf_refbox	gnina	posebusters	7LOU_IFM	20260922	ok		5	-4.92	gnina_cnn:rescore:crossdock_default2018	kcal/mol (empirical score, not a measured free energy)	30.18	4	14.9732	0.6347	1	0	0	0	0	9.1643	0	0	14.9732	0	refconf	ligand_centred	2026-09-24T09:31:17+08:00
arm	A1_refconf_refbox	gnina	posebusters	7LT0_ONJ	20260922	ok		5	-10.48	gnina_cnn:rescore:crossdock_default2018	kcal/mol (empirical score, not a measured free energy)	92.84	4	1.9882	1.0867	1	1	0	1	0	0.3246	1	1	1.9882	0	refconf	ligand_centred	2026-09-24T09:31:25+08:00
arm	A1_refconf_refbox	gnina	posebusters	7LZD_YHY	20260922	ok		5	-13.56	gnina_cnn:rescore:crossdock_default2018	kcal/mol (empirical score, not a measured free energy)	96.27	4	1.1325	0.9404	1	1	0	1	0	1.1325	1	1	1.1325	0	refconf	ligand_centred	2026-09-24T09:31:29+08:00
arm	A1_refconf_refbox	gnina	posebusters	7MGT_ZD4	20260922	ok		5	-8.94	gnina_cnn:rescore:crossdock_default2018	kcal/mol (empirical score, not a measured free energy)	93.02	4	1.5482	0.796	1	1	0	1	0	1.1559	1	0	1.5482	0	refconf	ligand_centred	2026-09-24T09:31:34+08:00
arm	A1_refconf_refbox	gnina	posebusters	7MOI_HPS	20260922	ok		5	-7.37	gnina_cnn:rescore:crossdock_default2018	kcal/mol (empirical score, not a measured free energy)	37.08	4	0.6449	0.2869	1	1	1	1	1	0.63	1	1	1.564	0	refconf	ligand_centred	2026-09-24T09:31:42+08:00
arm	A1_refconf_refbox	gnina	posebusters	7D6O_MTE	20260922	ok		5	-10.58	gnina_cnn:rescore:crossdock_default2018	kcal/mol (empirical score, not a measured free energy)	107.29	4	0.4616	0.3443	1	1	1	1	1	0.4616	1	1	1.0057	0	refconf	ligand_centred	2026-09-24T09:30:10+08:00
arm	A1_refconf_refbox	gnina	posebusters	7LJN_GTP	20260922	ok		5	-8.49	gnina_cnn:rescore:crossdock_default2018	kcal/mol (empirical score, not a measured free energy)	170.14	4	5.278	2.021	1	0	0	0	0	3.4932	0	0	5.3237	0	refconf	ligand_centred	2026-09-24T09:31:19+08:00
arm	A1_refconf_refbox	gnina	posebusters	7MY1_IPE	20260922	ok		5	-5.49	gnina_cnn:rescore:crossdock_default2018	kcal/mol (empirical score, not a measured free energy)	45.09	4	9.8978	1.1783	1	0	0	0	0	1.8165	1	1	9.9255	0	refconf	ligand_centred	2026-09-24T09:31:44+08:00
arm	A1_refconf_refbox	gnina	posebusters	7MWU_ZPM	20260922	ok		5	-6.27	gnina_cnn:rescore:crossdock_default2018	kcal/mol (empirical score, not a measured free energy)	29.0	4	0.6386	0.3796	1	1	1	1	1	0.6386	1	1	1.125	0	refconf	ligand_centred	2026-09-24T09:31:44+08:00
arm	A0_null	vina	posebusters	8F4J_PHO	20260922	ok		1		vina	kcal/mol (empirical score, not a measured free energy)	0.061	10	7.8905	3.4834	0	0	0	0	0	7.8905	0	0	7.8905	0	genconf	ligand_centred	2026-09-24T09:20:46+08:00
arm	A1_refconf_refbox	gnina	posebusters	7N03_ZRP	20260922	ok		5	-9.85	gnina_cnn:rescore:crossdock_default2018	kcal/mol (empirical score, not a measured free energy)	88.95	4	2.2966	1.7725	1	0	0	0	0	0.7826	1	1	2.2966	0	refconf	ligand_centred	2026-09-24T09:31:48+08:00
arm	A1_refconf_refbox	gnina	posebusters	7N4W_P4V	20260922	ok		5	-10.25	gnina_cnn:rescore:crossdock_default2018	kcal/mol (empirical score, not a measured free energy)	42.64	4	0.155	0.0667	1	1	1	1	1	0.155	1	1	0.155	0	refconf	ligand_centred	2026-09-24T09:31:48+08:00
arm	A1_refconf_refbox	gnina	posebusters	7MWN_WI5	20260922	ok		5	-12.29	gnina_cnn:rescore:crossdock_default2018	kcal/mol (empirical score, not a measured free energy)	105.79	4	0.745	0.3248	1	1	1	1	1	0.745	1	1	0.745	0	refconf	ligand_centred	2026-09-24T09:31:46+08:00
arm	A1_refconf_refbox	gnina	posebusters	7M6K_YRJ	20260922	ok		5	-11.93	gnina_cnn:rescore:crossdock_default2018	kcal/mol (empirical score, not a measured free energy)	135.75	4	0.4845	0.3727	1	1	1	1	1	0.4845	1	1	0.4845	0	refconf	ligand_centred	2026-09-24T09:31:36+08:00
arm	A1_refconf_refbox	gnina	posebusters	7MGY_ZD1	20260922	ok		5	-11.07	gnina_cnn:rescore:crossdock_default2018	kcal/mol (empirical score, not a measured free energy)	64.66	4	0.4351	0.3408	1	1	1	1	1	0.4351	1	1	0.4351	0	refconf	ligand_centred	2026-09-24T09:31:35+08:00
arm	A1_refconf_refbox	gnina	posebusters	7N6F_0I1	20260922	ok		5	-10.49	gnina_cnn:rescore:crossdock_default2018	kcal/mol (empirical score, not a measured free energy)	71.52	4	0.5342	0.246	1	1	1	1	1	0.5342	1	1	1.0828	0	refconf	ligand_centred	2026-09-24T09:31:53+08:00
arm	A1_refconf_refbox	gnina	posebusters	7MYU_ZR7	20260922	ok		5	-11.74	gnina_cnn:rescore:crossdock_default2018	kcal/mol (empirical score, not a measured free energy)	89.93	4	0.3586	0.2656	1	1	1	1	1	0.3586	1	1	0.3586	0	refconf	ligand_centred	2026-09-24T09:31:47+08:00
arm	A1_refconf_refbox	gnina	posebusters	7N7H_CTP	20260922	ok		5	-12.24	gnina_cnn:rescore:crossdock_default2018	kcal/mol (empirical score, not a measured free energy)	102.25	4	1.1639	0.9973	1	1	0	1	0	1.1639	1	1	1.2122	0	refconf	ligand_centred	2026-09-24T09:31:58+08:00
arm	A1_refconf_refbox	gnina	posebusters	7M3H_YPV	20260922	ok		5	-9.77	gnina_cnn:rescore:crossdock_default2018	kcal/mol (empirical score, not a measured free energy)	78.53	4	0.6579	0.4352	1	1	1	1	1	0.6579	1	1	0.6579	0	refconf	ligand_centred	2026-09-24T09:31:31+08:00
arm	A1_refconf_refbox	gnina	posebusters	7N4N_0BK	20260922	ok		5	-9.47	gnina_cnn:rescore:crossdock_default2018	kcal/mol (empirical score, not a measured free energy)	85.48	4	0.882	0.5802	1	1	1	1	1	0.882	1	1	0.882	0	refconf	ligand_centred	2026-09-24T09:31:52+08:00
arm	A1_refconf_refbox	gnina	posebusters	7NGW_UAW	20260922	ok		5	-10.87	gnina_cnn:rescore:crossdock_default2018	kcal/mol (empirical score, not a measured free energy)	37.39	4	0.3433	0.1567	1	1	1	1	1	0.3433	1	1	1.6588	0	refconf	ligand_centred	2026-09-24T09:32:08+08:00
arm	A1_refconf_refbox	gnina	posebusters	7N7B_T3F	20260922	ok		5	-10.75	gnina_cnn:rescore:crossdock_default2018	kcal/mol (empirical score, not a measured free energy)	142.64	4	1.6992	1.4863	1	1	0	1	0	1.6992	1	1	1.6992	0	refconf	ligand_centred	2026-09-24T09:31:59+08:00
arm	A1_refconf_refbox	gnina	posebusters	7KRU_ATP	20260922	ok		5	-11.83	gnina_cnn:rescore:crossdock_default2018	kcal/mol (empirical score, not a measured free energy)	165.47	4	0.6944	0.4914	1	1	1	1	1	0.6944	1	1	0.6944	0	refconf	ligand_centred	2026-09-24T09:31:07+08:00
arm	A1_refconf_refbox	gnina	posebusters	7NLV_UJE	20260922	ok		5	-9.48	gnina_cnn:rescore:crossdock_default2018	kcal/mol (empirical score, not a measured free energy)	65.19	4	1.0533	1.0157	1	1	0	1	0	1.0533	1	1	1.0533	0	refconf	ligand_centred	2026-09-24T09:32:10+08:00
arm	A1_refconf_refbox	gnina	posebusters	7NSW_HC4	20260922	ok		5	-7.18	gnina_cnn:rescore:crossdock_default2018	kcal/mol (empirical score, not a measured free energy)	39.2	4	0.2052	0.1059	1	1	1	1	1	0.2052	1	1	1.6551	0	refconf	ligand_centred	2026-09-24T09:32:12+08:00
arm	A1_refconf_refbox	gnina	posebusters	7NPL_UKZ	20260922	ok		5	-14.43	gnina_cnn:rescore:crossdock_default2018	kcal/mol (empirical score, not a measured free energy)	95.8	4	0.3226	0.1894	1	1	1	1	1	0.3226	1	1	0.3226	0	refconf	ligand_centred	2026-09-24T09:32:15+08:00
arm	A1_refconf_refbox	gnina	posebusters	7NF0_BYN	20260922	ok		5	-14.24	gnina_cnn:rescore:crossdock_default2018	kcal/mol (empirical score, not a measured free energy)	134.05	4	0.8132	0.7642	0	1	1	0	0	0.8132	1	0	1.0098	0	refconf	ligand_centred	2026-09-24T09:32:00+08:00
arm	A1_refconf_refbox	gnina	posebusters	7NF3_4LU	20260922	ok		5	-13.77	gnina_cnn:rescore:crossdock_default2018	kcal/mol (empirical score, not a measured free energy)	145.27	4	0.7287	0.6714	1	1	1	1	1	0.7287	1	1	1.0569	0	refconf	ligand_centred	2026-09-24T09:32:11+08:00
arm	A1_refconf_refbox	gnina	posebusters	7NFB_GEN	20260922	ok		5	8.36	gnina_cnn:rescore:crossdock_default2018	kcal/mol (empirical score, not a measured free energy)	55.16	4	14.4731	0.3928	0	0	0	0	0	0.4735	1	1	14.4911	0	refconf	ligand_centred	2026-09-24T09:32:05+08:00
arm	A1_refconf_refbox	gnina	posebusters	7NP6_UK8	20260922	ok		5	-13.57	gnina_cnn:rescore:crossdock_default2018	kcal/mol (empirical score, not a measured free energy)	191.02	4	0.2796	0.2485	1	1	1	1	1	0.2796	1	1	1.1049	0	refconf	ligand_centred	2026-09-24T09:32:20+08:00
arm	A1_refconf_refbox	gnina	posebusters	7O0N_CDP	20260922	ok		5	-11.28	gnina_cnn:rescore:crossdock_default2018	kcal/mol (empirical score, not a measured free energy)	82.42	4	12.4072	0.6333	1	0	0	0	0	0.402	1	1	12.4336	0	refconf	ligand_centred	2026-09-24T09:32:20+08:00
arm	A1_refconf_refbox	gnina	posebusters	7NU0_DCL	20260922	ok		5	-5.38	gnina_cnn:rescore:crossdock_default2018	kcal/mol (empirical score, not a measured free energy)	36.78	4	0.5369	0.4371	1	1	1	1	1	0.5369	1	1	1.3486	0	refconf	ligand_centred	2026-09-24T09:32:16+08:00
arm	A1_refconf_refbox	gnina	posebusters	7O1T_5X8	20260922	ok		5	-10.85	gnina_cnn:rescore:crossdock_default2018	kcal/mol (empirical score, not a measured free energy)	77.06	4	1.3261	1.0289	1	1	0	1	0	1.3261	1	1	1.3261	0	refconf	ligand_centred	2026-09-24T09:32:22+08:00
arm	A1_refconf_refbox	gnina	posebusters	7MFP_Z7P	20260922	ok		5	-13.53	gnina_cnn:rescore:crossdock_default2018	kcal/mol (empirical score, not a measured free energy)	411.98	4	0.7971	0.6813	1	1	1	1	1	0.7971	1	1	1.0024	0	refconf	ligand_centred	2026-09-24T09:31:52+08:00
arm	A1_refconf_refbox	gnina	posebusters	7OEO_V9Z	20260922	ok		5	-8.35	gnina_cnn:rescore:crossdock_default2018	kcal/mol (empirical score, not a measured free energy)	145.88	4	1.6066	1.2609	1	1	0	1	0	0.7426	1	1	3.6984	1	refconf	ligand_centred	2026-09-24T09:32:27+08:00
arm	A1_refconf_refbox	gnina	posebusters	7NXO_UU8	20260922	ok		5	-12.0	gnina_cnn:rescore:crossdock_default2018	kcal/mol (empirical score, not a measured free energy)	108.45	4	0.3497	0.2361	1	1	1	1	1	0.3497	1	1	0.3497	0	refconf	ligand_centred	2026-09-24T09:32:20+08:00
arm	A1_refconf_refbox	gnina	posebusters	7OLI_8HG	20260922	ok		5	-8.49	gnina_cnn:rescore:crossdock_default2018	kcal/mol (empirical score, not a measured free energy)	62.93	4	2.7363	1.5739	0	0	0	0	0	0.6192	1	1	2.7363	0	refconf	ligand_centred	2026-09-24T09:32:29+08:00
arm	A1_refconf_refbox	gnina	posebusters	7OFF_VCB	20260922	ok		5	-7.95	gnina_cnn:rescore:crossdock_default2018	kcal/mol (empirical score, not a measured free energy)	85.03	4	9.38	2.3057	0	0	0	0	0	0.5212	1	1	9.3948	0	refconf	ligand_centred	2026-09-24T09:32:27+08:00
arm	A1_refconf_refbox	gnina	posebusters	7NR8_UOE	20260922	ok		5	-12.87	gnina_cnn:rescore:crossdock_default2018	kcal/mol (empirical score, not a measured free energy)	263.54	4	0.2482	0.1696	1	1	1	1	1	0.2482	1	1	0.7611	0	refconf	ligand_centred	2026-09-24T09:32:24+08:00
arm	A1_refconf_refbox	gnina	posebusters	7MSR_DCA	20260922	ok		5	-8.71	gnina_cnn:rescore:crossdock_default2018	kcal/mol (empirical score, not a measured free energy)	447.7	4	3.2772	2.5578	1	0	0	0	0	1.4418	1	1	3.2772	0	refconf	ligand_centred	2026-09-24T09:32:01+08:00
arm	A1_refconf_refbox	gnina	posebusters	7OSO_0V1	20260922	ok		5	-4.39	gnina_cnn:rescore:crossdock_default2018	kcal/mol (empirical score, not a measured free energy)	31.2	4	10.8262	1.2105	1	0	0	0	0	10.5769	0	0	10.8262	0	refconf	ligand_centred	2026-09-24T09:32:33+08:00
arm	A1_refconf_refbox	gnina	posebusters	7ODY_DGI	20260922	ok		5	-11.91	gnina_cnn:rescore:crossdock_default2018	kcal/mol (empirical score, not a measured free energy)	97.91	4	0.2897	0.2608	1	1	1	1	1	0.2897	1	1	0.907	0	refconf	ligand_centred	2026-09-24T09:32:25+08:00
arm	A1_refconf_refbox	gnina	posebusters	7P2I_MFU	20260922	ok		5	-6.34	gnina_cnn:rescore:crossdock_default2018	kcal/mol (empirical score, not a measured free energy)	35.11	4	0.7841	0.4105	1	1	1	1	1	0.7841	1	1	0.7841	0	refconf	ligand_centred	2026-09-24T09:32:37+08:00
arm	A1_refconf_refbox	gnina	posebusters	7OFK_VCH	20260922	ok		5	-11.21	gnina_cnn:rescore:crossdock_default2018	kcal/mol (empirical score, not a measured free energy)	159.38	4	0.8391	0.7223	1	1	1	1	1	0.4009	1	1	1.5105	0	refconf	ligand_centred	2026-09-24T09:32:34+08:00
arm	A1_refconf_refbox	gnina	posebusters	7OZC_G6S	20260922	ok		5	-8.95	gnina_cnn:rescore:crossdock_default2018	kcal/mol (empirical score, not a measured free energy)	48.28	4	0.2834	0.1668	1	1	1	1	1	0.2834	1	1	1.0479	0	refconf	ligand_centred	2026-09-24T09:32:35+08:00
arm	A1_refconf_refbox	gnina	posebusters	7P1M_4IU	20260922	ok		5	-7.51	gnina_cnn:rescore:crossdock_default2018	kcal/mol (empirical score, not a measured free energy)	81.91	4	0.4075	0.1489	1	1	1	1	1	0.4075	1	1	0.4075	0	refconf	ligand_centred	2026-09-24T09:32:39+08:00
arm	A1_refconf_refbox	gnina	posebusters	7P1F_KFN	20260922	ok		5	-7.2	gnina_cnn:rescore:crossdock_default2018	kcal/mol (empirical score, not a measured free energy)	55.31	4	1.2073	0.7164	1	1	0	1	0	1.2073	1	1	1.2073	0	refconf	ligand_centred	2026-09-24T09:32:36+08:00
arm	A1_refconf_refbox	gnina	posebusters	7P5T_5YG	20260922	ok		5	27.98	gnina_cnn:rescore:crossdock_default2018	kcal/mol (empirical score, not a measured free energy)	64.74	4	9.0229	2.0456	0	0	0	0	0	8.8886	0	0	9.0298	0	refconf	ligand_centred	2026-09-24T09:32:40+08:00
arm	A1_refconf_refbox	gnina	posebusters	7PJQ_OWH	20260922	ok		5	-2.28	gnina_cnn:rescore:crossdock_default2018	kcal/mol (empirical score, not a measured free energy)	32.86	4	11.3236	1.3295	1	0	0	0	0	0.761	1	1	11.3236	0	refconf	ligand_centred	2026-09-24T09:32:43+08:00
arm	A1_refconf_refbox	gnina	posebusters	7NUT_GLP	20260922	ok		5	-7.92	gnina_cnn:rescore:crossdock_default2018	kcal/mol (empirical score, not a measured free energy)	50.83	4	0.7661	0.133	1	1	1	1	1	0.7661	1	1	0.7661	0	refconf	ligand_centred	2026-09-24T09:32:18+08:00
arm	A1_refconf_refbox	gnina	posebusters	7OZ9_NGK	20260922	ok		5	-7.52	gnina_cnn:rescore:crossdock_default2018	kcal/mol (empirical score, not a measured free energy)	64.63	4	0.5622	0.511	1	1	1	1	1	0.5622	1	1	0.5622	0	refconf	ligand_centred	2026-09-24T09:32:37+08:00
arm	A1_refconf_refbox	gnina	posebusters	7OPG_06N	20260922	ok		5	-7.78	gnina_cnn:rescore:crossdock_default2018	kcal/mol (empirical score, not a measured free energy)	59.51	4	6.0602	1.1151	0	0	0	0	0	0.7583	1	1	6.0602	0	refconf	ligand_centred	2026-09-24T09:32:34+08:00
arm	A1_refconf_refbox	gnina	posebusters	7PGX_FMN	20260922	ok		5	-11.47	gnina_cnn:rescore:crossdock_default2018	kcal/mol (empirical score, not a measured free energy)	126.31	4	1.0275	0.8898	1	1	0	1	0	1.0275	1	1	1.2352	0	refconf	ligand_centred	2026-09-24T09:32:45+08:00
arm	A1_refconf_refbox	gnina	posebusters	7PIH_7QW	20260922	ok		5	-9.98	gnina_cnn:rescore:crossdock_default2018	kcal/mol (empirical score, not a measured free energy)	59.18	4	9.4481	1.0501	1	0	0	0	0	1.7162	1	1	9.4481	0	refconf	ligand_centred	2026-09-24T09:32:43+08:00
arm	A1_refconf_refbox	gnina	posebusters	7PL1_SFG	20260922	ok		5	-8.83	gnina_cnn:rescore:crossdock_default2018	kcal/mol (empirical score, not a measured free energy)	116.45	4	1.1164	0.8206	1	1	0	1	0	1.1164	1	1	1.177	0	refconf	ligand_centred	2026-09-24T09:32:50+08:00
arm	A1_refconf_refbox	gnina	posebusters	7OMX_CNA	20260922	ok		5	-11.97	gnina_cnn:rescore:crossdock_default2018	kcal/mol (empirical score, not a measured free energy)	374.3	4	0.9419	0.8695	1	1	1	1	1	0.9419	1	1	0.9419	0	refconf	ligand_centred	2026-09-24T09:32:46+08:00
arm	A1_refconf_refbox	gnina	posebusters	7PRM_81I	20260922	ok		5	-14.1	gnina_cnn:rescore:crossdock_default2018	kcal/mol (empirical score, not a measured free energy)	100.9	4	0.7224	0.6657	1	1	1	1	1	0.7224	1	1	1.1076	0	refconf	ligand_centred	2026-09-24T09:32:51+08:00
arm	A1_refconf_refbox	gnina	posebusters	7PRI_7TI	20260922	ok		5	-6.47	gnina_cnn:rescore:crossdock_default2018	kcal/mol (empirical score, not a measured free energy)	65.92	4	1.3207	0.7919	1	1	0	1	0	1.3207	1	1	1.4011	0	refconf	ligand_centred	2026-09-24T09:32:50+08:00
arm	A1_refconf_refbox	gnina	posebusters	7Q2B_M6H	20260922	ok		5	-6.68	gnina_cnn:rescore:crossdock_default2018	kcal/mol (empirical score, not a measured free energy)	43.71	4	0.8392	0.4452	1	1	1	1	1	0.8392	1	1	1.8762	0	refconf	ligand_centred	2026-09-24T09:32:57+08:00
arm	A1_refconf_refbox	gnina	posebusters	7POM_7VZ	20260922	ok		5	-7.84	gnina_cnn:rescore:crossdock_default2018	kcal/mol (empirical score, not a measured free energy)	62.7	4	1.6682	1.0058	1	1	0	1	0	1.6682	1	1	1.8165	0	refconf	ligand_centred	2026-09-24T09:32:48+08:00
arm	A1_refconf_refbox	gnina	posebusters	7QFM_AY3	20260922	ok		5	-8.53	gnina_cnn:rescore:crossdock_default2018	kcal/mol (empirical score, not a measured free energy)	40.32	4	6.247	0.5373	1	0	0	0	0	0.392	1	1	6.2796	0	refconf	ligand_centred	2026-09-24T09:33:03+08:00
arm	A1_refconf_refbox	gnina	posebusters	7PUV_84Z	20260922	ok		5	-8.04	gnina_cnn:rescore:crossdock_default2018	kcal/mol (empirical score, not a measured free energy)	61.58	4	0.5836	0.3911	1	1	1	1	1	0.5836	1	1	0.5836	0	refconf	ligand_centred	2026-09-24T09:32:53+08:00
arm	A1_refconf_refbox	gnina	posebusters	7QF4_RBF	20260922	ok		5	-11.97	gnina_cnn:rescore:crossdock_default2018	kcal/mol (empirical score, not a measured free energy)	79.75	4	1.1241	1.088	1	1	0	1	0	1.1241	1	1	1.1241	0	refconf	ligand_centred	2026-09-24T09:33:06+08:00
arm	A1_refconf_refbox	gnina	posebusters	7FRX_O88	20260922	ok		5	-13.28	gnina_cnn:rescore:crossdock_default2018	kcal/mol (empirical score, not a measured free energy)	82.47	4	10.1353	2.0042	1	0	0	0	0	1.3238	1	1	10.1722	0	refconf	ligand_centred	2026-09-24T09:30:30+08:00
arm	A1_refconf_refbox	gnina	posebusters	7P4C_5OV	20260922	ok		5	-4.32	gnina_cnn:rescore:crossdock_default2018	kcal/mol (empirical score, not a measured free energy)	40.88	4	12.1758	0.538	0	0	0	0	0	10.2189	0	0	12.2054	0	refconf	ligand_centred	2026-09-24T09:32:39+08:00
arm	A1_refconf_refbox	gnina	posebusters	7Q27_8KC	20260922	ok		5	-10.16	gnina_cnn:rescore:crossdock_default2018	kcal/mol (empirical score, not a measured free energy)	160.42	4	1.5651	1.4682	1	1	0	1	0	1.5651	1	1	1.6988	0	refconf	ligand_centred	2026-09-24T09:32:55+08:00
arm	A1_refconf_refbox	gnina	posebusters	7QPP_VDX	20260922	ok		5	-13.64	gnina_cnn:rescore:crossdock_default2018	kcal/mol (empirical score, not a measured free energy)	85.48	4	0.7488	0.5379	1	1	1	1	1	0.7488	1	1	0.7488	0	refconf	ligand_centred	2026-09-24T09:33:09+08:00
arm	A1_refconf_refbox	gnina	posebusters	7QE4_NGA	20260922	ok		5	-3.71	gnina_cnn:rescore:crossdock_default2018	kcal/mol (empirical score, not a measured free energy)	33.45	4	6.2878	1.1399	1	0	0	0	0	6.1942	0	0	6.2878	0	refconf	ligand_centred	2026-09-24T09:32:58+08:00
arm	A1_refconf_refbox	gnina	posebusters	7R59_I5F	20260922	ok		5	-7.74	gnina_cnn:rescore:crossdock_default2018	kcal/mol (empirical score, not a measured free energy)	41.31	4	0.375	0.0004	1	1	1	1	1	0.375	1	1	0.375	0	refconf	ligand_centred	2026-09-24T09:33:20+08:00
arm	A1_refconf_refbox	gnina	posebusters	7QTA_URI	20260922	ok		5	-5.96	gnina_cnn:rescore:crossdock_default2018	kcal/mol (empirical score, not a measured free energy)	51.7	4	2.9925	0.2138	1	0	0	0	0	0.7047	1	1	2.9925	0	refconf	ligand_centred	2026-09-24T09:33:17+08:00
arm	A1_refconf_refbox	gnina	posebusters	7QHG_T3B	20260922	ok		5	-13.09	gnina_cnn:rescore:crossdock_default2018	kcal/mol (empirical score, not a measured free energy)	197.99	4	0.3797	0.2764	1	1	1	1	1	0.3797	1	1	0.8323	0	refconf	ligand_centred	2026-09-24T09:33:14+08:00
arm	A1_refconf_refbox	gnina	posebusters	7QHL_D5P	20260922	ok		5	-9.23	gnina_cnn:rescore:crossdock_default2018	kcal/mol (empirical score, not a measured free energy)	80.7	4	1.2905	0.9808	1	1	0	1	0	1.2905	1	1	1.2905	0	refconf	ligand_centred	2026-09-24T09:33:08+08:00
arm	A1_refconf_refbox	gnina	posebusters	7R7R_AWJ	20260922	ok		5	-9.52	gnina_cnn:rescore:crossdock_default2018	kcal/mol (empirical score, not a measured free energy)	117.69	4	0.4847	0.378	1	1	1	1	1	0.4847	1	1	0.4847	0	refconf	ligand_centred	2026-09-24T09:33:29+08:00
arm	A1_refconf_refbox	gnina	posebusters	7PK0_BYC	20260922	ok		5	-10.16	gnina_cnn:rescore:crossdock_default2018	kcal/mol (empirical score, not a measured free energy)	740.96	4	4.8015	4.5465	0	0	0	0	0	2.0991	0	0	4.8202	0	refconf	ligand_centred	2026-09-24T09:33:19+08:00
arm	A1_refconf_refbox	gnina	posebusters	7RKW_5TV	20260922	ok		5	-9.8	gnina_cnn:rescore:crossdock_default2018	kcal/mol (empirical score, not a measured free energy)	64.23	4	0.9949	0.8626	1	1	1	1	1	0.9885	1	1	2.0181	1	refconf	ligand_centred	2026-09-24T09:33:35+08:00
arm	A1_refconf_refbox	gnina	posebusters	7RC3_SAH	20260922	ok		5	-10.27	gnina_cnn:rescore:crossdock_default2018	kcal/mol (empirical score, not a measured free energy)	104.17	4	0.9129	0.7582	1	1	1	1	1	0.9129	1	1	0.9673	0	refconf	ligand_centred	2026-09-24T09:33:37+08:00
arm	A1_refconf_refbox	gnina	posebusters	7R9N_F97	20260922	ok		5	-8.35	gnina_cnn:rescore:crossdock_default2018	kcal/mol (empirical score, not a measured free energy)	92.79	4	4.7797	3.5541	1	0	0	0	0	1.5518	1	1	4.8062	0	refconf	ligand_centred	2026-09-24T09:33:32+08:00
arm	A1_refconf_refbox	gnina	posebusters	7Q5I_I0F	20260922	ok		5	-11.72	gnina_cnn:rescore:crossdock_default2018	kcal/mol (empirical score, not a measured free energy)	82.47	4	0.7337	0.6364	1	1	1	1	1	0.6691	1	1	1.175	0	refconf	ligand_centred	2026-09-24T09:33:00+08:00
arm	A1_refconf_refbox	gnina	posebusters	7RH3_59O	20260922	ok		5	-8.16	gnina_cnn:rescore:crossdock_default2018	kcal/mol (empirical score, not a measured free energy)	144.11	4	0.4426	0.4201	1	1	1	1	1	0.4426	1	1	1.0503	0	refconf	ligand_centred	2026-09-24T09:33:40+08:00
arm	A1_refconf_refbox	gnina	posebusters	7RZL_NPO	20260922	ok		5	-5.6	gnina_cnn:rescore:crossdock_default2018	kcal/mol (empirical score, not a measured free energy)	30.93	4	10.2438	0.5578	1	0	0	0	0	1.1799	1	1	10.2652	0	refconf	ligand_centred	2026-09-24T09:33:41+08:00
arm	A1_refconf_refbox	gnina	posebusters	7SDD_4IP	20260922	ok		5	-9.49	gnina_cnn:rescore:crossdock_default2018	kcal/mol (empirical score, not a measured free energy)	99.91	4	1.2125	0.9915	1	1	0	1	0	1.2125	1	1	1.5335	0	refconf	ligand_centred	2026-09-24T09:33:46+08:00
arm	A1_refconf_refbox	gnina	posebusters	7ROR_69X	20260922	ok		5	-12.83	gnina_cnn:rescore:crossdock_default2018	kcal/mol (empirical score, not a measured free energy)	183.21	4	0.6793	0.5425	1	1	1	1	1	0.6793	1	1	1.0687	0	refconf	ligand_centred	2026-09-24T09:33:46+08:00
arm	A1_refconf_refbox	gnina	posebusters	7R3D_APR	20260922	ok		5	-9.78	gnina_cnn:rescore:crossdock_default2018	kcal/mol (empirical score, not a measured free energy)	183.47	4	0.7121	0.651	1	1	1	1	1	0.7121	1	1	0.7121	0	refconf	ligand_centred	2026-09-24T09:33:28+08:00
arm	A1_refconf_refbox	gnina	posebusters	7RSV_7IQ	20260922	ok		5	-9.09	gnina_cnn:rescore:crossdock_default2018	kcal/mol (empirical score, not a measured free energy)	49.64	4	0.2099	0.0494	1	1	1	1	1	0.2099	1	1	0.2099	0	refconf	ligand_centred	2026-09-24T09:33:44+08:00
arm	A1_refconf_refbox	gnina	posebusters	7SFO_98L	20260922	ok		5	-10.55	gnina_cnn:rescore:crossdock_default2018	kcal/mol (empirical score, not a measured free energy)	62.39	4	0.4115	0.208	1	1	1	1	1	0.4115	1	1	1.0652	0	refconf	ligand_centred	2026-09-24T09:33:54+08:00
arm	A1_refconf_refbox	gnina	posebusters	7R6J_2I7	20260922	ok		5	-9.83	gnina_cnn:rescore:crossdock_default2018	kcal/mol (empirical score, not a measured free energy)	121.91	4	5.4723	2.853	1	0	0	0	0	2.8671	0	0	5.4723	0	refconf	ligand_centred	2026-09-24T09:33:25+08:00
arm	A1_refconf_refbox	gnina	posebusters	7SCW_GSP	20260922	ok		5	-12.27	gnina_cnn:rescore:crossdock_default2018	kcal/mol (empirical score, not a measured free energy)	149.81	4	0.5202	0.3943	1	1	1	1	1	0.5202	1	1	0.5202	0	refconf	ligand_centred	2026-09-24T09:33:55+08:00
arm	A1_refconf_refbox	gnina	posebusters	7ROU_66I	20260922	ok		5	-12.2	gnina_cnn:rescore:crossdock_default2018	kcal/mol (empirical score, not a measured free energy)	246.44	4	1.5602	1.1381	1	1	0	1	0	1.0529	1	1	1.6182	0	refconf	ligand_centred	2026-09-24T09:33:58+08:00
arm	A1_refconf_refbox	gnina	posebusters	7OP9_06K	20260922	ok		5	-4.49	gnina_cnn:rescore:crossdock_default2018	kcal/mol (empirical score, not a measured free energy)	34.76	4	5.0077	0.0004	1	0	0	0	0	3.2783	0	0	5.0077	0	refconf	ligand_centred	2026-09-24T09:32:32+08:00
arm	A1_refconf_refbox	gnina	posebusters	7SIU_9ID	20260922	ok		5	-10.44	gnina_cnn:rescore:crossdock_default2018	kcal/mol (empirical score, not a measured free energy)	120.21	4	0.3265	0.1793	1	1	1	1	1	0.3265	1	1	0.9191	0	refconf	ligand_centred	2026-09-24T09:34:01+08:00
arm	A1_refconf_refbox	gnina	posebusters	7SZA_DUI	20260922	ok		5	-10.01	gnina_cnn:rescore:crossdock_default2018	kcal/mol (empirical score, not a measured free energy)	55.69	4	0.2336	0.0622	1	1	1	1	1	0.2336	1	1	0.2336	0	refconf	ligand_centred	2026-09-24T09:33:59+08:00
arm	A1_refconf_refbox	gnina	posebusters	7RNI_60I	20260922	ok		5	-9.73	gnina_cnn:rescore:crossdock_default2018	kcal/mol (empirical score, not a measured free energy)	92.07	4	0.5475	0.2823	1	1	1	1	1	0.5475	1	1	1.2008	0	refconf	ligand_centred	2026-09-24T09:33:41+08:00
arm	A1_refconf_refbox	gnina	posebusters	7T0D_FPP	20260922	ok		5	-9.04	gnina_cnn:rescore:crossdock_default2018	kcal/mol (empirical score, not a measured free energy)	108.58	4	0.8542	0.6867	0	1	1	0	0	0.8542	1	0	1.0713	0	refconf	ligand_centred	2026-09-24T09:34:03+08:00
arm	A1_refconf_refbox	gnina	posebusters	7T1D_E7K	20260922	ok		5	-14.46	gnina_cnn:rescore:crossdock_default2018	kcal/mol (empirical score, not a measured free energy)	124.76	4	0.3422	0.111	1	1	1	1	1	0.3422	1	1	0.3422	0	refconf	ligand_centred	2026-09-24T09:34:09+08:00
arm	A1_refconf_refbox	gnina	posebusters	7TBU_S3P	20260922	ok		5	-6.72	gnina_cnn:rescore:crossdock_default2018	kcal/mol (empirical score, not a measured free energy)	55.77	4	1.6159	0.5808	1	1	0	1	0	1.0722	1	1	1.6159	0	refconf	ligand_centred	2026-09-24T09:34:09+08:00
arm	A1_refconf_refbox	gnina	posebusters	7TE8_P0T	20260922	ok		5	-11.56	gnina_cnn:rescore:crossdock_default2018	kcal/mol (empirical score, not a measured free energy)	107.75	4	0.3975	0.3	1	1	1	1	1	0.3831	1	1	0.3975	0	refconf	ligand_centred	2026-09-24T09:34:13+08:00
arm	A1_refconf_refbox	gnina	posebusters	7T3E_SLB	20260922	ok		5	-9.45	gnina_cnn:rescore:crossdock_default2018	kcal/mol (empirical score, not a measured free energy)	72.58	4	1.609	1.3626	1	1	0	1	0	1.609	1	1	1.7495	0	refconf	ligand_centred	2026-09-24T09:34:06+08:00
arm	A1_refconf_refbox	gnina	posebusters	7THI_PGA	20260922	ok		5	-6.28	gnina_cnn:rescore:crossdock_default2018	kcal/mol (empirical score, not a measured free energy)	32.12	4	0.5816	0.5302	1	1	1	1	1	0.5665	1	1	1.6265	0	refconf	ligand_centred	2026-09-24T09:34:09+08:00
arm	A1_refconf_refbox	gnina	posebusters	7TOM_5AD	20260922	ok		5	-10.66	gnina_cnn:rescore:crossdock_default2018	kcal/mol (empirical score, not a measured free energy)	50.29	4	0.267	0.147	1	1	1	1	1	0.267	1	1	0.267	0	refconf	ligand_centred	2026-09-24T09:34:22+08:00
arm	A1_refconf_refbox	gnina	posebusters	7TM6_GPJ	20260922	ok		5	-0.28	gnina_cnn:rescore:crossdock_default2018	kcal/mol (empirical score, not a measured free energy)	41.44	4	7.3457	1.0795	0	0	0	0	0	0.3011	1	1	7.3457	0	refconf	ligand_centred	2026-09-24T09:34:17+08:00
arm	A1_refconf_refbox	gnina	posebusters	7Q25_8J9	20260922	ok		5	-9.28	gnina_cnn:rescore:crossdock_default2018	kcal/mol (empirical score, not a measured free energy)	142.59	4	1.2447	1.1232	1	1	0	1	0	1.2447	1	1	1.7705	0	refconf	ligand_centred	2026-09-24T09:32:55+08:00
arm	A1_refconf_refbox	gnina	posebusters	7TUO_KL9	20260922	ok		5	-11.19	gnina_cnn:rescore:crossdock_default2018	kcal/mol (empirical score, not a measured free energy)	102.5	4	0.9305	0.8334	1	1	1	1	1	0.4015	1	1	0.9305	0	refconf	ligand_centred	2026-09-24T09:34:34+08:00
arm	A1_refconf_refbox	gnina	posebusters	7TSF_H4B	20260922	ok		5	-9.06	gnina_cnn:rescore:crossdock_default2018	kcal/mol (empirical score, not a measured free energy)	50.83	4	0.2073	0.0404	1	1	1	1	1	0.2073	1	1	0.2073	0	refconf	ligand_centred	2026-09-24T09:34:27+08:00
arm	A1_refconf_refbox	gnina	posebusters	7PT3_3KK	20260922	ok		5	-10.08	gnina_cnn:rescore:crossdock_default2018	kcal/mol (empirical score, not a measured free energy)	721.98	4	1.0749	1.0412	1	1	0	1	0	1.0749	1	1	1.0823	0	refconf	ligand_centred	2026-09-24T09:33:23+08:00
arm	A1_refconf_refbox	gnina	posebusters	7TH4_FFO	20260922	ok		5	-8.69	gnina_cnn:rescore:crossdock_default2018	kcal/mol (empirical score, not a measured free energy)	173.87	4	1.3557	1.2351	1	1	0	1	0	1.3557	1	1	1.7061	0	refconf	ligand_centred	2026-09-24T09:34:22+08:00
arm	A1_refconf_refbox	gnina	posebusters	7TYP_KUR	20260922	ok		5	-15.2	gnina_cnn:rescore:crossdock_default2018	kcal/mol (empirical score, not a measured free energy)	130.18	4	0.3838	0.3435	1	1	1	1	1	0.3838	1	1	0.3838	0	refconf	ligand_centred	2026-09-24T09:34:43+08:00
arm	A1_refconf_refbox	gnina	posebusters	7U3J_L6U	20260922	ok		5	-10.31	gnina_cnn:rescore:crossdock_default2018	kcal/mol (empirical score, not a measured free energy)	220.23	4	1.0602	1.0291	1	1	0	1	0	1.0602	1	1	1.0971	0	refconf	ligand_centred	2026-09-24T09:34:45+08:00
arm	A1_refconf_refbox	gnina	posebusters	7TXK_LW8	20260922	ok		5	-6.88	gnina_cnn:rescore:crossdock_default2018	kcal/mol (empirical score, not a measured free energy)	52.52	4	2.873	1.0786	1	0	0	0	0	1.7792	1	1	3.0325	0	refconf	ligand_centred	2026-09-24T09:34:34+08:00
arm	A1_refconf_refbox	gnina	posebusters	7UAS_MBU	20260922	ok		5	-11.78	gnina_cnn:rescore:crossdock_default2018	kcal/mol (empirical score, not a measured free energy)	144.99	4	0.3982	0.3284	1	1	1	1	1	0.3982	1	1	0.3982	0	refconf	ligand_centred	2026-09-24T09:34:45+08:00
arm	A1_refconf_refbox	gnina	posebusters	7UQ3_O2U	20260922	ok		5	-7.26	gnina_cnn:rescore:crossdock_default2018	kcal/mol (empirical score, not a measured free energy)	40.01	4	0.3697	0.2817	1	1	1	1	1	0.3697	1	1	0.3697	0	refconf	ligand_centred	2026-09-24T09:34:59+08:00
arm	A1_refconf_refbox	gnina	posebusters	7USH_82V	20260922	ok		5	-7.37	gnina_cnn:rescore:crossdock_default2018	kcal/mol (empirical score, not a measured free energy)	64.68	4	6.4621	0.5164	1	0	0	0	0	1.206	1	1	6.4621	0	refconf	ligand_centred	2026-09-24T09:35:03+08:00
arm	A1_refconf_refbox	gnina	posebusters	7ULC_56B	20260922	ok		5	-14.32	gnina_cnn:rescore:crossdock_default2018	kcal/mol (empirical score, not a measured free energy)	133.53	4	1.2	1.0633	1	1	0	1	0	1.2	1	1	1.4088	0	refconf	ligand_centred	2026-09-24T09:34:59+08:00
arm	A1_refconf_refbox	gnina	posebusters	7UYB_OK0	20260922	ok		5	-11.7	gnina_cnn:rescore:crossdock_default2018	kcal/mol (empirical score, not a measured free energy)	84.34	4	0.7734	0.2937	1	1	1	1	1	0.7734	1	1	1.4793	0	refconf	ligand_centred	2026-09-24T09:35:07+08:00
arm	A1_refconf_refbox	gnina	posebusters	7UY4_SMI	20260922	ok		5	-6.18	gnina_cnn:rescore:crossdock_default2018	kcal/mol (empirical score, not a measured free energy)	51.44	4	7.0147	0.2799	1	0	0	0	0	0.966	1	1	7.0416	0	refconf	ligand_centred	2026-09-24T09:35:06+08:00
arm	A1_refconf_refbox	gnina	posebusters	7V3N_AKG	20260922	ok		5	-5.72	gnina_cnn:rescore:crossdock_default2018	kcal/mol (empirical score, not a measured free energy)	34.48	4	4.4111	1.0119	0	0	0	0	0	0.7007	1	1	4.4111	0	refconf	ligand_centred	2026-09-24T09:35:12+08:00
arm	A1_refconf_refbox	gnina	posebusters	7UJF_R3V	20260922	ok		5	-12.2	gnina_cnn:rescore:crossdock_default2018	kcal/mol (empirical score, not a measured free energy)	101.01	4	1.1501	1.0277	1	1	0	1	0	1.1501	1	1	1.4235	0	refconf	ligand_centred	2026-09-24T09:34:56+08:00
arm	A1_refconf_refbox	gnina	posebusters	7V43_C4O	20260922	ok		5	-6.74	gnina_cnn:rescore:crossdock_default2018	kcal/mol (empirical score, not a measured free energy)	24.29	4	0.5817	0.0004	1	1	1	1	1	0.5817	1	1	0.5817	0	refconf	ligand_centred	2026-09-24T09:35:13+08:00
arm	A1_refconf_refbox	gnina	posebusters	7V14_ORU	20260922	ok		5	-9.79	gnina_cnn:rescore:crossdock_default2018	kcal/mol (empirical score, not a measured free energy)	121.14	4	0.4672	0.3775	1	1	1	1	1	0.4672	1	1	0.4672	0	refconf	ligand_centred	2026-09-24T09:35:12+08:00
arm	A1_refconf_refbox	gnina	posebusters	7UJ4_OQ4	20260922	ok		5	-7.94	gnina_cnn:rescore:crossdock_default2018	kcal/mol (empirical score, not a measured free energy)	230.2	4	5.4101	3.4343	1	0	0	0	0	1.0959	1	1	5.4348	0	refconf	ligand_centred	2026-09-24T09:34:58+08:00
arm	A1_refconf_refbox	gnina	posebusters	7TS6_KMI	20260922	ok		5	-8.88	gnina_cnn:rescore:crossdock_default2018	kcal/mol (empirical score, not a measured free energy)	41.68	4	2.5618	2.1643	1	0	0	0	0	0.8759	1	1	2.5618	0	refconf	ligand_centred	2026-09-24T09:34:20+08:00
arm	A1_refconf_refbox	gnina	posebusters	7VBU_6I4	20260922	ok		5	-8.56	gnina_cnn:rescore:crossdock_default2018	kcal/mol (empirical score, not a measured free energy)	41.36	4	0.4727	0.0809	1	1	1	1	1	0.4727	1	1	0.4727	0	refconf	ligand_centred	2026-09-24T09:35:18+08:00
arm	A1_refconf_refbox	gnina	posebusters	7TB0_UD1	20260922	ok		5	-11.2	gnina_cnn:rescore:crossdock_default2018	kcal/mol (empirical score, not a measured free energy)	255.37	4	0.599	0.4455	1	1	1	1	1	0.599	1	1	0.599	0	refconf	ligand_centred	2026-09-24T09:34:28+08:00
arm	A1_refconf_refbox	gnina	posebusters	7VB8_STL	20260922	ok		5	-0.74	gnina_cnn:rescore:crossdock_default2018	kcal/mol (empirical score, not a measured free energy)	46.46	4	7.1185	0.4294	0	0	0	0	0	7.1185	0	0	7.1613	0	refconf	ligand_centred	2026-09-24T09:35:16+08:00
arm	A1_refconf_refbox	gnina	posebusters	7UMW_NAD	20260922	ok		5	-13.22	gnina_cnn:rescore:crossdock_default2018	kcal/mol (empirical score, not a measured free energy)	319.47	4	0.294	0.2474	1	1	1	1	1	0.294	1	1	0.294	0	refconf	ligand_centred	2026-09-24T09:35:15+08:00
arm	A1_refconf_refbox	gnina	posebusters	7VQ9_ISY	20260922	ok		5	-6.79	gnina_cnn:rescore:crossdock_default2018	kcal/mol (empirical score, not a measured free energy)	61.27	4	1.3099	1.1469	1	1	0	1	0	1.2494	1	1	1.7431	0	refconf	ligand_centred	2026-09-24T09:35:22+08:00
arm	A1_refconf_refbox	gnina	posebusters	7VC5_9SF	20260922	ok		5	-10.35	gnina_cnn:rescore:crossdock_default2018	kcal/mol (empirical score, not a measured free energy)	81.85	4	1.7673	1.7205	1	1	0	1	0	0.3472	1	1	1.7673	0	refconf	ligand_centred	2026-09-24T09:35:22+08:00
arm	A1_refconf_refbox	gnina	posebusters	7W06_ITN	20260922	ok		5	-6.54	gnina_cnn:rescore:crossdock_default2018	kcal/mol (empirical score, not a measured free energy)	29.2	4	2.1833	0.5304	1	0	0	0	0	0.3472	1	1	2.2967	0	refconf	ligand_centred	2026-09-24T09:35:28+08:00
arm	A1_refconf_refbox	gnina	posebusters	7V3S_5I9	20260922	ok		5	-13.16	gnina_cnn:rescore:crossdock_default2018	kcal/mol (empirical score, not a measured free energy)	210.76	4	0.2039	0.1251	1	1	1	1	1	0.2039	1	1	0.2039	0	refconf	ligand_centred	2026-09-24T09:35:24+08:00
arm	A1_refconf_refbox	gnina	posebusters	7W05_GMP	20260922	ok		5	-7.38	gnina_cnn:rescore:crossdock_default2018	kcal/mol (empirical score, not a measured free energy)	56.35	4	1.0688	0.6735	1	1	0	1	0	1.0688	1	1	1.0688	0	refconf	ligand_centred	2026-09-24T09:35:28+08:00
arm	A1_refconf_refbox	gnina	posebusters	7UTW_NAI	20260922	ok		5	-13.17	gnina_cnn:rescore:crossdock_default2018	kcal/mol (empirical score, not a measured free energy)	330.32	4	0.362	0.2593	1	1	1	1	1	0.362	1	1	0.362	0	refconf	ligand_centred	2026-09-24T09:35:21+08:00
arm	A1_refconf_refbox	gnina	posebusters	7WJB_BGC	20260922	ok		5	-3.73	gnina_cnn:rescore:crossdock_default2018	kcal/mol (empirical score, not a measured free energy)	29.67	4	10.7246	0.2014	1	0	0	0	0	10.4728	0	0	10.7246	0	refconf	ligand_centred	2026-09-24T09:35:30+08:00
arm	A1_refconf_refbox	gnina	posebusters	7VWF_K55	20260922	ok		5	-11.46	gnina_cnn:rescore:crossdock_default2018	kcal/mol (empirical score, not a measured free energy)	203.65	4	1.1829	0.8797	1	1	0	1	0	1.1829	1	1	1.4423	0	refconf	ligand_centred	2026-09-24T09:35:31+08:00
arm	A1_refconf_refbox	gnina	posebusters	7WDT_NGS	20260922	ok		5	-8.25	gnina_cnn:rescore:crossdock_default2018	kcal/mol (empirical score, not a measured free energy)	69.66	4	0.2175	0.1871	1	1	1	1	1	0.2175	1	1	0.2175	0	refconf	ligand_centred	2026-09-24T09:35:30+08:00
arm	A1_refconf_refbox	gnina	posebusters	7M31_TDR	20260922	ok		5	-6.74	gnina_cnn:rescore:crossdock_default2018	kcal/mol (empirical score, not a measured free energy)	43.42	4	0.4636	0.0004	1	1	1	1	1	0.4636	1	1	0.4636	0	refconf	ligand_centred	2026-09-24T09:31:26+08:00
arm	A1_refconf_refbox	gnina	posebusters	7WPW_F15	20260922	ok		5	-5.86	gnina_cnn:rescore:crossdock_default2018	kcal/mol (empirical score, not a measured free energy)	86.03	4	1.1356	0.9641	1	1	0	1	0	1.1356	1	1	1.3436	0	refconf	ligand_centred	2026-09-24T09:35:40+08:00
arm	A1_refconf_refbox	gnina	posebusters	7WCF_ACP	20260922	ok		5	-8.52	gnina_cnn:rescore:crossdock_default2018	kcal/mol (empirical score, not a measured free energy)	167.58	4	1.3558	1.1629	1	1	0	1	0	1.3558	1	1	1.5614	0	refconf	ligand_centred	2026-09-24T09:35:38+08:00
arm	A1_refconf_refbox	gnina	posebusters	7X9K_8OG	20260922	ok		5	-10.44	gnina_cnn:rescore:crossdock_default2018	kcal/mol (empirical score, not a measured free energy)	63.87	4	0.4243	0.3364	1	1	1	1	1	0.4243	1	1	0.4243	0	refconf	ligand_centred	2026-09-24T09:35:45+08:00
arm	A1_refconf_refbox	gnina	posebusters	7WQQ_5Z6	20260922	ok		5	-13.57	gnina_cnn:rescore:crossdock_default2018	kcal/mol (empirical score, not a measured free energy)	126.5	4	0.4084	0.2809	1	1	1	1	1	0.3601	1	1	1.0331	0	refconf	ligand_centred	2026-09-24T09:35:42+08:00
arm	A1_refconf_refbox	gnina	posebusters	7WL4_JFU	20260922	ok		5	-10.39	gnina_cnn:rescore:crossdock_default2018	kcal/mol (empirical score, not a measured free energy)	135.11	4	7.4962	1.49	1	0	0	0	0	0.8597	1	1	7.5213	0	refconf	ligand_centred	2026-09-24T09:35:41+08:00
arm	A1_refconf_refbox	gnina	posebusters	7VKZ_NOJ	20260922	ok		5	-5.88	gnina_cnn:rescore:crossdock_default2018	kcal/mol (empirical score, not a measured free energy)	27.77	4	6.6749	0.0083	1	0	0	0	0	0.7618	1	1	6.6749	0	refconf	ligand_centred	2026-09-24T09:35:19+08:00
arm	A1_refconf_refbox	gnina	posebusters	7UJ5_DGL	20260922	ok		5	-6.45	gnina_cnn:rescore:crossdock_default2018	kcal/mol (empirical score, not a measured free energy)	36.42	4	3.9981	1.1233	1	0	0	0	0	0.6528	1	1	4.1568	0	refconf	ligand_centred	2026-09-24T09:34:44+08:00
arm	A1_refconf_refbox	gnina	posebusters	7XI7_4RI	20260922	ok		5	-8.37	gnina_cnn:rescore:crossdock_default2018	kcal/mol (empirical score, not a measured free energy)	63.78	4	0.8354	0.599	1	1	1	1	1	0.8354	1	1	1.3829	0	refconf	ligand_centred	2026-09-24T09:35:52+08:00
arm	A1_refconf_refbox	gnina	posebusters	7VYJ_CA0	20260922	ok		5	-10.61	gnina_cnn:rescore:crossdock_default2018	kcal/mol (empirical score, not a measured free energy)	110.96	4	1.8072	1.712	1	1	0	1	0	0.9919	1	1	1.8072	0	refconf	ligand_centred	2026-09-24T09:35:29+08:00
arm	A1_refconf_refbox	gnina	posebusters	7XG5_PLP	20260922	ok		5	-8.14	gnina_cnn:rescore:crossdock_default2018	kcal/mol (empirical score, not a measured free energy)	43.28	4	0.5998	0.2883	1	1	1	1	1	0.5998	1	1	1.3015	0	refconf	ligand_centred	2026-09-24T09:35:50+08:00
arm	A1_refconf_refbox	gnina	posebusters	7WUY_76N	20260922	ok		5	-9.92	gnina_cnn:rescore:crossdock_default2018	kcal/mol (empirical score, not a measured free energy)	104.99	4	7.9154	1.9625	1	0	0	0	0	0.2888	1	1	7.9154	0	refconf	ligand_centred	2026-09-24T09:35:42+08:00
arm	A1_refconf_refbox	gnina	posebusters	7WKL_CAQ	20260922	ok		5	-7.37	gnina_cnn:rescore:crossdock_default2018	kcal/mol (empirical score, not a measured free energy)	34.66	4	0.4111	0.0004	1	1	1	1	1	0.2117	1	1	2.1845	1	refconf	ligand_centred	2026-09-24T09:35:31+08:00
arm	A1_refconf_refbox	gnina	posebusters	7XBV_APC	20260922	ok		5	-9.2	gnina_cnn:rescore:crossdock_default2018	kcal/mol (empirical score, not a measured free energy)	173.86	4	3.9087	1.9683	1	0	0	0	0	3.5481	0	0	3.9189	0	refconf	ligand_centred	2026-09-24T09:35:56+08:00
arm	A1_refconf_refbox	gnina	posebusters	7Z1Q_NIO	20260922	ok		5	-4.49	gnina_cnn:rescore:crossdock_default2018	kcal/mol (empirical score, not a measured free energy)	33.87	4	3.7201	0.6183	1	0	0	0	0	3.7201	0	0	3.7201	0	refconf	ligand_centred	2026-09-24T09:36:01+08:00
arm	A1_refconf_refbox	gnina	posebusters	7X5N_5M5	20260922	ok		5	-12.76	gnina_cnn:rescore:crossdock_default2018	kcal/mol (empirical score, not a measured free energy)	118.35	4	0.6212	0.4602	1	1	1	1	1	0.6212	1	1	1.0758	0	refconf	ligand_centred	2026-09-24T09:35:50+08:00
arm	A1_refconf_refbox	gnina	posebusters	7XFA_D9J	20260922	ok		5	-7.87	gnina_cnn:rescore:crossdock_default2018	kcal/mol (empirical score, not a measured free energy)	210.86	4	0.5235	0.1632	1	1	1	1	1	0.5235	1	1	0.5235	0	refconf	ligand_centred	2026-09-24T09:35:58+08:00
arm	A1_refconf_refbox	gnina	posebusters	7Z2O_IAJ	20260922	ok		5	-6.49	gnina_cnn:rescore:crossdock_default2018	kcal/mol (empirical score, not a measured free energy)	33.46	4	3.8728	0.1255	1	0	0	0	0	3.0238	0	0	3.8728	0	refconf	ligand_centred	2026-09-24T09:36:03+08:00
arm	A1_refconf_refbox	gnina	posebusters	7WY1_D0L	20260922	ok		5	-9.31	gnina_cnn:rescore:crossdock_default2018	kcal/mol (empirical score, not a measured free energy)	127.35	4	0.7241	0.4974	1	1	1	1	1	0.7241	1	1	0.7241	0	refconf	ligand_centred	2026-09-24T09:35:48+08:00
arm	A1_refconf_refbox	gnina	posebusters	7Z7F_IF3	20260922	ok		5	-5.69	gnina_cnn:rescore:crossdock_default2018	kcal/mol (empirical score, not a measured free energy)	39.91	4	0.2205	0.1288	1	1	1	1	1	0.2205	1	1	0.2205	0	refconf	ligand_centred	2026-09-24T09:36:05+08:00
arm	A1_refconf_refbox	gnina	posebusters	7XQZ_FPF	20260922	ok		5	-10.76	gnina_cnn:rescore:crossdock_default2018	kcal/mol (empirical score, not a measured free energy)	118.36	4	0.3311	0.2522	1	1	1	1	1	0.3311	1	1	0.9251	0	refconf	ligand_centred	2026-09-24T09:36:03+08:00
arm	A1_refconf_refbox	gnina	posebusters	7YZU_DO7	20260922	ok		5	-9.8	gnina_cnn:rescore:crossdock_default2018	kcal/mol (empirical score, not a measured free energy)	55.48	4	0.5607	0.4283	1	1	1	1	1	0.5607	1	1	1.2252	0	refconf	ligand_centred	2026-09-24T09:36:00+08:00
arm	A1_refconf_refbox	gnina	posebusters	7ZTL_BCN	20260922	ok		5	-3.93	gnina_cnn:rescore:crossdock_default2018	kcal/mol (empirical score, not a measured free energy)	44.52	4	9.2153	1.0505	1	0	0	0	0	3.1199	0	0	9.2153	0	refconf	ligand_centred	2026-09-24T09:36:12+08:00
arm	A1_refconf_refbox	gnina	posebusters	7ZU2_DHT	20260922	ok		5	-11.58	gnina_cnn:rescore:crossdock_default2018	kcal/mol (empirical score, not a measured free energy)	26.21	4	0.1993	0.0004	1	1	1	1	1	0.1993	1	1	0.1993	0	refconf	ligand_centred	2026-09-24T09:36:11+08:00
arm	A1_refconf_refbox	gnina	posebusters	7ZOC_T8E	20260922	ok		5	-6.73	gnina_cnn:rescore:crossdock_default2018	kcal/mol (empirical score, not a measured free energy)	48.19	4	6.6172	0.7874	1	0	0	0	0	1.3827	1	1	6.6173	0	refconf	ligand_centred	2026-09-24T09:36:15+08:00
arm	A1_refconf_refbox	gnina	posebusters	7XPO_UPG	20260922	ok		5	-10.11	gnina_cnn:rescore:crossdock_default2018	kcal/mol (empirical score, not a measured free energy)	219.18	4	2.8539	2.5178	1	0	0	0	0	0.4045	1	1	2.8539	0	refconf	ligand_centred	2026-09-24T09:36:07+08:00
arm	A1_refconf_refbox	gnina	posebusters	7XJN_NSD	20260922	ok		5	-5.72	gnina_cnn:rescore:crossdock_default2018	kcal/mol (empirical score, not a measured free energy)	55.37	4	1.009	0.7319	1	1	0	1	0	0.8683	1	1	5.8089	1	refconf	ligand_centred	2026-09-24T09:35:55+08:00
arm	A1_refconf_refbox	gnina	posebusters	7ZF0_DHR	20260922	ok		5	-6.03	gnina_cnn:rescore:crossdock_default2018	kcal/mol (empirical score, not a measured free energy)	40.32	4	0.4267	0.057	0	1	1	0	0	0.4267	1	0	1.4932	0	refconf	ligand_centred	2026-09-24T09:36:08+08:00
arm	A1_refconf_refbox	gnina	posebusters	7ZL5_IWE	20260922	ok		5	-7.43	gnina_cnn:rescore:crossdock_default2018	kcal/mol (empirical score, not a measured free energy)	90.93	4	4.5275	1.5927	1	0	0	0	0	0.9192	1	1	4.5624	0	refconf	ligand_centred	2026-09-24T09:36:16+08:00
arm	A1_refconf_refbox	gnina	posebusters	8AEM_LVF	20260922	ok		5	-7.73	gnina_cnn:rescore:crossdock_default2018	kcal/mol (empirical score, not a measured free energy)	34.17	4	0.5054	0.059	1	1	1	1	1	0.5054	1	1	0.5054	0	refconf	ligand_centred	2026-09-24T09:36:21+08:00
arm	A1_refconf_refbox	gnina	posebusters	8AAU_LH0	20260922	ok		5	-7.77	gnina_cnn:rescore:crossdock_default2018	kcal/mol (empirical score, not a measured free energy)	83.99	4	0.6109	0.3956	1	1	1	1	1	0.6109	1	1	0.6109	0	refconf	ligand_centred	2026-09-24T09:36:23+08:00
arm	A1_refconf_refbox	gnina	posebusters	8AP0_PRP	20260922	ok		5	-7.96	gnina_cnn:rescore:crossdock_default2018	kcal/mol (empirical score, not a measured free energy)	86.74	4	5.0448	1.0258	1	0	0	0	0	1.344	1	0	5.1189	0	refconf	ligand_centred	2026-09-24T09:36:32+08:00
arm	A1_refconf_refbox	gnina	posebusters	8AIE_M7L	20260922	ok		5	-9.92	gnina_cnn:rescore:crossdock_default2018	kcal/mol (empirical score, not a measured free energy)	93.44	4	0.5248	0.469	1	1	1	1	1	0.5248	1	1	0.5248	0	refconf	ligand_centred	2026-09-24T09:36:31+08:00
arm	A1_refconf_refbox	gnina	posebusters	7ZDY_6MJ	20260922	ok		5	-6.19	gnina_cnn:rescore:crossdock_default2018	kcal/mol (empirical score, not a measured free energy)	39.95	4	0.4139	0.1481	1	1	1	1	1	0.4139	1	1	0.4139	0	refconf	ligand_centred	2026-09-24T09:36:07+08:00
arm	A1_refconf_refbox	gnina	posebusters	8A1H_DLZ	20260922	ok		5	-11.13	gnina_cnn:rescore:crossdock_default2018	kcal/mol (empirical score, not a measured free energy)	58.86	4	0.954	0.8628	1	1	1	1	1	0.954	1	1	0.954	0	refconf	ligand_centred	2026-09-24T09:36:19+08:00
arm	A1_refconf_refbox	gnina	posebusters	8AUH_L9I	20260922	ok		5	-4.2	gnina_cnn:rescore:crossdock_default2018	kcal/mol (empirical score, not a measured free energy)	47.09	4	9.5988	1.1729	1	0	0	0	0	1.3519	1	1	9.5988	0	refconf	ligand_centred	2026-09-24T09:36:40+08:00
arm	A1_refconf_refbox	gnina	posebusters	7ZZW_KKW	20260922	ok		5	-9.98	gnina_cnn:rescore:crossdock_default2018	kcal/mol (empirical score, not a measured free energy)	77.41	4	1.2907	1.2618	1	1	0	1	0	1.2907	1	1	1.2907	0	refconf	ligand_centred	2026-09-24T09:36:21+08:00
arm	A1_refconf_refbox	gnina	posebusters	7XRL_FWK	20260922	ok		5	-8.71	gnina_cnn:rescore:crossdock_default2018	kcal/mol (empirical score, not a measured free energy)	39.4	4	1.3529	0.7888	1	1	0	1	0	1.3529	1	1	1.3529	0	refconf	ligand_centred	2026-09-24T09:35:58+08:00
arm	A1_refconf_refbox	gnina	posebusters	8AY3_OE3	20260922	ok		5	-10.21	gnina_cnn:rescore:crossdock_default2018	kcal/mol (empirical score, not a measured free energy)	92.75	4	0.4071	0.195	1	1	1	1	1	0.4071	1	1	1.0348	0	refconf	ligand_centred	2026-09-24T09:36:49+08:00
arm	A1_refconf_refbox	gnina	posebusters	7ZXV_45D	20260922	ok		5	23.95	gnina_cnn:rescore:crossdock_default2018	kcal/mol (empirical score, not a measured free energy)	188.05	4	15.5721	2.0889	0	0	0	0	0	0.3147	1	1	16.2498	0	refconf	ligand_centred	2026-09-24T09:36:24+08:00
arm	A1_refconf_refbox	gnina	posebusters	8BTI_RFO	20260922	ok		5	-7.78	gnina_cnn:rescore:crossdock_default2018	kcal/mol (empirical score, not a measured free energy)	48.2	4	1.1834	1.1067	1	1	0	1	0	1.1834	1	1	1.1834	0	refconf	ligand_centred	2026-09-24T09:36:56+08:00
arm	A1_refconf_refbox	gnina	posebusters	7WUX_6OI	20260922	ok		5	-6.36	gnina_cnn:rescore:crossdock_default2018	kcal/mol (empirical score, not a measured free energy)	74.62	4	1.3403	1.0331	1	1	0	1	0	1.3403	1	1	1.6983	0	refconf	ligand_centred	2026-09-24T09:35:42+08:00
arm	A1_refconf_refbox	gnina	posebusters	8C5M_MTA	20260922	ok		5	-8.27	gnina_cnn:rescore:crossdock_default2018	kcal/mol (empirical score, not a measured free energy)	57.43	4	0.7244	0.6061	1	1	1	1	1	0.7244	1	1	0.7244	0	refconf	ligand_centred	2026-09-24T09:36:56+08:00
arm	A1_refconf_refbox	gnina	posebusters	8A2D_KXY	20260922	ok		5	-12.43	gnina_cnn:rescore:crossdock_default2018	kcal/mol (empirical score, not a measured free energy)	304.23	4	2.0972	1.7205	1	0	0	0	0	1.4679	1	1	2.2501	0	refconf	ligand_centred	2026-09-24T09:36:49+08:00
arm	A1_refconf_refbox	gnina	posebusters	8C3N_ADP	20260922	ok		5	-7.57	gnina_cnn:rescore:crossdock_default2018	kcal/mol (empirical score, not a measured free energy)	128.99	4	1.7045	0.7792	1	1	0	1	0	1.4827	1	1	1.7045	0	refconf	ligand_centred	2026-09-24T09:36:58+08:00
arm	A1_refconf_refbox	gnina	posebusters	8D39_QDB	20260922	ok		5	-11.02	gnina_cnn:rescore:crossdock_default2018	kcal/mol (empirical score, not a measured free energy)	56.55	4	0.2512	0.151	1	1	1	1	1	0.2146	1	1	1.1724	0	refconf	ligand_centred	2026-09-24T09:37:03+08:00
arm	A1_refconf_refbox	gnina	posebusters	8BOM_QU6	20260922	ok		5	-13.0	gnina_cnn:rescore:crossdock_default2018	kcal/mol (empirical score, not a measured free energy)	151.88	4	0.8857	0.8148	1	1	1	1	1	0.8857	1	1	0.8857	0	refconf	ligand_centred	2026-09-24T09:36:57+08:00
arm	A1_refconf_refbox	gnina	posebusters	8DKO_TFB	20260922	ok		5	-5.78	gnina_cnn:rescore:crossdock_default2018	kcal/mol (empirical score, not a measured free energy)	34.77	4	0.5416	0.4057	1	1	1	1	1	0.5416	1	1	0.5416	0	refconf	ligand_centred	2026-09-24T09:37:04+08:00
arm	A1_refconf_refbox	gnina	posebusters	8D19_GSH	20260922	ok		5	-5.44	gnina_cnn:rescore:crossdock_default2018	kcal/mol (empirical score, not a measured free energy)	102.82	4	13.1497	1.4435	1	0	0	0	0	7.7979	0	0	13.1515	0	refconf	ligand_centred	2026-09-24T09:37:03+08:00
arm	A1_refconf_refbox	gnina	posebusters	8CNH_V6U	20260922	ok		5	-10.81	gnina_cnn:rescore:crossdock_default2018	kcal/mol (empirical score, not a measured free energy)	94.03	4	0.2936	0.1797	1	1	1	1	1	0.2936	1	1	0.2936	0	refconf	ligand_centred	2026-09-24T09:37:01+08:00
arm	A1_refconf_refbox	gnina	posebusters	8DHG_T78	20260922	ok		5	-12.34	gnina_cnn:rescore:crossdock_default2018	kcal/mol (empirical score, not a measured free energy)	157.29	4	1.5615	1.5167	1	1	0	1	0	0.4714	1	1	1.6579	0	refconf	ligand_centred	2026-09-24T09:37:14+08:00
arm	A1_refconf_refbox	gnina	posebusters	8DSC_NCA	20260922	ok		5	-6.67	gnina_cnn:rescore:crossdock_default2018	kcal/mol (empirical score, not a measured free energy)	30.58	4	0.2423	0.048	1	1	1	1	1	0.2423	1	1	0.2423	0	refconf	ligand_centred	2026-09-24T09:37:08+08:00
arm	A1_refconf_refbox	gnina	posebusters	8EX2_Q2Q	20260922	ok		5	-10.11	gnina_cnn:rescore:crossdock_default2018	kcal/mol (empirical score, not a measured free energy)	60.72	4	0.3411	0.0949	1	1	1	1	1	0.3411	1	1	1.0045	0	refconf	ligand_centred	2026-09-24T09:37:16+08:00
arm	A1_refconf_refbox	gnina	posebusters	8B8H_OJQ	20260922	ok		5	-10.15	gnina_cnn:rescore:crossdock_default2018	kcal/mol (empirical score, not a measured free energy)	91.89	4	2.0803	1.5344	1	0	0	0	0	2.0803	0	0	2.0803	0	refconf	ligand_centred	2026-09-24T09:36:50+08:00
arm	A1_refconf_refbox	gnina	posebusters	8FLV_ZB9	20260922	ok		5	-8.95	gnina_cnn:rescore:crossdock_default2018	kcal/mol (empirical score, not a measured free energy)	92.18	4	0.5487	0.4571	1	1	1	1	1	0.5487	1	1	0.5487	0	refconf	ligand_centred	2026-09-24T09:37:25+08:00
arm	A1_refconf_refbox	gnina	posebusters	8F8E_XJI	20260922	ok		5	-11.35	gnina_cnn:rescore:crossdock_default2018	kcal/mol (empirical score, not a measured free energy)	99.42	4	0.77	0.5958	1	1	1	1	1	0.77	1	1	0.77	0	refconf	ligand_centred	2026-09-24T09:37:23+08:00
arm	A1_refconf_refbox	gnina	posebusters	8EAB_VN2	20260922	ok		5	-13.62	gnina_cnn:rescore:crossdock_default2018	kcal/mol (empirical score, not a measured free energy)	313.17	4	8.0463	0.495	1	0	0	0	0	0.8552	1	1	8.0693	0	refconf	ligand_centred	2026-09-24T09:37:23+08:00
arm	A1_refconf_refbox	gnina	posebusters	8FAV_4Y5	20260922	ok		5	-15.96	gnina_cnn:rescore:crossdock_default2018	kcal/mol (empirical score, not a measured free energy)	146.68	4	1.222	1.1955	1	1	0	1	0	1.222	1	1	1.3375	0	refconf	ligand_centred	2026-09-24T09:37:26+08:00
arm	A1_refconf_refbox	gnina	posebusters	8EYE_X4I	20260922	ok		5	-11.75	gnina_cnn:rescore:crossdock_default2018	kcal/mol (empirical score, not a measured free energy)	99.15	4	0.9983	0.7853	0	1	1	0	0	0.9092	1	1	1.3054	0	refconf	ligand_centred	2026-09-24T09:37:19+08:00
arm	A1_refconf_refbox	gnina	posebusters	8AQL_PLG	20260922	ok		5	-8.68	gnina_cnn:rescore:crossdock_default2018	kcal/mol (empirical score, not a measured free energy)	103.86	4	0.8413	0.5626	1	1	1	1	1	0.8413	1	1	1.3897	0	refconf	ligand_centred	2026-09-24T09:36:42+08:00
arm	A1_refconf_refbox	gnina	posebusters	8G6P_API	20260922	ok		5	-4.87	gnina_cnn:rescore:crossdock_default2018	kcal/mol (empirical score, not a measured free energy)	75.23	4	3.1045	1.0906	1	0	0	0	0	2.0726	0	0	3.1809	0	refconf	ligand_centred	2026-09-24T09:37:38+08:00
arm	A1_refconf_refbox	gnina	posebusters	8GFD_ZHR	20260922	ok		5	-7.44	gnina_cnn:rescore:crossdock_default2018	kcal/mol (empirical score, not a measured free energy)	128.62	4	6.0596	2.9966	1	0	0	0	0	4.3879	0	0	6.0596	0	refconf	ligand_centred	2026-09-24T09:37:42+08:00
arm	A1_refconf_refbox	gnina	posebusters	8DP2_UMA	20260922	ok		5	-8.55	gnina_cnn:rescore:crossdock_default2018	kcal/mol (empirical score, not a measured free energy)	464.62	4	8.6401	3.9674	0	0	0	0	0	1.268	1	0	8.6458	0	refconf	ligand_centred	2026-09-24T09:37:34+08:00
arm	A1_refconf_refbox	gnina	posebusters	8CSD_C5P	20260922	ok		5	-8.15	gnina_cnn:rescore:crossdock_default2018	kcal/mol (empirical score, not a measured free energy)	85.61	4	0.6395	0.4948	1	1	1	1	1	0.6395	1	1	1.2123	0	refconf	ligand_centred	2026-09-24T09:37:02+08:00
arm	A1_refconf_refbox	gnina	posebusters	8FO5_Y4U	20260922	ok		5	-9.82	gnina_cnn:rescore:crossdock_default2018	kcal/mol (empirical score, not a measured free energy)	52.99	4	0.4137	0.3233	1	1	1	1	1	0.4137	1	1	0.4137	0	refconf	ligand_centred	2026-09-24T09:37:36+08:00
arm	A1_refconf_refbox	gnina	posebusters	8HFN_XGC	20260922	ok		5	-8.84	gnina_cnn:rescore:crossdock_default2018	kcal/mol (empirical score, not a measured free energy)	114.2	4	0.3976	0.3057	1	1	1	1	1	0.3976	1	1	0.3976	0	refconf	ligand_centred	2026-09-24T09:37:45+08:00
arm	A1_refconf_refbox	gnina	posebusters	8HO0_3ZI	20260922	ok		5	-9.55	gnina_cnn:rescore:crossdock_default2018	kcal/mol (empirical score, not a measured free energy)	78.69	4	4.2054	2.3033	1	0	0	0	0	3.8652	0	0	4.2054	0	refconf	ligand_centred	2026-09-24T09:37:45+08:00
arm	A1_refconf_refbox	vina	astex	1HQ2_PH2	20260922	ok		5	-9.03	vina	kcal/mol (empirical score, not a measured free energy)	13.77	5	0.3109	0.1725	1	1	1	1	1	0.3109	1	1	0.3109	0	refconf	ligand_centred	2026-09-24T09:37:50+08:00
arm	A1_refconf_refbox	vina	astex	1HNN_SKF	20260922	ok		4	-8.788	vina	kcal/mol (empirical score, not a measured free energy)	19.67	5	0.9523	0.9274	1	1	1	1	1	0.9523	1	1	1.0752	0	refconf	ligand_centred	2026-09-24T09:37:50+08:00
arm	A1_refconf_refbox	vina	astex	1GPK_HUP	20260922	ok		5	-10.43	vina	kcal/mol (empirical score, not a measured free energy)	19.67	5	0.2507	0.0005	1	1	1	1	1	0.2507	1	1	0.2507	0	refconf	ligand_centred	2026-09-24T09:37:50+08:00
arm	A1_refconf_refbox	vina	astex	1GKC_NFH	20260922	ok		4	-6.798	vina	kcal/mol (empirical score, not a measured free energy)	67.71	5	1.3423	1.0149	1	1	0	1	0	1.3423	1	1	1.4774	0	refconf	ligand_centred	2026-09-24T09:38:03+08:00
arm	A1_refconf_refbox	vina	astex	1GM8_SOX	20260922	ok		5	-8.042	vina	kcal/mol (empirical score, not a measured free energy)	56.89	5	3.3579	1.5359	1	0	0	0	0	3.3579	0	0	3.4883	0	refconf	ligand_centred	2026-09-24T09:37:52+08:00
arm	A1_refconf_refbox	vina	astex	1HP0_AD3	20260922	ok		5	-9.196	vina	kcal/mol (empirical score, not a measured free energy)	38.37	5	0.5488	0.0634	1	1	1	1	1	0.5488	1	1	0.5488	0	refconf	ligand_centred	2026-09-24T09:37:56+08:00
arm	A1_refconf_refbox	gnina	posebusters	8SLG_G5A	20260922	ok		5	-11.59	gnina_cnn:rescore:crossdock_default2018	kcal/mol (empirical score, not a measured free energy)	86.87	4	1.4726	1.2709	1	1	0	1	0	1.4726	1	1	1.4726	0	refconf	ligand_centred	2026-09-24T09:37:50+08:00
arm	A1_refconf_refbox	vina	astex	1IA1_TQ3	20260922	ok		5	-9.002	vina	kcal/mol (empirical score, not a measured free energy)	26.17	5	0.2231	0.0479	1	1	1	1	1	0.2231	1	1	0.2231	0	refconf	ligand_centred	2026-09-24T09:38:18+08:00
arm	A1_refconf_refbox	vina	astex	1HWW_SWA	20260922	ok		5	-6.761	vina	kcal/mol (empirical score, not a measured free energy)	12.34	5	0.3857	0.0004	1	1	1	1	1	0.3857	1	1	0.3857	0	refconf	ligand_centred	2026-09-24T09:38:05+08:00
arm	A1_refconf_refbox	vina	astex	1IG3_VIB	20260922	ok		5	-7.42	vina	kcal/mol (empirical score, not a measured free energy)	35.68	5	0.5053	0.3708	1	1	1	1	1	0.5053	1	1	0.5053	0	refconf	ligand_centred	2026-09-24T09:38:25+08:00
arm	A1_refconf_refbox	vina	astex	1G9V_RQ3	20260922	ok		5	-8.189	vina	kcal/mol (empirical score, not a measured free energy)	70.76	5	10.1311	1.5688	1	0	0	0	0	4.6758	0	0	10.2841	0	refconf	ligand_centred	2026-09-24T09:38:14+08:00
arm	A1_refconf_refbox	gnina	posebusters	8D5D_5DK	20260922	ok		5	-9.66	gnina_cnn:rescore:crossdock_default2018	kcal/mol (empirical score, not a measured free energy)	146.59	4	0.5984	0.4655	1	1	1	1	1	0.5984	1	1	1.0355	0	refconf	ligand_centred	2026-09-24T09:37:08+08:00
arm	A1_refconf_refbox	vina	astex	1JD0_AZM	20260922	ok		5	-5.708	vina	kcal/mol (empirical score, not a measured free energy)	16.69	5	5.347	0.9632	1	0	0	0	0	2.0901	0	0	5.347	0	refconf	ligand_centred	2026-09-24T09:38:27+08:00
arm	A1_refconf_refbox	gnina	posebusters	7ZCC_OGA	20260922	ok		5	-5.85	gnina_cnn:rescore:crossdock_default2018	kcal/mol (empirical score, not a measured free energy)	39.57	4	0.8477	0.5154	0	1	1	0	0	0.8477	1	0	0.8477	0	refconf	ligand_centred	2026-09-24T09:36:05+08:00
arm	A1_refconf_refbox	vina	astex	1KE5_LS1	20260922	ok		5	-9.555	vina	kcal/mol (empirical score, not a measured free energy)	35.24	5	0.6184	0.4953	1	1	1	1	1	0.6184	1	1	1.2099	0	refconf	ligand_centred	2026-09-24T09:38:38+08:00
arm	A1_refconf_refbox	vina	astex	1K3U_IAD	20260922	ok		5	-9.987	vina	kcal/mol (empirical score, not a measured free energy)	56.18	5	0.7232	0.6558	1	1	1	1	1	0.7232	1	1	1.2049	0	refconf	ligand_centred	2026-09-24T09:38:31+08:00
arm	A1_refconf_refbox	vina	astex	1JJE_BYS	20260922	ok		5	-8.118	vina	kcal/mol (empirical score, not a measured free energy)	78.65	5	8.2653	1.6233	1	0	0	0	0	2.8213	0	0	8.2911	0	refconf	ligand_centred	2026-09-24T09:38:32+08:00
arm	A1_refconf_refbox	vina	astex	1JLA_TNK	20260922	ok		2	-11.56	vina	kcal/mol (empirical score, not a measured free energy)	94.07	5	0.5559	0.4382	1	1	1	1	1	0.5559	1	1	0.896	0	refconf	ligand_centred	2026-09-24T09:38:37+08:00
arm	A1_refconf_refbox	vina	astex	1J3J_CP6	20260922	ok		5	-8.829	vina	kcal/mol (empirical score, not a measured free energy)	22.93	5	0.351	0.1407	1	1	1	1	1	0.351	1	1	1.2342	0	refconf	ligand_centred	2026-09-24T09:38:16+08:00
arm	A1_refconf_refbox	vina	astex	1L2S_STC	20260922	ok		5	-7.724	vina	kcal/mol (empirical score, not a measured free energy)	35.71	5	0.73	0.4567	1	1	1	1	1	0.73	1	1	0.73	0	refconf	ligand_centred	2026-09-24T09:38:45+08:00
arm	A1_refconf_refbox	vina	astex	1M2Z_DEX	20260922	ok		2	-12.18	vina	kcal/mol (empirical score, not a measured free energy)	49.71	5	0.2183	0.1525	1	1	1	1	1	0.2183	1	1	0.2183	0	refconf	ligand_centred	2026-09-24T09:38:49+08:00
arm	A1_refconf_refbox	vina	astex	1MEH_MOA	20260922	ok		5	-7.113	vina	kcal/mol (empirical score, not a measured free energy)	57.34	5	0.7355	0.6437	1	1	1	1	1	0.7355	1	1	0.7355	0	refconf	ligand_centred	2026-09-24T09:38:53+08:00
arm	A1_refconf_refbox	vina	astex	1L7F_BCZ	20260922	ok		5	-8.312	vina	kcal/mol (empirical score, not a measured free energy)	73.76	5	0.3825	0.272	1	1	1	1	1	0.3825	1	1	0.3825	0	refconf	ligand_centred	2026-09-24T09:38:48+08:00
arm	A1_refconf_refbox	vina	astex	1LRH_NLA	20260922	ok		5	-7.923	vina	kcal/mol (empirical score, not a measured free energy)	15.88	5	0.5975	0.4247	1	1	1	1	1	0.5975	1	1	0.5975	0	refconf	ligand_centred	2026-09-24T09:38:47+08:00
arm	A1_refconf_refbox	vina	astex	1HVY_D16	20260922	ok		5	-9.27	vina	kcal/mol (empirical score, not a measured free energy)	144.22	5	8.9054	2.9735	1	0	0	0	0	2.9815	0	0	8.929	0	refconf	ligand_centred	2026-09-24T09:38:33+08:00
arm	A1_refconf_refbox	vina	astex	1N2J_PAF	20260922	ok		5	-4.592	vina	kcal/mol (empirical score, not a measured free energy)	15.77	5	1.4749	1.031	1	1	0	1	0	1.4749	1	1	1.7764	0	refconf	ligand_centred	2026-09-24T09:38:58+08:00
arm	A1_refconf_refbox	vina	astex	1N2V_BDI	20260922	ok		5	-7.332	vina	kcal/mol (empirical score, not a measured free energy)	17.42	5	2.8069	0.6212	1	0	0	0	0	2.1177	0	0	2.8069	0	refconf	ligand_centred	2026-09-24T09:39:04+08:00
arm	A1_refconf_refbox	vina	astex	1LPZ_CMB	20260922	ok		5	-10.92	vina	kcal/mol (empirical score, not a measured free energy)	121.6	5	0.534	0.3397	1	1	1	1	1	0.534	1	1	1.7023	0	refconf	ligand_centred	2026-09-24T09:39:00+08:00
arm	A1_refconf_refbox	vina	astex	1N46_PFA	20260922	ok		2	-11.93	vina	kcal/mol (empirical score, not a measured free energy)	82.27	5	0.2854	0.1135	1	1	1	1	1	0.2854	1	1	0.2854	0	refconf	ligand_centred	2026-09-24T09:39:09+08:00
arm	A1_refconf_refbox	vina	astex	1NAV_IH5	20260922	ok		5	-10.01	vina	kcal/mol (empirical score, not a measured free energy)	60.58	5	0.665	0.6196	1	1	1	1	1	0.665	1	1	0.8736	0	refconf	ligand_centred	2026-09-24T09:39:06+08:00
arm	A1_refconf_refbox	gnina	posebusters	8G0V_YHT	20260922	ok		5	-9.97	gnina_cnn:rescore:crossdock_default2018	kcal/mol (empirical score, not a measured free energy)	133.38	4	1.214	0.9056	1	1	0	1	0	1.214	1	1	1.214	0	refconf	ligand_centred	2026-09-24T09:37:40+08:00
arm	A1_refconf_refbox	vina	astex	1OWE_675	20260922	ok		5	-8.315	vina	kcal/mol (empirical score, not a measured free energy)	37.56	5	1.68	0.566	1	1	0	1	0	0.6781	1	1	1.9528	0	refconf	ligand_centred	2026-09-24T09:39:09+08:00
arm	A1_refconf_refbox	vina	astex	1OQ5_CEL	20260922	ok		5	-9.027	vina	kcal/mol (empirical score, not a measured free energy)	60.62	5	0.4967	0.1971	1	1	1	1	1	0.4967	1	1	1.0461	0	refconf	ligand_centred	2026-09-24T09:39:12+08:00
arm	A1_refconf_refbox	vina	astex	1MMV_3AR	20260922	ok		5	-6.997	vina	kcal/mol (empirical score, not a measured free energy)	53.58	5	1.5319	1.0985	1	1	0	1	0	1.5319	1	1	1.5319	0	refconf	ligand_centred	2026-09-24T09:38:59+08:00
arm	A1_refconf_refbox	vina	astex	1OPK_P16	20260922	ok		5	-11.96	vina	kcal/mol (empirical score, not a measured free energy)	86.21	5	1.802	1.6709	1	1	0	1	0	0.4398	1	1	1.802	0	refconf	ligand_centred	2026-09-24T09:39:12+08:00
arm	A1_refconf_refbox	vina	astex	1P2Y_NCT	20260922	ok		5	-7.156	vina	kcal/mol (empirical score, not a measured free energy)	10.09	5	4.3461	1.3014	1	0	0	0	0	3.0169	0	0	4.3461	0	refconf	ligand_centred	2026-09-24T09:39:15+08:00
arm	A1_refconf_refbox	vina	astex	1P62_GEO	20260922	ok		5	-8.078	vina	kcal/mol (empirical score, not a measured free energy)	33.49	5	0.4078	0.1292	1	1	1	1	1	0.4078	1	1	0.4078	0	refconf	ligand_centred	2026-09-24T09:39:19+08:00
arm	A1_refconf_refbox	vina	astex	1HWI_115	20260922	ok		5	-8.969	vina	kcal/mol (empirical score, not a measured free energy)	130.12	5	0.918	0.786	1	1	1	1	1	0.918	1	1	0.918	0	refconf	ligand_centred	2026-09-24T09:38:36+08:00
arm	A1_refconf_refbox	vina	astex	1OYT_FSN	20260922	ok		5	-11.22	vina	kcal/mol (empirical score, not a measured free energy)	60.6	5	0.2638	0.0389	1	1	1	1	1	0.2638	1	1	0.2638	0	refconf	ligand_centred	2026-09-24T09:39:20+08:00
arm	A1_refconf_refbox	vina	astex	1KZK_JE2	20260922	ok		4	-12.09	vina	kcal/mol (empirical score, not a measured free energy)	309.63	5	0.2427	0.1717	1	1	1	1	1	0.2427	1	1	0.2427	0	refconf	ligand_centred	2026-09-24T09:39:15+08:00
arm	A1_refconf_refbox	vina	astex	1R55_097	20260922	ok		5	-6.38	vina	kcal/mol (empirical score, not a measured free energy)	83.93	5	3.4404	2.8904	1	0	0	0	0	1.6778	1	1	3.4849	0	refconf	ligand_centred	2026-09-24T09:39:34+08:00
arm	A1_refconf_refbox	vina	astex	1Q41_IXM	20260922	ok		5	-10.54	vina	kcal/mol (empirical score, not a measured free energy)	13.48	5	6.8117	0.0005	1	0	0	0	0	0.5966	1	1	6.8117	0	refconf	ligand_centred	2026-09-24T09:39:23+08:00
arm	A1_refconf_refbox	vina	astex	1PMN_984	20260922	ok		5	-9.932	vina	kcal/mol (empirical score, not a measured free energy)	86.29	5	0.7285	0.5341	1	1	1	1	1	0.7285	1	1	0.7285	0	refconf	ligand_centred	2026-09-24T09:39:27+08:00
arm	A1_refconf_refbox	vina	astex	1R9O_FLP	20260922	ok		5	-8.519	vina	kcal/mol (empirical score, not a measured free energy)	23.56	5	1.7075	1.4345	1	1	0	1	0	0.3643	1	1	1.7075	0	refconf	ligand_centred	2026-09-24T09:39:33+08:00
arm	A1_refconf_refbox	vina	astex	1S19_MC9	20260922	ok		2	-12.72	vina	kcal/mol (empirical score, not a measured free energy)	70.74	5	0.4743	0.2649	1	1	1	1	1	0.4743	1	1	0.4743	0	refconf	ligand_centred	2026-09-24T09:39:39+08:00
arm	A1_refconf_refbox	vina	astex	1SG0_STL	20260922	ok		5	-10.77	vina	kcal/mol (empirical score, not a measured free energy)	22.3	5	0.849	0.0978	1	1	1	1	1	0.2742	1	1	2.5197	1	refconf	ligand_centred	2026-09-24T09:39:38+08:00
arm	A1_refconf_refbox	vina	astex	1R58_AO5	20260922	ok		5	-7.956	vina	kcal/mol (empirical score, not a measured free energy)	80.55	5	3.5105	1.7139	1	0	0	0	0	2.5574	0	0	3.5105	0	refconf	ligand_centred	2026-09-24T09:39:37+08:00
arm	A1_refconf_refbox	vina	astex	1N1M_A3M	20260922	ok		5	-5.75	vina	kcal/mol (empirical score, not a measured free energy)	19.14	5	4.6166	0.6024	1	0	0	0	0	0.8919	1	1	4.71	0	refconf	ligand_centred	2026-09-24T09:38:58+08:00
arm	A1_refconf_refbox	vina	astex	1SQN_NDR	20260922	ok		1	-11.33	vina	kcal/mol (empirical score, not a measured free energy)	15.56	5	0.3487	0.0005	1	1	1	1	1	0.3487	1	1	0.3487	0	refconf	ligand_centred	2026-09-24T09:39:52+08:00
arm	A1_refconf_refbox	vina	astex	1S3V_TQD	20260922	ok		5	-9.664	vina	kcal/mol (empirical score, not a measured free energy)	63.41	5	0.3826	0.3105	1	1	1	1	1	0.3702	1	1	2.5731	1	refconf	ligand_centred	2026-09-24T09:39:48+08:00
arm	A1_refconf_refbox	vina	astex	1TOW_CRZ	20260922	ok		5	-7.882	vina	kcal/mol (empirical score, not a measured free energy)	26.35	5	4.6013	0.958	1	0	0	0	0	0.9954	1	1	5.4727	0	refconf	ligand_centred	2026-09-24T09:39:56+08:00
arm	A1_refconf_refbox	vina	astex	1MZC_BNE	20260922	ok		5	-7.535	vina	kcal/mol (empirical score, not a measured free energy)	400.17	5	8.1284	3.4785	1	0	0	0	0	1.3044	1	1	8.1284	0	refconf	ligand_centred	2026-09-24T09:39:40+08:00
arm	A1_refconf_refbox	vina	astex	1R1H_BIR	20260922	ok		5	-9.639	vina	kcal/mol (empirical score, not a measured free energy)	164.52	5	1.1424	0.9763	1	1	0	1	0	1.1424	1	1	1.6928	0	refconf	ligand_centred	2026-09-24T09:39:42+08:00
arm	A1_refconf_refbox	vina	astex	1Q4G_BFL	20260922	ok		5	-8.949	vina	kcal/mol (empirical score, not a measured free energy)	26.32	5	0.2283	0.0787	1	1	1	1	1	0.2283	1	1	0.7843	0	refconf	ligand_centred	2026-09-24T09:39:25+08:00
arm	A1_refconf_refbox	vina	astex	1SJ0_E4D	20260922	ok		3	-11.38	vina	kcal/mol (empirical score, not a measured free energy)	103.95	5	0.5457	0.3896	1	1	1	1	1	0.5457	1	1	0.9788	0	refconf	ligand_centred	2026-09-24T09:40:02+08:00
arm	A1_refconf_refbox	vina	astex	1T40_ID5	20260922	ok		5	-10.38	vina	kcal/mol (empirical score, not a measured free energy)	72.1	5	1.4139	1.2828	1	1	0	1	0	1.4139	1	1	1.4139	0	refconf	ligand_centred	2026-09-24T09:40:02+08:00
arm	A1_refconf_refbox	vina	astex	1TT1_KAI	20260922	ok		5	-7.441	vina	kcal/mol (empirical score, not a measured free energy)	24.93	5	1.0792	0.9165	1	1	0	1	0	1.0792	1	1	1.5488	0	refconf	ligand_centred	2026-09-24T09:39:59+08:00
arm	A1_refconf_refbox	vina	astex	1TZ8_DES	20260922	ok		5	-8.292	vina	kcal/mol (empirical score, not a measured free energy)	32.24	5	2.2989	0.4582	1	0	0	0	0	0.395	1	1	2.2989	0	refconf	ligand_centred	2026-09-24T09:40:04+08:00
arm	A1_refconf_refbox	vina	astex	1T46_STI	20260922	ok		1	-13.93	vina	kcal/mol (empirical score, not a measured free energy)	133.28	5	0.349	0.2992	1	1	1	1	1	0.349	1	1	0.349	0	refconf	ligand_centred	2026-09-24T09:40:10+08:00
arm	A1_refconf_refbox	vina	astex	1Q1G_MTI	20260922	ok		5	-9.287	vina	kcal/mol (empirical score, not a measured free energy)	45.21	5	0.3422	0.1997	1	1	1	1	1	0.3422	1	1	0.3422	0	refconf	ligand_centred	2026-09-24T09:39:25+08:00
arm	A1_refconf_refbox	vina	astex	1U4D_DBQ	20260922	ok		5	-6.838	vina	kcal/mol (empirical score, not a measured free energy)	45.6	5	0.3105	0.0028	1	1	1	1	1	0.3105	1	1	0.3105	0	refconf	ligand_centred	2026-09-24T09:40:09+08:00
arm	A1_refconf_refbox	vina	astex	1SQ5_PAU	20260922	ok		5	-6.052	vina	kcal/mol (empirical score, not a measured free energy)	35.38	5	5.778	1.6227	1	0	0	0	0	4.9836	0	0	5.778	0	refconf	ligand_centred	2026-09-24T09:39:50+08:00
arm	A1_refconf_refbox	vina	astex	1X8X_TYR	20260922	ok		5	-6.718	vina	kcal/mol (empirical score, not a measured free energy)	22.48	5	0.4884	0.3361	1	1	1	1	1	0.4884	1	1	0.4884	0	refconf	ligand_centred	2026-09-24T09:40:20+08:00
arm	A1_refconf_refbox	vina	astex	1V48_HA1	20260922	ok		5	-8.114	vina	kcal/mol (empirical score, not a measured free energy)	66.28	5	0.6265	0.5537	1	1	1	1	1	0.6265	1	1	1.1398	0	refconf	ligand_centred	2026-09-24T09:40:18+08:00
arm	A1_refconf_refbox	vina	astex	1XOZ_CIA	20260922	ok		1	-12.83	vina	kcal/mol (empirical score, not a measured free energy)	28.13	5	0.2445	0.0332	1	1	1	1	1	0.2445	1	1	0.2445	0	refconf	ligand_centred	2026-09-24T09:40:25+08:00
arm	A1_refconf_refbox	vina	astex	1V4S_MRK	20260922	ok		5	-8.952	vina	kcal/mol (empirical score, not a measured free energy)	38.66	5	0.4601	0.2653	1	1	1	1	1	0.4601	1	1	0.4601	0	refconf	ligand_centred	2026-09-24T09:40:16+08:00
arm	A1_refconf_refbox	vina	astex	1T9B_1CS	20260922	ok		5	-8.277	vina	kcal/mol (empirical score, not a measured free energy)	34.89	5	2.4235	2.3445	1	0	0	0	0	2.4235	0	0	2.5098	0	refconf	ligand_centred	2026-09-24T09:39:55+08:00
arm	A1_refconf_refbox	vina	astex	1V0P_PVB	20260922	ok		5	-8.673	vina	kcal/mol (empirical score, not a measured free energy)	86.41	5	2.9634	1.3741	1	0	0	0	0	1.3509	1	1	3.0483	0	refconf	ligand_centred	2026-09-24T09:40:17+08:00
arm	A1_refconf_refbox	vina	astex	1XM6_5RM	20260922	ok		5	-8.702	vina	kcal/mol (empirical score, not a measured free energy)	27.61	5	2.4493	1.9635	1	0	0	0	0	1.1566	1	1	2.4493	0	refconf	ligand_centred	2026-09-24T09:40:22+08:00
arm	A1_refconf_refbox	vina	astex	1UML_FR4	20260922	ok		5	-9.911	vina	kcal/mol (empirical score, not a measured free energy)	132.25	5	1.116	1.065	1	1	0	1	0	1.116	1	1	1.116	0	refconf	ligand_centred	2026-09-24T09:40:25+08:00
arm	A1_refconf_refbox	vina	astex	1VCJ_IBA	20260922	ok		5	-7.771	vina	kcal/mol (empirical score, not a measured free energy)	77.3	5	0.7845	0.464	1	1	1	1	1	0.7845	1	1	0.7845	0	refconf	ligand_centred	2026-09-24T09:40:30+08:00
arm	A1_refconf_refbox	vina	astex	1YV3_BIT	20260922	ok		3	-12.78	vina	kcal/mol (empirical score, not a measured free energy)	19.76	5	0.4798	0.0857	1	1	1	1	1	0.4798	1	1	0.4798	0	refconf	ligand_centred	2026-09-24T09:40:33+08:00
arm	A1_refconf_refbox	vina	astex	1YQY_915	20260922	ok		5	-9.625	vina	kcal/mol (empirical score, not a measured free energy)	47.15	5	0.5784	0.4973	1	1	1	1	1	0.5784	1	1	1.0997	0	refconf	ligand_centred	2026-09-24T09:40:33+08:00
arm	A1_refconf_refbox	vina	astex	1Z95_198	20260922	ok		3	-10.74	vina	kcal/mol (empirical score, not a measured free energy)	60.2	5	0.5887	0.5573	1	1	1	1	1	0.5887	1	1	1.0679	0	refconf	ligand_centred	2026-09-24T09:40:43+08:00
arm	A1_refconf_refbox	vina	astex	1XOQ_ROF	20260922	ok		5	-9.087	vina	kcal/mol (empirical score, not a measured free energy)	46.65	5	0.4722	0.3031	1	1	1	1	1	0.4722	1	1	0.6252	0	refconf	ligand_centred	2026-09-24T09:40:32+08:00
arm	A1_refconf_refbox	vina	astex	1Y6B_AAX	20260922	ok		5	-9.449	vina	kcal/mol (empirical score, not a measured free energy)	109.19	5	1.0916	1.0119	1	1	0	1	0	1.0916	1	1	1.1204	0	refconf	ligand_centred	2026-09-24T09:40:41+08:00
arm	A1_refconf_refbox	vina	astex	2BR1_PFP	20260922	ok		5	-8.216	vina	kcal/mol (empirical score, not a measured free energy)	52.6	5	7.2027	0.8505	1	0	0	0	0	4.4206	0	0	7.2027	0	refconf	ligand_centred	2026-09-24T09:40:47+08:00
arm	A1_refconf_refbox	vina	astex	1YWR_LI9	20260922	ok		5	-10.62	vina	kcal/mol (empirical score, not a measured free energy)	79.25	5	0.4064	0.1856	1	1	1	1	1	0.4064	1	1	1.4771	0	refconf	ligand_centred	2026-09-24T09:40:46+08:00
arm	A1_refconf_refbox	vina	astex	1YVF_PH7	20260922	ok		5	-8.773	vina	kcal/mol (empirical score, not a measured free energy)	60.23	5	0.9403	0.7333	1	1	1	1	1	0.9403	1	1	1.3379	0	refconf	ligand_centred	2026-09-24T09:40:40+08:00
arm	A1_refconf_refbox	vina	posebusters	5SAK_ZRY	20260922	ok		5	-9.525	vina	kcal/mol (empirical score, not a measured free energy)	14.67	5	0.327	0.0987	1	1	1	1	1	0.327	1	1	0.327	0	refconf	ligand_centred	2026-09-24T09:40:49+08:00
arm	A1_refconf_refbox	vina	astex	1U1C_BAU	20260922	ok		5	-9.321	vina	kcal/mol (empirical score, not a measured free energy)	42.8	5	1.5925	1.3955	1	1	0	1	0	0.5395	1	1	1.9471	0	refconf	ligand_centred	2026-09-24T09:40:07+08:00
arm	A1_refconf_refbox	vina	astex	1YGC_905	20260922	ok		5	-9.917	vina	kcal/mol (empirical score, not a measured free energy)	154.92	5	1.0446	0.7233	1	1	0	1	0	1.0446	1	1	1.1654	0	refconf	ligand_centred	2026-09-24T09:40:49+08:00
arm	A1_refconf_refbox	vina	posebusters	6M73_FNR	20260922	ok		1	-12.84	vina	kcal/mol (empirical score, not a measured free energy)	90.89	5	0.5495	0.4809	1	1	1	1	1	0.5495	1	1	0.5495	0	refconf	ligand_centred	2026-09-24T09:40:57+08:00
arm	A1_refconf_refbox	vina	posebusters	5SB2_1K2	20260922	ok		3	-13.02	vina	kcal/mol (empirical score, not a measured free energy)	70.47	5	0.2298	0.1989	1	1	1	1	1	0.2298	1	1	0.8941	0	refconf	ligand_centred	2026-09-24T09:40:56+08:00
arm	A1_refconf_refbox	vina	posebusters	6M2B_EZO	20260922	ok		5	-10.56	vina	kcal/mol (empirical score, not a measured free energy)	42.18	5	0.7513	0.3362	1	1	1	1	1	0.7513	1	1	0.7513	0	refconf	ligand_centred	2026-09-24T09:40:51+08:00
arm	A1_refconf_refbox	vina	posebusters	5SD5_HWI	20260922	ok		5	-8.114	vina	kcal/mol (empirical score, not a measured free energy)	92.36	5	0.7389	0.5302	1	1	1	1	1	0.7389	1	1	0.9318	0	refconf	ligand_centred	2026-09-24T09:40:57+08:00
arm	A1_refconf_refbox	vina	posebusters	6WTN_RXT	20260922	ok		5	-9.096	vina	kcal/mol (empirical score, not a measured free energy)	22.14	5	0.4274	0.0669	1	1	1	1	1	0.4274	1	1	0.4274	0	refconf	ligand_centred	2026-09-24T09:41:03+08:00
arm	A1_refconf_refbox	vina	posebusters	5SIS_JSM	20260922	ok		5	-9.222	vina	kcal/mol (empirical score, not a measured free energy)	74.5	5	9.0173	1.757	1	0	0	0	0	8.57	0	0	9.0265	0	refconf	ligand_centred	2026-09-24T09:40:56+08:00
arm	A1_refconf_refbox	vina	posebusters	6XG5_TOP	20260922	ok		5	-8.066	vina	kcal/mol (empirical score, not a measured free energy)	27.6	5	0.1676	0.1457	1	1	1	1	1	0.1676	1	1	0.1676	0	refconf	ligand_centred	2026-09-24T09:41:07+08:00
arm	A1_refconf_refbox	vina	posebusters	6XBO_5MC	20260922	ok		5	-8.203	vina	kcal/mol (empirical score, not a measured free energy)	41.28	5	0.6386	0.5687	1	1	1	1	1	0.6386	1	1	0.6386	0	refconf	ligand_centred	2026-09-24T09:41:10+08:00
arm	A1_refconf_refbox	vina	posebusters	6TW7_NZB	20260922	ok		5	-10.04	vina	kcal/mol (empirical score, not a measured free energy)	49.36	5	0.9606	0.4734	1	1	1	1	1	0.9606	1	1	1.1635	0	refconf	ligand_centred	2026-09-24T09:41:06+08:00
arm	A1_refconf_refbox	vina	posebusters	6T88_MWQ	20260922	ok		5	-5.907	vina	kcal/mol (empirical score, not a measured free energy)	10.14	5	0.8014	0.4497	1	1	1	1	1	0.8014	1	1	1.1603	0	refconf	ligand_centred	2026-09-24T09:40:55+08:00
arm	A1_refconf_refbox	vina	posebusters	6YQW_82I	20260922	ok		5	-5.667	vina	kcal/mol (empirical score, not a measured free energy)	5.13	5	0.5368	0.2262	1	1	1	1	1	0.5368	1	1	0.5368	0	refconf	ligand_centred	2026-09-24T09:41:18+08:00
arm	A1_refconf_refbox	vina	posebusters	6YQV_8K2	20260922	ok		5	-5.32	vina	kcal/mol (empirical score, not a measured free energy)	6.82	5	0.5822	0.3704	1	1	1	1	1	0.5822	1	1	0.5822	0	refconf	ligand_centred	2026-09-24T09:41:12+08:00
arm	A1_refconf_refbox	vina	posebusters	6YRV_PJ8	20260922	ok		3	-7.779	vina	kcal/mol (empirical score, not a measured free energy)	49.87	5	0.8898	0.7135	1	1	1	1	1	0.8898	1	1	0.8898	0	refconf	ligand_centred	2026-09-24T09:41:23+08:00
arm	A1_refconf_refbox	vina	posebusters	6XCT_478	20260922	ok		5	-9.083	vina	kcal/mol (empirical score, not a measured free energy)	158.28	5	8.8324	1.5696	1	0	0	0	0	0.7708	1	1	8.883	0	refconf	ligand_centred	2026-09-24T09:41:12+08:00
arm	A1_refconf_refbox	vina	posebusters	6XM9_V55	20260922	ok		5	-6.231	vina	kcal/mol (empirical score, not a measured free energy)	8.46	5	0.9322	0.5462	1	1	1	1	1	0.9322	1	1	0.9322	0	refconf	ligand_centred	2026-09-24T09:41:11+08:00
arm	A1_refconf_refbox	vina	posebusters	6Z0R_Q4H	20260922	ok		5	-4.576	vina	kcal/mol (empirical score, not a measured free energy)	5.88	5	0.3533	0.0005	1	1	1	1	1	0.3533	1	1	0.3533	0	refconf	ligand_centred	2026-09-24T09:41:31+08:00
arm	A1_refconf_refbox	vina	posebusters	6YMS_OZH	20260922	ok		5	-8.76	vina	kcal/mol (empirical score, not a measured free energy)	172.88	5	1.8143	1.3392	0	1	0	0	0	1.8143	1	0	1.8143	0	refconf	ligand_centred	2026-09-24T09:41:18+08:00
arm	A1_refconf_refbox	vina	posebusters	6VTA_AKN	20260922	ok		5	-7.137	vina	kcal/mol (empirical score, not a measured free energy)	298.91	5	7.107	2.605	1	0	0	0	0	6.4372	0	0	7.107	0	refconf	ligand_centred	2026-09-24T09:41:22+08:00
arm	A1_refconf_refbox	vina	posebusters	6YYO_Q1K	20260922	ok		5	-7.868	vina	kcal/mol (empirical score, not a measured free energy)	13.46	5	0.4722	0.1794	1	1	1	1	1	0.4722	1	1	0.4722	0	refconf	ligand_centred	2026-09-24T09:41:32+08:00
arm	A1_refconf_refbox	vina	posebusters	6TW5_9M2	20260922	ok		5	-11.5	vina	kcal/mol (empirical score, not a measured free energy)	62.47	5	0.9956	0.4678	1	1	1	1	1	0.9956	1	1	1.1572	0	refconf	ligand_centred	2026-09-24T09:41:05+08:00
arm	A1_refconf_refbox	vina	posebusters	6Z1C_7EY	20260922	ok		5	-7.591	vina	kcal/mol (empirical score, not a measured free energy)	29.35	5	0.9221	0.8766	1	1	1	1	1	0.9221	1	1	0.9221	0	refconf	ligand_centred	2026-09-24T09:41:38+08:00
arm	A1_refconf_refbox	vina	posebusters	6YR2_T1C	20260922	ok		3	-11.06	vina	kcal/mol (empirical score, not a measured free energy)	122.03	5	1.1304	0.9869	1	1	0	1	0	1.1304	1	1	1.1304	0	refconf	ligand_centred	2026-09-24T09:41:35+08:00
arm	A1_refconf_refbox	vina	posebusters	6Z14_Q4Z	20260922	ok		5	-7.867	vina	kcal/mol (empirical score, not a measured free energy)	20.01	5	0.1816	0.1201	1	1	1	1	1	0.1816	1	1	1.0062	0	refconf	ligand_centred	2026-09-24T09:41:33+08:00
arm	A1_refconf_refbox	vina	posebusters	6ZC3_JOR	20260922	ok		5	-6.48	vina	kcal/mol (empirical score, not a measured free energy)	13.66	5	1.0425	0.9474	1	1	0	1	0	1.0425	1	1	1.0425	0	refconf	ligand_centred	2026-09-24T09:41:44+08:00
arm	A1_refconf_refbox	vina	posebusters	6YT6_PKE	20260922	ok		5	-9.673	vina	kcal/mol (empirical score, not a measured free energy)	70.04	5	2.4978	2.4032	1	0	0	0	0	2.4978	0	0	2.564	0	refconf	ligand_centred	2026-09-24T09:41:39+08:00
arm	A1_refconf_refbox	vina	posebusters	6ZPB_3D1	20260922	ok		5	-7.68	vina	kcal/mol (empirical score, not a measured free energy)	20.62	5	4.1357	0.9913	1	0	0	0	0	3.8142	0	0	4.1357	0	refconf	ligand_centred	2026-09-24T09:41:46+08:00
arm	A1_refconf_refbox	vina	posebusters	7A9E_R4W	20260922	ok		5	-3.588	vina	kcal/mol (empirical score, not a measured free energy)	3.59	5	2.8199	0.6541	1	0	0	0	0	1.9158	1	1	2.8199	0	refconf	ligand_centred	2026-09-24T09:41:47+08:00
arm	A1_refconf_refbox	vina	astex	1OF6_DTY	20260922	ok		5	-8.374	vina	kcal/mol (empirical score, not a measured free energy)	38.27	5	0.7357	0.476	1	1	1	1	1	0.7357	1	1	0.9244	0	refconf	ligand_centred	2026-09-24T09:39:05+08:00
arm	A1_refconf_refbox	vina	posebusters	6Z4N_Q7B	20260922	ok		5	-8.327	vina	kcal/mol (empirical score, not a measured free energy)	24.46	5	0.3337	0.1931	1	1	1	1	1	0.3337	1	1	0.3337	0	refconf	ligand_centred	2026-09-24T09:41:42+08:00
arm	A1_refconf_refbox	vina	posebusters	6Z2C_Q5E	20260922	ok		5	-10.7	vina	kcal/mol (empirical score, not a measured free energy)	37.46	5	2.8993	2.1612	1	0	0	0	0	0.652	1	1	2.9059	0	refconf	ligand_centred	2026-09-24T09:41:44+08:00
arm	A1_refconf_refbox	vina	posebusters	7AKL_RK5	20260922	ok		5	-10.02	vina	kcal/mol (empirical score, not a measured free energy)	14.9	5	0.3983	0.1841	1	1	1	1	1	0.3983	1	1	0.3983	0	refconf	ligand_centred	2026-09-24T09:41:51+08:00
arm	A1_refconf_refbox	vina	posebusters	6ZCY_QF8	20260922	ok		5	-10.5	vina	kcal/mol (empirical score, not a measured free energy)	59.27	5	0.5549	0.4671	1	1	1	1	1	0.5549	1	1	0.5549	0	refconf	ligand_centred	2026-09-24T09:41:49+08:00
arm	A1_refconf_refbox	vina	posebusters	6ZK5_IMH	20260922	ok		5	-8.531	vina	kcal/mol (empirical score, not a measured free energy)	25.52	5	0.5611	0.1745	1	1	1	1	1	0.5611	1	1	0.5611	0	refconf	ligand_centred	2026-09-24T09:41:46+08:00
arm	A1_refconf_refbox	vina	posebusters	7BJJ_TVW	20260922	ok		5	-4.666	vina	kcal/mol (empirical score, not a measured free energy)	4.74	5	3.0385	0.0005	1	0	0	0	0	2.9005	0	0	3.0385	0	refconf	ligand_centred	2026-09-24T09:41:54+08:00
arm	A1_refconf_refbox	vina	posebusters	7A1P_QW2	20260922	ok		5	-6.485	vina	kcal/mol (empirical score, not a measured free energy)	19.45	5	3.4832	0.7718	0	0	0	0	0	1.6525	1	1	3.5663	0	refconf	ligand_centred	2026-09-24T09:41:49+08:00
arm	A1_refconf_refbox	vina	posebusters	7AN5_RDH	20260922	ok		5	-7.876	vina	kcal/mol (empirical score, not a measured free energy)	20.02	5	0.3175	0.2222	1	1	1	1	1	0.3175	1	1	0.3175	0	refconf	ligand_centred	2026-09-24T09:41:53+08:00
arm	A1_refconf_refbox	vina	posebusters	7BNH_BEZ	20260922	ok		5	-5.519	vina	kcal/mol (empirical score, not a measured free energy)	5.38	5	3.8496	0.5501	1	0	0	0	0	2.1463	0	0	4.072	0	refconf	ligand_centred	2026-09-24T09:41:56+08:00
arm	A1_refconf_refbox	vina	posebusters	6ZAE_ACV	20260922	ok		5	-6.653	vina	kcal/mol (empirical score, not a measured free energy)	78.38	5	8.4162	1.2967	1	0	0	0	0	4.2659	0	0	8.4173	0	refconf	ligand_centred	2026-09-24T09:41:52+08:00
arm	A1_refconf_refbox	vina	posebusters	6XHT_V2V	20260922	ok		5	-8.451	vina	kcal/mol (empirical score, not a measured free energy)	234.4	5	1.3318	1.277	1	1	0	1	0	1.3318	1	1	1.3318	0	refconf	ligand_centred	2026-09-24T09:41:18+08:00
arm	A1_refconf_refbox	vina	posebusters	7BCP_GCO	20260922	ok		5	-6.77	vina	kcal/mol (empirical score, not a measured free energy)	28.16	5	1.4457	1.1879	1	1	0	1	0	1.4457	1	1	1.4484	0	refconf	ligand_centred	2026-09-24T09:41:56+08:00
arm	A1_refconf_refbox	vina	posebusters	7C3U_AZG	20260922	ok		5	-6.744	vina	kcal/mol (empirical score, not a measured free energy)	6.97	5	2.6202	0.0005	1	0	0	0	0	2.3362	0	0	2.6202	0	refconf	ligand_centred	2026-09-24T09:42:00+08:00
arm	A1_refconf_refbox	vina	posebusters	7BKA_4JC	20260922	ok		5	-7.42	vina	kcal/mol (empirical score, not a measured free energy)	9.53	5	1.0259	0.8876	1	1	0	1	0	1.0259	1	1	1.2598	0	refconf	ligand_centred	2026-09-24T09:41:56+08:00
arm	A1_refconf_refbox	vina	posebusters	7CL8_TES	20260922	ok		4	-10.98	vina	kcal/mol (empirical score, not a measured free energy)	10.13	5	0.1792	0.0004	1	1	1	1	1	0.1792	1	1	0.1792	0	refconf	ligand_centred	2026-09-24T09:42:04+08:00
arm	A1_refconf_refbox	vina	posebusters	7BMI_U4B	20260922	ok		5	-6.992	vina	kcal/mol (empirical score, not a measured free energy)	11.58	5	0.9359	0.3119	0	1	1	0	0	0.9359	1	0	0.9359	0	refconf	ligand_centred	2026-09-24T09:41:57+08:00
arm	A1_refconf_refbox	vina	posebusters	7B94_ANP	20260922	ok		5	-8.901	vina	kcal/mol (empirical score, not a measured free energy)	139.77	5	2.1056	1.9604	0	0	0	0	0	1.9125	1	1	2.2267	0	refconf	ligand_centred	2026-09-24T09:42:01+08:00
arm	A1_refconf_refbox	vina	posebusters	7BTT_F8R	20260922	ok		5	-9.073	vina	kcal/mol (empirical score, not a measured free energy)	122.35	5	0.8958	0.8566	1	1	1	1	1	0.8958	1	1	0.9798	0	refconf	ligand_centred	2026-09-24T09:42:11+08:00
arm	A1_refconf_refbox	vina	posebusters	7CUO_PHB	20260922	ok		5	-7.014	vina	kcal/mol (empirical score, not a measured free energy)	7.52	5	0.4018	0.081	1	1	1	1	1	0.4018	1	1	0.4018	0	refconf	ligand_centred	2026-09-24T09:42:15+08:00
arm	A1_refconf_refbox	vina	posebusters	7CD9_FVR	20260922	ok		5	-12.55	vina	kcal/mol (empirical score, not a measured free energy)	65.92	5	11.7292	1.8462	1	0	0	0	0	0.5184	1	1	11.7627	0	refconf	ligand_centred	2026-09-24T09:42:01+08:00
arm	A1_refconf_refbox	vina	posebusters	7CNS_PMV	20260922	ok		4	-7.497	vina	kcal/mol (empirical score, not a measured free energy)	26.57	5	0.8958	0.7494	1	1	1	1	1	0.8958	1	1	1.5144	0	refconf	ligand_centred	2026-09-24T09:42:19+08:00
arm	A1_refconf_refbox	vina	posebusters	7DQL_4CL	20260922	ok		5	-5.394	vina	kcal/mol (empirical score, not a measured free energy)	6.02	5	2.533	0.0005	1	0	0	0	0	0.289	1	1	2.533	0	refconf	ligand_centred	2026-09-24T09:42:24+08:00
arm	A1_refconf_refbox	vina	posebusters	7CTM_BDP	20260922	ok		5	-6.932	vina	kcal/mol (empirical score, not a measured free energy)	15.56	5	0.4518	0.4065	1	1	1	1	1	0.4518	1	1	0.4518	0	refconf	ligand_centred	2026-09-24T09:42:11+08:00
arm	A1_refconf_refbox	vina	posebusters	7C8Q_DSG	20260922	ok		5	-5.875	vina	kcal/mol (empirical score, not a measured free energy)	10.69	5	0.6434	0.5437	1	1	1	1	1	0.6434	1	1	1.0495	0	refconf	ligand_centred	2026-09-24T09:42:00+08:00
arm	A1_refconf_refbox	vina	posebusters	7CIJ_G0C	20260922	ok		4	-7.965	vina	kcal/mol (empirical score, not a measured free energy)	44.2	5	0.6427	0.5417	1	1	1	1	1	0.6427	1	1	0.6427	0	refconf	ligand_centred	2026-09-24T09:42:14+08:00
arm	A1_refconf_refbox	vina	posebusters	6YJA_2BA	20260922	ok		5	-7.669	vina	kcal/mol (empirical score, not a measured free energy)	535.45	5	4.4526	1.9707	1	0	0	0	0	4.4526	0	0	8.1442	0	refconf	ligand_centred	2026-09-24T09:42:23+08:00
arm	A1_refconf_refbox	vina	posebusters	7E4L_MDN	20260922	ok		5	-5.241	vina	kcal/mol (empirical score, not a measured free energy)	11.57	5	2.7701	0.2383	0	0	0	0	0	1.3898	1	1	3.8321	0	refconf	ligand_centred	2026-09-24T09:42:31+08:00
arm	A1_refconf_refbox	vina	posebusters	7DKT_GLF	20260922	ok		5	-6.829	vina	kcal/mol (empirical score, not a measured free energy)	11.86	5	2.1428	0.6573	0	0	0	0	0	0.2985	1	1	2.1428	0	refconf	ligand_centred	2026-09-24T09:42:26+08:00
arm	A1_refconf_refbox	vina	posebusters	7EBG_J0L	20260922	ok		5	-8.036	vina	kcal/mol (empirical score, not a measured free energy)	6.77	5	0.4933	0.235	1	1	1	1	1	0.4933	1	1	0.4933	0	refconf	ligand_centred	2026-09-24T09:42:31+08:00
arm	A1_refconf_refbox	vina	posebusters	7ED2_A3P	20260922	ok		5	-9.563	vina	kcal/mol (empirical score, not a measured free energy)	74.38	5	0.1977	0.1434	1	1	1	1	1	0.1977	1	1	1.2331	0	refconf	ligand_centred	2026-09-24T09:42:37+08:00
arm	A1_refconf_refbox	vina	posebusters	7DUA_HJ0	20260922	ok		5	-9.624	vina	kcal/mol (empirical score, not a measured free energy)	25.25	5	0.9745	0.8594	1	1	1	1	1	0.9745	1	1	1.0445	0	refconf	ligand_centred	2026-09-24T09:42:34+08:00
arm	A1_refconf_refbox	vina	posebusters	7F5D_EUO	20260922	ok		5	-8.198	vina	kcal/mol (empirical score, not a measured free energy)	18.34	5	5.8882	0.5216	1	0	0	0	0	0.5487	1	1	5.9096	0	refconf	ligand_centred	2026-09-24T09:42:44+08:00
arm	A1_refconf_refbox	vina	posebusters	7FB7_8NF	20260922	ok		5	-4.748	vina	kcal/mol (empirical score, not a measured free energy)	4.89	5	0.2894	0.0004	1	1	1	1	1	0.2894	1	1	0.2894	0	refconf	ligand_centred	2026-09-24T09:42:46+08:00
arm	A1_refconf_refbox	vina	posebusters	7ES1_UDP	20260922	ok		5	-9.804	vina	kcal/mol (empirical score, not a measured free energy)	69.79	5	0.3719	0.2445	1	1	1	1	1	0.3719	1	1	0.9915	0	refconf	ligand_centred	2026-09-24T09:42:45+08:00
arm	A1_refconf_refbox	vina	posebusters	7ELT_TYM	20260922	ok		5	-12.5	vina	kcal/mol (empirical score, not a measured free energy)	174.34	5	0.4027	0.3694	1	1	1	1	1	0.4027	1	1	0.4027	0	refconf	ligand_centred	2026-09-24T09:42:47+08:00
arm	A1_refconf_refbox	vina	posebusters	7C0U_FGO	20260922	ok		5	-11.25	vina	kcal/mol (empirical score, not a measured free energy)	235.18	5	0.3731	0.3168	1	1	1	1	1	0.3731	1	1	0.3731	0	refconf	ligand_centred	2026-09-24T09:42:37+08:00
arm	A1_refconf_refbox	vina	posebusters	7D5C_GV6	20260922	ok		5	-9.425	vina	kcal/mol (empirical score, not a measured free energy)	116.61	5	0.6299	0.4993	1	1	1	1	1	0.6299	1	1	0.6299	0	refconf	ligand_centred	2026-09-24T09:42:38+08:00
arm	A1_refconf_refbox	vina	posebusters	7JG0_GAR	20260922	ok		5	-7.333	vina	kcal/mol (empirical score, not a measured free energy)	36.89	5	1.0541	0.6449	1	1	0	1	0	0.8068	1	1	1.5157	0	refconf	ligand_centred	2026-09-24T09:42:58+08:00
arm	A1_refconf_refbox	vina	posebusters	7FT9_4MB	20260922	ok		5	-5.671	vina	kcal/mol (empirical score, not a measured free energy)	13.24	5	2.5574	0.6147	1	0	0	0	0	1.3237	1	1	2.6074	0	refconf	ligand_centred	2026-09-24T09:42:52+08:00
arm	A1_refconf_refbox	vina	posebusters	7FHA_ADX	20260922	ok		5	-9.669	vina	kcal/mol (empirical score, not a measured free energy)	77.44	5	1.5328	1.2408	1	1	0	1	0	1.5328	1	1	1.6069	0	refconf	ligand_centred	2026-09-24T09:42:51+08:00
arm	A1_refconf_refbox	vina	posebusters	7ECR_SIN	20260922	ok		5	-5.43	vina	kcal/mol (empirical score, not a measured free energy)	9.13	5	3.7238	0.6951	1	0	0	0	0	1.1835	1	1	4.0177	0	refconf	ligand_centred	2026-09-24T09:42:34+08:00
arm	A1_refconf_refbox	vina	posebusters	7JMV_4NC	20260922	ok		5	-6.545	vina	kcal/mol (empirical score, not a measured free energy)	8.59	5	0.3953	0.0818	1	1	1	1	1	0.3953	1	1	0.3953	0	refconf	ligand_centred	2026-09-24T09:43:03+08:00
arm	A1_refconf_refbox	vina	posebusters	7JXX_VP7	20260922	ok		5	-8.863	vina	kcal/mol (empirical score, not a measured free energy)	76.92	5	0.2005	0.0836	1	1	1	1	1	0.2005	1	1	0.2005	0	refconf	ligand_centred	2026-09-24T09:43:05+08:00
arm	A1_refconf_refbox	vina	posebusters	7JY3_VUD	20260922	ok		5	-7.762	vina	kcal/mol (empirical score, not a measured free energy)	36.27	5	7.0176	1.5678	1	0	0	0	0	6.5062	0	0	7.0176	0	refconf	ligand_centred	2026-09-24T09:43:04+08:00
arm	A1_refconf_refbox	vina	posebusters	7F51_BA7	20260922	ok		5	-11.57	vina	kcal/mol (empirical score, not a measured free energy)	298.81	5	0.7565	0.6608	1	1	1	1	1	0.7565	1	1	1.0441	0	refconf	ligand_centred	2026-09-24T09:43:07+08:00
arm	A1_refconf_refbox	vina	posebusters	7KQU_YOF	20260922	ok		2	-8.661	vina	kcal/mol (empirical score, not a measured free energy)	18.96	5	1.7796	1.2371	1	1	0	1	0	1.7796	1	1	1.7796	0	refconf	ligand_centred	2026-09-24T09:43:14+08:00
arm	A1_refconf_refbox	vina	posebusters	7JHQ_VAJ	20260922	ok		5	-7.747	vina	kcal/mol (empirical score, not a measured free energy)	22.3	5	1.4742	0.7379	1	1	0	1	0	1.4742	1	1	1.5712	0	refconf	ligand_centred	2026-09-24T09:43:00+08:00
arm	A1_refconf_refbox	vina	posebusters	7CNQ_G8X	20260922	ok		5	-6.356	vina	kcal/mol (empirical score, not a measured free energy)	8.1	5	0.4245	0.1796	1	1	1	1	1	0.4245	1	1	0.4245	0	refconf	ligand_centred	2026-09-24T09:42:06+08:00
arm	A1_refconf_refbox	vina	posebusters	7A9H_TPP	20260922	ok		5	-8.008	vina	kcal/mol (empirical score, not a measured free energy)	74.75	5	1.5425	1.4511	1	1	0	1	0	1.511	1	1	1.7798	0	refconf	ligand_centred	2026-09-24T09:42:00+08:00
arm	A1_refconf_refbox	vina	posebusters	7KC5_BJZ	20260922	ok		4	-11.11	vina	kcal/mol (empirical score, not a measured free energy)	66.3	5	0.6664	0.3252	1	1	1	1	1	0.5756	1	1	1.792	0	refconf	ligand_centred	2026-09-24T09:43:15+08:00
arm	A1_refconf_refbox	vina	posebusters	7L03_F9F	20260922	ok		4	-9.395	vina	kcal/mol (empirical score, not a measured free energy)	45.68	5	1.1578	1.0159	1	1	0	1	0	1.1578	1	1	1.2708	0	refconf	ligand_centred	2026-09-24T09:43:26+08:00
arm	A1_refconf_refbox	vina	posebusters	7L5F_XNG	20260922	ok		5	-6.528	vina	kcal/mol (empirical score, not a measured free energy)	48.11	5	1.7392	1.4099	1	1	0	1	0	1.7392	1	1	1.7392	0	refconf	ligand_centred	2026-09-24T09:43:30+08:00
arm	A1_refconf_refbox	vina	posebusters	7KM8_WPD	20260922	ok		5	-9.203	vina	kcal/mol (empirical score, not a measured free energy)	125.26	5	0.9583	0.9052	1	1	1	1	1	0.9583	1	1	1.0534	0	refconf	ligand_centred	2026-09-24T09:43:24+08:00
arm	A1_refconf_refbox	vina	posebusters	7K0V_VQP	20260922	ok		4	-13.22	vina	kcal/mol (empirical score, not a measured free energy)	76.32	5	0.4408	0.24	1	1	1	1	1	0.4408	1	1	0.8789	0	refconf	ligand_centred	2026-09-24T09:43:08+08:00
arm	A1_refconf_refbox	vina	posebusters	7KZ9_XN7	20260922	ok		5	-6.062	vina	kcal/mol (empirical score, not a measured free energy)	20.83	5	5.4354	1.2044	1	0	0	0	0	1.1137	1	1	5.4354	0	refconf	ligand_centred	2026-09-24T09:43:18+08:00
arm	A1_refconf_refbox	vina	posebusters	7LOE_Y84	20260922	ok		5	-8.066	vina	kcal/mol (empirical score, not a measured free energy)	5.33	5	0.3635	0.0005	1	1	1	1	1	0.3635	1	1	0.3635	0	refconf	ligand_centred	2026-09-24T09:43:39+08:00
arm	A1_refconf_refbox	vina	posebusters	7LEV_0JO	20260922	ok		5	-9.79	vina	kcal/mol (empirical score, not a measured free energy)	41.47	5	0.768	0.6276	1	1	1	1	1	0.768	1	1	0.9958	0	refconf	ligand_centred	2026-09-24T09:43:36+08:00
arm	A1_refconf_refbox	vina	posebusters	7L7C_XQ1	20260922	ok		5	-9.29	vina	kcal/mol (empirical score, not a measured free energy)	23.61	5	0.4872	0.4225	1	1	1	1	1	0.4872	1	1	0.4872	0	refconf	ligand_centred	2026-09-24T09:43:34+08:00
arm	A1_refconf_refbox	vina	posebusters	7L00_XCJ	20260922	ok		5	-8.022	vina	kcal/mol (empirical score, not a measured free energy)	45.63	5	10.5609	1.6064	0	0	0	0	0	10.5609	0	0	10.5684	0	refconf	ligand_centred	2026-09-24T09:43:19+08:00
arm	A1_refconf_refbox	vina	posebusters	7EPV_FDA	20260922	ok		5	-11.44	vina	kcal/mol (empirical score, not a measured free energy)	635.85	5	0.5685	0.4387	1	1	1	1	1	0.5685	1	1	0.5685	0	refconf	ligand_centred	2026-09-24T09:43:38+08:00
arm	A1_refconf_refbox	gnina	posebusters	7SUC_COM	20260922	ok		5	-3.93	gnina_cnn:rescore:crossdock_default2018	kcal/mol (empirical score, not a measured free energy)	38.91	4	3.8302	0.2305	1	0	0	0	0	0.7834	1	1	3.8978	0	refconf	ligand_centred	2026-09-24T09:33:59+08:00
arm	A1_refconf_refbox	vina	posebusters	7LT0_ONJ	20260922	ok		5	-11.46	vina	kcal/mol (empirical score, not a measured free energy)	32.82	5	0.3153	0.1957	1	1	1	1	1	0.3153	1	1	0.3153	0	refconf	ligand_centred	2026-09-24T09:43:51+08:00
arm	A1_refconf_refbox	vina	posebusters	7LZD_YHY	20260922	ok		5	-11.13	vina	kcal/mol (empirical score, not a measured free energy)	32.28	5	3.2375	1.8511	1	0	0	0	0	3.2375	0	0	3.3563	0	refconf	ligand_centred	2026-09-24T09:43:56+08:00
arm	A1_refconf_refbox	vina	posebusters	7KB1_WBJ	20260922	ok		5	-8.825	vina	kcal/mol (empirical score, not a measured free energy)	52.61	5	0.9086	0.4307	1	1	1	1	1	0.9086	1	1	1.2621	0	refconf	ligand_centred	2026-09-24T09:43:11+08:00
arm	A1_refconf_refbox	vina	posebusters	7LCU_XTA	20260922	ok		5	-10.42	vina	kcal/mol (empirical score, not a measured free energy)	115.22	5	10.6624	1.7618	1	0	0	0	0	0.508	1	1	10.8264	0	refconf	ligand_centred	2026-09-24T09:43:48+08:00
arm	A1_refconf_refbox	vina	posebusters	7LMO_NYO	20260922	ok		5	-11.71	vina	kcal/mol (empirical score, not a measured free energy)	91.73	5	1.5682	1.4934	1	1	0	1	0	1.1608	1	1	1.5682	0	refconf	ligand_centred	2026-09-24T09:43:57+08:00
arm	A1_refconf_refbox	vina	posebusters	7F8T_FAD	20260922	ok		5	-12.45	vina	kcal/mol (empirical score, not a measured free energy)	546.77	5	0.7104	0.6615	1	1	1	1	1	0.7104	1	1	0.7104	0	refconf	ligand_centred	2026-09-24T09:43:46+08:00
arm	A1_refconf_refbox	vina	posebusters	7LOU_IFM	20260922	ok		5	-6.343	vina	kcal/mol (empirical score, not a measured free energy)	9.43	5	1.8738	0.5131	1	1	0	1	0	0.5253	1	1	1.8738	0	refconf	ligand_centred	2026-09-24T09:43:47+08:00
arm	A1_refconf_refbox	vina	posebusters	7MOI_HPS	20260922	ok		5	-6.864	vina	kcal/mol (empirical score, not a measured free energy)	10.48	5	0.606	0.273	1	1	1	1	1	0.606	1	1	0.606	0	refconf	ligand_centred	2026-09-24T09:58:18+08:00
arm	A1_refconf_refbox	vina	posebusters	7MGT_ZD4	20260922	ok		5	-9.085	vina	kcal/mol (empirical score, not a measured free energy)	87.61	5	1.1674	1.0072	0	1	0	0	0	1.1674	1	0	1.346	0	refconf	ligand_centred	2026-09-24T09:58:16+08:00
arm	A1_refconf_refbox	vina	posebusters	7MWU_ZPM	20260922	ok		5	-6.048	vina	kcal/mol (empirical score, not a measured free energy)	5.58	5	0.6528	0.3921	1	1	1	1	1	0.6528	1	1	1.1029	0	refconf	ligand_centred	2026-09-24T09:58:21+08:00
arm	A1_refconf_refbox	vina	posebusters	7MY1_IPE	20260922	ok		5	-5.313	vina	kcal/mol (empirical score, not a measured free energy)	25.04	5	11.1833	1.4374	1	0	0	0	0	7.3771	0	0	11.2079	0	refconf	ligand_centred	2026-09-24T09:58:23+08:00
arm	A1_refconf_refbox	vina	posebusters	7MWN_WI5	20260922	ok		5	-12.34	vina	kcal/mol (empirical score, not a measured free energy)	48.01	5	0.4329	0.1515	1	1	1	1	1	0.4329	1	1	0.4329	0	refconf	ligand_centred	2026-09-24T09:58:25+08:00
arm	A1_refconf_refbox	vina	posebusters	7M6K_YRJ	20260922	ok		5	-11.05	vina	kcal/mol (empirical score, not a measured free energy)	109.54	5	0.6805	0.6234	1	1	1	1	1	0.6805	1	1	1.1313	0	refconf	ligand_centred	2026-09-24T09:58:16+08:00
arm	A1_refconf_refbox	vina	posebusters	7MGY_ZD1	20260922	ok		5	-9.278	vina	kcal/mol (empirical score, not a measured free energy)	64.87	5	0.4326	0.3421	1	1	1	1	1	0.4326	1	1	0.4326	0	refconf	ligand_centred	2026-09-24T09:58:14+08:00
arm	A1_refconf_refbox	vina	posebusters	7LJN_GTP	20260922	ok		5	-8.178	vina	kcal/mol (empirical score, not a measured free energy)	144.45	5	8.4515	2.6509	0	0	0	0	0	4.1723	0	0	8.4842	0	refconf	ligand_centred	2026-09-24T09:58:12+08:00
arm	A1_refconf_refbox	vina	posebusters	7N6F_0I1	20260922	ok		2	-10.5	vina	kcal/mol (empirical score, not a measured free energy)	25.4	5	0.514	0.248	1	1	1	1	1	0.514	1	1	1.0728	0	refconf	ligand_centred	2026-09-24T09:58:34+08:00
arm	A1_refconf_refbox	vina	posebusters	7N4W_P4V	20260922	ok		4	-10.27	vina	kcal/mol (empirical score, not a measured free energy)	22.79	5	0.236	0.0843	1	1	1	1	1	0.236	1	1	0.236	0	refconf	ligand_centred	2026-09-24T09:58:32+08:00
arm	A1_refconf_refbox	vina	posebusters	7N03_ZRP	20260922	ok		5	-9.536	vina	kcal/mol (empirical score, not a measured free energy)	74.36	5	1.0536	0.8185	1	1	0	1	0	1.0536	1	1	1.0536	0	refconf	ligand_centred	2026-09-24T09:58:31+08:00
arm	A1_refconf_refbox	vina	posebusters	7MYU_ZR7	20260922	ok		5	-11.71	vina	kcal/mol (empirical score, not a measured free energy)	59.5	5	0.5133	0.3601	1	1	1	1	1	0.5133	1	1	0.5133	0	refconf	ligand_centred	2026-09-24T09:58:26+08:00
arm	A1_refconf_refbox	vina	posebusters	7N7H_CTP	20260922	ok		1	-10.71	vina	kcal/mol (empirical score, not a measured free energy)	105.48	5	0.68	0.6413	1	1	1	1	1	0.68	1	1	1.0594	0	refconf	ligand_centred	2026-09-24T09:58:37+08:00
arm	A1_refconf_refbox	vina	posebusters	7NGW_UAW	20260922	ok		5	-10.56	vina	kcal/mol (empirical score, not a measured free energy)	13.7	5	0.3223	0.1522	1	1	1	1	1	0.3223	1	1	1.6548	0	refconf	ligand_centred	2026-09-24T09:58:41+08:00
arm	A1_refconf_refbox	vina	posebusters	7M3H_YPV	20260922	ok		5	-9.295	vina	kcal/mol (empirical score, not a measured free energy)	43.66	5	0.5744	0.376	1	1	1	1	1	0.5744	1	1	0.5744	0	refconf	ligand_centred	2026-09-24T09:58:14+08:00
arm	A1_refconf_refbox	vina	posebusters	7NF0_BYN	20260922	ok		2	-12.33	vina	kcal/mol (empirical score, not a measured free energy)	125.87	5	0.739	0.6568	1	1	1	1	1	0.739	1	1	1.0477	0	refconf	ligand_centred	2026-09-24T09:58:38+08:00
arm	A1_refconf_refbox	vina	posebusters	7N7B_T3F	20260922	ok		5	-11.38	vina	kcal/mol (empirical score, not a measured free energy)	156.52	5	1.8418	0.7742	1	1	0	1	0	1.8418	1	1	1.8418	0	refconf	ligand_centred	2026-09-24T09:58:38+08:00
arm	A1_refconf_refbox	vina	posebusters	7N4N_0BK	20260922	ok		5	-9.43	vina	kcal/mol (empirical score, not a measured free energy)	55.55	5	1.542	1.3497	1	1	0	1	0	1.542	1	1	1.542	0	refconf	ligand_centred	2026-09-24T09:58:33+08:00
arm	A1_refconf_refbox	vina	posebusters	7NF3_4LU	20260922	ok		3	-12.34	vina	kcal/mol (empirical score, not a measured free energy)	103.46	5	0.6653	0.6448	1	1	1	1	1	0.6653	1	1	1.0149	0	refconf	ligand_centred	2026-09-24T09:58:46+08:00
arm	A1_refconf_refbox	vina	posebusters	7NLV_UJE	20260922	ok		5	-9.053	vina	kcal/mol (empirical score, not a measured free energy)	44.87	5	0.386	0.2503	1	1	1	1	1	0.386	1	1	0.386	0	refconf	ligand_centred	2026-09-24T09:58:49+08:00
arm	A1_refconf_refbox	vina	posebusters	7NPL_UKZ	20260922	ok		3	-14.13	vina	kcal/mol (empirical score, not a measured free energy)	56.92	5	0.2432	0.1388	1	1	1	1	1	0.2432	1	1	0.2432	0	refconf	ligand_centred	2026-09-24T09:58:50+08:00
arm	A1_refconf_refbox	vina	posebusters	7NP6_UK8	20260922	ok		2	-13.26	vina	kcal/mol (empirical score, not a measured free energy)	97.49	5	0.3497	0.3167	1	1	1	1	1	0.3497	1	1	1.2336	0	refconf	ligand_centred	2026-09-24T09:58:53+08:00
arm	A1_refconf_refbox	vina	posebusters	7KRU_ATP	20260922	ok		5	-9.881	vina	kcal/mol (empirical score, not a measured free energy)	151.99	5	9.7848	2.1363	0	0	0	0	0	0.5707	1	1	9.8011	0	refconf	ligand_centred	2026-09-24T09:43:36+08:00
arm	A1_refconf_refbox	vina	posebusters	7NSW_HC4	20260922	ok		5	-6.8	vina	kcal/mol (empirical score, not a measured free energy)	11.35	5	0.2463	0.0925	1	1	1	1	1	0.2463	1	1	1.6605	0	refconf	ligand_centred	2026-09-24T09:58:51+08:00
arm	A1_refconf_refbox	vina	posebusters	7O1T_5X8	20260922	ok		4	-9.715	vina	kcal/mol (empirical score, not a measured free energy)	60.31	5	1.3197	1.0211	1	1	0	1	0	1.3197	1	1	1.3197	0	refconf	ligand_centred	2026-09-24T09:58:56+08:00
arm	A1_refconf_refbox	vina	posebusters	7O0N_CDP	20260922	ok		5	-10.11	vina	kcal/mol (empirical score, not a measured free energy)	70.38	5	12.5292	0.31	1	0	0	0	0	0.3607	1	1	12.5417	0	refconf	ligand_centred	2026-09-24T09:58:54+08:00
arm	A1_refconf_refbox	vina	posebusters	7NU0_DCL	20260922	ok		5	-5.122	vina	kcal/mol (empirical score, not a measured free energy)	9.81	5	0.5296	0.4343	1	1	1	1	1	0.5296	1	1	1.3469	0	refconf	ligand_centred	2026-09-24T09:58:52+08:00
arm	A1_refconf_refbox	vina	posebusters	7NXO_UU8	20260922	ok		5	-11.94	vina	kcal/mol (empirical score, not a measured free energy)	61.75	5	0.3639	0.239	1	1	1	1	1	0.3639	1	1	0.3639	0	refconf	ligand_centred	2026-09-24T09:58:54+08:00
arm	A1_refconf_refbox	vina	posebusters	7ODY_DGI	20260922	ok		5	-10.63	vina	kcal/mol (empirical score, not a measured free energy)	83.17	5	0.3224	0.2789	1	1	1	1	1	0.3224	1	1	0.8487	0	refconf	ligand_centred	2026-09-24T09:59:00+08:00
arm	A1_refconf_refbox	vina	posebusters	7OEO_V9Z	20260922	ok		5	-7.934	vina	kcal/mol (empirical score, not a measured free energy)	78.47	5	5.5197	2.0135	1	0	0	0	0	0.5435	1	1	5.5475	0	refconf	ligand_centred	2026-09-24T09:59:03+08:00
arm	A1_refconf_refbox	vina	posebusters	7NR8_UOE	20260922	ok		5	-12.6	vina	kcal/mol (empirical score, not a measured free energy)	202.82	5	0.2919	0.1915	1	1	1	1	1	0.2919	1	1	0.7756	0	refconf	ligand_centred	2026-09-24T09:58:58+08:00
arm	A1_refconf_refbox	vina	posebusters	7OFF_VCB	20260922	ok		5	-9.19	vina	kcal/mol (empirical score, not a measured free energy)	42.04	5	0.489	0.2375	1	1	1	1	1	0.489	1	1	1.0221	0	refconf	ligand_centred	2026-09-24T09:59:00+08:00
arm	A1_refconf_refbox	vina	posebusters	7MFP_Z7P	20260922	ok		5	-11.72	vina	kcal/mol (empirical score, not a measured free energy)	495.29	5	0.7575	0.6262	1	1	1	1	1	0.7575	1	1	0.9742	0	refconf	ligand_centred	2026-09-24T09:58:38+08:00
arm	A1_refconf_refbox	vina	posebusters	7OLI_8HG	20260922	ok		5	-8.231	vina	kcal/mol (empirical score, not a measured free energy)	25.8	5	0.5437	0.3292	1	1	1	1	1	0.5437	1	1	0.5437	0	refconf	ligand_centred	2026-09-24T09:59:13+08:00
arm	A1_refconf_refbox	vina	posebusters	7OSO_0V1	20260922	ok		5	-3.771	vina	kcal/mol (empirical score, not a measured free energy)	9.7	5	8.9309	1.4127	1	0	0	0	0	2.3037	0	0	8.9309	0	refconf	ligand_centred	2026-09-24T09:59:16+08:00
arm	A1_refconf_refbox	vina	posebusters	7OZC_G6S	20260922	ok		4	-7.95	vina	kcal/mol (empirical score, not a measured free energy)	26.44	5	0.2691	0.1671	1	1	1	1	1	0.2691	1	1	1.0533	0	refconf	ligand_centred	2026-09-24T09:59:19+08:00
arm	A1_refconf_refbox	vina	posebusters	7NUT_GLP	20260922	ok		5	-7.257	vina	kcal/mol (empirical score, not a measured free energy)	30.82	5	6.9064	0.6193	1	0	0	0	0	0.7616	1	1	6.9415	0	refconf	ligand_centred	2026-09-24T09:58:53+08:00
arm	A1_refconf_refbox	vina	posebusters	7OFK_VCH	20260922	ok		5	-11.16	vina	kcal/mol (empirical score, not a measured free energy)	69.35	5	0.2266	0.1334	1	1	1	1	1	0.2266	1	1	0.6221	0	refconf	ligand_centred	2026-09-24T09:59:17+08:00
arm	A1_refconf_refbox	vina	posebusters	7P2I_MFU	20260922	ok		5	-6.176	vina	kcal/mol (empirical score, not a measured free energy)	9.36	5	0.3577	0.2119	1	1	1	1	1	0.3577	1	1	0.3577	0	refconf	ligand_centred	2026-09-24T09:59:23+08:00
arm	A1_refconf_refbox	vina	posebusters	7OPG_06N	20260922	ok		5	-8.407	vina	kcal/mol (empirical score, not a measured free energy)	19.48	5	1.6419	0.7123	0	1	0	0	0	0.7904	1	1	1.9446	0	refconf	ligand_centred	2026-09-24T09:59:16+08:00
arm	A1_refconf_refbox	vina	posebusters	7P1F_KFN	20260922	ok		5	-7.285	vina	kcal/mol (empirical score, not a measured free energy)	33.7	5	5.2177	1.1722	1	0	0	0	0	3.7499	0	0	5.2533	0	refconf	ligand_centred	2026-09-24T09:59:25+08:00
arm	A1_refconf_refbox	vina	posebusters	7P5T_5YG	20260922	ok		2	-9.424	vina	kcal/mol (empirical score, not a measured free energy)	31.54	5	1.0757	0.7241	1	1	0	1	0	1.0757	1	1	1.0757	0	refconf	ligand_centred	2026-09-24T09:59:30+08:00
arm	A1_refconf_refbox	vina	posebusters	7P1M_4IU	20260922	ok		5	-6.875	vina	kcal/mol (empirical score, not a measured free energy)	40.95	5	0.6092	0.5104	1	1	1	1	1	0.6092	1	1	0.8725	0	refconf	ligand_centred	2026-09-24T09:59:27+08:00
arm	A1_refconf_refbox	vina	posebusters	7PJQ_OWH	20260922	ok		5	-5.052	vina	kcal/mol (empirical score, not a measured free energy)	5.6	5	4.5414	0.0863	1	0	0	0	0	0.9686	1	1	4.5414	0	refconf	ligand_centred	2026-09-24T09:59:31+08:00
arm	A1_refconf_refbox	vina	posebusters	7OZ9_NGK	20260922	ok		5	-6.818	vina	kcal/mol (empirical score, not a measured free energy)	32.38	5	0.5722	0.5124	1	1	1	1	1	0.5722	1	1	0.5722	0	refconf	ligand_centred	2026-09-24T09:59:20+08:00
arm	A1_refconf_refbox	vina	posebusters	7MSR_DCA	20260922	ok		5	-8.488	vina	kcal/mol (empirical score, not a measured free energy)	706.8	5	2.8684	2.22	1	0	0	0	0	1.6169	1	1	2.9433	0	refconf	ligand_centred	2026-09-24T09:59:08+08:00
arm	A1_refconf_refbox	vina	posebusters	7PGX_FMN	20260922	ok		4	-10.35	vina	kcal/mol (empirical score, not a measured free energy)	92.78	5	1.824	1.6211	1	1	0	1	0	1.3181	1	1	1.9283	0	refconf	ligand_centred	2026-09-24T09:59:33+08:00
arm	A1_refconf_refbox	vina	posebusters	7PRM_81I	20260922	ok		1	-13.97	vina	kcal/mol (empirical score, not a measured free energy)	56.2	5	0.2662	0.2119	1	1	1	1	1	0.2662	1	1	0.8854	0	refconf	ligand_centred	2026-09-24T09:59:39+08:00
arm	A1_refconf_refbox	vina	posebusters	7PL1_SFG	20260922	ok		5	-7.994	vina	kcal/mol (empirical score, not a measured free energy)	93.57	5	0.7997	0.6729	1	1	1	1	1	0.7997	1	1	0.7997	0	refconf	ligand_centred	2026-09-24T09:59:36+08:00
arm	A1_refconf_refbox	vina	posebusters	7PIH_7QW	20260922	ok		5	-9.523	vina	kcal/mol (empirical score, not a measured free energy)	27.68	5	9.4241	1.0327	1	0	0	0	0	3.777	0	0	9.4241	0	refconf	ligand_centred	2026-09-24T09:59:33+08:00
arm	A1_refconf_refbox	vina	posebusters	7PRI_7TI	20260922	ok		5	-6.394	vina	kcal/mol (empirical score, not a measured free energy)	29.19	5	5.1704	1.0972	1	0	0	0	0	1.645	1	1	5.2423	0	refconf	ligand_centred	2026-09-24T09:59:37+08:00
arm	A1_refconf_refbox	vina	posebusters	7Q2B_M6H	20260922	ok		5	-6.897	vina	kcal/mol (empirical score, not a measured free energy)	7.52	5	4.626	0.6535	0	0	0	0	0	1.5921	1	1	4.7055	0	refconf	ligand_centred	2026-09-24T09:59:45+08:00
arm	A1_refconf_refbox	vina	posebusters	7POM_7VZ	20260922	ok		5	-7.486	vina	kcal/mol (empirical score, not a measured free energy)	28.82	5	1.6965	1.1401	1	1	0	1	0	1.6965	1	1	1.8255	0	refconf	ligand_centred	2026-09-24T09:59:35+08:00
arm	A1_refconf_refbox	vina	posebusters	7OMX_CNA	20260922	ok		5	-10.5	vina	kcal/mol (empirical score, not a measured free energy)	331.54	5	0.7313	0.6988	1	1	1	1	1	0.7313	1	1	0.7313	0	refconf	ligand_centred	2026-09-24T09:59:46+08:00
arm	A1_refconf_refbox	vina	posebusters	7QF4_RBF	20260922	ok		3	-10.77	vina	kcal/mol (empirical score, not a measured free energy)	66.85	5	1.1565	1.1104	1	1	0	1	0	1.1565	1	1	1.1565	0	refconf	ligand_centred	2026-09-24T09:59:55+08:00
arm	A1_refconf_refbox	vina	posebusters	7MMH_ZJY	20260922	ok		5	-7.916	vina	kcal/mol (empirical score, not a measured free energy)	1055.9	5	0.8864	0.8196	0	1	1	0	0	0.8864	1	0	0.8864	0	refconf	ligand_centred	2026-09-24T09:59:41+08:00
arm	A1_refconf_refbox	vina	posebusters	7PUV_84Z	20260922	ok		5	-7.931	vina	kcal/mol (empirical score, not a measured free energy)	32.27	5	1.0438	0.6692	1	1	0	1	0	1.0438	1	1	1.0438	0	refconf	ligand_centred	2026-09-24T09:59:41+08:00
arm	A1_refconf_refbox	vina	posebusters	7P4C_5OV	20260922	ok		5	-6.663	vina	kcal/mol (empirical score, not a measured free energy)	14.73	5	0.5244	0.0241	1	1	1	1	1	0.5244	1	1	0.5244	0	refconf	ligand_centred	2026-09-24T09:59:26+08:00
arm	A1_refconf_refbox	vina	posebusters	7QGP_DJ8	20260922	ok		5	-10.72	vina	kcal/mol (empirical score, not a measured free energy)	167.87	5	0.415	0.3182	1	1	1	1	1	0.415	1	1	0.415	0	refconf	ligand_centred	2026-09-24T10:00:03+08:00
arm	A1_refconf_refbox	vina	posebusters	7QE4_NGA	20260922	ok		5	-5.025	vina	kcal/mol (empirical score, not a measured free energy)	18.4	5	0.6925	0.2346	1	1	1	1	1	0.6925	1	1	0.6925	0	refconf	ligand_centred	2026-09-24T09:59:50+08:00
arm	A1_refconf_refbox	vina	posebusters	7QTA_URI	20260922	ok		5	-6.411	vina	kcal/mol (empirical score, not a measured free energy)	18.88	5	3.3626	0.5656	1	0	0	0	0	0.7231	1	1	3.3626	0	refconf	ligand_centred	2026-09-24T10:00:05+08:00
arm	A1_refconf_refbox	vina	posebusters	7QPP_VDX	20260922	ok		2	-12.27	vina	kcal/mol (empirical score, not a measured free energy)	63.26	5	0.8176	0.7053	1	1	1	1	1	0.8176	1	1	0.8176	0	refconf	ligand_centred	2026-09-24T10:00:09+08:00
arm	A1_refconf_refbox	vina	posebusters	7R59_I5F	20260922	ok		5	-7.543	vina	kcal/mol (empirical score, not a measured free energy)	6.3	5	0.3188	0.0005	1	1	1	1	1	0.3188	1	1	0.3188	0	refconf	ligand_centred	2026-09-24T10:00:13+08:00
arm	A1_refconf_refbox	vina	posebusters	7FRX_O88	20260922	ok		5	-12.21	vina	kcal/mol (empirical score, not a measured free energy)	77.82	5	1.3656	1.2928	1	1	0	1	0	1.3656	1	1	1.6114	0	refconf	ligand_centred	2026-09-24T09:42:55+08:00
arm	A1_refconf_refbox	vina	posebusters	7QHG_T3B	20260922	ok		2	-12.79	vina	kcal/mol (empirical score, not a measured free energy)	182.11	5	0.3484	0.296	1	1	1	1	1	0.3484	1	1	1.0998	0	refconf	ligand_centred	2026-09-24T10:00:15+08:00
arm	A1_refconf_refbox	vina	posebusters	7QHL_D5P	20260922	ok		5	-9.119	vina	kcal/mol (empirical score, not a measured free energy)	64.96	5	1.4219	1.0514	1	1	0	1	0	1.4219	1	1	1.4219	0	refconf	ligand_centred	2026-09-24T10:00:01+08:00
arm	A1_refconf_refbox	vina	posebusters	7R7R_AWJ	20260922	ok		5	-8.947	vina	kcal/mol (empirical score, not a measured free energy)	89.29	5	0.5159	0.3784	1	1	1	1	1	0.5159	1	1	0.5159	0	refconf	ligand_centred	2026-09-24T10:00:19+08:00
arm	A1_refconf_refbox	vina	posebusters	7RC3_SAH	20260922	ok		3	-9.316	vina	kcal/mol (empirical score, not a measured free energy)	87.52	5	0.92	0.7687	1	1	1	1	1	0.92	1	1	0.9678	0	refconf	ligand_centred	2026-09-24T10:00:25+08:00
arm	A1_refconf_refbox	vina	posebusters	7RKW_5TV	20260922	ok		5	-9.792	vina	kcal/mol (empirical score, not a measured free energy)	34.67	5	0.9971	0.8755	1	1	1	1	1	0.9971	1	1	0.9971	0	refconf	ligand_centred	2026-09-24T10:00:24+08:00
arm	A1_refconf_refbox	vina	posebusters	7R9N_F97	20260922	ok		5	-8.824	vina	kcal/mol (empirical score, not a measured free energy)	45.84	5	1.0941	0.7357	1	1	0	1	0	1.0941	1	1	1.0941	0	refconf	ligand_centred	2026-09-24T10:00:21+08:00
arm	A1_refconf_refbox	vina	posebusters	7RH3_59O	20260922	ok		5	-7.551	vina	kcal/mol (empirical score, not a measured free energy)	118.93	5	2.0107	1.9821	1	0	0	0	0	0.5686	1	1	2.1945	0	refconf	ligand_centred	2026-09-24T10:00:28+08:00
arm	A1_refconf_refbox	vina	posebusters	7Q5I_I0F	20260922	ok		5	-10.73	vina	kcal/mol (empirical score, not a measured free energy)	47.92	5	0.7167	0.6492	1	1	1	1	1	0.7167	1	1	0.9862	0	refconf	ligand_centred	2026-09-24T09:59:53+08:00
arm	A1_refconf_refbox	vina	posebusters	7RZL_NPO	20260922	ok		5	-5.802	vina	kcal/mol (empirical score, not a measured free energy)	7.57	5	4.1376	0.2603	1	0	0	0	0	1.2292	1	1	4.1376	0	refconf	ligand_centred	2026-09-24T10:00:32+08:00
arm	A1_refconf_refbox	vina	posebusters	7ROR_69X	20260922	ok		5	-11.57	vina	kcal/mol (empirical score, not a measured free energy)	154.82	5	0.7438	0.4983	1	1	1	1	1	0.7438	1	1	1.1114	0	refconf	ligand_centred	2026-09-24T10:00:30+08:00
arm	A1_refconf_refbox	vina	posebusters	7ROU_66I	20260922	ok		5	-11.17	vina	kcal/mol (empirical score, not a measured free energy)	207.05	5	1.224	0.9649	1	1	0	1	0	1.224	1	1	1.2505	0	refconf	ligand_centred	2026-09-24T10:00:35+08:00
arm	A1_refconf_refbox	vina	posebusters	7SCW_GSP	20260922	ok		5	-10.66	vina	kcal/mol (empirical score, not a measured free energy)	139.6	5	0.6279	0.5557	1	1	1	1	1	0.6279	1	1	0.6279	0	refconf	ligand_centred	2026-09-24T10:00:36+08:00
arm	A1_refconf_refbox	vina	posebusters	7RSV_7IQ	20260922	ok		5	-9.088	vina	kcal/mol (empirical score, not a measured free energy)	11.97	5	0.2216	0.057	1	1	1	1	1	0.2216	1	1	0.2216	0	refconf	ligand_centred	2026-09-24T10:00:29+08:00
arm	A1_refconf_refbox	vina	posebusters	7SFO_98L	20260922	ok		2	-10.32	vina	kcal/mol (empirical score, not a measured free energy)	44.6	5	0.4983	0.3796	1	1	1	1	1	0.4983	1	1	1.0763	0	refconf	ligand_centred	2026-09-24T10:00:42+08:00
arm	A1_refconf_refbox	vina	posebusters	7SDD_4IP	20260922	ok		5	-7.95	vina	kcal/mol (empirical score, not a measured free energy)	134.16	5	1.1798	0.6398	1	1	0	1	0	1.1798	1	1	4.8856	1	refconf	ligand_centred	2026-09-24T10:00:40+08:00
arm	A1_refconf_refbox	vina	posebusters	7R3D_APR	20260922	ok		5	-9.537	vina	kcal/mol (empirical score, not a measured free energy)	192.92	5	6.0855	2.4793	1	0	0	0	0	5.686	0	0	6.115	0	refconf	ligand_centred	2026-09-24T10:00:23+08:00
arm	A1_refconf_refbox	vina	posebusters	7SIU_9ID	20260922	ok		5	-10.45	vina	kcal/mol (empirical score, not a measured free energy)	57.54	5	0.2893	0.2208	1	1	1	1	1	0.2893	1	1	0.9035	0	refconf	ligand_centred	2026-09-24T10:00:46+08:00
arm	A1_refconf_refbox	vina	posebusters	7SZA_DUI	20260922	ok		5	-9.721	vina	kcal/mol (empirical score, not a measured free energy)	15.98	5	0.2205	0.0541	1	1	1	1	1	0.2205	1	1	0.2205	0	refconf	ligand_centred	2026-09-24T10:00:44+08:00
arm	A1_refconf_refbox	vina	posebusters	7R6J_2I7	20260922	ok		5	-9.414	vina	kcal/mol (empirical score, not a measured free energy)	105.69	5	9.2951	2.5532	1	0	0	0	0	3.1477	0	0	9.3304	0	refconf	ligand_centred	2026-09-24T10:00:19+08:00
arm	A1_refconf_refbox	vina	posebusters	7T1D_E7K	20260922	ok		3	-14.42	vina	kcal/mol (empirical score, not a measured free energy)	57.65	5	0.354	0.1181	1	1	1	1	1	0.354	1	1	0.354	0	refconf	ligand_centred	2026-09-24T10:00:51+08:00
arm	A1_refconf_refbox	vina	posebusters	7TE8_P0T	20260922	ok		2	-11.1	vina	kcal/mol (empirical score, not a measured free energy)	36.69	5	0.3802	0.2987	1	1	1	1	1	0.3802	1	1	0.3802	0	refconf	ligand_centred	2026-09-24T10:00:59+08:00
arm	A1_refconf_refbox	vina	posebusters	7OP9_06K	20260922	ok		5	-5.817	vina	kcal/mol (empirical score, not a measured free energy)	5.75	5	3.616	0.0005	0	0	0	0	0	3.616	0	0	3.616	0	refconf	ligand_centred	2026-09-24T09:59:12+08:00
arm	A1_refconf_refbox	vina	posebusters	7T0D_FPP	20260922	ok		5	-7.819	vina	kcal/mol (empirical score, not a measured free energy)	90.91	5	11.7501	1.3712	0	0	0	0	0	4.6905	0	0	11.796	0	refconf	ligand_centred	2026-09-24T10:00:54+08:00
arm	A1_refconf_refbox	vina	posebusters	7TBU_S3P	20260922	ok		5	-6.96	vina	kcal/mol (empirical score, not a measured free energy)	26.23	5	9.2989	0.671	1	0	0	0	0	8.1897	0	0	9.3461	0	refconf	ligand_centred	2026-09-24T10:00:57+08:00
arm	A1_refconf_refbox	vina	posebusters	7PK0_BYC	20260922	ok		5	-8.821	vina	kcal/mol (empirical score, not a measured free energy)	1178.25	5	5.9679	2.3136	0	0	0	0	0	5.9679	0	0	5.9815	0	refconf	ligand_centred	2026-09-24T10:00:56+08:00
arm	A1_refconf_refbox	vina	posebusters	7TOM_5AD	20260922	ok		2	-9.837	vina	kcal/mol (empirical score, not a measured free energy)	19.78	5	0.263	0.1298	1	1	1	1	1	0.263	1	1	0.263	0	refconf	ligand_centred	2026-09-24T10:01:19+08:00
arm	A1_refconf_refbox	vina	posebusters	7TM6_GPJ	20260922	ok		5	-5.691	vina	kcal/mol (empirical score, not a measured free energy)	16.47	5	1.0227	0.6676	1	1	0	1	0	1.0227	1	1	1.9849	0	refconf	ligand_centred	2026-09-24T10:01:13+08:00
arm	A1_refconf_refbox	vina	posebusters	7T3E_SLB	20260922	ok		5	-8.4	vina	kcal/mol (empirical score, not a measured free energy)	48.38	5	0.2647	0.1629	1	1	1	1	1	0.2647	1	1	0.7396	0	refconf	ligand_centred	2026-09-24T10:00:56+08:00
arm	A1_refconf_refbox	vina	posebusters	7THI_PGA	20260922	ok		5	-5.864	vina	kcal/mol (empirical score, not a measured free energy)	11.02	5	0.5319	0.4983	1	1	1	1	1	0.5319	1	1	0.9989	0	refconf	ligand_centred	2026-09-24T10:01:11+08:00
arm	A1_refconf_refbox	vina	posebusters	7TUO_KL9	20260922	ok		3	-10.98	vina	kcal/mol (empirical score, not a measured free energy)	56.21	5	0.9238	0.8357	1	1	1	1	1	0.9238	1	1	0.9238	0	refconf	ligand_centred	2026-09-24T10:01:28+08:00
arm	A1_refconf_refbox	vina	posebusters	7TSF_H4B	20260922	ok		5	-8.409	vina	kcal/mol (empirical score, not a measured free energy)	21.3	5	0.199	0.0351	1	1	1	1	1	0.199	1	1	0.199	0	refconf	ligand_centred	2026-09-24T10:01:23+08:00
arm	A1_refconf_refbox	vina	posebusters	7TYP_KUR	20260922	ok		2	-15.1	vina	kcal/mol (empirical score, not a measured free energy)	57.86	5	0.366	0.3298	1	1	1	1	1	0.366	1	1	0.366	0	refconf	ligand_centred	2026-09-24T10:01:36+08:00
arm	A1_refconf_refbox	vina	posebusters	7TXK_LW8	20260922	ok		5	-7.087	vina	kcal/mol (empirical score, not a measured free energy)	17.16	5	1.7915	1.2489	1	1	0	1	0	1.0387	1	1	2.1282	1	refconf	ligand_centred	2026-09-24T10:01:27+08:00
arm	A1_refconf_refbox	vina	posebusters	7RWS_4UR	20260922	ok		5	-8.089	vina	kcal/mol (empirical score, not a measured free energy)	610.92	5	0.6931	0.6261	1	1	1	1	1	0.6931	1	1	0.6931	0	refconf	ligand_centred	2026-09-24T10:01:40+08:00
arm	A1_refconf_refbox	vina	posebusters	7UAS_MBU	20260922	ok		2	-11.53	vina	kcal/mol (empirical score, not a measured free energy)	96.71	5	0.3594	0.2261	1	1	1	1	1	0.3594	1	1	0.608	0	refconf	ligand_centred	2026-09-24T10:01:48+08:00
arm	A1_refconf_refbox	vina	posebusters	7TH4_FFO	20260922	ok		5	-8.728	vina	kcal/mol (empirical score, not a measured free energy)	122.39	5	2.7191	2.1637	1	0	0	0	0	1.3477	1	1	2.737	0	refconf	ligand_centred	2026-09-24T10:01:32+08:00
arm	A1_refconf_refbox	vina	posebusters	7Q25_8J9	20260922	ok		5	-8.106	vina	kcal/mol (empirical score, not a measured free energy)	148.93	5	8.0678	3.4614	0	0	0	0	0	7.7935	0	0	8.0678	0	refconf	ligand_centred	2026-09-24T09:59:58+08:00
arm	A1_refconf_refbox	vina	posebusters	7U3J_L6U	20260922	ok		5	-10.24	vina	kcal/mol (empirical score, not a measured free energy)	178.91	5	0.737	0.6943	1	1	1	1	1	0.737	1	1	0.737	0	refconf	ligand_centred	2026-09-24T10:01:52+08:00
arm	A1_refconf_refbox	vina	posebusters	7UJF_R3V	20260922	ok		2	-11.9	vina	kcal/mol (empirical score, not a measured free energy)	88.75	5	1.1236	1.0302	1	1	0	1	0	1.1236	1	1	1.1236	0	refconf	ligand_centred	2026-09-24T10:01:57+08:00
arm	A1_refconf_refbox	vina	posebusters	7USH_82V	20260922	ok		5	-9.182	vina	kcal/mol (empirical score, not a measured free energy)	22.46	5	7.4464	1.647	1	0	0	0	0	1.6071	1	1	7.4916	0	refconf	ligand_centred	2026-09-24T10:02:08+08:00
arm	A1_refconf_refbox	vina	posebusters	7TS6_KMI	20260922	ok		5	-8.652	vina	kcal/mol (empirical score, not a measured free energy)	17.02	5	2.5745	2.1676	1	0	0	0	0	1.1872	1	1	2.5745	0	refconf	ligand_centred	2026-09-24T10:01:22+08:00
arm	A1_refconf_refbox	vina	posebusters	7UQ3_O2U	20260922	ok		5	-7.034	vina	kcal/mol (empirical score, not a measured free energy)	10.19	5	4.4193	0.2524	1	0	0	0	0	1.164	1	0	4.4193	0	refconf	ligand_centred	2026-09-24T10:02:07+08:00
arm	A1_refconf_refbox	vina	posebusters	7UAW_MF6	20260922	ok		5	-9.134	vina	kcal/mol (empirical score, not a measured free energy)	345.97	5	0.2884	0.177	1	1	1	1	1	0.2884	1	1	0.2884	0	refconf	ligand_centred	2026-09-24T10:02:12+08:00
arm	A1_refconf_refbox	vina	posebusters	7ULC_56B	20260922	ok		5	-8.571	vina	kcal/mol (empirical score, not a measured free energy)	142.02	5	13.0812	1.8572	1	0	0	0	0	12.5665	0	0	13.0812	0	refconf	ligand_centred	2026-09-24T10:02:11+08:00
arm	A1_refconf_refbox	vina	posebusters	7UYB_OK0	20260922	ok		3	-11.08	vina	kcal/mol (empirical score, not a measured free energy)	58.77	5	0.8756	0.3473	1	1	1	1	1	0.8756	1	1	1.2181	0	refconf	ligand_centred	2026-09-24T10:02:23+08:00
arm	A1_refconf_refbox	vina	posebusters	7UJ4_OQ4	20260922	ok		5	-9.419	vina	kcal/mol (empirical score, not a measured free energy)	191.14	5	1.0278	0.9165	1	1	0	1	0	1.0278	1	1	1.2725	0	refconf	ligand_centred	2026-09-24T10:02:00+08:00
arm	A1_refconf_refbox	vina	posebusters	7TB0_UD1	20260922	ok		5	-9.83	vina	kcal/mol (empirical score, not a measured free energy)	235.78	5	6.7047	3.6776	1	0	0	0	0	2.112	0	0	6.7047	0	refconf	ligand_centred	2026-09-24T10:01:43+08:00
arm	A1_refconf_refbox	vina	posebusters	7UY4_SMI	20260922	ok		5	-7.36	vina	kcal/mol (empirical score, not a measured free energy)	31.25	5	5.8252	0.2446	1	0	0	0	0	0.6925	1	1	5.8252	0	refconf	ligand_centred	2026-09-24T10:02:17+08:00
arm	A1_refconf_refbox	vina	posebusters	7V3N_AKG	20260922	ok		5	-5.64	vina	kcal/mol (empirical score, not a measured free energy)	14.01	5	1.2324	0.9214	1	1	0	1	0	1.2324	1	1	1.2324	0	refconf	ligand_centred	2026-09-24T10:02:27+08:00
arm	A1_refconf_refbox	vina	posebusters	7V43_C4O	20260922	ok		5	-6.725	vina	kcal/mol (empirical score, not a measured free energy)	3.45	5	0.5531	0.0004	1	1	1	1	1	0.5531	1	1	0.5531	0	refconf	ligand_centred	2026-09-24T10:02:29+08:00
arm	A1_refconf_refbox	vina	posebusters	7V14_ORU	20260922	ok		5	-9.808	vina	kcal/mol (empirical score, not a measured free energy)	72.88	5	0.7395	0.7282	1	1	1	1	1	0.7395	1	1	0.7395	0	refconf	ligand_centred	2026-09-24T10:02:29+08:00
arm	A1_refconf_refbox	vina	posebusters	7VBU_6I4	20260922	ok		5	-8.541	vina	kcal/mol (empirical score, not a measured free energy)	8.93	5	0.4204	0.1144	1	1	1	1	1	0.4204	1	1	0.4204	0	refconf	ligand_centred	2026-09-24T10:02:32+08:00
arm	A1_refconf_refbox	vina	posebusters	7UMW_NAD	20260922	ok		5	-11.85	vina	kcal/mol (empirical score, not a measured free energy)	282.55	5	0.6987	0.6739	1	1	1	1	1	0.6987	1	1	0.6987	0	refconf	ligand_centred	2026-09-24T10:02:23+08:00
arm	A1_refconf_refbox	vina	posebusters	7VC5_9SF	20260922	ok		5	-10.12	vina	kcal/mol (empirical score, not a measured free energy)	29.12	5	1.7648	1.7296	1	1	0	1	0	1.7648	1	1	1.7648	0	refconf	ligand_centred	2026-09-24T10:02:34+08:00
arm	A1_refconf_refbox	vina	posebusters	7VB8_STL	20260922	ok		5	-8.553	vina	kcal/mol (empirical score, not a measured free energy)	16.56	5	5.7221	0.421	1	0	0	0	0	0.396	1	0	5.7221	0	refconf	ligand_centred	2026-09-24T10:02:31+08:00
arm	A1_refconf_refbox	vina	posebusters	7M31_TDR	20260922	ok		5	-6.742	vina	kcal/mol (empirical score, not a measured free energy)	5.1	5	0.4555	0.0005	1	1	1	1	1	0.4555	1	1	0.4555	0	refconf	ligand_centred	2026-09-24T09:43:53+08:00
arm	A1_refconf_refbox	vina	posebusters	7V3S_5I9	20260922	ok		5	-9.964	vina	kcal/mol (empirical score, not a measured free energy)	112.23	5	5.7844	2.2331	1	0	0	0	0	5.7844	0	0	5.7844	0	refconf	ligand_centred	2026-09-24T10:02:36+08:00
arm	A1_refconf_refbox	vina	posebusters	7W06_ITN	20260922	ok		5	-6.185	vina	kcal/mol (empirical score, not a measured free energy)	10.12	5	0.548	0.4116	1	1	1	1	1	0.548	1	1	1.0403	0	refconf	ligand_centred	2026-09-24T10:02:43+08:00
arm	A1_refconf_refbox	vina	posebusters	7PT3_3KK	20260922	ok		5	-8.881	vina	kcal/mol (empirical score, not a measured free energy)	1100.54	5	13.4313	4.1076	1	0	0	0	0	5.0296	0	0	13.4399	0	refconf	ligand_centred	2026-09-24T10:01:04+08:00
arm	A1_refconf_refbox	vina	posebusters	7VQ9_ISY	20260922	ok		5	-6.512	vina	kcal/mol (empirical score, not a measured free energy)	24.51	5	2.2459	1.4765	0	0	0	0	0	1.4438	1	1	2.3314	0	refconf	ligand_centred	2026-09-24T10:02:42+08:00
arm	A1_refconf_refbox	vina	posebusters	7W05_GMP	20260922	ok		5	-6.443	vina	kcal/mol (empirical score, not a measured free energy)	27.5	5	0.6909	0.342	1	1	1	1	1	0.6909	1	1	0.6909	0	refconf	ligand_centred	2026-09-24T10:02:44+08:00
arm	A1_refconf_refbox	vina	posebusters	7WDT_NGS	20260922	ok		5	-6.46	vina	kcal/mol (empirical score, not a measured free energy)	31.05	5	9.0509	1.3262	1	0	0	0	0	2.7704	0	0	9.0788	0	refconf	ligand_centred	2026-09-24T10:02:45+08:00
arm	A1_refconf_refbox	vina	posebusters	7UTW_NAI	20260922	ok		5	-9.492	vina	kcal/mol (empirical score, not a measured free energy)	369.9	5	5.2368	3.1248	1	0	0	0	0	4.7276	0	0	5.2377	0	refconf	ligand_centred	2026-09-24T10:02:36+08:00
arm	A1_refconf_refbox	vina	posebusters	7WJB_BGC	20260922	ok		5	-6.205	vina	kcal/mol (empirical score, not a measured free energy)	14.62	5	4.1352	0.2117	1	0	0	0	0	3.7434	0	0	4.1352	0	refconf	ligand_centred	2026-09-24T10:02:49+08:00
arm	A1_refconf_refbox	vina	posebusters	7UXS_OJC	20260922	ok		5	-6.388	vina	kcal/mol (empirical score, not a measured free energy)	328.28	5	7.1814	0.7724	1	0	0	0	0	5.9504	0	0	7.2236	0	refconf	ligand_centred	2026-09-24T10:02:42+08:00
arm	A1_refconf_refbox	vina	posebusters	7WPW_F15	20260922	ok		5	-5.774	vina	kcal/mol (empirical score, not a measured free energy)	45.38	5	5.2177	1.3384	1	0	0	0	0	1.5595	1	1	5.2575	0	refconf	ligand_centred	2026-09-24T10:02:56+08:00
arm	A1_refconf_refbox	vina	posebusters	7UJ5_DGL	20260922	ok		5	-6.307	vina	kcal/mol (empirical score, not a measured free energy)	15.51	5	0.3091	0.1644	1	1	1	1	1	0.3091	1	1	1.0362	0	refconf	ligand_centred	2026-09-24T10:01:51+08:00
arm	A1_refconf_refbox	vina	posebusters	7WQQ_5Z6	20260922	ok		2	-13.33	vina	kcal/mol (empirical score, not a measured free energy)	37.07	5	0.3244	0.2618	1	1	1	1	1	0.3244	1	1	3.4583	1	refconf	ligand_centred	2026-09-24T10:02:58+08:00
arm	A1_refconf_refbox	vina	posebusters	7VWF_K55	20260922	ok		5	-11.29	vina	kcal/mol (empirical score, not a measured free energy)	100.59	5	1.1567	0.8745	1	1	0	1	0	1.1567	1	1	1.4142	0	refconf	ligand_centred	2026-09-24T10:02:56+08:00
arm	A1_refconf_refbox	vina	posebusters	7WCF_ACP	20260922	ok		5	-8.681	vina	kcal/mol (empirical score, not a measured free energy)	132.68	5	2.3594	1.9882	1	0	0	0	0	2.3161	0	0	2.453	0	refconf	ligand_centred	2026-09-24T10:02:59+08:00
arm	A1_refconf_refbox	vina	posebusters	7WL4_JFU	20260922	ok		5	-9.813	vina	kcal/mol (empirical score, not a measured free energy)	66.28	5	0.5385	0.382	1	1	1	1	1	0.5385	1	1	0.5385	0	refconf	ligand_centred	2026-09-24T10:02:58+08:00
arm	A1_refconf_refbox	vina	posebusters	7VKZ_NOJ	20260922	ok		5	-6.626	vina	kcal/mol (empirical score, not a measured free energy)	12.68	5	0.784	0.5701	1	1	1	1	1	0.784	1	1	0.784	0	refconf	ligand_centred	2026-09-24T10:02:35+08:00
arm	A1_refconf_refbox	vina	posebusters	7X5N_5M5	20260922	ok		1	-12.15	vina	kcal/mol (empirical score, not a measured free energy)	50.62	5	0.6315	0.4582	1	1	1	1	1	0.6315	1	1	1.0836	0	refconf	ligand_centred	2026-09-24T10:03:11+08:00
arm	A1_refconf_refbox	vina	posebusters	7X9K_8OG	20260922	ok		5	-9.532	vina	kcal/mol (empirical score, not a measured free energy)	46.45	5	0.3844	0.3545	1	1	1	1	1	0.3844	1	1	0.3844	0	refconf	ligand_centred	2026-09-24T10:03:14+08:00
arm	A1_refconf_refbox	vina	posebusters	7XI7_4RI	20260922	ok		5	-7.912	vina	kcal/mol (empirical score, not a measured free energy)	32.13	5	0.8174	0.5684	1	1	1	1	1	0.8174	1	1	0.8174	0	refconf	ligand_centred	2026-09-24T10:03:18+08:00
arm	A1_refconf_refbox	vina	posebusters	7WKL_CAQ	20260922	ok		5	-6.955	vina	kcal/mol (empirical score, not a measured free energy)	5.7	5	0.4549	0.0005	1	1	1	1	1	0.3708	1	1	2.1869	1	refconf	ligand_centred	2026-09-24T10:02:48+08:00
arm	A1_refconf_refbox	vina	posebusters	7VYJ_CA0	20260922	ok		5	-9.222	vina	kcal/mol (empirical score, not a measured free energy)	64.3	5	3.2292	1.8757	0	0	0	0	0	3.2292	0	0	3.2292	0	refconf	ligand_centred	2026-09-24T10:02:47+08:00
arm	A1_refconf_refbox	vina	posebusters	7XG5_PLP	20260922	ok		5	-7.566	vina	kcal/mol (empirical score, not a measured free energy)	20.17	5	0.6378	0.2966	1	1	1	1	1	0.6378	1	1	1.3172	0	refconf	ligand_centred	2026-09-24T10:03:15+08:00
arm	A1_refconf_refbox	vina	posebusters	7Z1Q_NIO	20260922	ok		5	-5.972	vina	kcal/mol (empirical score, not a measured free energy)	5.13	5	9.4043	0.4437	1	0	0	0	0	9.2849	0	0	9.4043	0	refconf	ligand_centred	2026-09-24T10:03:26+08:00
arm	A1_refconf_refbox	vina	posebusters	7WUY_76N	20260922	ok		4	-11.76	vina	kcal/mol (empirical score, not a measured free energy)	52.73	5	0.3195	0.195	1	1	1	1	1	0.3195	1	1	0.3195	0	refconf	ligand_centred	2026-09-24T10:03:14+08:00
arm	A1_refconf_refbox	vina	posebusters	7Z2O_IAJ	20260922	ok		5	-6.881	vina	kcal/mol (empirical score, not a measured free energy)	7.02	5	3.1569	0.2921	1	0	0	0	0	0.4255	1	1	3.1569	0	refconf	ligand_centred	2026-09-24T10:03:29+08:00
arm	A1_refconf_refbox	vina	posebusters	7Z7F_IF3	20260922	ok		5	-4.816	vina	kcal/mol (empirical score, not a measured free energy)	8.44	5	11.7785	0.4686	1	0	0	0	0	7.5801	0	0	11.7785	0	refconf	ligand_centred	2026-09-24T10:03:31+08:00
arm	A1_refconf_refbox	vina	posebusters	7YZU_DO7	20260922	ok		4	-8.876	vina	kcal/mol (empirical score, not a measured free energy)	22.3	5	0.6373	0.4783	1	1	1	1	1	0.6373	1	1	1.2432	0	refconf	ligand_centred	2026-09-24T10:03:23+08:00
arm	A1_refconf_refbox	vina	posebusters	7XQZ_FPF	20260922	ok		5	-10.1	vina	kcal/mol (empirical score, not a measured free energy)	72.48	5	0.3976	0.302	1	1	1	1	1	0.3976	1	1	0.3976	0	refconf	ligand_centred	2026-09-24T10:03:36+08:00
arm	A1_refconf_refbox	vina	posebusters	7XBV_APC	20260922	ok		5	-7.946	vina	kcal/mol (empirical score, not a measured free energy)	132.17	5	2.5298	2.0566	1	0	0	0	0	2.5298	0	0	2.5836	0	refconf	ligand_centred	2026-09-24T10:03:37+08:00
arm	A1_refconf_refbox	vina	posebusters	7U0U_FK5	20260922	ok		5	-10.06	vina	kcal/mol (empirical score, not a measured free energy)	819.99	5	0.7722	0.6871	1	1	1	1	1	0.7722	1	1	0.7722	0	refconf	ligand_centred	2026-09-24T10:03:01+08:00
arm	A1_refconf_refbox	vina	posebusters	7XFA_D9J	20260922	ok		5	-7.454	vina	kcal/mol (empirical score, not a measured free energy)	124.78	5	6.8463	1.7159	1	0	0	0	0	1.7407	1	1	6.9464	0	refconf	ligand_centred	2026-09-24T10:03:47+08:00
arm	A1_refconf_refbox	vina	posebusters	7XJN_NSD	20260922	ok		5	-5.549	vina	kcal/mol (empirical score, not a measured free energy)	17.63	5	1.6819	0.6226	1	1	0	1	0	1.1856	1	1	1.6819	0	refconf	ligand_centred	2026-09-24T10:03:19+08:00
arm	A1_refconf_refbox	vina	posebusters	7ZOC_T8E	20260922	ok		5	-6.976	vina	kcal/mol (empirical score, not a measured free energy)	13.32	5	1.8309	0.8373	1	1	0	1	0	1.54	1	1	1.8309	0	refconf	ligand_centred	2026-09-24T10:03:50+08:00
arm	A1_refconf_refbox	vina	posebusters	7ZTL_BCN	20260922	ok		5	-4.713	vina	kcal/mol (empirical score, not a measured free energy)	19.47	5	2.8327	1.3154	0	0	0	0	0	2.8327	0	0	2.9803	0	refconf	ligand_centred	2026-09-24T10:03:53+08:00
arm	A1_refconf_refbox	vina	posebusters	7ZU2_DHT	20260922	ok		4	-11.21	vina	kcal/mol (empirical score, not a measured free energy)	12.57	5	0.1843	0.0005	1	1	1	1	1	0.1843	1	1	0.1843	0	refconf	ligand_centred	2026-09-24T10:03:53+08:00
arm	A1_refconf_refbox	vina	posebusters	7ZF0_DHR	20260922	ok		5	-6.304	vina	kcal/mol (empirical score, not a measured free energy)	7.71	5	3.9807	0.729	0	0	0	0	0	0.4826	1	0	3.9807	0	refconf	ligand_centred	2026-09-24T10:03:46+08:00
arm	A1_refconf_refbox	vina	posebusters	7ZL5_IWE	20260922	ok		5	-7.366	vina	kcal/mol (empirical score, not a measured free energy)	33.21	5	1.4561	1.1385	1	1	0	1	0	0.8207	1	1	1.4561	0	refconf	ligand_centred	2026-09-24T10:03:54+08:00
arm	A1_refconf_refbox	vina	posebusters	8AEM_LVF	20260922	ok		4	-7.684	vina	kcal/mol (empirical score, not a measured free energy)	6.67	5	0.5039	0.0848	1	1	1	1	1	0.5039	1	1	0.5039	0	refconf	ligand_centred	2026-09-24T10:04:04+08:00
arm	A1_refconf_refbox	vina	posebusters	7ZHP_IQY	20260922	ok		5	-9.104	vina	kcal/mol (empirical score, not a measured free energy)	103.92	5	0.3594	0.0767	1	1	1	1	1	0.3594	1	1	0.3594	0	refconf	ligand_centred	2026-09-24T10:04:07+08:00
arm	A1_refconf_refbox	vina	posebusters	7ZDY_6MJ	20260922	ok		5	-5.692	vina	kcal/mol (empirical score, not a measured free energy)	9.38	5	0.7509	0.2549	1	1	1	1	1	0.7509	1	1	0.7509	0	refconf	ligand_centred	2026-09-24T10:03:38+08:00
arm	A1_refconf_refbox	vina	posebusters	7XPO_UPG	20260922	ok		5	-9.902	vina	kcal/mol (empirical score, not a measured free energy)	175.51	5	9.9689	2.0845	1	0	0	0	0	0.4638	1	1	9.9689	0	refconf	ligand_centred	2026-09-24T10:04:01+08:00
arm	A1_refconf_refbox	vina	posebusters	7XRL_FWK	20260922	ok		5	-7.952	vina	kcal/mol (empirical score, not a measured free energy)	21.82	5	2.6331	1.9547	1	0	0	0	0	2.0093	0	0	2.6331	0	refconf	ligand_centred	2026-09-24T10:03:23+08:00
arm	A1_refconf_refbox	vina	posebusters	8AAU_LH0	20260922	ok		5	-7.697	vina	kcal/mol (empirical score, not a measured free energy)	33.37	5	8.5467	1.2701	1	0	0	0	0	2.3677	0	0	8.5608	0	refconf	ligand_centred	2026-09-24T10:04:15+08:00
arm	A1_refconf_refbox	vina	posebusters	8A1H_DLZ	20260922	ok		5	-10.23	vina	kcal/mol (empirical score, not a measured free energy)	47.39	5	0.7212	0.6797	1	1	1	1	1	0.7212	1	1	0.7212	0	refconf	ligand_centred	2026-09-24T10:03:58+08:00
arm	A1_refconf_refbox	vina	posebusters	7ZZW_KKW	20260922	ok		5	-9.997	vina	kcal/mol (empirical score, not a measured free energy)	41.07	5	1.2782	1.2508	1	1	0	1	0	1.2782	1	1	1.2782	0	refconf	ligand_centred	2026-09-24T10:03:57+08:00
arm	A1_refconf_refbox	vina	posebusters	8AIE_M7L	20260922	ok		5	-8.327	vina	kcal/mol (empirical score, not a measured free energy)	69.63	5	4.5687	2.1942	1	0	0	0	0	4.5687	0	0	4.62	0	refconf	ligand_centred	2026-09-24T10:04:23+08:00
arm	A1_refconf_refbox	vina	posebusters	8AUH_L9I	20260922	ok		5	-5.093	vina	kcal/mol (empirical score, not a measured free energy)	11.24	5	1.2401	0.7861	1	1	0	1	0	1.2401	1	1	1.2401	0	refconf	ligand_centred	2026-09-24T10:04:20+08:00
arm	A1_refconf_refbox	vina	posebusters	8AY3_OE3	20260922	ok		5	-10.18	vina	kcal/mol (empirical score, not a measured free energy)	34.38	5	0.3478	0.1748	1	1	1	1	1	0.3478	1	1	0.3478	0	refconf	ligand_centred	2026-09-24T10:04:23+08:00
arm	A1_refconf_refbox	vina	posebusters	8AP0_PRP	20260922	ok		5	-8.405	vina	kcal/mol (empirical score, not a measured free energy)	65.93	5	5.8642	2.1474	1	0	0	0	0	0.341	1	1	5.9392	0	refconf	ligand_centred	2026-09-24T10:04:30+08:00
arm	A1_refconf_refbox	vina	posebusters	8BTI_RFO	20260922	ok		5	-7.778	vina	kcal/mol (empirical score, not a measured free energy)	10.76	5	5.5426	1.246	1	0	0	0	0	0.3915	1	1	5.5426	0	refconf	ligand_centred	2026-09-24T10:04:32+08:00
arm	A1_refconf_refbox	vina	posebusters	7WUX_6OI	20260922	ok		5	-5.968	vina	kcal/mol (empirical score, not a measured free energy)	45.31	5	5.4823	2.1673	1	0	0	0	0	3.2703	0	0	5.5385	0	refconf	ligand_centred	2026-09-24T10:03:00+08:00
arm	A1_refconf_refbox	vina	posebusters	8C5M_MTA	20260922	ok		5	-7.695	vina	kcal/mol (empirical score, not a measured free energy)	25.28	5	0.7103	0.5978	1	1	1	1	1	0.7103	1	1	0.7103	0	refconf	ligand_centred	2026-09-24T10:04:34+08:00
arm	A1_refconf_refbox	vina	posebusters	8C3N_ADP	20260922	ok		5	-7.223	vina	kcal/mol (empirical score, not a measured free energy)	79.9	5	4.5078	1.8432	0	0	0	0	0	3.2045	0	0	4.5105	0	refconf	ligand_centred	2026-09-24T10:04:41+08:00
arm	A1_refconf_refbox	vina	posebusters	7ZXV_45D	20260922	ok		4	-16.3	vina	kcal/mol (empirical score, not a measured free energy)	95.09	5	0.3036	0.1899	1	1	1	1	1	0.3036	1	1	19.2704	1	refconf	ligand_centred	2026-09-24T10:04:15+08:00
arm	A1_refconf_refbox	vina	posebusters	8D39_QDB	20260922	ok		4	-10.71	vina	kcal/mol (empirical score, not a measured free energy)	15.94	5	0.4848	0.2939	1	1	1	1	1	0.4308	1	1	0.4848	0	refconf	ligand_centred	2026-09-24T10:04:45+08:00
arm	A1_refconf_refbox	vina	posebusters	8BOM_QU6	20260922	ok		5	-13.15	vina	kcal/mol (empirical score, not a measured free energy)	82.62	5	3.6549	3.294	1	0	0	0	0	0.8902	1	1	3.6549	0	refconf	ligand_centred	2026-09-24T10:04:37+08:00
arm	A1_refconf_refbox	vina	posebusters	8A2D_KXY	20260922	ok		5	-12.82	vina	kcal/mol (empirical score, not a measured free energy)	170.94	5	1.2046	0.8256	1	1	0	1	0	1.2046	1	1	1.3871	0	refconf	ligand_centred	2026-09-24T10:04:36+08:00
arm	A1_refconf_refbox	vina	posebusters	8CNH_V6U	20260922	ok		5	-10.48	vina	kcal/mol (empirical score, not a measured free energy)	41.81	5	2.7286	2.7198	1	0	0	0	0	0.2993	1	1	2.7286	0	refconf	ligand_centred	2026-09-24T10:04:37+08:00
arm	A1_refconf_refbox	vina	posebusters	8DHG_T78	20260922	ok		2	-12.15	vina	kcal/mol (empirical score, not a measured free energy)	78.38	5	0.4987	0.2654	1	1	1	1	1	0.4987	1	1	0.7356	0	refconf	ligand_centred	2026-09-24T10:04:55+08:00
arm	A1_refconf_refbox	vina	posebusters	8DKO_TFB	20260922	ok		5	-5.722	vina	kcal/mol (empirical score, not a measured free energy)	5.46	5	2.1048	0.5436	1	0	0	0	0	0.569	1	1	2.1048	0	refconf	ligand_centred	2026-09-24T10:04:49+08:00
arm	A1_refconf_refbox	vina	posebusters	8D19_GSH	20260922	ok		5	-5.658	vina	kcal/mol (empirical score, not a measured free energy)	62.17	5	13.8731	2.0862	1	0	0	0	0	13.4047	0	0	13.8783	0	refconf	ligand_centred	2026-09-24T10:04:50+08:00
arm	A1_refconf_refbox	vina	posebusters	8DSC_NCA	20260922	ok		5	-6.648	vina	kcal/mol (empirical score, not a measured free energy)	5.38	5	0.1924	0.0451	1	1	1	1	1	0.1924	1	1	0.1924	0	refconf	ligand_centred	2026-09-24T10:04:49+08:00
arm	A1_refconf_refbox	vina	posebusters	8EX2_Q2Q	20260922	ok		5	-10.06	vina	kcal/mol (empirical score, not a measured free energy)	23.13	5	0.3732	0.0511	1	1	1	1	1	0.3732	1	1	0.8485	0	refconf	ligand_centred	2026-09-24T10:04:57+08:00
arm	A1_refconf_refbox	vina	posebusters	8B8H_OJQ	20260922	ok		5	-9.146	vina	kcal/mol (empirical score, not a measured free energy)	50.21	5	1.8591	0.9615	1	1	0	1	0	1.4029	1	1	1.8591	0	refconf	ligand_centred	2026-09-24T10:04:35+08:00
arm	A1_refconf_refbox	vina	posebusters	8F8E_XJI	20260922	ok		5	-9.377	vina	kcal/mol (empirical score, not a measured free energy)	67.33	5	6.1832	3.3059	1	0	0	0	0	6.1832	0	0	6.1832	0	refconf	ligand_centred	2026-09-24T10:05:04+08:00
arm	A1_refconf_refbox	vina	posebusters	8EAB_VN2	20260922	ok		4	-14.44	vina	kcal/mol (empirical score, not a measured free energy)	242.17	5	0.9061	0.4726	1	1	1	1	1	0.9061	1	1	1.3238	0	refconf	ligand_centred	2026-09-24T10:05:08+08:00
arm	A1_refconf_refbox	vina	posebusters	8AQL_PLG	20260922	ok		5	-7.9	vina	kcal/mol (empirical score, not a measured free energy)	49.06	5	0.3105	0.2194	1	1	1	1	1	0.3105	1	1	0.3105	0	refconf	ligand_centred	2026-09-24T10:04:28+08:00
arm	A1_refconf_refbox	vina	posebusters	8EYE_X4I	20260922	ok		5	-11.5	vina	kcal/mol (empirical score, not a measured free energy)	80.36	5	1.0203	0.7926	0	1	0	0	0	1.0203	1	0	1.3209	0	refconf	ligand_centred	2026-09-24T10:05:02+08:00
arm	A1_refconf_refbox	vina	posebusters	8FLV_ZB9	20260922	ok		5	-8.907	vina	kcal/mol (empirical score, not a measured free energy)	52.54	5	0.9113	0.8157	1	1	1	1	1	0.9113	1	1	1.8918	0	refconf	ligand_centred	2026-09-24T10:05:19+08:00
arm	A1_refconf_refbox	vina	posebusters	8EXL_799	20260922	ok		5	-8.83	vina	kcal/mol (empirical score, not a measured free energy)	171.55	5	1.0708	1.0254	1	1	0	1	0	1.0708	1	1	1.1846	0	refconf	ligand_centred	2026-09-24T10:05:07+08:00
arm	A1_refconf_refbox	vina	posebusters	8FO5_Y4U	20260922	ok		3	-9.825	vina	kcal/mol (empirical score, not a measured free energy)	14.28	5	0.4252	0.3326	1	1	1	1	1	0.4252	1	1	0.4252	0	refconf	ligand_centred	2026-09-24T10:05:15+08:00
arm	A1_refconf_refbox	vina	posebusters	8FAV_4Y5	20260922	ok		2	-15.61	vina	kcal/mol (empirical score, not a measured free energy)	79.05	5	0.2823	0.212	1	1	1	1	1	0.2823	1	1	0.6103	0	refconf	ligand_centred	2026-09-24T10:05:21+08:00
arm	A1_refconf_refbox	vina	posebusters	8G6P_API	20260922	ok		5	-5.675	vina	kcal/mol (empirical score, not a measured free energy)	26.97	5	10.4793	1.0519	0	0	0	0	0	1.1207	1	1	10.5075	0	refconf	ligand_centred	2026-09-24T10:05:22+08:00
arm	A1_refconf_refbox	vina	posebusters	8CSD_C5P	20260922	ok		5	-7.462	vina	kcal/mol (empirical score, not a measured free energy)	44.26	5	0.4094	0.0969	1	1	1	1	1	0.4094	1	1	1.0654	0	refconf	ligand_centred	2026-09-24T10:04:45+08:00
arm	A1_refconf_refbox	vina	posebusters	8HO0_3ZI	20260922	ok		5	-10.63	vina	kcal/mol (empirical score, not a measured free energy)	17.56	5	0.189	0.0614	1	1	1	1	1	0.189	1	1	0.189	0	refconf	ligand_centred	2026-09-24T10:05:27+08:00
arm	A1_refconf_refbox	vina	posebusters	8HFN_XGC	20260922	ok		5	-8.247	vina	kcal/mol (empirical score, not a measured free energy)	47.09	5	7.8315	2.0811	1	0	0	0	0	2.7594	0	0	7.8401	0	refconf	ligand_centred	2026-09-24T10:05:29+08:00
arm	A1_refconf_refbox	vina	posebusters	8GFD_ZHR	20260922	ok		5	-7.356	vina	kcal/mol (empirical score, not a measured free energy)	68.33	5	12.3734	2.3198	1	0	0	0	0	1.0899	1	1	12.3734	0	refconf	ligand_centred	2026-09-24T10:05:28+08:00
arm	A1_refconf_refbox	vinardo	astex	1HNN_SKF	20260922	ok		4	-8.7	vinardo	kcal/mol (empirical score, not a measured free energy)	18.71	5	0.9955	0.9287	1	1	1	1	1	0.9955	1	1	1.1293	0	refconf	ligand_centred	2026-09-24T10:05:40+08:00
arm	A1_refconf_refbox	vinardo	astex	1HQ2_PH2	20260922	ok		2	-10.2	vinardo	kcal/mol (empirical score, not a measured free energy)	9.84	5	0.3033	0.2027	1	1	1	1	1	0.3033	1	1	0.3033	0	refconf	ligand_centred	2026-09-24T10:05:51+08:00
arm	A1_refconf_refbox	vina	posebusters	8SLG_G5A	20260922	ok		5	-10.34	vina	kcal/mol (empirical score, not a measured free energy)	59.35	5	1.802	1.27	1	1	0	1	0	1.802	1	1	1.802	0	refconf	ligand_centred	2026-09-24T10:05:30+08:00
arm	A1_refconf_refbox	vina	posebusters	8DP2_UMA	20260922	ok		5	-8.155	vina	kcal/mol (empirical score, not a measured free energy)	434.6	5	9.8235	3.2562	0	0	0	0	0	7.9413	0	0	9.8349	0	refconf	ligand_centred	2026-09-24T10:05:32+08:00
arm	A1_refconf_refbox	vinardo	astex	1GPK_HUP	20260922	ok		5	-9.9	vinardo	kcal/mol (empirical score, not a measured free energy)	16.29	5	3.5735	0.0005	1	0	0	0	0	0.4179	1	1	3.5735	0	refconf	ligand_centred	2026-09-24T10:05:39+08:00
arm	A1_refconf_refbox	vina	posebusters	7ZCC_OGA	20260922	ok		5	-5.572	vina	kcal/mol (empirical score, not a measured free energy)	10.36	5	4.6784	0.3864	0	0	0	0	0	0.8458	1	0	4.6784	0	refconf	ligand_centred	2026-09-24T10:03:37+08:00
arm	A1_refconf_refbox	vinardo	astex	1HP0_AD3	20260922	ok		5	-10.0	vinardo	kcal/mol (empirical score, not a measured free energy)	23.07	5	0.3811	0.0168	1	1	1	1	1	0.3811	1	1	0.3811	0	refconf	ligand_centred	2026-09-24T10:05:55+08:00
arm	A1_refconf_refbox	vinardo	astex	1GKC_NFH	20260922	ok		5	-8.0	vinardo	kcal/mol (empirical score, not a measured free energy)	60.03	5	0.9411	0.6261	1	1	1	1	1	0.9411	1	1	0.9411	0	refconf	ligand_centred	2026-09-24T10:06:08+08:00
arm	A1_refconf_refbox	vinardo	astex	1IA1_TQ3	20260922	ok		5	-10.5	vinardo	kcal/mol (empirical score, not a measured free energy)	17.64	5	0.5049	0.1784	1	1	1	1	1	0.5049	1	1	1.2202	0	refconf	ligand_centred	2026-09-24T10:06:17+08:00
arm	A1_refconf_refbox	vinardo	astex	1GM8_SOX	20260922	ok		5	-6.6	vinardo	kcal/mol (empirical score, not a measured free energy)	47.95	5	11.7573	1.5149	1	0	0	0	0	5.089	0	0	11.7741	0	refconf	ligand_centred	2026-09-24T10:06:00+08:00
arm	A1_refconf_refbox	vinardo	astex	1G9V_RQ3	20260922	ok		5	-8.0	vinardo	kcal/mol (empirical score, not a measured free energy)	58.33	5	5.0466	1.4538	1	0	0	0	0	5.0077	0	0	5.0928	0	refconf	ligand_centred	2026-09-24T10:06:07+08:00
arm	A1_refconf_refbox	vinardo	astex	1JD0_AZM	20260922	ok		5	-5.3	vinardo	kcal/mol (empirical score, not a measured free energy)	12.96	5	1.5829	1.1435	1	1	0	1	0	1.5829	1	1	1.7218	0	refconf	ligand_centred	2026-09-24T10:06:23+08:00
arm	A1_refconf_refbox	vinardo	astex	1HWW_SWA	20260922	ok		5	-6.4	vinardo	kcal/mol (empirical score, not a measured free energy)	6.29	5	0.2749	0.0004	1	1	1	1	1	0.2749	1	1	0.2749	0	refconf	ligand_centred	2026-09-24T10:06:06+08:00
arm	A1_refconf_refbox	vinardo	astex	1IG3_VIB	20260922	ok		5	-8.6	vinardo	kcal/mol (empirical score, not a measured free energy)	26.62	5	1.0134	0.7986	1	1	0	1	0	1.0134	1	1	1.0134	0	refconf	ligand_centred	2026-09-24T10:06:24+08:00
arm	A1_refconf_refbox	vinardo	astex	1K3U_IAD	20260922	ok		4	-11.1	vinardo	kcal/mol (empirical score, not a measured free energy)	41.8	5	1.977	1.9605	1	1	0	1	0	0.1641	1	1	1.977	0	refconf	ligand_centred	2026-09-24T10:06:25+08:00
arm	A1_refconf_refbox	vina	posebusters	8D5D_5DK	20260922	ok		5	-8.95	vina	kcal/mol (empirical score, not a measured free energy)	97.63	5	0.7768	0.6668	1	1	1	1	1	0.7768	1	1	1.1457	0	refconf	ligand_centred	2026-09-24T10:04:59+08:00
arm	A1_refconf_refbox	vinardo	astex	1JJE_BYS	20260922	ok		5	-11.4	vinardo	kcal/mol (empirical score, not a measured free energy)	57.91	5	7.9627	0.6261	1	0	0	0	0	1.4548	1	1	8.0389	0	refconf	ligand_centred	2026-09-24T10:06:31+08:00
arm	A1_refconf_refbox	vinardo	astex	1JLA_TNK	20260922	ok		1	-13.8	vinardo	kcal/mol (empirical score, not a measured free energy)	94.69	5	0.4757	0.3465	1	1	1	1	1	0.4757	1	1	0.8498	0	refconf	ligand_centred	2026-09-24T10:06:40+08:00
arm	A1_refconf_refbox	vinardo	astex	1KE5_LS1	20260922	ok		5	-9.1	vinardo	kcal/mol (empirical score, not a measured free energy)	42.05	5	0.6592	0.5615	1	1	1	1	1	0.6592	1	1	1.2117	0	refconf	ligand_centred	2026-09-24T10:06:34+08:00
arm	A1_refconf_refbox	vinardo	astex	1J3J_CP6	20260922	ok		5	-9.9	vinardo	kcal/mol (empirical score, not a measured free energy)	18.4	5	0.3006	0.091	1	1	1	1	1	0.3006	1	1	1.2173	0	refconf	ligand_centred	2026-09-24T10:06:20+08:00
arm	A1_refconf_refbox	vinardo	astex	1L7F_BCZ	20260922	ok		5	-8.0	vinardo	kcal/mol (empirical score, not a measured free energy)	65.83	5	0.3826	0.3491	1	1	1	1	1	0.3826	1	1	0.3826	0	refconf	ligand_centred	2026-09-24T10:06:45+08:00
arm	A1_refconf_refbox	vinardo	astex	1M2Z_DEX	20260922	ok		1	-10.7	vinardo	kcal/mol (empirical score, not a measured free energy)	43.03	5	0.3191	0.1425	1	1	1	1	1	0.3191	1	1	0.3191	0	refconf	ligand_centred	2026-09-24T10:06:47+08:00
arm	A1_refconf_refbox	vinardo	astex	1L2S_STC	20260922	ok		5	-8.1	vinardo	kcal/mol (empirical score, not a measured free energy)	35.8	5	0.5757	0.2416	1	1	1	1	1	0.5757	1	1	1.2463	0	refconf	ligand_centred	2026-09-24T10:06:36+08:00
arm	A1_refconf_refbox	vinardo	astex	1LRH_NLA	20260922	ok		5	-8.1	vinardo	kcal/mol (empirical score, not a measured free energy)	14.92	5	0.4777	0.3431	1	1	1	1	1	0.4777	1	1	0.4777	0	refconf	ligand_centred	2026-09-24T10:06:44+08:00
arm	A1_refconf_refbox	vinardo	astex	1MEH_MOA	20260922	ok		5	-8.4	vinardo	kcal/mol (empirical score, not a measured free energy)	52.46	5	2.6316	1.7043	1	0	0	0	0	1.0028	1	1	2.6769	0	refconf	ligand_centred	2026-09-24T10:06:55+08:00
arm	A1_refconf_refbox	vinardo	astex	1N2J_PAF	20260922	ok		5	-4.8	vinardo	kcal/mol (empirical score, not a measured free energy)	10.74	5	8.6703	1.1426	0	0	0	0	0	7.0727	0	0	8.7289	0	refconf	ligand_centred	2026-09-24T10:06:56+08:00
arm	A1_refconf_refbox	vina	posebusters	8G0V_YHT	20260922	ok		5	-9.051	vina	kcal/mol (empirical score, not a measured free energy)	61.16	5	1.2198	0.9762	1	1	0	1	0	1.2198	1	1	1.2198	0	refconf	ligand_centred	2026-09-24T10:05:25+08:00
arm	A1_refconf_refbox	vinardo	astex	1N2V_BDI	20260922	ok		5	-7.1	vinardo	kcal/mol (empirical score, not a measured free energy)	17.42	5	2.8443	0.6179	1	0	0	0	0	0.7547	1	1	2.8443	0	refconf	ligand_centred	2026-09-24T10:07:01+08:00
arm	A1_refconf_refbox	vinardo	astex	1HVY_D16	20260922	ok		5	-10.1	vinardo	kcal/mol (empirical score, not a measured free energy)	119.44	5	9.4317	2.7865	1	0	0	0	0	1.7968	1	1	9.4348	0	refconf	ligand_centred	2026-09-24T10:06:33+08:00
arm	A1_refconf_refbox	vinardo	astex	1NAV_IH5	20260922	ok		3	-11.7	vinardo	kcal/mol (empirical score, not a measured free energy)	40.68	5	0.7205	0.6294	1	1	1	1	1	0.7168	1	1	2.0269	1	refconf	ligand_centred	2026-09-24T10:07:07+08:00
arm	A1_refconf_refbox	vinardo	astex	1LPZ_CMB	20260922	ok		5	-12.2	vinardo	kcal/mol (empirical score, not a measured free energy)	111.49	5	0.4509	0.2659	1	1	1	1	1	0.4509	1	1	0.4509	0	refconf	ligand_centred	2026-09-24T10:07:03+08:00
arm	A1_refconf_refbox	vinardo	astex	1MMV_3AR	20260922	ok		5	-7.7	vinardo	kcal/mol (empirical score, not a measured free energy)	39.86	5	2.0009	1.5037	1	0	0	0	0	2.0009	0	0	2.0009	0	refconf	ligand_centred	2026-09-24T10:06:58+08:00
arm	A1_refconf_refbox	vinardo	astex	1OF1_SCT	20260922	ok		5	-6.6	vinardo	kcal/mol (empirical score, not a measured free energy)	24.26	5	2.3199	1.8321	1	0	0	0	0	2.3199	0	0	2.3199	0	refconf	ligand_centred	2026-09-24T10:07:04+08:00
arm	A1_refconf_refbox	vinardo	astex	1N46_PFA	20260922	ok		2	-12.8	vinardo	kcal/mol (empirical score, not a measured free energy)	74.29	5	0.2093	0.1085	1	1	1	1	1	0.2093	1	1	0.2093	0	refconf	ligand_centred	2026-09-24T10:07:11+08:00
arm	A1_refconf_refbox	vinardo	astex	1OWE_675	20260922	ok		5	-8.0	vinardo	kcal/mol (empirical score, not a measured free energy)	35.68	5	13.8494	0.3867	1	0	0	0	0	0.556	1	1	13.8621	0	refconf	ligand_centred	2026-09-24T10:07:12+08:00
arm	A1_refconf_refbox	vinardo	astex	1P62_GEO	20260922	ok		2	-8.6	vinardo	kcal/mol (empirical score, not a measured free energy)	25.02	5	0.323	0.1394	1	1	1	1	1	0.323	1	1	0.323	0	refconf	ligand_centred	2026-09-24T10:07:17+08:00
arm	A1_refconf_refbox	vinardo	astex	1HWI_115	20260922	ok		5	-10.1	vinardo	kcal/mol (empirical score, not a measured free energy)	101.08	5	1.0014	0.7701	1	1	0	1	0	0.8977	1	1	1.3301	0	refconf	ligand_centred	2026-09-24T10:06:31+08:00
arm	A1_refconf_refbox	vinardo	astex	1OQ5_CEL	20260922	ok		5	-8.8	vinardo	kcal/mol (empirical score, not a measured free energy)	54.38	5	4.2345	0.8528	1	0	0	0	0	0.9206	1	1	4.3863	0	refconf	ligand_centred	2026-09-24T10:07:15+08:00
arm	A1_refconf_refbox	vinardo	astex	1P2Y_NCT	20260922	ok		5	-6.2	vinardo	kcal/mol (empirical score, not a measured free energy)	9.73	5	4.8166	0.4144	1	0	0	0	0	0.873	1	1	4.8166	0	refconf	ligand_centred	2026-09-24T10:07:14+08:00
arm	A1_refconf_refbox	vinardo	astex	1OPK_P16	20260922	ok		3	-12.5	vinardo	kcal/mol (empirical score, not a measured free energy)	69.8	5	0.6083	0.5298	1	1	1	1	1	0.6083	1	1	0.6083	0	refconf	ligand_centred	2026-09-24T10:07:15+08:00
arm	A1_refconf_refbox	vinardo	astex	1KZK_JE2	20260922	ok		2	-13.6	vinardo	kcal/mol (empirical score, not a measured free energy)	271.61	5	0.219	0.1637	1	1	1	1	1	0.219	1	1	0.219	0	refconf	ligand_centred	2026-09-24T10:07:22+08:00
arm	A1_refconf_refbox	vinardo	astex	1OYT_FSN	20260922	ok		5	-10.8	vinardo	kcal/mol (empirical score, not a measured free energy)	63.12	5	0.628	0.3632	1	1	1	1	1	0.628	1	1	1.2074	0	refconf	ligand_centred	2026-09-24T10:07:19+08:00
arm	A1_refconf_refbox	vinardo	astex	1Q41_IXM	20260922	ok		5	-9.0	vinardo	kcal/mol (empirical score, not a measured free energy)	10.75	5	6.8042	0.0005	1	0	0	0	0	0.3542	1	1	6.8042	0	refconf	ligand_centred	2026-09-24T10:07:19+08:00
arm	A1_refconf_refbox	vinardo	astex	1R9O_FLP	20260922	ok		5	-8.6	vinardo	kcal/mol (empirical score, not a measured free energy)	20.63	5	7.079	1.1217	0	0	0	0	0	0.3676	1	1	7.161	0	refconf	ligand_centred	2026-09-24T10:07:31+08:00
arm	A1_refconf_refbox	vinardo	astex	1PMN_984	20260922	ok		5	-10.5	vinardo	kcal/mol (empirical score, not a measured free energy)	89.34	5	0.4703	0.2764	1	1	1	1	1	0.4703	1	1	0.4703	0	refconf	ligand_centred	2026-09-24T10:07:31+08:00
arm	A1_refconf_refbox	vinardo	astex	1R55_097	20260922	ok		5	-7.3	vinardo	kcal/mol (empirical score, not a measured free energy)	61.13	5	3.4288	2.8754	1	0	0	0	0	1.8388	1	1	3.5847	0	refconf	ligand_centred	2026-09-24T10:07:35+08:00
arm	A1_refconf_refbox	vinardo	astex	1N1M_A3M	20260922	ok		5	-5.6	vinardo	kcal/mol (empirical score, not a measured free energy)	12.44	5	4.6438	0.5218	1	0	0	0	0	2.354	0	0	4.7535	0	refconf	ligand_centred	2026-09-24T10:06:54+08:00
arm	A1_refconf_refbox	vinardo	astex	1SG0_STL	20260922	ok		5	-13.1	vinardo	kcal/mol (empirical score, not a measured free energy)	13.65	5	0.2324	0.0974	1	1	1	1	1	0.2324	1	1	2.3841	1	refconf	ligand_centred	2026-09-24T10:07:40+08:00
arm	A1_refconf_refbox	vinardo	astex	1S19_MC9	20260922	ok		1	-14.2	vinardo	kcal/mol (empirical score, not a measured free energy)	57.29	5	0.3387	0.1967	1	1	1	1	1	0.3387	1	1	0.3387	0	refconf	ligand_centred	2026-09-24T10:07:43+08:00
arm	A1_refconf_refbox	vinardo	astex	1R58_AO5	20260922	ok		5	-8.8	vinardo	kcal/mol (empirical score, not a measured free energy)	67.52	5	3.441	1.5908	1	0	0	0	0	3.441	0	0	3.4906	0	refconf	ligand_centred	2026-09-24T10:07:41+08:00
arm	A1_refconf_refbox	vinardo	astex	1SQN_NDR	20260922	ok		1	-9.6	vinardo	kcal/mol (empirical score, not a measured free energy)	15.6	5	0.3064	0.0005	1	1	1	1	1	0.3064	1	1	0.3064	0	refconf	ligand_centred	2026-09-24T10:07:57+08:00
arm	A1_refconf_refbox	vinardo	astex	1R1H_BIR	20260922	ok		2	-12.2	vinardo	kcal/mol (empirical score, not a measured free energy)	109.37	5	2.2609	1.6626	0	0	0	0	0	1.0328	1	1	2.5916	0	refconf	ligand_centred	2026-09-24T10:07:48+08:00
arm	A1_refconf_refbox	vinardo	astex	1S3V_TQD	20260922	ok		5	-10.3	vinardo	kcal/mol (empirical score, not a measured free energy)	60.9	5	0.2909	0.2175	1	1	1	1	1	0.2279	1	1	2.554	1	refconf	ligand_centred	2026-09-24T10:07:55+08:00
arm	A1_refconf_refbox	vinardo	astex	1Q4G_BFL	20260922	ok		5	-8.8	vinardo	kcal/mol (empirical score, not a measured free energy)	24.05	5	0.6412	0.2354	1	1	1	1	1	0.5171	1	1	0.9824	0	refconf	ligand_centred	2026-09-24T10:07:20+08:00
arm	A1_refconf_refbox	vinardo	astex	1TOW_CRZ	20260922	ok		5	-7.5	vinardo	kcal/mol (empirical score, not a measured free energy)	27.21	5	0.7014	0.5391	1	1	1	1	1	0.7014	1	1	3.7454	1	refconf	ligand_centred	2026-09-24T10:08:01+08:00
arm	A1_refconf_refbox	vinardo	astex	1Q1G_MTI	20260922	ok		5	-9.3	vinardo	kcal/mol (empirical score, not a measured free energy)	31.96	5	0.3858	0.2762	1	1	1	1	1	0.3858	1	1	0.3858	0	refconf	ligand_centred	2026-09-24T10:07:20+08:00
arm	A1_refconf_refbox	vinardo	astex	1TT1_KAI	20260922	ok		5	-7.6	vinardo	kcal/mol (empirical score, not a measured free energy)	22.75	5	0.2601	0.1473	1	1	1	1	1	0.2601	1	1	0.2601	0	refconf	ligand_centred	2026-09-24T10:08:03+08:00
arm	A1_refconf_refbox	vinardo	astex	1T40_ID5	20260922	ok		5	-12.6	vinardo	kcal/mol (empirical score, not a measured free energy)	71.85	5	0.7871	0.4132	1	1	1	1	1	0.7871	1	1	0.7871	0	refconf	ligand_centred	2026-09-24T10:08:04+08:00
arm	A1_refconf_refbox	vinardo	astex	1TZ8_DES	20260922	ok		5	-7.8	vinardo	kcal/mol (empirical score, not a measured free energy)	28.87	5	2.2546	0.2326	1	0	0	0	0	0.3495	1	1	2.4976	0	refconf	ligand_centred	2026-09-24T10:08:07+08:00
arm	A1_refconf_refbox	vinardo	astex	1SJ0_E4D	20260922	ok		3	-12.9	vinardo	kcal/mol (empirical score, not a measured free energy)	108.57	5	0.4905	0.2964	1	1	1	1	1	0.4905	1	1	0.9597	0	refconf	ligand_centred	2026-09-24T10:08:11+08:00
arm	A1_refconf_refbox	vinardo	astex	1UOU_CMU	20260922	ok		5	-7.2	vinardo	kcal/mol (empirical score, not a measured free energy)	17.85	5	0.5898	0.4586	1	1	1	1	1	0.5898	1	1	0.5898	0	refconf	ligand_centred	2026-09-24T10:08:12+08:00
arm	A1_refconf_refbox	vinardo	astex	1SQ5_PAU	20260922	ok		5	-5.8	vinardo	kcal/mol (empirical score, not a measured free energy)	25.09	5	12.2755	2.0835	1	0	0	0	0	4.3064	0	0	12.3272	0	refconf	ligand_centred	2026-09-24T10:07:50+08:00
arm	A1_refconf_refbox	vinardo	astex	1V48_HA1	20260922	ok		5	-9.7	vinardo	kcal/mol (empirical score, not a measured free energy)	56.05	5	0.9109	0.7113	1	1	1	1	1	0.9109	1	1	0.9109	0	refconf	ligand_centred	2026-09-24T10:08:18+08:00
arm	A1_refconf_refbox	vinardo	astex	1T9B_1CS	20260922	ok		5	-9.1	vinardo	kcal/mol (empirical score, not a measured free energy)	42.4	5	0.2486	0.0639	1	1	1	1	1	0.2486	1	1	0.2486	0	refconf	ligand_centred	2026-09-24T10:08:01+08:00
arm	A1_refconf_refbox	vinardo	astex	1T46_STI	20260922	ok		5	-11.7	vinardo	kcal/mol (empirical score, not a measured free energy)	171.35	5	12.7069	1.9812	1	0	0	0	0	7.1139	0	0	12.7083	0	refconf	ligand_centred	2026-09-24T10:08:19+08:00
arm	A1_refconf_refbox	vinardo	astex	1U1C_BAU	20260922	ok		2	-10.6	vinardo	kcal/mol (empirical score, not a measured free energy)	46.89	5	1.7274	1.3917	0	1	0	0	0	0.5436	1	1	2.0581	1	refconf	ligand_centred	2026-09-24T10:08:13+08:00
arm	A1_refconf_refbox	vinardo	astex	1V4S_MRK	20260922	ok		2	-10.4	vinardo	kcal/mol (empirical score, not a measured free energy)	47.73	5	1.4511	1.394	1	1	0	1	0	1.4511	1	1	1.4511	0	refconf	ligand_centred	2026-09-24T10:08:27+08:00
arm	A1_refconf_refbox	vinardo	astex	1V0P_PVB	20260922	ok		5	-9.1	vinardo	kcal/mol (empirical score, not a measured free energy)	93.23	5	0.691	0.5747	1	1	1	1	1	0.691	1	1	0.691	0	refconf	ligand_centred	2026-09-24T10:08:23+08:00
arm	A1_refconf_refbox	vinardo	astex	1UNL_RRC	20260922	ok		5	-8.8	vinardo	kcal/mol (empirical score, not a measured free energy)	79.38	5	0.7315	0.5395	1	1	1	1	1	0.7315	1	1	0.7315	0	refconf	ligand_centred	2026-09-24T10:08:16+08:00
arm	A1_refconf_refbox	vinardo	astex	1W2G_THM	20260922	ok		5	-8.8	vinardo	kcal/mol (empirical score, not a measured free energy)	22.35	5	0.7749	0.6103	1	1	1	1	1	0.7749	1	1	0.7749	0	refconf	ligand_centred	2026-09-24T10:08:28+08:00
arm	A1_refconf_refbox	vinardo	astex	1X8X_TYR	20260922	ok		5	-7.3	vinardo	kcal/mol (empirical score, not a measured free energy)	18.09	5	0.581	0.3613	1	1	1	1	1	0.581	1	1	0.581	0	refconf	ligand_centred	2026-09-24T10:08:29+08:00
arm	A1_refconf_refbox	vinardo	astex	1XOZ_CIA	20260922	ok		1	-11.2	vinardo	kcal/mol (empirical score, not a measured free energy)	31.36	5	0.1675	0.0081	1	1	1	1	1	0.1675	1	1	0.1675	0	refconf	ligand_centred	2026-09-24T10:08:34+08:00
arm	A1_refconf_refbox	vinardo	astex	1YV3_BIT	20260922	ok		1	-11.5	vinardo	kcal/mol (empirical score, not a measured free energy)	22.35	5	0.3588	0.0878	1	1	1	1	1	0.3588	1	1	0.3588	0	refconf	ligand_centred	2026-09-24T10:08:35+08:00
arm	A1_refconf_refbox	vinardo	astex	1VCJ_IBA	20260922	ok		5	-8.1	vinardo	kcal/mol (empirical score, not a measured free energy)	73.86	5	0.4467	0.3507	1	1	1	1	1	0.4467	1	1	0.4467	0	refconf	ligand_centred	2026-09-24T10:08:33+08:00
arm	A1_refconf_refbox	vinardo	astex	1UML_FR4	20260922	ok		5	-11.0	vinardo	kcal/mol (empirical score, not a measured free energy)	156.06	5	1.3382	1.1641	1	1	0	1	0	1.3382	1	1	1.3382	0	refconf	ligand_centred	2026-09-24T10:08:30+08:00
arm	A1_refconf_refbox	vinardo	astex	1W1P_GIO	20260922	ok		5	-4.6	vinardo	kcal/mol (empirical score, not a measured free energy)	6.79	5	0.4948	0.0004	1	1	1	1	1	0.4948	1	1	0.4948	0	refconf	ligand_centred	2026-09-24T10:08:22+08:00
arm	A1_refconf_refbox	vinardo	astex	1XM6_5RM	20260922	ok		5	-9.0	vinardo	kcal/mol (empirical score, not a measured free energy)	27.07	5	2.5091	1.9524	1	0	0	0	0	1.0751	1	1	2.5091	0	refconf	ligand_centred	2026-09-24T10:08:31+08:00
arm	A1_refconf_refbox	vinardo	astex	1Z95_198	20260922	ok		3	-10.6	vinardo	kcal/mol (empirical score, not a measured free energy)	67.98	5	0.7039	0.5587	1	1	1	1	1	0.7039	1	1	0.7039	0	refconf	ligand_centred	2026-09-24T10:08:38+08:00
arm	A1_refconf_refbox	vinardo	astex	1XOQ_ROF	20260922	ok		5	-9.4	vinardo	kcal/mol (empirical score, not a measured free energy)	51.96	5	4.7157	1.702	1	0	0	0	0	0.8195	1	1	4.7157	0	refconf	ligand_centred	2026-09-24T10:08:34+08:00
arm	A1_refconf_refbox	vinardo	astex	1YQY_915	20260922	ok		5	-9.8	vinardo	kcal/mol (empirical score, not a measured free energy)	52.29	5	0.3697	0.1466	1	1	1	1	1	0.3697	1	1	0.3697	0	refconf	ligand_centred	2026-09-24T10:08:38+08:00
arm	A1_refconf_refbox	vinardo	astex	1Y6B_AAX	20260922	ok		5	-11.8	vinardo	kcal/mol (empirical score, not a measured free energy)	135.07	5	0.9136	0.8728	1	1	1	1	1	0.9136	1	1	0.9638	0	refconf	ligand_centred	2026-09-24T10:08:43+08:00
arm	A1_refconf_refbox	vinardo	astex	1YVF_PH7	20260922	ok		5	-8.9	vinardo	kcal/mol (empirical score, not a measured free energy)	66.57	5	1.3242	0.9253	1	1	0	1	0	0.7035	1	1	1.637	0	refconf	ligand_centred	2026-09-24T10:08:38+08:00
arm	A1_refconf_refbox	vinardo	astex	1YWR_LI9	20260922	ok		5	-10.7	vinardo	kcal/mol (empirical score, not a measured free energy)	100.94	5	0.3777	0.1299	1	1	1	1	1	0.3777	1	1	1.2251	0	refconf	ligand_centred	2026-09-24T10:08:40+08:00
arm	A1_refconf_refbox	vinardo	astex	2BSM_BSM	20260922	ok		5	-8.8	vinardo	kcal/mol (empirical score, not a measured free energy)	54.83	5	0.7212	0.6405	1	1	1	1	1	0.7212	1	1	1.1224	0	refconf	ligand_centred	2026-09-24T10:08:49+08:00
arm	A1_refconf_refbox	vinardo	astex	2BR1_PFP	20260922	ok		5	-8.1	vinardo	kcal/mol (empirical score, not a measured free energy)	69.78	5	6.3093	1.3078	1	0	0	0	0	1.5727	1	1	6.4284	0	refconf	ligand_centred	2026-09-24T10:08:49+08:00
arm	A1_refconf_refbox	vinardo	posebusters	6M73_FNR	20260922	ok		1	-15.1	vinardo	kcal/mol (empirical score, not a measured free energy)	64.51	5	0.1985	0.1249	1	1	1	1	1	0.1985	1	1	0.7498	0	refconf	ligand_centred	2026-09-24T10:08:58+08:00
arm	A1_refconf_refbox	vinardo	posebusters	6M2B_EZO	20260922	ok		5	-9.6	vinardo	kcal/mol (empirical score, not a measured free energy)	47.99	5	0.6366	0.2763	1	1	1	1	1	0.6366	1	1	0.8764	0	refconf	ligand_centred	2026-09-24T10:08:54+08:00
arm	A1_refconf_refbox	vinardo	astex	1YGC_905	20260922	ok		5	-12.2	vinardo	kcal/mol (empirical score, not a measured free energy)	197.73	5	1.5976	1.3133	1	1	0	1	0	1.5976	1	1	1.5976	0	refconf	ligand_centred	2026-09-24T10:08:52+08:00
arm	A1_refconf_refbox	vinardo	posebusters	5SAK_ZRY	20260922	ok		5	-9.4	vinardo	kcal/mol (empirical score, not a measured free energy)	15.63	5	0.3898	0.0422	1	1	1	1	1	0.3898	1	1	0.3898	0	refconf	ligand_centred	2026-09-24T10:08:54+08:00
arm	A1_refconf_refbox	vinardo	astex	2BM2_PM2	20260922	ok		5	-9.0	vinardo	kcal/mol (empirical score, not a measured free energy)	81.65	5	0.4232	0.2207	1	1	1	1	1	0.4232	1	1	0.9778	0	refconf	ligand_centred	2026-09-24T10:08:44+08:00
arm	A1_refconf_refbox	vinardo	posebusters	5SB2_1K2	20260922	ok		1	-14.3	vinardo	kcal/mol (empirical score, not a measured free energy)	91.33	5	0.2539	0.1638	1	1	1	1	1	0.2539	1	1	0.2539	0	refconf	ligand_centred	2026-09-24T10:09:05+08:00
arm	A1_refconf_refbox	vinardo	posebusters	5SIS_JSM	20260922	ok		5	-8.9	vinardo	kcal/mol (empirical score, not a measured free energy)	86.63	5	5.9648	1.9988	1	0	0	0	0	3.9528	0	0	6.0098	0	refconf	ligand_centred	2026-09-24T10:09:00+08:00
arm	A1_refconf_refbox	vinardo	posebusters	6WTN_RXT	20260922	ok		5	-9.3	vinardo	kcal/mol (empirical score, not a measured free energy)	30.54	5	0.3377	0.1955	1	1	1	1	1	0.3377	1	1	0.3377	0	refconf	ligand_centred	2026-09-24T10:09:08+08:00
arm	A1_refconf_refbox	vinardo	posebusters	6T88_MWQ	20260922	ok		5	-7.1	vinardo	kcal/mol (empirical score, not a measured free energy)	9.78	5	0.4553	0.2789	1	1	1	1	1	0.4553	1	1	0.4553	0	refconf	ligand_centred	2026-09-24T10:08:57+08:00
arm	A1_refconf_refbox	vinardo	posebusters	6XBO_5MC	20260922	ok		5	-9.5	vinardo	kcal/mol (empirical score, not a measured free energy)	29.21	5	0.4975	0.3986	1	1	1	1	1	0.4975	1	1	1.1132	0	refconf	ligand_centred	2026-09-24T10:09:10+08:00
arm	A1_refconf_refbox	vinardo	posebusters	5SD5_HWI	20260922	ok		5	-10.9	vinardo	kcal/mol (empirical score, not a measured free energy)	86.8	5	0.6197	0.5725	1	1	1	1	1	0.6197	1	1	0.8515	0	refconf	ligand_centred	2026-09-24T10:09:05+08:00
arm	A1_refconf_refbox	vinardo	posebusters	6XG5_TOP	20260922	ok		5	-10.0	vinardo	kcal/mol (empirical score, not a measured free energy)	27.72	5	0.1872	0.1538	1	1	1	1	1	0.1872	1	1	0.1872	0	refconf	ligand_centred	2026-09-24T10:09:17+08:00
arm	A1_refconf_refbox	vinardo	posebusters	6YQW_82I	20260922	ok		5	-6.4	vinardo	kcal/mol (empirical score, not a measured free energy)	5.69	5	0.6028	0.2267	1	1	1	1	1	0.6028	1	1	0.6028	0	refconf	ligand_centred	2026-09-24T10:09:18+08:00
arm	A1_refconf_refbox	vinardo	posebusters	6TW7_NZB	20260922	ok		5	-11.6	vinardo	kcal/mol (empirical score, not a measured free energy)	52.55	5	1.2974	0.9621	1	1	0	1	0	1.2974	1	1	1.4539	0	refconf	ligand_centred	2026-09-24T10:09:12+08:00
arm	A1_refconf_refbox	vinardo	posebusters	6YQV_8K2	20260922	ok		5	-4.8	vinardo	kcal/mol (empirical score, not a measured free energy)	6.23	5	12.4797	1.0045	0	0	0	0	0	7.4695	0	0	12.4927	0	refconf	ligand_centred	2026-09-24T10:09:17+08:00
arm	A1_refconf_refbox	vinardo	posebusters	6XM9_V55	20260922	ok		5	-6.9	vinardo	kcal/mol (empirical score, not a measured free energy)	8.27	5	0.6733	0.556	1	1	1	1	1	0.6733	1	1	0.6733	0	refconf	ligand_centred	2026-09-24T10:09:13+08:00
arm	A1_refconf_refbox	vinardo	posebusters	6YR2_T1C	20260922	ok		4	-9.6	vinardo	kcal/mol (empirical score, not a measured free energy)	87.9	5	1.2981	0.9734	1	1	0	1	0	1.2981	1	1	1.2981	0	refconf	ligand_centred	2026-09-24T10:09:20+08:00
arm	A1_refconf_refbox	vinardo	posebusters	6VTA_AKN	20260922	ok		5	-8.8	vinardo	kcal/mol (empirical score, not a measured free energy)	171.95	5	5.2192	2.3533	1	0	0	0	0	2.4632	0	0	5.2192	0	refconf	ligand_centred	2026-09-24T10:09:20+08:00
arm	A1_refconf_refbox	vinardo	posebusters	6Z0R_Q4H	20260922	ok		5	-5.0	vinardo	kcal/mol (empirical score, not a measured free energy)	5.0	5	0.296	0.0004	1	1	1	1	1	0.296	1	1	0.296	0	refconf	ligand_centred	2026-09-24T10:09:39+08:00
arm	A1_refconf_refbox	vinardo	posebusters	6YRV_PJ8	20260922	ok		5	-10.6	vinardo	kcal/mol (empirical score, not a measured free energy)	45.65	5	0.9059	0.8086	1	1	1	1	1	0.9059	1	1	0.9059	0	refconf	ligand_centred	2026-09-24T10:09:34+08:00
arm	A1_refconf_refbox	vinardo	posebusters	6XCT_478	20260922	ok		5	-8.9	vinardo	kcal/mol (empirical score, not a measured free energy)	169.74	5	5.4555	2.4739	0	0	0	0	0	4.7794	0	0	5.545	0	refconf	ligand_centred	2026-09-24T10:09:33+08:00
arm	A1_refconf_refbox	vinardo	astex	1OF6_DTY	20260922	ok		5	-8.7	vinardo	kcal/mol (empirical score, not a measured free energy)	19.98	5	0.496	0.248	1	1	1	1	1	0.496	1	1	1.6125	0	refconf	ligand_centred	2026-09-24T10:07:11+08:00
arm	A1_refconf_refbox	vinardo	posebusters	6TW5_9M2	20260922	ok		5	-12.6	vinardo	kcal/mol (empirical score, not a measured free energy)	73.94	5	0.7982	0.3732	1	1	1	1	1	0.7982	1	1	0.9969	0	refconf	ligand_centred	2026-09-24T10:09:10+08:00
arm	A1_refconf_refbox	vinardo	posebusters	6YYO_Q1K	20260922	ok		5	-6.6	vinardo	kcal/mol (empirical score, not a measured free energy)	15.17	5	5.9446	0.901	1	0	0	0	0	0.4057	1	1	5.9598	0	refconf	ligand_centred	2026-09-24T10:09:43+08:00
arm	A1_refconf_refbox	vinardo	posebusters	6Z14_Q4Z	20260922	ok		5	-7.7	vinardo	kcal/mol (empirical score, not a measured free energy)	18.09	5	0.1557	0.077	1	1	1	1	1	0.1557	1	1	0.9683	0	refconf	ligand_centred	2026-09-24T10:09:45+08:00
arm	A1_refconf_refbox	vinardo	posebusters	6Z1C_7EY	20260922	ok		5	-8.6	vinardo	kcal/mol (empirical score, not a measured free energy)	35.99	5	1.1215	0.9722	1	1	0	1	0	1.1215	1	1	1.1215	0	refconf	ligand_centred	2026-09-24T10:09:49+08:00
arm	A1_refconf_refbox	vinardo	posebusters	6YMS_OZH	20260922	ok		5	-9.9	vinardo	kcal/mol (empirical score, not a measured free energy)	160.66	5	9.912	1.4552	0	0	0	0	0	9.4484	0	0	9.9251	0	refconf	ligand_centred	2026-09-24T10:09:40+08:00
arm	A1_refconf_refbox	vinardo	posebusters	6ZC3_JOR	20260922	ok		5	-6.2	vinardo	kcal/mol (empirical score, not a measured free energy)	12.32	5	0.9998	0.9363	1	1	1	1	1	0.9998	1	1	0.9998	0	refconf	ligand_centred	2026-09-24T10:09:55+08:00
arm	A1_refconf_refbox	vinardo	posebusters	6ZPB_3D1	20260922	ok		5	-8.2	vinardo	kcal/mol (empirical score, not a measured free energy)	16.31	5	4.8699	1.2862	1	0	0	0	0	2.6445	0	0	4.8699	0	refconf	ligand_centred	2026-09-24T10:09:55+08:00
arm	A1_refconf_refbox	vinardo	posebusters	6Z4N_Q7B	20260922	ok		5	-6.8	vinardo	kcal/mol (empirical score, not a measured free energy)	26.18	5	12.7017	1.2936	1	0	0	0	0	12.1919	0	0	12.7017	0	refconf	ligand_centred	2026-09-24T10:09:49+08:00
arm	A1_refconf_refbox	vinardo	posebusters	6Z2C_Q5E	20260922	ok		5	-10.8	vinardo	kcal/mol (empirical score, not a measured free energy)	42.51	5	2.9951	2.2028	1	0	0	0	0	1.1614	1	1	2.9951	0	refconf	ligand_centred	2026-09-24T10:09:51+08:00
arm	A1_refconf_refbox	vinardo	posebusters	7A9E_R4W	20260922	ok		5	-3.1	vinardo	kcal/mol (empirical score, not a measured free energy)	3.16	5	2.0813	0.5696	1	0	0	0	0	2.0813	0	0	2.0813	0	refconf	ligand_centred	2026-09-24T10:09:58+08:00
arm	A1_refconf_refbox	vinardo	posebusters	6ZK5_IMH	20260922	ok		5	-8.3	vinardo	kcal/mol (empirical score, not a measured free energy)	20.95	5	0.9753	0.2906	1	1	1	1	1	0.6384	1	1	0.9753	0	refconf	ligand_centred	2026-09-24T10:09:55+08:00
arm	A1_refconf_refbox	vinardo	posebusters	6YSP_PAL	20260922	ok		3	-11.4	vinardo	kcal/mol (empirical score, not a measured free energy)	22.25	5	0.321	0.1524	1	1	1	1	1	0.321	1	1	0.8309	0	refconf	ligand_centred	2026-09-24T10:09:20+08:00
arm	A1_refconf_refbox	vinardo	posebusters	6YT6_PKE	20260922	ok		5	-9.5	vinardo	kcal/mol (empirical score, not a measured free energy)	90.27	5	2.4491	2.3908	1	0	0	0	0	0.3189	1	1	2.5215	0	refconf	ligand_centred	2026-09-24T10:09:58+08:00
arm	A1_refconf_refbox	vinardo	posebusters	7AKL_RK5	20260922	ok		4	-11.2	vinardo	kcal/mol (empirical score, not a measured free energy)	11.78	5	0.3581	0.1495	1	1	1	1	1	0.3581	1	1	0.3581	0	refconf	ligand_centred	2026-09-24T10:10:05+08:00
arm	A1_refconf_refbox	vinardo	posebusters	7BJJ_TVW	20260922	ok		5	-4.8	vinardo	kcal/mol (empirical score, not a measured free energy)	3.85	5	15.9298	0.0004	1	0	0	0	0	2.9328	0	0	15.9298	0	refconf	ligand_centred	2026-09-24T10:10:07+08:00
arm	A1_refconf_refbox	vinardo	posebusters	6ZAE_ACV	20260922	ok		5	-6.4	vinardo	kcal/mol (empirical score, not a measured free energy)	57.36	5	3.4893	2.3485	1	0	0	0	0	3.4893	0	0	3.4893	0	refconf	ligand_centred	2026-09-24T10:09:59+08:00
arm	A1_refconf_refbox	vinardo	posebusters	7AN5_RDH	20260922	ok		4	-8.4	vinardo	kcal/mol (empirical score, not a measured free energy)	17.27	5	0.5131	0.4387	1	1	1	1	1	0.5131	1	1	0.7687	0	refconf	ligand_centred	2026-09-24T10:10:05+08:00
arm	A1_refconf_refbox	vinardo	posebusters	7A1P_QW2	20260922	ok		5	-7.0	vinardo	kcal/mol (empirical score, not a measured free energy)	17.37	5	0.8467	0.722	0	1	1	0	0	0.8467	1	0	1.4439	0	refconf	ligand_centred	2026-09-24T10:10:01+08:00
arm	A1_refconf_refbox	vinardo	posebusters	6ZCY_QF8	20260922	ok		4	-11.4	vinardo	kcal/mol (empirical score, not a measured free energy)	67.53	5	0.3155	0.1824	1	1	1	1	1	0.3155	1	1	0.3155	0	refconf	ligand_centred	2026-09-24T10:10:09+08:00
arm	A1_refconf_refbox	vinardo	posebusters	7BCP_GCO	20260922	ok		5	-7.9	vinardo	kcal/mol (empirical score, not a measured free energy)	15.28	5	0.6271	0.5333	1	1	1	1	1	0.6271	1	1	1.0572	0	refconf	ligand_centred	2026-09-24T10:10:09+08:00
arm	A1_refconf_refbox	vinardo	posebusters	7AFX_R9K	20260922	ok		5	-9.7	vinardo	kcal/mol (empirical score, not a measured free energy)	15.37	5	0.2642	0.1232	1	1	1	1	1	0.2642	1	1	0.7325	0	refconf	ligand_centred	2026-09-24T10:10:02+08:00
arm	A1_refconf_refbox	vinardo	posebusters	7C3U_AZG	20260922	ok		5	-7.2	vinardo	kcal/mol (empirical score, not a measured free energy)	4.85	5	4.4059	0.0005	1	0	0	0	0	2.6267	0	0	4.4059	0	refconf	ligand_centred	2026-09-24T10:10:13+08:00
arm	A1_refconf_refbox	vinardo	posebusters	7BNH_BEZ	20260922	ok		5	-5.2	vinardo	kcal/mol (empirical score, not a measured free energy)	5.18	5	6.1241	0.5287	0	0	0	0	0	2.5168	0	0	6.1614	0	refconf	ligand_centred	2026-09-24T10:10:13+08:00
arm	A1_refconf_refbox	vinardo	posebusters	6XHT_V2V	20260922	ok		5	-8.1	vinardo	kcal/mol (empirical score, not a measured free energy)	188.83	5	9.2841	2.987	1	0	0	0	0	4.543	0	0	9.2962	0	refconf	ligand_centred	2026-09-24T10:09:45+08:00
arm	A1_refconf_refbox	vinardo	posebusters	7BKA_4JC	20260922	ok		5	-7.2	vinardo	kcal/mol (empirical score, not a measured free energy)	9.76	5	1.0113	0.868	1	1	0	1	0	1.0113	1	1	1.8561	0	refconf	ligand_centred	2026-09-24T10:10:10+08:00
arm	A1_refconf_refbox	vinardo	posebusters	7BMI_U4B	20260922	ok		5	-7.1	vinardo	kcal/mol (empirical score, not a measured free energy)	10.58	5	0.4673	0.2445	0	1	1	0	0	0.4673	1	0	0.4673	0	refconf	ligand_centred	2026-09-24T10:10:10+08:00
arm	A1_refconf_refbox	vinardo	posebusters	7CL8_TES	20260922	ok		4	-8.2	vinardo	kcal/mol (empirical score, not a measured free energy)	12.02	5	0.2456	0.0005	1	1	1	1	1	0.2456	1	1	0.2456	0	refconf	ligand_centred	2026-09-24T10:10:23+08:00
arm	A1_refconf_refbox	vinardo	posebusters	7CUO_PHB	20260922	ok		5	-6.7	vinardo	kcal/mol (empirical score, not a measured free energy)	5.51	5	3.4468	0.3008	1	0	0	0	0	0.2588	1	1	3.469	0	refconf	ligand_centred	2026-09-24T10:10:30+08:00
arm	A1_refconf_refbox	vinardo	posebusters	7CD9_FVR	20260922	ok		5	-14.3	vinardo	kcal/mol (empirical score, not a measured free energy)	58.32	5	11.7558	1.825	1	0	0	0	0	0.5671	1	1	11.7842	0	refconf	ligand_centred	2026-09-24T10:10:17+08:00
arm	A1_refconf_refbox	vinardo	posebusters	7B94_ANP	20260922	ok		5	-9.8	vinardo	kcal/mol (empirical score, not a measured free energy)	110.3	5	2.3247	2.0757	0	0	0	0	0	1.2199	1	1	2.457	0	refconf	ligand_centred	2026-09-24T10:10:25+08:00
arm	A1_refconf_refbox	vinardo	posebusters	7CIJ_G0C	20260922	ok		5	-9.5	vinardo	kcal/mol (empirical score, not a measured free energy)	41.17	5	0.6041	0.4642	1	1	1	1	1	0.6041	1	1	0.6041	0	refconf	ligand_centred	2026-09-24T10:10:17+08:00
arm	A1_refconf_refbox	vinardo	posebusters	7CNS_PMV	20260922	ok		4	-9.1	vinardo	kcal/mol (empirical score, not a measured free energy)	19.05	5	0.4518	0.3235	1	1	1	1	1	0.4518	1	1	0.4518	0	refconf	ligand_centred	2026-09-24T10:10:35+08:00
arm	A1_refconf_refbox	vina	posebusters	7SUC_COM	20260922	ok		5	-3.725	vina	kcal/mol (empirical score, not a measured free energy)	7.45	5	3.8322	0.2292	1	0	0	0	0	0.8264	1	1	3.8977	0	refconf	ligand_centred	2026-09-24T10:00:43+08:00
arm	A1_refconf_refbox	vinardo	posebusters	7DQL_4CL	20260922	ok		5	-5.4	vinardo	kcal/mol (empirical score, not a measured free energy)	4.29	5	0.3342	0.0005	1	1	1	1	1	0.3342	1	1	0.3342	0	refconf	ligand_centred	2026-09-24T10:10:37+08:00
arm	A1_refconf_refbox	vinardo	posebusters	7C8Q_DSG	20260922	ok		5	-6.3	vinardo	kcal/mol (empirical score, not a measured free energy)	9.07	5	3.368	0.7125	1	0	0	0	0	2.2206	0	0	3.4614	0	refconf	ligand_centred	2026-09-24T10:10:16+08:00
arm	A1_refconf_refbox	vinardo	posebusters	7E4L_MDN	20260922	ok		5	-5.8	vinardo	kcal/mol (empirical score, not a measured free energy)	7.01	5	1.3662	0.3526	1	1	0	1	0	0.5364	1	1	1.9131	0	refconf	ligand_centred	2026-09-24T10:10:40+08:00
arm	A1_refconf_refbox	vinardo	posebusters	7DKT_GLF	20260922	ok		5	-6.4	vinardo	kcal/mol (empirical score, not a measured free energy)	6.84	5	1.9806	0.6571	0	1	0	0	0	0.8279	1	1	1.9806	0	refconf	ligand_centred	2026-09-24T10:10:35+08:00
arm	A1_refconf_refbox	vinardo	posebusters	7EBG_J0L	20260922	ok		5	-6.7	vinardo	kcal/mol (empirical score, not a measured free energy)	9.08	5	0.4687	0.2679	1	1	1	1	1	0.4687	1	1	0.4687	0	refconf	ligand_centred	2026-09-24T10:10:40+08:00
arm	A1_refconf_refbox	vinardo	posebusters	7DUA_HJ0	20260922	ok		5	-9.2	vinardo	kcal/mol (empirical score, not a measured free energy)	27.66	5	4.8353	1.2648	1	0	0	0	0	0.9064	1	1	4.8353	0	refconf	ligand_centred	2026-09-24T10:10:42+08:00
arm	A1_refconf_refbox	vinardo	posebusters	7CTM_BDP	20260922	ok		5	-6.6	vinardo	kcal/mol (empirical score, not a measured free energy)	8.14	5	0.8017	0.2264	1	1	1	1	1	0.8017	1	1	1.1428	0	refconf	ligand_centred	2026-09-24T10:10:35+08:00
arm	A1_refconf_refbox	vinardo	posebusters	7ED2_A3P	20260922	ok		4	-11.7	vinardo	kcal/mol (empirical score, not a measured free energy)	51.07	5	0.2616	0.13	1	1	1	1	1	0.2616	1	1	1.2047	0	refconf	ligand_centred	2026-09-24T10:10:46+08:00
arm	A1_refconf_refbox	vinardo	posebusters	7BTT_F8R	20260922	ok		5	-10.1	vinardo	kcal/mol (empirical score, not a measured free energy)	150.38	5	0.7097	0.6233	1	1	1	1	1	0.7097	1	1	0.7533	0	refconf	ligand_centred	2026-09-24T10:10:46+08:00
arm	A1_refconf_refbox	vinardo	posebusters	7F5D_EUO	20260922	ok		5	-9.3	vinardo	kcal/mol (empirical score, not a measured free energy)	21.19	5	5.9336	1.0969	1	0	0	0	0	3.6327	0	0	5.9772	0	refconf	ligand_centred	2026-09-24T10:10:55+08:00
arm	A1_refconf_refbox	vinardo	posebusters	7ES1_UDP	20260922	ok		5	-11.2	vinardo	kcal/mol (empirical score, not a measured free energy)	59.37	5	0.2545	0.2394	1	1	1	1	1	0.2545	1	1	0.9427	0	refconf	ligand_centred	2026-09-24T10:10:52+08:00
arm	A1_refconf_refbox	vinardo	posebusters	7FB7_8NF	20260922	ok		5	-5.6	vinardo	kcal/mol (empirical score, not a measured free energy)	3.61	5	0.2163	0.0005	1	1	1	1	1	0.2163	1	1	0.2163	0	refconf	ligand_centred	2026-09-24T10:10:58+08:00
arm	A1_refconf_refbox	vinardo	posebusters	7C0U_FGO	20260922	ok		4	-15.4	vinardo	kcal/mol (empirical score, not a measured free energy)	227.1	5	0.3329	0.3064	1	1	1	1	1	0.3329	1	1	0.3329	0	refconf	ligand_centred	2026-09-24T10:10:51+08:00
arm	A1_refconf_refbox	vinardo	posebusters	7ELT_TYM	20260922	ok		5	-14.9	vinardo	kcal/mol (empirical score, not a measured free energy)	150.12	5	0.4846	0.4106	1	1	1	1	1	0.4846	1	1	0.4846	0	refconf	ligand_centred	2026-09-24T10:10:58+08:00
arm	A1_refconf_refbox	vinardo	posebusters	7JG0_GAR	20260922	ok		5	-7.1	vinardo	kcal/mol (empirical score, not a measured free energy)	26.88	5	1.6001	0.881	1	1	0	1	0	1.6001	1	1	1.9403	0	refconf	ligand_centred	2026-09-24T10:11:08+08:00
arm	A1_refconf_refbox	vinardo	posebusters	7FT9_4MB	20260922	ok		5	-5.8	vinardo	kcal/mol (empirical score, not a measured free energy)	11.83	5	5.8888	0.7229	1	0	0	0	0	1.397	1	1	6.0118	0	refconf	ligand_centred	2026-09-24T10:11:02+08:00
arm	A1_refconf_refbox	vinardo	posebusters	7D5C_GV6	20260922	ok		5	-9.7	vinardo	kcal/mol (empirical score, not a measured free energy)	124.5	5	3.1063	2.1416	0	0	0	0	0	3.1063	0	0	3.174	0	refconf	ligand_centred	2026-09-24T10:10:50+08:00
arm	A1_refconf_refbox	vinardo	posebusters	7FHA_ADX	20260922	ok		5	-10.3	vinardo	kcal/mol (empirical score, not a measured free energy)	63.88	5	0.9865	0.791	1	1	1	1	1	0.9865	1	1	1.1999	0	refconf	ligand_centred	2026-09-24T10:11:01+08:00
arm	A1_refconf_refbox	vinardo	posebusters	7ECR_SIN	20260922	ok		5	-5.6	vinardo	kcal/mol (empirical score, not a measured free energy)	7.45	5	3.8519	0.5511	1	0	0	0	0	1.3787	1	1	4.9558	0	refconf	ligand_centred	2026-09-24T10:10:41+08:00
arm	A1_refconf_refbox	vinardo	posebusters	7JMV_4NC	20260922	ok		5	-7.3	vinardo	kcal/mol (empirical score, not a measured free energy)	7.23	5	4.0451	0.1973	1	0	0	0	0	0.2626	1	1	4.1286	0	refconf	ligand_centred	2026-09-24T10:11:12+08:00
arm	A1_refconf_refbox	vinardo	posebusters	7K0V_VQP	20260922	ok		2	-14.7	vinardo	kcal/mol (empirical score, not a measured free energy)	94.24	5	0.3572	0.2245	1	1	1	1	1	0.3572	1	1	0.3572	0	refconf	ligand_centred	2026-09-24T10:11:14+08:00
arm	A1_refconf_refbox	vinardo	posebusters	7JY3_VUD	20260922	ok		5	-7.3	vinardo	kcal/mol (empirical score, not a measured free energy)	43.98	5	7.0479	1.7184	1	0	0	0	0	6.2618	0	0	7.0479	0	refconf	ligand_centred	2026-09-24T10:11:13+08:00
arm	A1_refconf_refbox	vinardo	posebusters	7F51_BA7	20260922	ok		5	-15.3	vinardo	kcal/mol (empirical score, not a measured free energy)	305.86	5	1.4716	1.3494	1	1	0	1	0	1.4716	1	1	1.6311	0	refconf	ligand_centred	2026-09-24T10:11:17+08:00
arm	A1_refconf_refbox	vinardo	posebusters	7KQU_YOF	20260922	ok		3	-10.4	vinardo	kcal/mol (empirical score, not a measured free energy)	15.23	5	0.2548	0.1488	1	1	1	1	1	0.2548	1	1	0.8441	0	refconf	ligand_centred	2026-09-24T10:11:23+08:00
arm	A1_refconf_refbox	vinardo	posebusters	7JHQ_VAJ	20260922	ok		5	-7.5	vinardo	kcal/mol (empirical score, not a measured free energy)	16.69	5	1.5532	0.7029	1	1	0	1	0	1.5532	1	1	1.5532	0	refconf	ligand_centred	2026-09-24T10:11:11+08:00
arm	A1_refconf_refbox	vinardo	posebusters	7CNQ_G8X	20260922	ok		5	-7.0	vinardo	kcal/mol (empirical score, not a measured free energy)	6.55	5	0.3427	0.1766	1	1	1	1	1	0.3427	1	1	1.0629	0	refconf	ligand_centred	2026-09-24T10:10:21+08:00
arm	A1_refconf_refbox	vinardo	posebusters	7KC5_BJZ	20260922	ok		3	-11.4	vinardo	kcal/mol (empirical score, not a measured free energy)	77.77	5	1.2003	0.8007	1	1	0	1	0	1.0556	1	1	2.0534	1	refconf	ligand_centred	2026-09-24T10:11:23+08:00
arm	A1_refconf_refbox	vinardo	posebusters	7KM8_WPD	20260922	ok		5	-12.2	vinardo	kcal/mol (empirical score, not a measured free energy)	122.17	5	0.9963	0.9193	1	1	1	1	1	0.9963	1	1	0.9963	0	refconf	ligand_centred	2026-09-24T10:11:30+08:00
arm	A1_refconf_refbox	vinardo	posebusters	7A9H_TPP	20260922	ok		5	-9.5	vinardo	kcal/mol (empirical score, not a measured free energy)	73.95	5	1.8401	1.7341	0	1	0	0	0	1.8194	1	1	1.9212	0	refconf	ligand_centred	2026-09-24T10:10:16+08:00
arm	A1_refconf_refbox	vinardo	posebusters	7L5F_XNG	20260922	ok		5	-7.8	vinardo	kcal/mol (empirical score, not a measured free energy)	51.56	5	4.107	2.1386	1	0	0	0	0	1.1253	1	1	4.1378	0	refconf	ligand_centred	2026-09-24T10:11:38+08:00
arm	A1_refconf_refbox	vinardo	posebusters	7L7C_XQ1	20260922	ok		4	-10.9	vinardo	kcal/mol (empirical score, not a measured free energy)	21.69	5	0.6549	0.526	1	1	1	1	1	0.6549	1	1	0.8412	0	refconf	ligand_centred	2026-09-24T10:11:38+08:00
arm	A1_refconf_refbox	vinardo	posebusters	7L03_F9F	20260922	ok		4	-10.9	vinardo	kcal/mol (empirical score, not a measured free energy)	42.79	5	1.1897	0.9681	1	1	0	1	0	1.15	1	1	1.5493	0	refconf	ligand_centred	2026-09-24T10:11:35+08:00
arm	A1_refconf_refbox	vinardo	posebusters	7LEV_0JO	20260922	ok		2	-11.6	vinardo	kcal/mol (empirical score, not a measured free energy)	34.76	5	0.6998	0.647	1	1	1	1	1	0.6998	1	1	0.9612	0	refconf	ligand_centred	2026-09-24T10:11:41+08:00
arm	A1_refconf_refbox	vinardo	posebusters	7LOE_Y84	20260922	ok		5	-7.2	vinardo	kcal/mol (empirical score, not a measured free energy)	4.25	5	2.5839	0.0005	1	0	0	0	0	0.3387	1	1	2.5839	0	refconf	ligand_centred	2026-09-24T10:11:44+08:00
arm	A1_refconf_refbox	vinardo	posebusters	7KZ9_XN7	20260922	ok		5	-6.5	vinardo	kcal/mol (empirical score, not a measured free energy)	17.6	5	5.4144	1.2361	1	0	0	0	0	1.1318	1	1	5.4144	0	refconf	ligand_centred	2026-09-24T10:11:29+08:00
arm	A1_refconf_refbox	vinardo	posebusters	7L00_XCJ	20260922	ok		3	-11.8	vinardo	kcal/mol (empirical score, not a measured free energy)	46.3	5	0.8048	0.7528	1	1	1	1	1	0.8048	1	1	0.9267	0	refconf	ligand_centred	2026-09-24T10:11:31+08:00
arm	A1_refconf_refbox	vinardo	posebusters	7LT0_ONJ	20260922	ok		5	-11.4	vinardo	kcal/mol (empirical score, not a measured free energy)	34.57	5	0.2443	0.0993	1	1	1	1	1	0.2443	1	1	0.2443	0	refconf	ligand_centred	2026-09-24T10:11:46+08:00
arm	A1_refconf_refbox	vinardo	posebusters	7F8T_FAD	20260922	ok		5	-15.1	vinardo	kcal/mol (empirical score, not a measured free energy)	463.32	5	3.8159	2.7513	0	0	0	0	0	3.8159	0	0	3.8279	0	refconf	ligand_centred	2026-09-24T10:11:42+08:00
arm	A1_refconf_refbox	vinardo	posebusters	7KB1_WBJ	20260922	ok		4	-11.3	vinardo	kcal/mol (empirical score, not a measured free energy)	39.53	5	1.0224	0.6057	1	1	0	1	0	1.0224	1	1	1.0224	0	refconf	ligand_centred	2026-09-24T10:11:13+08:00
arm	A1_refconf_refbox	vinardo	posebusters	7LZD_YHY	20260922	ok		2	-13.8	vinardo	kcal/mol (empirical score, not a measured free energy)	40.24	5	1.0005	0.3606	0	1	0	0	0	1.0005	1	0	1.3551	0	refconf	ligand_centred	2026-09-24T10:11:53+08:00
arm	A1_refconf_refbox	vinardo	posebusters	7EPV_FDA	20260922	ok		5	-12.5	vinardo	kcal/mol (empirical score, not a measured free energy)	559.67	5	4.52	3.4887	1	0	0	0	0	4.52	0	0	4.52	0	refconf	ligand_centred	2026-09-24T10:11:45+08:00
arm	A1_refconf_refbox	vinardo	posebusters	7LMO_NYO	20260922	ok		3	-14.2	vinardo	kcal/mol (empirical score, not a measured free energy)	111.35	5	0.9567	0.8092	1	1	1	1	1	0.9567	1	1	0.9567	0	refconf	ligand_centred	2026-09-24T10:11:57+08:00
arm	A1_refconf_refbox	vinardo	posebusters	7MOI_HPS	20260922	ok		4	-8.4	vinardo	kcal/mol (empirical score, not a measured free energy)	8.04	5	0.5872	0.2651	1	1	1	1	1	0.5872	1	1	0.5872	0	refconf	ligand_centred	2026-09-24T10:12:06+08:00
arm	A1_refconf_refbox	vinardo	posebusters	7LCU_XTA	20260922	ok		5	-12.1	vinardo	kcal/mol (empirical score, not a measured free energy)	121.47	5	10.6255	1.7978	1	0	0	0	0	0.3688	1	1	10.7902	0	refconf	ligand_centred	2026-09-24T10:11:57+08:00
arm	A1_refconf_refbox	vinardo	posebusters	7LOU_IFM	20260922	ok		5	-5.7	vinardo	kcal/mol (empirical score, not a measured free energy)	6.87	5	1.8988	0.4261	1	1	0	1	0	0.6301	1	1	1.8988	0	refconf	ligand_centred	2026-09-24T10:11:46+08:00
arm	A1_refconf_refbox	vinardo	posebusters	7MGT_ZD4	20260922	ok		5	-10.3	vinardo	kcal/mol (empirical score, not a measured free energy)	70.59	5	1.2443	1.074	0	1	0	0	0	1.2443	1	0	1.5292	0	refconf	ligand_centred	2026-09-24T10:12:09+08:00
arm	A1_refconf_refbox	vinardo	posebusters	7MWU_ZPM	20260922	ok		5	-6.5	vinardo	kcal/mol (empirical score, not a measured free energy)	4.74	5	0.7321	0.4241	1	1	1	1	1	0.7321	1	1	1.111	0	refconf	ligand_centred	2026-09-24T10:12:13+08:00
arm	A1_refconf_refbox	vinardo	posebusters	7MGY_ZD1	20260922	ok		2	-11.0	vinardo	kcal/mol (empirical score, not a measured free energy)	43.08	5	0.2848	0.1856	1	1	1	1	1	0.2848	1	1	0.2848	0	refconf	ligand_centred	2026-09-24T10:12:10+08:00
arm	A1_refconf_refbox	vinardo	posebusters	7MY1_IPE	20260922	ok		5	-5.5	vinardo	kcal/mol (empirical score, not a measured free energy)	20.27	5	9.8672	1.5222	1	0	0	0	0	9.2684	0	0	9.8838	0	refconf	ligand_centred	2026-09-24T10:12:18+08:00
arm	A1_refconf_refbox	vinardo	posebusters	7MWN_WI5	20260922	ok		4	-10.6	vinardo	kcal/mol (empirical score, not a measured free energy)	56.76	5	0.3998	0.1936	1	1	1	1	1	0.3998	1	1	0.3998	0	refconf	ligand_centred	2026-09-24T10:12:20+08:00
arm	A1_refconf_refbox	vinardo	posebusters	7LJN_GTP	20260922	ok		5	-8.2	vinardo	kcal/mol (empirical score, not a measured free energy)	110.02	5	9.7012	3.5012	0	0	0	0	0	8.6369	0	0	9.7151	0	refconf	ligand_centred	2026-09-24T10:11:57+08:00
arm	A1_refconf_refbox	vinardo	posebusters	7N03_ZRP	20260922	ok		5	-12.1	vinardo	kcal/mol (empirical score, not a measured free energy)	85.56	5	0.6374	0.5426	1	1	1	1	1	0.6374	1	1	0.6374	0	refconf	ligand_centred	2026-09-24T10:12:28+08:00
arm	A1_refconf_refbox	vinardo	posebusters	7MYU_ZR7	20260922	ok		5	-11.0	vinardo	kcal/mol (empirical score, not a measured free energy)	76.03	5	0.5155	0.2405	1	1	1	1	1	0.5155	1	1	0.9793	0	refconf	ligand_centred	2026-09-24T10:12:22+08:00
arm	A1_refconf_refbox	vinardo	posebusters	7N4W_P4V	20260922	ok		3	-9.9	vinardo	kcal/mol (empirical score, not a measured free energy)	33.03	5	0.1886	0.0595	1	1	1	1	1	0.1886	1	1	0.1886	0	refconf	ligand_centred	2026-09-24T10:12:34+08:00
arm	A1_refconf_refbox	vinardo	posebusters	7N7H_CTP	20260922	ok		2	-13.2	vinardo	kcal/mol (empirical score, not a measured free energy)	71.07	5	0.227	0.1519	1	1	1	1	1	0.227	1	1	0.8372	0	refconf	ligand_centred	2026-09-24T10:12:36+08:00
arm	A1_refconf_refbox	vinardo	posebusters	7N6F_0I1	20260922	ok		2	-9.6	vinardo	kcal/mol (empirical score, not a measured free energy)	36.17	5	0.3975	0.1991	1	1	1	1	1	0.3975	1	1	1.0227	0	refconf	ligand_centred	2026-09-24T10:12:35+08:00
arm	A1_refconf_refbox	vinardo	posebusters	7M3H_YPV	20260922	ok		5	-8.2	vinardo	kcal/mol (empirical score, not a measured free energy)	49.6	5	0.9238	0.7131	1	1	1	1	1	0.9238	1	1	0.9238	0	refconf	ligand_centred	2026-09-24T10:12:05+08:00
arm	A1_refconf_refbox	vinardo	posebusters	7N4N_0BK	20260922	ok		5	-8.8	vinardo	kcal/mol (empirical score, not a measured free energy)	65.56	5	0.7612	0.3581	1	1	1	1	1	0.7612	1	1	0.7612	0	refconf	ligand_centred	2026-09-24T10:12:31+08:00
arm	A1_refconf_refbox	vinardo	posebusters	7M6K_YRJ	20260922	ok		5	-12.9	vinardo	kcal/mol (empirical score, not a measured free energy)	95.85	5	0.6862	0.5942	1	1	1	1	1	0.6862	1	1	0.8476	0	refconf	ligand_centred	2026-09-24T10:12:18+08:00
arm	A1_refconf_refbox	vinardo	posebusters	7NGW_UAW	20260922	ok		5	-10.2	vinardo	kcal/mol (empirical score, not a measured free energy)	12.53	5	0.3792	0.1589	1	1	1	1	1	0.3792	1	1	1.6634	0	refconf	ligand_centred	2026-09-24T10:12:45+08:00
arm	A1_refconf_refbox	vinardo	posebusters	7NF0_BYN	20260922	ok		4	-13.6	vinardo	kcal/mol (empirical score, not a measured free energy)	84.06	5	1.03	0.9462	0	1	0	0	0	0.9594	1	0	1.2634	0	refconf	ligand_centred	2026-09-24T10:12:39+08:00
arm	A1_refconf_refbox	vinardo	posebusters	7NF3_4LU	20260922	ok		3	-13.1	vinardo	kcal/mol (empirical score, not a measured free energy)	79.94	5	1.1375	0.9828	0	1	0	0	0	1.1375	1	0	1.2335	0	refconf	ligand_centred	2026-09-24T10:12:48+08:00
arm	A1_refconf_refbox	vinardo	posebusters	7NFB_GEN	20260922	ok		4	-9.8	vinardo	kcal/mol (empirical score, not a measured free energy)	24.08	5	7.0426	0.0961	1	0	0	0	0	0.8205	1	1	7.1027	0	refconf	ligand_centred	2026-09-24T10:12:40+08:00
arm	A1_refconf_refbox	vinardo	posebusters	7NLV_UJE	20260922	ok		5	-9.4	vinardo	kcal/mol (empirical score, not a measured free energy)	46.85	5	1.8642	1.2887	1	1	0	1	0	1.8642	1	1	1.8642	0	refconf	ligand_centred	2026-09-24T10:12:50+08:00
arm	A1_refconf_refbox	vinardo	posebusters	7NPL_UKZ	20260922	ok		2	-16.9	vinardo	kcal/mol (empirical score, not a measured free energy)	63.41	5	0.2137	0.1211	1	1	1	1	1	0.2137	1	1	0.2137	0	refconf	ligand_centred	2026-09-24T10:12:56+08:00
arm	A1_refconf_refbox	vinardo	posebusters	7KRU_ATP	20260922	ok		5	-12.9	vinardo	kcal/mol (empirical score, not a measured free energy)	114.0	5	0.7634	0.7292	1	1	1	1	1	0.7634	1	1	1.081	0	refconf	ligand_centred	2026-09-24T10:11:36+08:00
arm	A1_refconf_refbox	vinardo	posebusters	7NP6_UK8	20260922	ok		2	-15.7	vinardo	kcal/mol (empirical score, not a measured free energy)	94.99	5	0.3127	0.2613	1	1	1	1	1	0.3127	1	1	1.2242	0	refconf	ligand_centred	2026-09-24T10:12:59+08:00
arm	A1_refconf_refbox	vinardo	posebusters	7N7B_T3F	20260922	ok		5	-11.6	vinardo	kcal/mol (empirical score, not a measured free energy)	153.78	5	2.7206	2.5792	1	0	0	0	0	2.6469	0	0	2.7641	0	refconf	ligand_centred	2026-09-24T10:12:47+08:00
arm	A1_refconf_refbox	vinardo	posebusters	7NSW_HC4	20260922	ok		5	-7.6	vinardo	kcal/mol (empirical score, not a measured free energy)	11.9	5	0.1351	0.0573	1	1	1	1	1	0.1228	1	1	0.898	0	refconf	ligand_centred	2026-09-24T10:12:59+08:00
arm	A1_refconf_refbox	vinardo	posebusters	7O0N_CDP	20260922	ok		5	-12.0	vinardo	kcal/mol (empirical score, not a measured free energy)	97.34	5	12.398	0.206	1	0	0	0	0	0.6446	1	1	12.4193	0	refconf	ligand_centred	2026-09-24T10:13:02+08:00
arm	A1_refconf_refbox	vinardo	posebusters	7O1T_5X8	20260922	ok		2	-11.5	vinardo	kcal/mol (empirical score, not a measured free energy)	103.26	5	1.5218	0.9523	1	1	0	1	0	1.5218	1	1	1.5218	0	refconf	ligand_centred	2026-09-24T10:13:11+08:00
arm	A1_refconf_refbox	vinardo	posebusters	7NU0_DCL	20260922	ok		5	-6.1	vinardo	kcal/mol (empirical score, not a measured free energy)	8.3	5	0.6933	0.5384	1	1	1	1	1	0.6933	1	1	1.4293	0	refconf	ligand_centred	2026-09-24T10:12:59+08:00
arm	A1_refconf_refbox	vinardo	posebusters	7NXO_UU8	20260922	ok		5	-13.8	vinardo	kcal/mol (empirical score, not a measured free energy)	118.85	5	0.4157	0.2666	1	1	1	1	1	0.4157	1	1	0.4157	0	refconf	ligand_centred	2026-09-24T10:13:03+08:00
arm	A1_refconf_refbox	vinardo	posebusters	7OLI_8HG	20260922	ok		2	-9.4	vinardo	kcal/mol (empirical score, not a measured free energy)	63.44	5	0.3224	0.2564	1	1	1	1	1	0.3224	1	1	0.3224	0	refconf	ligand_centred	2026-09-24T10:13:20+08:00
arm	A1_refconf_refbox	vinardo	posebusters	7ODY_DGI	20260922	ok		3	-12.1	vinardo	kcal/mol (empirical score, not a measured free energy)	172.18	5	1.859	1.8066	1	1	0	1	0	0.5963	1	1	2.049	1	refconf	ligand_centred	2026-09-24T10:13:14+08:00
arm	A1_refconf_refbox	vinardo	posebusters	7OFF_VCB	20260922	ok		5	-8.7	vinardo	kcal/mol (empirical score, not a measured free energy)	99.17	5	0.4854	0.28	1	1	1	1	1	0.4854	1	1	0.4854	0	refconf	ligand_centred	2026-09-24T10:13:17+08:00
arm	A1_refconf_refbox	vinardo	posebusters	7OSO_0V1	20260922	ok		5	-4.4	vinardo	kcal/mol (empirical score, not a measured free energy)	12.99	5	8.9195	1.4742	1	0	0	0	0	8.9195	0	0	8.9195	0	refconf	ligand_centred	2026-09-24T10:13:27+08:00
arm	A1_refconf_refbox	vinardo	posebusters	7OEO_V9Z	20260922	ok		5	-8.8	vinardo	kcal/mol (empirical score, not a measured free energy)	234.16	5	5.4942	2.0221	1	0	0	0	0	5.468	0	0	5.7269	0	refconf	ligand_centred	2026-09-24T10:13:23+08:00
arm	A1_refconf_refbox	vinardo	posebusters	7MFP_Z7P	20260922	ok		3	-15.3	vinardo	kcal/mol (empirical score, not a measured free energy)	567.13	5	0.6376	0.5261	1	1	1	1	1	0.6376	1	1	0.8847	0	refconf	ligand_centred	2026-09-24T10:13:05+08:00
arm	A1_refconf_refbox	vinardo	posebusters	7OZC_G6S	20260922	ok		5	-7.9	vinardo	kcal/mol (empirical score, not a measured free energy)	51.7	5	0.2609	0.0786	1	1	1	1	1	0.2609	1	1	1.1242	0	refconf	ligand_centred	2026-09-24T10:13:34+08:00
arm	A1_refconf_refbox	vinardo	posebusters	7NUT_GLP	20260922	ok		5	-6.9	vinardo	kcal/mol (empirical score, not a measured free energy)	20.04	5	6.9421	0.6905	1	0	0	0	0	1.0094	1	1	6.9761	0	refconf	ligand_centred	2026-09-24T10:12:59+08:00
arm	A1_refconf_refbox	vinardo	posebusters	7P2I_MFU	20260922	ok		5	-6.4	vinardo	kcal/mol (empirical score, not a measured free energy)	12.43	5	0.4957	0.2013	1	1	1	1	1	0.4957	1	1	0.4957	0	refconf	ligand_centred	2026-09-24T10:13:45+08:00
arm	A1_refconf_refbox	vinardo	posebusters	7MSR_DCA	20260922	ok		5	-7.0	vinardo	kcal/mol (empirical score, not a measured free energy)	668.64	5	9.284	5.4221	1	0	0	0	0	2.934	0	0	9.3074	0	refconf	ligand_centred	2026-09-24T10:13:12+08:00
arm	A1_refconf_refbox	vinardo	posebusters	7OZ9_NGK	20260922	ok		5	-6.2	vinardo	kcal/mol (empirical score, not a measured free energy)	57.11	5	0.586	0.5303	1	1	1	1	1	0.586	1	1	1.1709	0	refconf	ligand_centred	2026-09-24T10:13:31+08:00
arm	A1_refconf_refbox	vinardo	posebusters	7OPG_06N	20260922	ok		5	-9.5	vinardo	kcal/mol (empirical score, not a measured free energy)	43.8	5	1.1657	0.6451	0	1	0	0	0	0.9339	1	1	1.5815	0	refconf	ligand_centred	2026-09-24T10:13:31+08:00
arm	A1_refconf_refbox	vinardo	posebusters	7NR8_UOE	20260922	ok		5	-10.3	vinardo	kcal/mol (empirical score, not a measured free energy)	511.17	5	3.9216	3.2112	1	0	0	0	0	3.9216	0	0	3.9877	0	refconf	ligand_centred	2026-09-24T10:13:40+08:00
arm	A1_refconf_refbox	vinardo	posebusters	7OFK_VCH	20260922	ok		5	-10.8	vinardo	kcal/mol (empirical score, not a measured free energy)	202.69	5	0.3901	0.2559	1	1	1	1	1	0.3901	1	1	0.6995	0	refconf	ligand_centred	2026-09-24T10:13:49+08:00
arm	A1_refconf_refbox	vinardo	posebusters	7P1M_4IU	20260922	ok		5	-8.2	vinardo	kcal/mol (empirical score, not a measured free energy)	105.89	5	8.7973	0.8761	1	0	0	0	0	8.3877	0	0	8.7973	0	refconf	ligand_centred	2026-09-24T10:13:52+08:00
arm	A1_refconf_refbox	vinardo	posebusters	7PJQ_OWH	20260922	ok		5	-4.8	vinardo	kcal/mol (empirical score, not a measured free energy)	13.6	5	4.635	0.7554	1	0	0	0	0	4.3646	0	0	4.635	0	refconf	ligand_centred	2026-09-24T10:13:58+08:00
arm	A1_refconf_refbox	vinardo	posebusters	7P1F_KFN	20260922	ok		5	-6.2	vinardo	kcal/mol (empirical score, not a measured free energy)	47.83	5	4.1781	0.6558	1	0	0	0	0	0.6446	1	1	4.1781	0	refconf	ligand_centred	2026-09-24T10:13:50+08:00
arm	A1_refconf_refbox	vinardo	posebusters	7P5T_5YG	20260922	ok		5	-10.9	vinardo	kcal/mol (empirical score, not a measured free energy)	99.01	5	0.7309	0.602	1	1	1	1	1	0.7309	1	1	1.5646	0	refconf	ligand_centred	2026-09-24T10:13:58+08:00
arm	A1_refconf_refbox	vinardo	posebusters	7PIH_7QW	20260922	ok		5	-9.4	vinardo	kcal/mol (empirical score, not a measured free energy)	77.76	5	9.8549	1.2552	1	0	0	0	0	9.5012	0	0	9.8549	0	refconf	ligand_centred	2026-09-24T10:13:55+08:00
arm	A1_refconf_refbox	vinardo	posebusters	7PGX_FMN	20260922	ok		4	-11.7	vinardo	kcal/mol (empirical score, not a measured free energy)	219.76	5	1.3943	1.2459	1	1	0	1	0	1.3943	1	1	1.5646	0	refconf	ligand_centred	2026-09-24T10:14:05+08:00
arm	A1_refconf_refbox	vinardo	posebusters	7PRI_7TI	20260922	ok		5	-6.6	vinardo	kcal/mol (empirical score, not a measured free energy)	41.56	5	2.2576	1.7585	1	0	0	0	0	2.2576	0	0	2.4019	0	refconf	ligand_centred	2026-09-24T10:14:02+08:00
arm	A1_refconf_refbox	vinardo	posebusters	7PRM_81I	20260922	ok		1	-12.3	vinardo	kcal/mol (empirical score, not a measured free energy)	121.45	5	0.1929	0.0945	1	1	1	1	1	0.1929	1	1	1.2082	0	refconf	ligand_centred	2026-09-24T10:14:11+08:00
arm	A1_refconf_refbox	vinardo	posebusters	7PL1_SFG	20260922	ok		5	-9.0	vinardo	kcal/mol (empirical score, not a measured free energy)	160.26	5	1.1595	0.8327	1	1	0	1	0	1.1595	1	1	1.2128	0	refconf	ligand_centred	2026-09-24T10:14:08+08:00
arm	A1_refconf_refbox	vinardo	posebusters	7Q2B_M6H	20260922	ok		5	-6.3	vinardo	kcal/mol (empirical score, not a measured free energy)	16.59	5	4.2483	0.3965	1	0	0	0	0	0.4636	1	1	4.274	0	refconf	ligand_centred	2026-09-24T10:14:14+08:00
arm	A1_refconf_refbox	vinardo	posebusters	7POM_7VZ	20260922	ok		5	-6.9	vinardo	kcal/mol (empirical score, not a measured free energy)	61.7	5	11.9175	1.2541	1	0	0	0	0	5.6928	0	0	11.9474	0	refconf	ligand_centred	2026-09-24T10:14:02+08:00
arm	A1_refconf_refbox	vinardo	posebusters	7QF4_RBF	20260922	ok		4	-11.2	vinardo	kcal/mol (empirical score, not a measured free energy)	2829.77	5	1.2112	1.1649	1	1	0	1	0	1.2112	1	1	1.2112	0	refconf	ligand_centred	2026-09-24T10:14:21+08:00
arm	A1_refconf_refbox	vinardo	posebusters	7PUV_84Z	20260922	ok		5	-7.4	vinardo	kcal/mol (empirical score, not a measured free energy)	63.68	5	1.1957	0.708	1	1	0	1	0	1.1957	1	1	1.1957	0	refconf	ligand_centred	2026-09-24T10:14:11+08:00
arm	A1_refconf_refbox	vinardo	posebusters	7QFM_AY3	20260922	ok		5	-8.6	vinardo	kcal/mol (empirical score, not a measured free energy)	743.94	5	0.2519	0.082	1	1	1	1	1	0.2519	1	1	0.7493	0	refconf	ligand_centred	2026-09-24T10:14:31+08:00
arm	A1_refconf_refbox	vinardo	posebusters	7P4C_5OV	20260922	ok		5	-5.6	vinardo	kcal/mol (empirical score, not a measured free energy)	22.68	5	0.7371	0.1367	1	1	1	1	1	0.7371	1	1	0.7371	0	refconf	ligand_centred	2026-09-24T10:13:51+08:00
arm	A1_refconf_refbox	vinardo	posebusters	7OMX_CNA	20260922	ok		5	-13.2	vinardo	kcal/mol (empirical score, not a measured free energy)	4253.08	5	1.0	0.9529	1	1	1	1	1	1.0	1	1	1.0	0	refconf	ligand_centred	2026-09-24T10:14:35+08:00
arm	A1_refconf_refbox	vinardo	posebusters	7FRX_O88	20260922	ok		5	-14.5	vinardo	kcal/mol (empirical score, not a measured free energy)	65.89	5	8.5433	2.5526	1	0	0	0	0	1.2441	1	1	8.5654	0	refconf	ligand_centred	2026-09-24T10:11:07+08:00
arm	A1_refconf_refbox	vinardo	posebusters	7QE4_NGA	20260922	ok		5	-5.6	vinardo	kcal/mol (empirical score, not a measured free energy)	21.26	5	0.5172	0.2316	1	1	1	1	1	0.5172	1	1	0.5172	0	refconf	ligand_centred	2026-09-24T10:14:18+08:00
arm	A1_refconf_refbox	vinardo	posebusters	7QPP_VDX	20260922	ok		1	-14.7	vinardo	kcal/mol (empirical score, not a measured free energy)	101.93	5	0.4049	0.2603	1	1	1	1	1	0.4049	1	1	0.4049	0	refconf	ligand_centred	2026-09-24T10:14:45+08:00
arm	A1_refconf_refbox	vinardo	posebusters	7QTA_URI	20260922	ok		5	-6.1	vinardo	kcal/mol (empirical score, not a measured free energy)	20.8	5	3.1991	0.6174	1	0	0	0	0	0.6672	1	1	3.1991	0	refconf	ligand_centred	2026-09-24T10:14:45+08:00
arm	A1_refconf_refbox	vinardo	posebusters	7R59_I5F	20260922	ok		5	-8.7	vinardo	kcal/mol (empirical score, not a measured free energy)	14.39	5	0.4323	0.0005	1	1	1	1	1	0.4323	1	1	0.4323	0	refconf	ligand_centred	2026-09-24T10:14:51+08:00
arm	A1_refconf_refbox	vinardo	posebusters	7QHG_T3B	20260922	ok		1	-14.8	vinardo	kcal/mol (empirical score, not a measured free energy)	381.32	5	0.2799	0.2346	1	1	1	1	1	0.2799	1	1	0.7887	0	refconf	ligand_centred	2026-09-24T10:14:56+08:00
arm	A1_refconf_refbox	vinardo	posebusters	7QHL_D5P	20260922	ok		5	-10.5	vinardo	kcal/mol (empirical score, not a measured free energy)	117.85	5	0.5562	0.3455	1	1	1	1	1	0.5562	1	1	0.5562	0	refconf	ligand_centred	2026-09-24T10:14:35+08:00
arm	A1_refconf_refbox	vinardo	posebusters	7R9N_F97	20260922	ok		5	-8.8	vinardo	kcal/mol (empirical score, not a measured free energy)	154.62	5	1.2025	0.7964	1	1	0	1	0	1.2025	1	1	1.2025	0	refconf	ligand_centred	2026-09-24T10:14:56+08:00
arm	A1_refconf_refbox	vinardo	posebusters	7R7R_AWJ	20260922	ok		5	-10.2	vinardo	kcal/mol (empirical score, not a measured free energy)	246.45	5	0.4117	0.3188	1	1	1	1	1	0.4117	1	1	0.4117	0	refconf	ligand_centred	2026-09-24T10:15:02+08:00
arm	A1_refconf_refbox	vinardo	posebusters	7Q5I_I0F	20260922	ok		5	-9.6	vinardo	kcal/mol (empirical score, not a measured free energy)	74.3	5	1.1157	0.8677	1	1	0	1	0	1.1157	1	1	1.1157	0	refconf	ligand_centred	2026-09-24T10:14:15+08:00
arm	A1_refconf_refbox	vinardo	posebusters	7RC3_SAH	20260922	ok		2	-11.1	vinardo	kcal/mol (empirical score, not a measured free energy)	2589.35	5	3.685	1.6269	1	0	0	0	0	1.1259	1	1	3.685	0	refconf	ligand_centred	2026-09-24T10:15:10+08:00
arm	A1_refconf_refbox	vinardo	posebusters	7RKW_5TV	20260922	ok		5	-11.5	vinardo	kcal/mol (empirical score, not a measured free energy)	90.64	5	0.5542	0.4477	1	1	1	1	1	0.5514	1	1	0.5542	0	refconf	ligand_centred	2026-09-24T10:15:08+08:00
arm	A1_refconf_refbox	vinardo	posebusters	7RH3_59O	20260922	ok		5	-9.0	vinardo	kcal/mol (empirical score, not a measured free energy)	3605.22	5	1.9807	1.9537	1	1	0	1	0	0.3834	1	1	2.1762	1	refconf	ligand_centred	2026-09-24T10:15:12+08:00
arm	A1_refconf_refbox	vinardo	posebusters	7RZL_NPO	20260922	ok		5	-6.0	vinardo	kcal/mol (empirical score, not a measured free energy)	8.58	5	3.9622	0.0465	1	0	0	0	0	0.7661	1	1	4.236	0	refconf	ligand_centred	2026-09-24T10:15:19+08:00
arm	A1_refconf_refbox	vinardo	posebusters	7ROR_69X	20260922	ok		4	-14.8	vinardo	kcal/mol (empirical score, not a measured free energy)	1223.66	5	0.5053	0.3341	1	1	1	1	1	0.5053	1	1	0.9672	0	refconf	ligand_centred	2026-09-24T10:15:24+08:00
arm	A1_refconf_refbox	vinardo	posebusters	7RSV_7IQ	20260922	ok		5	-8.0	vinardo	kcal/mol (empirical score, not a measured free energy)	25.74	5	0.1514	0.0071	1	1	1	1	1	0.1514	1	1	0.1514	0	refconf	ligand_centred	2026-09-24T10:15:17+08:00
arm	A1_refconf_refbox	vinardo	posebusters	7OP9_06K	20260922	ok		5	-5.4	vinardo	kcal/mol (empirical score, not a measured free energy)	12.36	5	3.0362	0.0004	1	0	0	0	0	0.2741	1	1	3.0362	0	refconf	ligand_centred	2026-09-24T10:13:23+08:00
arm	A1_refconf_refbox	vinardo	posebusters	7R6J_2I7	20260922	ok		5	-9.6	vinardo	kcal/mol (empirical score, not a measured free energy)	163.84	5	8.0227	3.6369	1	0	0	0	0	7.0437	0	0	8.0227	0	refconf	ligand_centred	2026-09-24T10:14:52+08:00
arm	A1_refconf_refbox	vinardo	posebusters	7SCW_GSP	20260922	ok		2	-12.8	vinardo	kcal/mol (empirical score, not a measured free energy)	209.9	5	0.8287	0.7784	1	1	1	1	1	0.8287	1	1	0.8287	0	refconf	ligand_centred	2026-09-24T10:15:36+08:00
arm	A1_refconf_refbox	vinardo	posebusters	7R3D_APR	20260922	ok		5	-10.0	vinardo	kcal/mol (empirical score, not a measured free energy)	411.58	5	7.7898	1.6795	1	0	0	0	0	2.126	0	0	7.8124	0	refconf	ligand_centred	2026-09-24T10:14:59+08:00
arm	A1_refconf_refbox	vinardo	posebusters	7SFO_98L	20260922	ok		4	-11.0	vinardo	kcal/mol (empirical score, not a measured free energy)	4840.7	5	0.5294	0.2892	1	1	1	1	1	0.5294	1	1	0.5294	0	refconf	ligand_centred	2026-09-24T10:15:38+08:00
arm	A1_refconf_refbox	vinardo	posebusters	7SDD_4IP	20260922	ok		5	-9.9	vinardo	kcal/mol (empirical score, not a measured free energy)	110.55	5	1.4993	0.617	1	1	0	1	0	0.7922	1	1	4.9823	1	refconf	ligand_centred	2026-09-24T10:15:37+08:00
arm	A1_refconf_refbox	vinardo	posebusters	7ROU_66I	20260922	ok		5	-11.2	vinardo	kcal/mol (empirical score, not a measured free energy)	5137.53	5	1.956	1.1699	1	1	0	1	0	1.956	1	1	2.1376	1	refconf	ligand_centred	2026-09-24T10:15:40+08:00
arm	A1_refconf_refbox	vinardo	posebusters	7T1D_E7K	20260922	ok		1	-18.4	vinardo	kcal/mol (empirical score, not a measured free energy)	85.89	5	0.1737	0.0664	1	1	1	1	1	0.1737	1	1	0.1737	0	refconf	ligand_centred	2026-09-24T10:15:49+08:00
arm	A1_refconf_refbox	vinardo	posebusters	7SZA_DUI	20260922	ok		5	-8.7	vinardo	kcal/mol (empirical score, not a measured free energy)	23.67	5	2.2769	1.7483	1	0	0	0	0	0.3907	1	1	2.2769	0	refconf	ligand_centred	2026-09-24T10:15:40+08:00
arm	A1_refconf_refbox	vinardo	posebusters	7SIU_9ID	20260922	ok		5	-11.2	vinardo	kcal/mol (empirical score, not a measured free energy)	4860.62	5	0.2988	0.1235	1	1	1	1	1	0.2988	1	1	0.9098	0	refconf	ligand_centred	2026-09-24T10:15:44+08:00
arm	A1_refconf_refbox	vinardo	posebusters	7RNI_60I	20260922	ok		5	-8.6	vinardo	kcal/mol (empirical score, not a measured free energy)	3486.41	5	0.4909	0.2895	1	1	1	1	1	0.4909	1	1	0.9988	0	refconf	ligand_centred	2026-09-24T10:15:14+08:00
arm	A1_refconf_refbox	vinardo	posebusters	7TE8_P0T	20260922	ok		2	-12.7	vinardo	kcal/mol (empirical score, not a measured free energy)	43.91	5	0.3746	0.2896	1	1	1	1	1	0.3746	1	1	0.3746	0	refconf	ligand_centred	2026-09-24T10:15:54+08:00
arm	A1_refconf_refbox	vinardo	posebusters	7T0D_FPP	20260922	ok		3	-11.7	vinardo	kcal/mol (empirical score, not a measured free energy)	101.22	5	5.3418	1.9884	0	0	0	0	0	5.3418	0	0	5.3881	0	refconf	ligand_centred	2026-09-24T10:15:53+08:00
arm	A1_refconf_refbox	vinardo	posebusters	7TBU_S3P	20260922	ok		5	-7.0	vinardo	kcal/mol (empirical score, not a measured free energy)	19.76	5	10.2423	0.4595	0	0	0	0	0	0.8783	1	1	10.2672	0	refconf	ligand_centred	2026-09-24T10:15:54+08:00
arm	A1_refconf_refbox	vinardo	posebusters	7TOM_5AD	20260922	ok		2	-9.3	vinardo	kcal/mol (empirical score, not a measured free energy)	32.02	5	0.2065	0.1123	1	1	1	1	1	0.2065	1	1	0.2065	0	refconf	ligand_centred	2026-09-24T10:16:08+08:00
arm	A1_refconf_refbox	vinardo	posebusters	7TM6_GPJ	20260922	ok		5	-6.7	vinardo	kcal/mol (empirical score, not a measured free energy)	15.56	5	1.0855	0.6917	1	1	0	1	0	1.0855	1	1	2.021	1	refconf	ligand_centred	2026-09-24T10:15:58+08:00
arm	A1_refconf_refbox	vinardo	posebusters	7THI_PGA	20260922	ok		5	-6.4	vinardo	kcal/mol (empirical score, not a measured free energy)	9.59	5	3.8223	0.7373	1	0	0	0	0	0.3997	1	1	4.1162	0	refconf	ligand_centred	2026-09-24T10:15:55+08:00
arm	A1_refconf_refbox	vinardo	posebusters	7T3E_SLB	20260922	ok		5	-8.3	vinardo	kcal/mol (empirical score, not a measured free energy)	35.5	5	0.3601	0.2679	1	1	1	1	1	0.3601	1	1	0.776	0	refconf	ligand_centred	2026-09-24T10:15:48+08:00
arm	A1_refconf_refbox	vinardo	posebusters	7TSF_H4B	20260922	ok		4	-9.4	vinardo	kcal/mol (empirical score, not a measured free energy)	30.57	5	0.3068	0.0923	1	1	1	1	1	0.3068	1	1	0.3068	0	refconf	ligand_centred	2026-09-24T10:16:13+08:00
arm	A1_refconf_refbox	vinardo	posebusters	7Q25_8J9	20260922	ok		5	-8.8	vinardo	kcal/mol (empirical score, not a measured free energy)	3687.85	5	7.0595	3.9606	1	0	0	0	0	7.0595	0	0	7.0819	0	refconf	ligand_centred	2026-09-24T10:14:24+08:00
arm	A1_refconf_refbox	vinardo	posebusters	7TXK_LW8	20260922	ok		5	-7.4	vinardo	kcal/mol (empirical score, not a measured free energy)	30.83	5	1.7963	1.2519	1	1	0	1	0	1.1259	1	1	2.1368	1	refconf	ligand_centred	2026-09-24T10:16:16+08:00
arm	A1_refconf_refbox	vinardo	posebusters	7TYP_KUR	20260922	ok		1	-15.5	vinardo	kcal/mol (empirical score, not a measured free energy)	136.94	5	0.262	0.244	1	1	1	1	1	0.262	1	1	0.262	0	refconf	ligand_centred	2026-09-24T10:16:37+08:00
arm	A1_refconf_refbox	vinardo	posebusters	7TUO_KL9	20260922	ok		3	-11.7	vinardo	kcal/mol (empirical score, not a measured free energy)	124.17	5	0.9609	0.8285	1	1	1	1	1	0.9609	1	1	0.9609	0	refconf	ligand_centred	2026-09-24T10:16:36+08:00
arm	A1_refconf_refbox	vinardo	posebusters	7PK0_BYC	20260922	ok		5	-9.7	vinardo	kcal/mol (empirical score, not a measured free energy)	13504.09	5	9.4238	4.0646	0	0	0	0	0	2.5298	0	0	9.4354	0	refconf	ligand_centred	2026-09-24T10:16:23+08:00
arm	A1_refconf_refbox	vinardo	posebusters	7TH4_FFO	20260922	ok		5	-10.2	vinardo	kcal/mol (empirical score, not a measured free energy)	183.85	5	2.7889	2.2681	1	0	0	0	0	1.3223	1	1	2.8056	0	refconf	ligand_centred	2026-09-24T10:16:16+08:00
arm	A1_refconf_refbox	vinardo	posebusters	7UJF_R3V	20260922	ok		1	-12.9	vinardo	kcal/mol (empirical score, not a measured free energy)	189.57	5	0.9545	0.9308	1	1	1	1	1	0.9545	1	1	0.9545	0	refconf	ligand_centred	2026-09-24T10:16:46+08:00
arm	A1_refconf_refbox	vinardo	posebusters	7UQ3_O2U	20260922	ok		5	-7.0	vinardo	kcal/mol (empirical score, not a measured free energy)	18.67	5	4.3342	0.54	0	0	0	0	0	1.233	1	0	4.3342	0	refconf	ligand_centred	2026-09-24T10:16:53+08:00
arm	A1_refconf_refbox	vinardo	posebusters	7UAS_MBU	20260922	ok		5	-8.5	vinardo	kcal/mol (empirical score, not a measured free energy)	228.53	5	7.5949	2.3354	1	0	0	0	0	4.5105	0	0	7.6032	0	refconf	ligand_centred	2026-09-24T10:16:44+08:00
arm	A1_refconf_refbox	vinardo	posebusters	7USH_82V	20260922	ok		5	-7.8	vinardo	kcal/mol (empirical score, not a measured free energy)	63.65	5	7.4768	1.6392	1	0	0	0	0	0.3952	1	1	7.5218	0	refconf	ligand_centred	2026-09-24T10:16:59+08:00
arm	A1_refconf_refbox	vinardo	posebusters	7ULC_56B	20260922	ok		1	-15.3	vinardo	kcal/mol (empirical score, not a measured free energy)	233.86	5	1.2576	1.1276	1	1	0	1	0	1.2576	1	1	1.2576	0	refconf	ligand_centred	2026-09-24T10:16:59+08:00
arm	A1_refconf_refbox	vinardo	posebusters	7TS6_KMI	20260922	ok		5	-9.7	vinardo	kcal/mol (empirical score, not a measured free energy)	27.07	5	2.592	2.1633	1	0	0	0	0	0.2731	1	1	2.592	0	refconf	ligand_centred	2026-09-24T10:16:12+08:00
arm	A1_refconf_refbox	vinardo	posebusters	7UY4_SMI	20260922	ok		5	-6.3	vinardo	kcal/mol (empirical score, not a measured free energy)	35.46	5	0.3195	0.0299	1	1	1	1	1	0.3195	1	1	0.3195	0	refconf	ligand_centred	2026-09-24T10:17:04+08:00
arm	A1_refconf_refbox	vinardo	posebusters	7U3J_L6U	20260922	ok		5	-7.2	vinardo	kcal/mol (empirical score, not a measured free energy)	502.04	5	8.8312	3.3156	1	0	0	0	0	8.8312	0	0	8.8375	0	refconf	ligand_centred	2026-09-24T10:17:05+08:00
arm	A1_refconf_refbox	vinardo	posebusters	7V3N_AKG	20260922	ok		5	-5.4	vinardo	kcal/mol (empirical score, not a measured free energy)	25.0	5	2.0036	0.9484	0	0	0	0	0	2.0036	0	0	2.0036	0	refconf	ligand_centred	2026-09-24T10:17:14+08:00
arm	A1_refconf_refbox	vinardo	posebusters	7UYB_OK0	20260922	ok		3	-11.3	vinardo	kcal/mol (empirical score, not a measured free energy)	139.76	5	0.5979	0.5567	1	1	1	1	1	0.5979	1	1	1.0025	0	refconf	ligand_centred	2026-09-24T10:17:16+08:00
arm	A1_refconf_refbox	vinardo	posebusters	7M31_TDR	20260922	ok		5	-6.8	vinardo	kcal/mol (empirical score, not a measured free energy)	5.11	5	0.3505	0.0004	1	1	1	1	1	0.3505	1	1	0.3505	0	refconf	ligand_centred	2026-09-24T10:11:48+08:00
arm	A1_refconf_refbox	vinardo	posebusters	7V43_C4O	20260922	ok		5	-6.5	vinardo	kcal/mol (empirical score, not a measured free energy)	9.15	5	0.5036	0.0005	1	1	1	1	1	0.5036	1	1	0.5036	0	refconf	ligand_centred	2026-09-24T10:17:18+08:00
arm	A1_refconf_refbox	vinardo	posebusters	7V14_ORU	20260922	ok		2	-10.8	vinardo	kcal/mol (empirical score, not a measured free energy)	197.71	5	0.8056	0.7456	1	1	1	1	1	0.8056	1	1	0.8056	0	refconf	ligand_centred	2026-09-24T10:17:23+08:00
arm	A1_refconf_refbox	vinardo	posebusters	7VBU_6I4	20260922	ok		5	-8.4	vinardo	kcal/mol (empirical score, not a measured free energy)	23.77	5	12.888	0.3467	1	0	0	0	0	11.3954	0	0	12.888	0	refconf	ligand_centred	2026-09-24T10:17:21+08:00
arm	A1_refconf_refbox	vinardo	posebusters	7UJ4_OQ4	20260922	ok		5	-9.0	vinardo	kcal/mol (empirical score, not a measured free energy)	502.61	5	11.5219	3.398	1	0	0	0	0	3.0671	0	0	11.5439	0	refconf	ligand_centred	2026-09-24T10:17:14+08:00
arm	A1_refconf_refbox	vinardo	posebusters	7VB8_STL	20260922	ok		5	-9.1	vinardo	kcal/mol (empirical score, not a measured free energy)	30.27	5	5.826	0.273	1	0	0	0	0	0.6565	1	0	5.8866	0	refconf	ligand_centred	2026-09-24T10:17:20+08:00
arm	A1_refconf_refbox	vinardo	posebusters	7VC5_9SF	20260922	ok		5	-10.9	vinardo	kcal/mol (empirical score, not a measured free energy)	71.56	5	1.7496	1.7248	1	1	0	1	0	1.7496	1	1	1.7496	0	refconf	ligand_centred	2026-09-24T10:17:26+08:00
arm	A1_refconf_refbox	vinardo	posebusters	7TB0_UD1	20260922	ok		5	-11.3	vinardo	kcal/mol (empirical score, not a measured free energy)	373.67	5	0.4623	0.4068	1	1	1	1	1	0.4623	1	1	0.4623	0	refconf	ligand_centred	2026-09-24T10:16:40+08:00
arm	A1_refconf_refbox	vinardo	posebusters	7W05_GMP	20260922	ok		5	-7.4	vinardo	kcal/mol (empirical score, not a measured free energy)	62.37	5	0.487	0.2758	1	1	1	1	1	0.487	1	1	0.487	0	refconf	ligand_centred	2026-09-24T10:17:32+08:00
arm	A1_refconf_refbox	vinardo	posebusters	7V3S_5I9	20260922	ok		2	-14.7	vinardo	kcal/mol (empirical score, not a measured free energy)	262.78	5	0.3881	0.3068	1	1	1	1	1	0.3881	1	1	0.3881	0	refconf	ligand_centred	2026-09-24T10:17:32+08:00
arm	A1_refconf_refbox	vinardo	posebusters	7W06_ITN	20260922	ok		5	-6.3	vinardo	kcal/mol (empirical score, not a measured free energy)	16.1	5	0.54	0.5133	1	1	1	1	1	0.54	1	1	0.9396	0	refconf	ligand_centred	2026-09-24T10:17:37+08:00
arm	A1_refconf_refbox	vinardo	posebusters	7VQ9_ISY	20260922	ok		5	-7.4	vinardo	kcal/mol (empirical score, not a measured free energy)	41.95	5	2.2239	1.4438	0	0	0	0	0	1.2993	1	1	2.3376	0	refconf	ligand_centred	2026-09-24T10:17:31+08:00
arm	A1_refconf_refbox	vinardo	posebusters	7VWF_K55	20260922	ok		4	-13.7	vinardo	kcal/mol (empirical score, not a measured free energy)	245.94	5	0.5957	0.4792	1	1	1	1	1	0.5957	1	1	0.925	0	refconf	ligand_centred	2026-09-24T10:17:37+08:00
arm	A1_refconf_refbox	vinardo	posebusters	7PT3_3KK	20260922	ok		5	-12.6	vinardo	kcal/mol (empirical score, not a measured free energy)	13255.53	5	9.621	4.6086	1	0	0	0	0	3.1625	0	0	9.6647	0	refconf	ligand_centred	2026-09-24T10:16:03+08:00
arm	A1_refconf_refbox	vinardo	posebusters	7WJB_BGC	20260922	ok		5	-5.5	vinardo	kcal/mol (empirical score, not a measured free energy)	14.19	5	4.1377	0.3781	1	0	0	0	0	4.1377	0	0	4.1377	0	refconf	ligand_centred	2026-09-24T10:17:40+08:00
arm	A1_refconf_refbox	vinardo	posebusters	7WDT_NGS	20260922	ok		5	-5.9	vinardo	kcal/mol (empirical score, not a measured free energy)	51.81	5	2.5029	1.5072	1	0	0	0	0	2.5029	0	0	2.5029	0	refconf	ligand_centred	2026-09-24T10:17:40+08:00
arm	A1_refconf_refbox	vinardo	posebusters	7WPW_F15	20260922	ok		5	-7.5	vinardo	kcal/mol (empirical score, not a measured free energy)	77.75	5	5.3108	1.0206	1	0	0	0	0	1.4168	1	1	5.3422	0	refconf	ligand_centred	2026-09-24T10:17:49+08:00
arm	A1_refconf_refbox	vinardo	posebusters	7UJ5_DGL	20260922	ok		5	-7.3	vinardo	kcal/mol (empirical score, not a measured free energy)	17.68	5	0.6459	0.3189	1	1	1	1	1	0.6459	1	1	1.4677	0	refconf	ligand_centred	2026-09-24T10:16:39+08:00
arm	A1_refconf_refbox	vinardo	posebusters	7WQQ_5Z6	20260922	ok		2	-15.0	vinardo	kcal/mol (empirical score, not a measured free energy)	65.87	5	0.2409	0.1994	1	1	1	1	1	0.2409	1	1	3.4504	1	refconf	ligand_centred	2026-09-24T10:17:53+08:00
arm	A1_refconf_refbox	vinardo	posebusters	7VKZ_NOJ	20260922	ok		5	-6.6	vinardo	kcal/mol (empirical score, not a measured free energy)	12.72	5	0.6911	0.5632	1	1	1	1	1	0.6911	1	1	0.6911	0	refconf	ligand_centred	2026-09-24T10:17:26+08:00
arm	A1_refconf_refbox	vinardo	posebusters	7UMW_NAD	20260922	ok		5	-14.5	vinardo	kcal/mol (empirical score, not a measured free energy)	805.26	5	0.5796	0.5683	1	1	1	1	1	0.5796	1	1	0.5796	0	refconf	ligand_centred	2026-09-24T10:17:48+08:00
arm	A1_refconf_refbox	vinardo	posebusters	7WCF_ACP	20260922	ok		5	-8.5	vinardo	kcal/mol (empirical score, not a measured free energy)	222.16	5	7.0072	2.5823	1	0	0	0	0	2.1163	0	0	7.0467	0	refconf	ligand_centred	2026-09-24T10:17:57+08:00
arm	A1_refconf_refbox	vinardo	posebusters	7WL4_JFU	20260922	ok		5	-8.8	vinardo	kcal/mol (empirical score, not a measured free energy)	157.3	5	1.0657	0.4795	1	1	0	1	0	1.0657	1	1	1.0657	0	refconf	ligand_centred	2026-09-24T10:17:57+08:00
arm	A1_refconf_refbox	vinardo	posebusters	7VYJ_CA0	20260922	ok		5	-9.7	vinardo	kcal/mol (empirical score, not a measured free energy)	166.71	5	0.6222	0.5704	0	1	1	0	0	0.6222	1	0	0.6222	0	refconf	ligand_centred	2026-09-24T10:17:37+08:00
arm	A1_refconf_refbox	vinardo	posebusters	7X9K_8OG	20260922	ok		1	-9.9	vinardo	kcal/mol (empirical score, not a measured free energy)	87.71	5	0.5354	0.3438	1	1	1	1	1	0.5354	1	1	0.5354	0	refconf	ligand_centred	2026-09-24T10:18:09+08:00
arm	A1_refconf_refbox	vinardo	posebusters	7WUY_76N	20260922	ok		3	-11.2	vinardo	kcal/mol (empirical score, not a measured free energy)	88.41	5	0.2013	0.0788	1	1	1	1	1	0.2013	1	1	0.2013	0	refconf	ligand_centred	2026-09-24T10:18:00+08:00
arm	A1_refconf_refbox	vinardo	posebusters	7XI7_4RI	20260922	ok		5	-9.2	vinardo	kcal/mol (empirical score, not a measured free energy)	79.39	5	0.7242	0.5239	1	1	1	1	1	0.7242	1	1	0.7242	0	refconf	ligand_centred	2026-09-24T10:18:12+08:00
arm	A1_refconf_refbox	vinardo	posebusters	7WKL_CAQ	20260922	ok		5	-7.5	vinardo	kcal/mol (empirical score, not a measured free energy)	8.5	5	2.3893	0.0004	1	0	0	0	0	0.3363	1	1	2.5236	0	refconf	ligand_centred	2026-09-24T10:17:45+08:00
arm	A1_refconf_refbox	vinardo	posebusters	7UTW_NAI	20260922	ok		5	-13.4	vinardo	kcal/mol (empirical score, not a measured free energy)	826.41	5	0.4272	0.3999	1	1	1	1	1	0.4272	1	1	0.4272	0	refconf	ligand_centred	2026-09-24T10:18:03+08:00
arm	A1_refconf_refbox	vinardo	posebusters	7XG5_PLP	20260922	ok		5	-7.8	vinardo	kcal/mol (empirical score, not a measured free energy)	48.06	5	0.365	0.178	1	1	1	1	1	0.365	1	1	1.2009	0	refconf	ligand_centred	2026-09-24T10:18:10+08:00
arm	A1_refconf_refbox	vinardo	posebusters	7X5N_5M5	20260922	ok		5	-7.7	vinardo	kcal/mol (empirical score, not a measured free energy)	104.85	5	4.4584	2.6908	1	0	0	0	0	4.4584	0	0	4.5309	0	refconf	ligand_centred	2026-09-24T10:18:04+08:00
arm	A1_refconf_refbox	vinardo	posebusters	7Z1Q_NIO	20260922	ok		5	-5.7	vinardo	kcal/mol (empirical score, not a measured free energy)	9.42	5	9.358	0.492	1	0	0	0	0	8.609	0	0	9.3609	0	refconf	ligand_centred	2026-09-24T10:18:18+08:00
arm	A1_refconf_refbox	vinardo	posebusters	7XBV_APC	20260922	ok		5	-9.1	vinardo	kcal/mol (empirical score, not a measured free energy)	251.49	5	7.4047	2.4639	1	0	0	0	0	1.3507	1	1	7.4424	0	refconf	ligand_centred	2026-09-24T10:18:18+08:00
arm	A1_refconf_refbox	vinardo	posebusters	7Z2O_IAJ	20260922	ok		5	-8.0	vinardo	kcal/mol (empirical score, not a measured free energy)	15.09	5	3.0008	0.1083	1	0	0	0	0	1.3092	1	1	3.0008	0	refconf	ligand_centred	2026-09-24T10:18:20+08:00
arm	A1_refconf_refbox	vinardo	posebusters	7XQZ_FPF	20260922	ok		5	-13.1	vinardo	kcal/mol (empirical score, not a measured free energy)	112.28	5	0.371	0.2935	1	1	1	1	1	0.371	1	1	0.9516	0	refconf	ligand_centred	2026-09-24T10:18:18+08:00
arm	A1_refconf_refbox	vinardo	posebusters	7YZU_DO7	20260922	ok		4	-8.6	vinardo	kcal/mol (empirical score, not a measured free energy)	33.06	5	0.3094	0.2761	1	1	1	1	1	0.3094	1	1	0.3094	0	refconf	ligand_centred	2026-09-24T10:18:17+08:00
arm	A1_refconf_refbox	vinardo	posebusters	7Z7F_IF3	20260922	ok		5	-7.4	vinardo	kcal/mol (empirical score, not a measured free energy)	17.77	5	0.2152	0.1291	1	1	1	1	1	0.2152	1	1	0.2152	0	refconf	ligand_centred	2026-09-24T10:18:24+08:00
arm	A1_refconf_refbox	vinardo	posebusters	7ZOC_T8E	20260922	ok		5	-7.5	vinardo	kcal/mol (empirical score, not a measured free energy)	25.15	5	1.5325	0.8932	1	1	0	1	0	1.5325	1	1	1.5325	0	refconf	ligand_centred	2026-09-24T10:18:28+08:00
arm	A1_refconf_refbox	vinardo	posebusters	7XJN_NSD	20260922	ok		5	-7.2	vinardo	kcal/mol (empirical score, not a measured free energy)	44.12	5	0.8492	0.6669	1	1	1	1	1	0.2461	1	1	6.1119	1	refconf	ligand_centred	2026-09-24T10:18:10+08:00
arm	A1_refconf_refbox	vinardo	posebusters	7ZTL_BCN	20260922	ok		5	-4.0	vinardo	kcal/mol (empirical score, not a measured free energy)	25.95	5	7.6291	0.6427	1	0	0	0	0	4.7654	0	0	7.6749	0	refconf	ligand_centred	2026-09-24T10:18:31+08:00
arm	A1_refconf_refbox	vinardo	posebusters	7ZU2_DHT	20260922	ok		1	-9.7	vinardo	kcal/mol (empirical score, not a measured free energy)	31.51	5	0.1307	0.0005	1	1	1	1	1	0.1307	1	1	0.1307	0	refconf	ligand_centred	2026-09-24T10:18:35+08:00
arm	A1_refconf_refbox	vinardo	posebusters	7ZF0_DHR	20260922	ok		5	-6.7	vinardo	kcal/mol (empirical score, not a measured free energy)	11.48	5	13.5792	0.4508	0	0	0	0	0	4.1732	0	0	13.6252	0	refconf	ligand_centred	2026-09-24T10:18:26+08:00
arm	A1_refconf_refbox	vinardo	posebusters	7XFA_D9J	20260922	ok		5	-9.1	vinardo	kcal/mol (empirical score, not a measured free energy)	260.02	5	7.0059	1.4061	1	0	0	0	0	7.0059	0	0	7.101	0	refconf	ligand_centred	2026-09-24T10:18:34+08:00
arm	A1_refconf_refbox	vinardo	posebusters	7ZL5_IWE	20260922	ok		5	-7.1	vinardo	kcal/mol (empirical score, not a measured free energy)	93.28	5	1.555	1.1424	1	1	0	1	0	1.3232	1	1	1.6095	0	refconf	ligand_centred	2026-09-24T10:18:36+08:00
arm	A1_refconf_refbox	vinardo	posebusters	8AEM_LVF	20260922	ok		5	-6.9	vinardo	kcal/mol (empirical score, not a measured free energy)	16.68	5	0.529	0.0554	1	1	1	1	1	0.529	1	1	0.529	0	refconf	ligand_centred	2026-09-24T10:18:44+08:00
arm	A1_refconf_refbox	vinardo	posebusters	7XPO_UPG	20260922	ok		5	-10.7	vinardo	kcal/mol (empirical score, not a measured free energy)	268.85	5	9.9841	2.1161	1	0	0	0	0	8.4967	0	0	9.9841	0	refconf	ligand_centred	2026-09-24T10:18:40+08:00
arm	A1_refconf_refbox	vinardo	posebusters	8A1H_DLZ	20260922	ok		3	-11.4	vinardo	kcal/mol (empirical score, not a measured free energy)	69.84	5	0.2508	0.1103	1	1	1	1	1	0.2508	1	1	0.2508	0	refconf	ligand_centred	2026-09-24T10:18:44+08:00
arm	A1_refconf_refbox	vinardo	posebusters	8AAU_LH0	20260922	ok		5	-7.5	vinardo	kcal/mol (empirical score, not a measured free energy)	87.64	5	4.9914	1.4373	1	0	0	0	0	0.5935	1	1	5.016	0	refconf	ligand_centred	2026-09-24T10:18:54+08:00
arm	A1_refconf_refbox	vinardo	posebusters	7ZDY_6MJ	20260922	ok		5	-5.4	vinardo	kcal/mol (empirical score, not a measured free energy)	12.1	5	0.732	0.318	1	1	1	1	1	0.732	1	1	0.732	0	refconf	ligand_centred	2026-09-24T10:18:24+08:00
arm	A1_refconf_refbox	vinardo	posebusters	8AP0_PRP	20260922	ok		5	-9.8	vinardo	kcal/mol (empirical score, not a measured free energy)	73.16	5	5.7514	2.1197	1	0	0	0	0	1.9977	1	1	5.7963	0	refconf	ligand_centred	2026-09-24T10:18:58+08:00
arm	A1_refconf_refbox	vinardo	posebusters	7XRL_FWK	20260922	ok		5	-6.8	vinardo	kcal/mol (empirical score, not a measured free energy)	37.23	5	7.0016	0.7014	1	0	0	0	0	5.7916	0	0	7.0016	0	refconf	ligand_centred	2026-09-24T10:18:15+08:00
arm	A1_refconf_refbox	vinardo	posebusters	7WUX_6OI	20260922	ok		5	-6.1	vinardo	kcal/mol (empirical score, not a measured free energy)	54.5	5	3.2686	2.2577	1	0	0	0	0	3.2686	0	0	3.2994	0	refconf	ligand_centred	2026-09-24T10:17:55+08:00
arm	A1_refconf_refbox	vinardo	posebusters	8BTI_RFO	20260922	ok		5	-8.6	vinardo	kcal/mol (empirical score, not a measured free energy)	21.07	5	0.8101	0.2463	1	1	1	1	1	0.8101	1	1	0.8101	0	refconf	ligand_centred	2026-09-24T10:19:10+08:00
arm	A1_refconf_refbox	vinardo	posebusters	8AIE_M7L	20260922	ok		5	-10.8	vinardo	kcal/mol (empirical score, not a measured free energy)	105.94	5	0.5584	0.4445	1	1	1	1	1	0.5584	1	1	0.5584	0	refconf	ligand_centred	2026-09-24T10:19:02+08:00
arm	A1_refconf_refbox	vinardo	posebusters	7ZZW_KKW	20260922	ok		5	-8.6	vinardo	kcal/mol (empirical score, not a measured free energy)	101.24	5	5.4473	2.2298	1	0	0	0	0	4.6217	0	0	5.4473	0	refconf	ligand_centred	2026-09-24T10:18:48+08:00
arm	A1_refconf_refbox	vinardo	posebusters	8AUH_L9I	20260922	ok		5	-5.3	vinardo	kcal/mol (empirical score, not a measured free energy)	28.9	5	1.1121	0.8025	1	1	0	1	0	1.1121	1	1	1.1121	0	refconf	ligand_centred	2026-09-24T10:19:03+08:00
arm	A1_refconf_refbox	vinardo	posebusters	8AY3_OE3	20260922	ok		5	-9.1	vinardo	kcal/mol (empirical score, not a measured free energy)	77.85	5	0.3221	0.1819	1	1	1	1	1	0.3221	1	1	0.3221	0	refconf	ligand_centred	2026-09-24T10:19:16+08:00
arm	A1_refconf_refbox	vinardo	posebusters	8C5M_MTA	20260922	ok		5	-8.3	vinardo	kcal/mol (empirical score, not a measured free energy)	47.58	5	0.7795	0.6421	1	1	1	1	1	0.7795	1	1	0.7795	0	refconf	ligand_centred	2026-09-24T10:19:21+08:00
arm	A1_refconf_refbox	vinardo	posebusters	7ZXV_45D	20260922	ok		3	-19.3	vinardo	kcal/mol (empirical score, not a measured free energy)	219.64	5	0.2586	0.1988	1	1	1	1	1	0.2586	1	1	19.2727	1	refconf	ligand_centred	2026-09-24T10:19:01+08:00
arm	A1_refconf_refbox	vinardo	posebusters	8BOM_QU6	20260922	ok		5	-14.8	vinardo	kcal/mol (empirical score, not a measured free energy)	167.63	5	3.6561	3.2743	1	0	0	0	0	0.8832	1	1	3.6561	0	refconf	ligand_centred	2026-09-24T10:19:24+08:00
arm	A1_refconf_refbox	vinardo	posebusters	8C3N_ADP	20260922	ok		5	-8.3	vinardo	kcal/mol (empirical score, not a measured free energy)	127.16	5	7.0719	2.4685	0	0	0	0	0	4.9137	0	0	7.1192	0	refconf	ligand_centred	2026-09-24T10:19:30+08:00
arm	A1_refconf_refbox	vinardo	posebusters	8D39_QDB	20260922	ok		3	-11.1	vinardo	kcal/mol (empirical score, not a measured free energy)	28.55	5	0.4658	0.1706	1	1	1	1	1	0.4658	1	1	0.4658	0	refconf	ligand_centred	2026-09-24T10:19:34+08:00
arm	A1_refconf_refbox	vinardo	posebusters	8CNH_V6U	20260922	ok		5	-12.4	vinardo	kcal/mol (empirical score, not a measured free energy)	86.74	5	0.1302	0.1152	1	1	1	1	1	0.1302	1	1	0.1302	0	refconf	ligand_centred	2026-09-24T10:19:21+08:00
arm	A1_refconf_refbox	vinardo	posebusters	8DKO_TFB	20260922	ok		5	-5.6	vinardo	kcal/mol (empirical score, not a measured free energy)	9.82	5	0.6046	0.3981	1	1	1	1	1	0.6046	1	1	0.6046	0	refconf	ligand_centred	2026-09-24T10:19:34+08:00
arm	A1_refconf_refbox	vinardo	posebusters	8A2D_KXY	20260922	ok		4	-14.7	vinardo	kcal/mol (empirical score, not a measured free energy)	368.13	5	1.3879	1.0932	1	1	0	1	0	1.2175	1	1	1.3879	0	refconf	ligand_centred	2026-09-24T10:19:37+08:00
arm	A1_refconf_refbox	vinardo	posebusters	8B8H_OJQ	20260922	ok		5	-11.7	vinardo	kcal/mol (empirical score, not a measured free energy)	73.73	5	1.8481	1.3735	1	1	0	1	0	1.3739	1	1	1.8481	0	refconf	ligand_centred	2026-09-24T10:19:16+08:00
arm	A1_refconf_refbox	vinardo	posebusters	8DSC_NCA	20260922	ok		5	-6.6	vinardo	kcal/mol (empirical score, not a measured free energy)	10.57	5	3.4547	0.1039	1	0	0	0	0	0.2843	1	1	3.4547	0	refconf	ligand_centred	2026-09-24T10:19:41+08:00
arm	A1_refconf_refbox	vinardo	posebusters	8EX2_Q2Q	20260922	ok		5	-9.0	vinardo	kcal/mol (empirical score, not a measured free energy)	49.08	5	0.2596	0.0905	1	1	1	1	1	0.2596	1	1	0.9799	0	refconf	ligand_centred	2026-09-24T10:19:48+08:00
arm	A1_refconf_refbox	vinardo	posebusters	8D19_GSH	20260922	ok		5	-5.1	vinardo	kcal/mol (empirical score, not a measured free energy)	86.79	5	13.0916	2.5547	1	0	0	0	0	12.4948	0	0	13.0985	0	refconf	ligand_centred	2026-09-24T10:19:46+08:00
arm	A1_refconf_refbox	vinardo	posebusters	8DHG_T78	20260922	ok		2	-12.5	vinardo	kcal/mol (empirical score, not a measured free energy)	203.75	5	1.5716	1.5551	1	1	0	1	0	1.5716	1	1	1.7099	0	refconf	ligand_centred	2026-09-24T10:19:56+08:00
arm	A1_refconf_refbox	vinardo	posebusters	8F8E_XJI	20260922	ok		1	-12.7	vinardo	kcal/mol (empirical score, not a measured free energy)	160.07	5	0.6514	0.6097	1	1	1	1	1	0.6514	1	1	0.6514	0	refconf	ligand_centred	2026-09-24T10:20:00+08:00
arm	A1_refconf_refbox	vinardo	posebusters	8FAV_4Y5	20260922	ok		2	-17.4	vinardo	kcal/mol (empirical score, not a measured free energy)	192.84	5	0.1871	0.1212	1	1	1	1	1	0.1871	1	1	0.5703	0	refconf	ligand_centred	2026-09-24T10:20:02+08:00
arm	A1_refconf_refbox	vinardo	posebusters	8FO5_Y4U	20260922	ok		1	-10.3	vinardo	kcal/mol (empirical score, not a measured free energy)	30.49	5	0.475	0.3151	1	1	1	1	1	0.475	1	1	0.475	0	refconf	ligand_centred	2026-09-24T10:20:07+08:00
arm	A1_refconf_refbox	vinardo	posebusters	8AQL_PLG	20260922	ok		5	-7.4	vinardo	kcal/mol (empirical score, not a measured free energy)	85.2	5	9.8179	1.4217	1	0	0	0	0	5.5584	0	0	9.8258	0	refconf	ligand_centred	2026-09-24T10:19:07+08:00
arm	A1_refconf_refbox	vinardo	posebusters	8CSD_C5P	20260922	ok		5	-8.2	vinardo	kcal/mol (empirical score, not a measured free energy)	65.93	5	0.4193	0.2841	1	1	1	1	1	0.4193	1	1	1.0637	0	refconf	ligand_centred	2026-09-24T10:19:29+08:00
arm	A1_refconf_refbox	vinardo	posebusters	8EAB_VN2	20260922	ok		5	-17.4	vinardo	kcal/mol (empirical score, not a measured free energy)	412.24	5	0.7117	0.4096	1	1	1	1	1	0.7117	1	1	1.3821	0	refconf	ligand_centred	2026-09-24T10:20:03+08:00
arm	A1_refconf_refbox	vinardo	posebusters	8FLV_ZB9	20260922	ok		5	-9.5	vinardo	kcal/mol (empirical score, not a measured free energy)	121.44	5	8.9845	2.2828	1	0	0	0	0	0.2703	1	1	8.9845	0	refconf	ligand_centred	2026-09-24T10:20:10+08:00
arm	A1_refconf_refbox	vinardo	posebusters	8G6P_API	20260922	ok		5	-5.8	vinardo	kcal/mol (empirical score, not a measured free energy)	35.47	5	0.9955	0.8689	1	1	1	1	1	0.9955	1	1	1.2205	0	refconf	ligand_centred	2026-09-24T10:20:10+08:00
arm	A1_refconf_refbox	vinardo	posebusters	8EYE_X4I	20260922	ok		5	-13.6	vinardo	kcal/mol (empirical score, not a measured free energy)	137.28	5	1.1558	0.7762	0	1	0	0	0	0.9402	1	1	2.0066	1	refconf	ligand_centred	2026-09-24T10:19:56+08:00
arm	A1_refconf_refbox	vinardo	posebusters	8HO0_3ZI	20260922	ok		5	-10.5	vinardo	kcal/mol (empirical score, not a measured free energy)	32.1	5	2.2109	0.706	1	0	0	0	0	0.319	1	1	2.2109	0	refconf	ligand_centred	2026-09-24T10:20:15+08:00
arm	A1_refconf_refbox	vinardo	posebusters	8HFN_XGC	20260922	ok		5	-8.4	vinardo	kcal/mol (empirical score, not a measured free energy)	83.2	5	11.3738	1.2933	1	0	0	0	0	0.9107	1	1	11.3765	0	refconf	ligand_centred	2026-09-24T10:20:18+08:00
arm	A1_refconf_refbox	vinardo	posebusters	8GFD_ZHR	20260922	ok		5	-7.6	vinardo	kcal/mol (empirical score, not a measured free energy)	101.05	5	7.2481	2.2621	1	0	0	0	0	7.2481	0	0	7.2481	0	refconf	ligand_centred	2026-09-24T10:20:17+08:00
arm	A2_genconf_refbox	gnina	astex	1GPK_HUP	20260922	ok		5	-10.0	gnina_cnn:rescore:crossdock_default2018	kcal/mol (empirical score, not a measured free energy)	18.65	4	4.8663	0.2031	1	0	0	0	0	0.3931	1	1	4.8663	0	genconf	ligand_centred	2026-09-24T10:20:26+08:00
arm	A1_refconf_refbox	vinardo	posebusters	8DP2_UMA	20260922	ok		5	-10.6	vinardo	kcal/mol (empirical score, not a measured free energy)	717.28	5	2.5491	2.0508	1	0	0	0	0	1.1819	1	1	2.5491	0	refconf	ligand_centred	2026-09-24T10:20:22+08:00
arm	A1_refconf_refbox	vinardo	posebusters	8SLG_G5A	20260922	ok		5	-11.4	vinardo	kcal/mol (empirical score, not a measured free energy)	93.96	5	0.3118	0.1461	1	1	1	1	1	0.3118	1	1	0.3118	0	refconf	ligand_centred	2026-09-24T10:20:19+08:00
arm	A1_refconf_refbox	vinardo	posebusters	7ZCC_OGA	20260922	ok		5	-5.2	vinardo	kcal/mol (empirical score, not a measured free energy)	17.3	5	11.9005	0.7416	0	0	0	0	0	4.8697	0	0	11.9434	0	refconf	ligand_centred	2026-09-24T10:18:25+08:00
arm	A2_genconf_refbox	gnina	astex	1HNN_SKF	20260922	ok		5	-9.19	gnina_cnn:rescore:crossdock_default2018	kcal/mol (empirical score, not a measured free energy)	22.84	4	1.0135	0.9517	1	1	0	1	0	1.0135	1	1	1.1691	0	genconf	ligand_centred	2026-09-24T10:20:41+08:00
arm	A2_genconf_refbox	gnina	astex	1GKC_NFH	20260922	ok		5	-6.89	gnina_cnn:rescore:crossdock_default2018	kcal/mol (empirical score, not a measured free energy)	57.71	4	0.9578	0.7952	1	1	1	1	1	0.9578	1	1	1.4021	0	genconf	ligand_centred	2026-09-24T10:20:47+08:00
arm	A2_genconf_refbox	gnina	astex	1HQ2_PH2	20260922	ok		5	-9.52	gnina_cnn:rescore:crossdock_default2018	kcal/mol (empirical score, not a measured free energy)	19.62	4	0.3862	0.2324	1	1	1	1	1	0.3862	1	1	0.3862	0	genconf	ligand_centred	2026-09-24T10:20:53+08:00
arm	A2_genconf_refbox	gnina	astex	1G9V_RQ3	20260922	ok		5	-7.07	gnina_cnn:rescore:crossdock_default2018	kcal/mol (empirical score, not a measured free energy)	56.73	4	6.4236	1.5257	1	0	0	0	0	1.44	1	1	6.4842	0	genconf	ligand_centred	2026-09-24T10:20:45+08:00
arm	A2_genconf_refbox	gnina	astex	1GM8_SOX	20260922	ok		5	-5.95	gnina_cnn:rescore:crossdock_default2018	kcal/mol (empirical score, not a measured free energy)	50.58	4	8.2862	1.0541	1	0	0	0	0	3.1799	0	0	8.3598	0	genconf	ligand_centred	2026-09-24T10:20:43+08:00
arm	A2_genconf_refbox	gnina	astex	1HP0_AD3	20260922	ok		5	-9.52	gnina_cnn:rescore:crossdock_default2018	kcal/mol (empirical score, not a measured free energy)	39.17	4	0.921	0.3707	1	1	1	1	1	0.921	1	1	0.921	0	genconf	ligand_centred	2026-09-24T10:20:54+08:00
arm	A2_genconf_refbox	gnina	astex	1IA1_TQ3	20260922	ok		5	-9.3	gnina_cnn:rescore:crossdock_default2018	kcal/mol (empirical score, not a measured free energy)	26.92	4	0.3081	0.1956	1	1	1	1	1	0.3081	1	1	0.3081	0	genconf	ligand_centred	2026-09-24T10:21:01+08:00
arm	A2_genconf_refbox	gnina	astex	1IG3_VIB	20260922	ok		5	-7.76	gnina_cnn:rescore:crossdock_default2018	kcal/mol (empirical score, not a measured free energy)	28.21	4	1.0225	0.9137	1	1	0	1	0	1.0225	1	1	1.0225	0	genconf	ligand_centred	2026-09-24T10:21:04+08:00
arm	A1_refconf_refbox	vinardo	posebusters	8D5D_5DK	20260922	ok		5	-10.9	vinardo	kcal/mol (empirical score, not a measured free energy)	163.27	5	0.7356	0.6568	1	1	1	1	1	0.7356	1	1	1.2623	0	refconf	ligand_centred	2026-09-24T10:19:51+08:00
arm	A2_genconf_refbox	gnina	astex	1JD0_AZM	20260922	ok		5	-5.42	gnina_cnn:rescore:crossdock_default2018	kcal/mol (empirical score, not a measured free energy)	22.13	4	3.1338	1.3363	1	0	0	0	0	3.0087	0	0	3.2761	0	genconf	ligand_centred	2026-09-24T10:21:06+08:00
arm	A2_genconf_refbox	gnina	astex	1HWW_SWA	20260922	ok		5	-6.95	gnina_cnn:rescore:crossdock_default2018	kcal/mol (empirical score, not a measured free energy)	20.63	4	3.8167	0.3672	1	0	0	0	0	3.2772	0	0	3.8167	0	genconf	ligand_centred	2026-09-24T10:20:56+08:00
arm	A2_genconf_refbox	gnina	astex	1JJE_BYS	20260922	ok		5	-8.43	gnina_cnn:rescore:crossdock_default2018	kcal/mol (empirical score, not a measured free energy)	57.42	4	1.0452	0.8762	1	1	0	1	0	1.0452	1	1	1.4754	0	genconf	ligand_centred	2026-09-24T10:21:12+08:00
arm	A2_genconf_refbox	gnina	astex	1KE5_LS1	20260922	ok		5	-9.39	gnina_cnn:rescore:crossdock_default2018	kcal/mol (empirical score, not a measured free energy)	34.77	4	1.3363	1.2027	1	1	0	1	0	1.3363	1	1	1.3363	0	genconf	ligand_centred	2026-09-24T10:21:15+08:00
arm	A2_genconf_refbox	gnina	astex	1J3J_CP6	20260922	ok		5	-9.18	gnina_cnn:rescore:crossdock_default2018	kcal/mol (empirical score, not a measured free energy)	24.91	4	0.3325	0.1827	1	1	1	1	1	0.3325	1	1	0.3325	0	genconf	ligand_centred	2026-09-24T10:21:05+08:00
arm	A2_genconf_refbox	gnina	astex	1K3U_IAD	20260922	ok		5	-10.9	gnina_cnn:rescore:crossdock_default2018	kcal/mol (empirical score, not a measured free energy)	61.44	4	0.6726	0.6398	1	1	1	1	1	0.6726	1	1	0.6726	0	genconf	ligand_centred	2026-09-24T10:21:20+08:00
arm	A1_refconf_refbox	vinardo	posebusters	8G0V_YHT	20260922	ok		5	-9.7	vinardo	kcal/mol (empirical score, not a measured free energy)	92.28	5	1.5686	1.2113	1	1	0	1	0	1.5686	1	1	1.5686	0	refconf	ligand_centred	2026-09-24T10:20:14+08:00
arm	A2_genconf_refbox	gnina	astex	1L2S_STC	20260922	ok		5	-7.59	gnina_cnn:rescore:crossdock_default2018	kcal/mol (empirical score, not a measured free energy)	31.58	4	3.2054	1.1728	1	0	0	0	0	0.9074	1	1	3.3641	0	genconf	ligand_centred	2026-09-24T10:21:26+08:00
arm	A2_genconf_refbox	gnina	astex	1L7F_BCZ	20260922	ok		5	-6.89	gnina_cnn:rescore:crossdock_default2018	kcal/mol (empirical score, not a measured free energy)	52.54	4	3.5391	2.7612	1	0	0	0	0	1.8901	1	1	3.599	0	genconf	ligand_centred	2026-09-24T10:21:29+08:00
arm	A2_genconf_refbox	gnina	astex	1LRH_NLA	20260922	ok		5	-3.91	gnina_cnn:rescore:crossdock_default2018	kcal/mol (empirical score, not a measured free energy)	16.48	4	10.5316	0.4035	1	0	0	0	0	0.6272	1	1	10.5316	0	genconf	ligand_centred	2026-09-24T10:21:28+08:00
arm	A2_genconf_refbox	gnina	astex	1JLA_TNK	20260922	ok		5	-11.67	gnina_cnn:rescore:crossdock_default2018	kcal/mol (empirical score, not a measured free energy)	67.14	4	0.5506	0.4308	1	1	1	1	1	0.5506	1	1	0.5506	0	genconf	ligand_centred	2026-09-24T10:21:20+08:00
arm	A2_genconf_refbox	gnina	astex	1HVY_D16	20260922	ok		5	-10.1	gnina_cnn:rescore:crossdock_default2018	kcal/mol (empirical score, not a measured free energy)	111.03	4	9.156	2.8663	1	0	0	0	0	2.6087	0	0	9.1576	0	genconf	ligand_centred	2026-09-24T10:21:10+08:00
arm	A2_genconf_refbox	gnina	astex	1LPZ_CMB	20260922	ok		5	-10.53	gnina_cnn:rescore:crossdock_default2018	kcal/mol (empirical score, not a measured free energy)	81.29	4	0.8286	0.6474	1	1	1	1	1	0.8286	1	1	0.8286	0	genconf	ligand_centred	2026-09-24T10:21:38+08:00
arm	A2_genconf_refbox	gnina	astex	1MEH_MOA	20260922	ok		5	-7.28	gnina_cnn:rescore:crossdock_default2018	kcal/mol (empirical score, not a measured free energy)	39.35	4	2.5168	1.8263	1	0	0	0	0	1.2023	1	1	2.5168	0	genconf	ligand_centred	2026-09-24T10:21:40+08:00
arm	A2_genconf_refbox	gnina	astex	1HWI_115	20260922	ok		5	-7.89	gnina_cnn:rescore:crossdock_default2018	kcal/mol (empirical score, not a measured free energy)	95.15	4	2.6761	1.8616	1	0	0	0	0	0.8531	1	1	2.8019	0	genconf	ligand_centred	2026-09-24T10:21:09+08:00
arm	A2_genconf_refbox	gnina	astex	1M2Z_DEX	20260922	ok		5	-13.24	gnina_cnn:rescore:crossdock_default2018	kcal/mol (empirical score, not a measured free energy)	35.46	4	0.6614	0.5604	1	1	1	1	1	0.6614	1	1	0.6614	0	genconf	ligand_centred	2026-09-24T10:21:35+08:00
arm	A2_genconf_refbox	gnina	astex	1N2J_PAF	20260922	ok		5	-4.65	gnina_cnn:rescore:crossdock_default2018	kcal/mol (empirical score, not a measured free energy)	18.41	4	1.675	0.4112	1	1	0	1	0	1.4765	1	1	1.881	0	genconf	ligand_centred	2026-09-24T10:21:43+08:00
arm	A2_genconf_refbox	gnina	astex	1N2V_BDI	20260922	ok		5	-7.05	gnina_cnn:rescore:crossdock_default2018	kcal/mol (empirical score, not a measured free energy)	25.92	4	0.5695	0.5247	1	1	1	1	1	0.5695	1	1	2.574	1	genconf	ligand_centred	2026-09-24T10:21:47+08:00
arm	A2_genconf_refbox	gnina	astex	1NAV_IH5	20260922	ok		5	-10.95	gnina_cnn:rescore:crossdock_default2018	kcal/mol (empirical score, not a measured free energy)	52.04	4	0.6462	0.5734	1	1	1	1	1	0.6462	1	1	0.9769	0	genconf	ligand_centred	2026-09-24T10:21:50+08:00
arm	A2_genconf_refbox	gnina	astex	1KZK_JE2	20260922	ok		5	-12.05	gnina_cnn:rescore:crossdock_default2018	kcal/mol (empirical score, not a measured free energy)	165.84	4	1.9371	1.8765	1	1	0	1	0	0.7593	1	1	2.137	1	genconf	ligand_centred	2026-09-24T10:21:48+08:00
arm	A2_genconf_refbox	gnina	astex	1OF1_SCT	20260922	ok		5	-8.11	gnina_cnn:rescore:crossdock_default2018	kcal/mol (empirical score, not a measured free energy)	25.81	4	1.6632	1.1698	1	1	0	1	0	1.6632	1	1	1.6632	0	genconf	ligand_centred	2026-09-24T10:21:49+08:00
arm	A2_genconf_refbox	gnina	astex	1OWE_675	20260922	ok		5	-8.17	gnina_cnn:rescore:crossdock_default2018	kcal/mol (empirical score, not a measured free energy)	30.1	4	1.3792	1.2557	1	1	0	1	0	0.3323	1	1	1.54	0	genconf	ligand_centred	2026-09-24T10:21:57+08:00
arm	A2_genconf_refbox	gnina	astex	1MMV_3AR	20260922	ok		5	-6.77	gnina_cnn:rescore:crossdock_default2018	kcal/mol (empirical score, not a measured free energy)	43.26	4	6.838	1.4987	1	0	0	0	0	2.7395	0	0	6.8553	0	genconf	ligand_centred	2026-09-24T10:21:47+08:00
arm	A2_genconf_refbox	gnina	astex	1N46_PFA	20260922	ok		5	-11.99	gnina_cnn:rescore:crossdock_default2018	kcal/mol (empirical score, not a measured free energy)	77.96	4	0.423	0.3292	1	1	1	1	1	0.423	1	1	0.8124	0	genconf	ligand_centred	2026-09-24T10:21:56+08:00
arm	A2_genconf_refbox	gnina	astex	1OPK_P16	20260922	ok		5	-12.43	gnina_cnn:rescore:crossdock_default2018	kcal/mol (empirical score, not a measured free energy)	61.16	4	0.6009	0.5306	1	1	1	1	1	0.6009	1	1	0.6009	0	genconf	ligand_centred	2026-09-24T10:21:59+08:00
arm	A2_genconf_refbox	gnina	astex	1OQ5_CEL	20260922	ok		5	-8.44	gnina_cnn:rescore:crossdock_default2018	kcal/mol (empirical score, not a measured free energy)	50.89	4	4.4817	1.1215	1	0	0	0	0	0.8966	1	1	4.5275	0	genconf	ligand_centred	2026-09-24T10:22:02+08:00
arm	A2_genconf_refbox	gnina	astex	1P2Y_NCT	20260922	ok		5	8.97	gnina_cnn:rescore:crossdock_default2018	kcal/mol (empirical score, not a measured free energy)	18.75	4	13.6591	1.1496	0	0	0	0	0	3.1738	0	0	13.6591	0	genconf	ligand_centred	2026-09-24T10:22:02+08:00
arm	A2_genconf_refbox	gnina	astex	1P62_GEO	20260922	ok		5	-8.39	gnina_cnn:rescore:crossdock_default2018	kcal/mol (empirical score, not a measured free energy)	24.97	4	0.9145	0.7217	1	1	1	1	1	0.9145	1	1	1.0953	0	genconf	ligand_centred	2026-09-24T10:22:05+08:00
arm	A2_genconf_refbox	gnina	astex	1OYT_FSN	20260922	ok		5	-8.85	gnina_cnn:rescore:crossdock_default2018	kcal/mol (empirical score, not a measured free energy)	64.39	4	5.3706	1.878	1	0	0	0	0	1.6576	1	1	5.4029	0	genconf	ligand_centred	2026-09-24T10:22:06+08:00
arm	A2_genconf_refbox	gnina	astex	1Q41_IXM	20260922	ok		5	-10.62	gnina_cnn:rescore:crossdock_default2018	kcal/mol (empirical score, not a measured free energy)	26.8	4	0.3387	0.1263	1	1	1	1	1	0.3387	1	1	0.3387	0	genconf	ligand_centred	2026-09-24T10:22:07+08:00
arm	A2_genconf_refbox	gnina	astex	1PMN_984	20260922	ok		5	-9.97	gnina_cnn:rescore:crossdock_default2018	kcal/mol (empirical score, not a measured free energy)	83.15	4	0.8134	0.669	1	1	1	1	1	0.8134	1	1	1.1339	0	genconf	ligand_centred	2026-09-24T10:22:12+08:00
arm	A2_genconf_refbox	gnina	astex	1R55_097	20260922	ok		5	-7.33	gnina_cnn:rescore:crossdock_default2018	kcal/mol (empirical score, not a measured free energy)	52.08	4	1.3157	1.1181	1	1	0	1	0	1.3157	1	1	1.6219	0	genconf	ligand_centred	2026-09-24T10:22:17+08:00
arm	A2_genconf_refbox	gnina	astex	1N1M_A3M	20260922	ok		5	-4.05	gnina_cnn:rescore:crossdock_default2018	kcal/mol (empirical score, not a measured free energy)	18.35	4	10.8985	0.5687	1	0	0	0	0	4.6805	0	0	10.9581	0	genconf	ligand_centred	2026-09-24T10:21:42+08:00
arm	A2_genconf_refbox	gnina	astex	1R9O_FLP	20260922	ok		5	-8.66	gnina_cnn:rescore:crossdock_default2018	kcal/mol (empirical score, not a measured free energy)	26.34	4	1.6637	1.4332	1	1	0	1	0	0.4627	1	1	1.6637	0	genconf	ligand_centred	2026-09-24T10:22:20+08:00
arm	A2_genconf_refbox	gnina	astex	1R58_AO5	20260922	ok		5	-7.75	gnina_cnn:rescore:crossdock_default2018	kcal/mol (empirical score, not a measured free energy)	56.37	4	1.4885	0.9334	1	1	0	1	0	1.4885	1	1	1.6338	0	genconf	ligand_centred	2026-09-24T10:22:22+08:00
arm	A2_genconf_refbox	gnina	astex	1SG0_STL	20260922	ok		5	-11.46	gnina_cnn:rescore:crossdock_default2018	kcal/mol (empirical score, not a measured free energy)	23.24	4	7.3529	0.1044	1	0	0	0	0	0.9431	1	1	7.4476	0	genconf	ligand_centred	2026-09-24T10:22:26+08:00
arm	A2_genconf_refbox	gnina	astex	1R1H_BIR	20260922	ok		5	-10.39	gnina_cnn:rescore:crossdock_default2018	kcal/mol (empirical score, not a measured free energy)	90.53	4	1.133	0.8615	1	1	0	1	0	1.133	1	1	1.4943	0	genconf	ligand_centred	2026-09-24T10:22:24+08:00
arm	A2_genconf_refbox	gnina	astex	1Q4G_BFL	20260922	ok		5	-9.23	gnina_cnn:rescore:crossdock_default2018	kcal/mol (empirical score, not a measured free energy)	28.07	4	0.4496	0.1729	1	1	1	1	1	0.4303	1	1	1.2613	0	genconf	ligand_centred	2026-09-24T10:22:09+08:00
arm	A2_genconf_refbox	gnina	astex	1Q1G_MTI	20260922	ok		5	-8.47	gnina_cnn:rescore:crossdock_default2018	kcal/mol (empirical score, not a measured free energy)	37.23	4	1.9016	0.7186	1	1	0	1	0	0.806	1	1	1.9016	0	genconf	ligand_centred	2026-09-24T10:22:07+08:00
arm	A2_genconf_refbox	gnina	astex	1S3V_TQD	20260922	ok		5	-9.64	gnina_cnn:rescore:crossdock_default2018	kcal/mol (empirical score, not a measured free energy)	63.82	4	0.4555	0.3137	1	1	1	1	1	0.4555	1	1	0.4555	0	genconf	ligand_centred	2026-09-24T10:22:38+08:00
arm	A1_refconf_refbox	gnina	posebusters	8F4J_PHO	20260922	ok		5	7.77	gnina_cnn:rescore:crossdock_default2018	kcal/mol (empirical score, not a measured free energy)	749.88	4	12.5928	3.7755	0	0	0	0	0	7.1536	0	0	12.5986	0	refconf	ligand_centred	2026-09-24T09:37:50+08:00
arm	A2_genconf_refbox	gnina	astex	1SQN_NDR	20260922	ok		5	-11.77	gnina_cnn:rescore:crossdock_default2018	kcal/mol (empirical score, not a measured free energy)	21.5	4	0.578	0.4504	1	1	1	1	1	0.578	1	1	0.578	0	genconf	ligand_centred	2026-09-24T10:22:41+08:00
arm	A2_genconf_refbox	gnina	astex	1S19_MC9	20260922	ok		5	-10.81	gnina_cnn:rescore:crossdock_default2018	kcal/mol (empirical score, not a measured free energy)	63.52	4	1.5535	1.2694	1	1	0	1	0	1.5535	1	1	1.5656	0	genconf	ligand_centred	2026-09-24T10:22:32+08:00
arm	A2_genconf_refbox	gnina	astex	1TOW_CRZ	20260922	ok		5	-8.05	gnina_cnn:rescore:crossdock_default2018	kcal/mol (empirical score, not a measured free energy)	30.83	4	0.7107	0.538	1	1	1	1	1	0.7107	1	1	3.766	1	genconf	ligand_centred	2026-09-24T10:22:55+08:00
arm	A2_genconf_refbox	gnina	astex	1T40_ID5	20260922	ok		5	-11.24	gnina_cnn:rescore:crossdock_default2018	kcal/mol (empirical score, not a measured free energy)	58.01	4	1.3242	1.0636	1	1	0	1	0	1.3242	1	1	1.3242	0	genconf	ligand_centred	2026-09-24T10:22:49+08:00
arm	A2_genconf_refbox	gnina	astex	1SJ0_E4D	20260922	ok		5	-11.22	gnina_cnn:rescore:crossdock_default2018	kcal/mol (empirical score, not a measured free energy)	71.01	4	1.7593	1.3912	1	1	0	1	0	0.8443	1	1	1.9714	0	genconf	ligand_centred	2026-09-24T10:22:47+08:00
arm	A2_genconf_refbox	gnina	astex	1TZ8_DES	20260922	ok		5	-8.61	gnina_cnn:rescore:crossdock_default2018	kcal/mol (empirical score, not a measured free energy)	38.47	4	2.3477	0.4784	1	0	0	0	0	0.8661	1	1	6.5679	0	genconf	ligand_centred	2026-09-24T10:22:58+08:00
arm	A2_genconf_refbox	gnina	astex	1TT1_KAI	20260922	ok		5	-5.56	gnina_cnn:rescore:crossdock_default2018	kcal/mol (empirical score, not a measured free energy)	28.64	4	2.1675	1.2109	1	0	0	0	0	2.1675	0	0	2.3221	0	genconf	ligand_centred	2026-09-24T10:22:58+08:00
arm	A2_genconf_refbox	gnina	astex	1SQ5_PAU	20260922	ok		5	-5.29	gnina_cnn:rescore:crossdock_default2018	kcal/mol (empirical score, not a measured free energy)	24.19	4	13.6427	1.7161	1	0	0	0	0	5.517	0	0	13.6781	0	genconf	ligand_centred	2026-09-24T10:22:27+08:00
arm	A2_genconf_refbox	gnina	astex	1T46_STI	20260922	ok		5	-12.17	gnina_cnn:rescore:crossdock_default2018	kcal/mol (empirical score, not a measured free energy)	95.01	4	1.7196	1.5412	1	1	0	1	0	0.8509	1	1	1.7196	0	genconf	ligand_centred	2026-09-24T10:23:00+08:00
arm	A2_genconf_refbox	gnina	astex	1UOU_CMU	20260922	ok		5	-7.65	gnina_cnn:rescore:crossdock_default2018	kcal/mol (empirical score, not a measured free energy)	23.49	4	1.5052	1.0842	1	1	0	1	0	1.5052	1	1	1.5052	0	genconf	ligand_centred	2026-09-24T10:23:08+08:00
arm	A2_genconf_refbox	gnina	astex	1V48_HA1	20260922	ok		5	-8.77	gnina_cnn:rescore:crossdock_default2018	kcal/mol (empirical score, not a measured free energy)	43.29	4	0.6615	0.5875	1	1	1	1	1	0.6615	1	1	1.3327	0	genconf	ligand_centred	2026-09-24T10:23:10+08:00
arm	A2_genconf_refbox	gnina	astex	1V0P_PVB	20260922	ok		5	-8.95	gnina_cnn:rescore:crossdock_default2018	kcal/mol (empirical score, not a measured free energy)	71.53	4	1.6259	1.4054	1	1	0	1	0	1.5743	1	1	1.7363	0	genconf	ligand_centred	2026-09-24T10:23:13+08:00
arm	A2_genconf_refbox	gnina	astex	1T9B_1CS	20260922	ok		5	-8.66	gnina_cnn:rescore:crossdock_default2018	kcal/mol (empirical score, not a measured free energy)	32.21	4	2.198	2.1447	1	0	0	0	0	1.5818	1	1	2.198	0	genconf	ligand_centred	2026-09-24T10:22:48+08:00
arm	A2_genconf_refbox	gnina	astex	1UML_FR4	20260922	ok		5	-10.16	gnina_cnn:rescore:crossdock_default2018	kcal/mol (empirical score, not a measured free energy)	108.49	4	1.0627	0.9976	1	1	0	1	0	1.0627	1	1	1.3536	0	genconf	ligand_centred	2026-09-24T10:23:17+08:00
arm	A2_genconf_refbox	gnina	astex	1UNL_RRC	20260922	ok		5	-8.87	gnina_cnn:rescore:crossdock_default2018	kcal/mol (empirical score, not a measured free energy)	61.64	4	0.585	0.5044	1	1	1	1	1	0.585	1	1	1.2997	0	genconf	ligand_centred	2026-09-24T10:23:09+08:00
arm	A2_genconf_refbox	gnina	astex	1V4S_MRK	20260922	ok		5	-8.93	gnina_cnn:rescore:crossdock_default2018	kcal/mol (empirical score, not a measured free energy)	50.72	4	0.6747	0.5156	1	1	1	1	1	0.6747	1	1	0.6747	0	genconf	ligand_centred	2026-09-24T10:23:25+08:00
arm	A2_genconf_refbox	gnina	astex	1W2G_THM	20260922	ok		5	-9.17	gnina_cnn:rescore:crossdock_default2018	kcal/mol (empirical score, not a measured free energy)	29.41	4	0.9159	0.7411	1	1	1	1	1	0.826	1	1	0.9159	0	genconf	ligand_centred	2026-09-24T10:23:27+08:00
arm	A2_genconf_refbox	gnina	astex	1X8X_TYR	20260922	ok		5	-7.25	gnina_cnn:rescore:crossdock_default2018	kcal/mol (empirical score, not a measured free energy)	32.64	4	0.7407	0.4812	1	1	1	1	1	0.7407	1	1	1.5258	0	genconf	ligand_centred	2026-09-24T10:23:30+08:00
arm	A2_genconf_refbox	gnina	astex	1XOZ_CIA	20260922	ok		5	-11.88	gnina_cnn:rescore:crossdock_default2018	kcal/mol (empirical score, not a measured free energy)	45.83	4	0.4511	0.2287	1	1	1	1	1	0.4511	1	1	0.4511	0	genconf	ligand_centred	2026-09-24T10:23:34+08:00
arm	A2_genconf_refbox	gnina	astex	1VCJ_IBA	20260922	ok		5	-8.45	gnina_cnn:rescore:crossdock_default2018	kcal/mol (empirical score, not a measured free energy)	82.65	4	1.3521	0.8062	1	1	0	1	0	1.3521	1	1	1.9265	0	genconf	ligand_centred	2026-09-24T10:23:33+08:00
arm	A2_genconf_refbox	gnina	astex	1W1P_GIO	20260922	ok		5	-4.75	gnina_cnn:rescore:crossdock_default2018	kcal/mol (empirical score, not a measured free energy)	14.06	4	7.2018	0.1584	1	0	0	0	0	1.173	1	1	7.2018	0	genconf	ligand_centred	2026-09-24T10:23:18+08:00
arm	A2_genconf_refbox	gnina	astex	1XM6_5RM	20260922	ok		5	-8.43	gnina_cnn:rescore:crossdock_default2018	kcal/mol (empirical score, not a measured free energy)	37.95	4	2.1724	1.8599	1	0	0	0	0	2.1724	0	0	2.1724	0	genconf	ligand_centred	2026-09-24T10:23:31+08:00
arm	A2_genconf_refbox	gnina	astex	1XOQ_ROF	20260922	ok		5	-8.25	gnina_cnn:rescore:crossdock_default2018	kcal/mol (empirical score, not a measured free energy)	62.42	4	5.8645	1.0242	0	0	0	0	0	0.5334	1	1	5.8757	0	genconf	ligand_centred	2026-09-24T10:23:36+08:00
arm	A2_genconf_refbox	gnina	astex	1U1C_BAU	20260922	ok		5	-9.73	gnina_cnn:rescore:crossdock_default2018	kcal/mol (empirical score, not a measured free energy)	49.42	4	1.644	1.415	1	1	0	1	0	1.644	1	1	1.9759	0	genconf	ligand_centred	2026-09-24T10:23:00+08:00
arm	A2_genconf_refbox	gnina	astex	1YQY_915	20260922	ok		5	-8.95	gnina_cnn:rescore:crossdock_default2018	kcal/mol (empirical score, not a measured free energy)	40.88	4	1.0367	0.98	0	1	0	0	0	1.0367	1	0	1.2753	0	genconf	ligand_centred	2026-09-24T10:23:44+08:00
arm	A2_genconf_refbox	gnina	astex	1YV3_BIT	20260922	ok		5	-13.21	gnina_cnn:rescore:crossdock_default2018	kcal/mol (empirical score, not a measured free energy)	23.12	4	0.6278	0.155	1	1	1	1	1	0.6278	1	1	0.6278	0	genconf	ligand_centred	2026-09-24T10:23:41+08:00
arm	A2_genconf_refbox	gnina	astex	1Y6B_AAX	20260922	ok		5	-9.33	gnina_cnn:rescore:crossdock_default2018	kcal/mol (empirical score, not a measured free energy)	96.42	4	1.0087	0.9551	1	1	0	1	0	1.0087	1	1	1.1846	0	genconf	ligand_centred	2026-09-24T10:23:46+08:00
arm	A2_genconf_refbox	gnina	astex	1Z95_198	20260922	ok		5	-11.35	gnina_cnn:rescore:crossdock_default2018	kcal/mol (empirical score, not a measured free energy)	67.72	4	0.5138	0.3119	1	1	1	1	1	0.5138	1	1	1.0337	0	genconf	ligand_centred	2026-09-24T10:23:54+08:00
arm	A2_genconf_refbox	gnina	astex	1YVF_PH7	20260922	ok		5	-8.9	gnina_cnn:rescore:crossdock_default2018	kcal/mol (empirical score, not a measured free energy)	55.38	4	0.6078	0.5144	1	1	1	1	1	0.6078	1	1	1.092	0	genconf	ligand_centred	2026-09-24T10:23:49+08:00
arm	A2_genconf_refbox	gnina	astex	1YWR_LI9	20260922	ok		5	-9.84	gnina_cnn:rescore:crossdock_default2018	kcal/mol (empirical score, not a measured free energy)	74.42	4	0.7899	0.6353	1	1	1	1	1	0.7899	1	1	1.6078	0	genconf	ligand_centred	2026-09-24T10:23:54+08:00
arm	A2_genconf_refbox	gnina	astex	2BR1_PFP	20260922	ok		5	-7.76	gnina_cnn:rescore:crossdock_default2018	kcal/mol (empirical score, not a measured free energy)	54.67	4	0.985	0.7426	1	1	1	1	1	0.985	1	1	1.5634	0	genconf	ligand_centred	2026-09-24T10:24:03+08:00
arm	A2_genconf_refbox	gnina	astex	1YGC_905	20260922	ok		5	-10.39	gnina_cnn:rescore:crossdock_default2018	kcal/mol (empirical score, not a measured free energy)	158.11	4	3.417	2.5956	1	0	0	0	0	2.3635	0	0	3.4552	0	genconf	ligand_centred	2026-09-24T10:23:55+08:00
arm	A2_genconf_refbox	gnina	astex	2BSM_BSM	20260922	ok		5	-9.58	gnina_cnn:rescore:crossdock_default2018	kcal/mol (empirical score, not a measured free energy)	39.43	4	0.6533	0.5549	1	1	1	1	1	0.6533	1	1	1.0736	0	genconf	ligand_centred	2026-09-24T10:24:04+08:00
arm	A2_genconf_refbox	gnina	posebusters	5SAK_ZRY	20260922	ok		5	-9.48	gnina_cnn:rescore:crossdock_default2018	kcal/mol (empirical score, not a measured free energy)	24.81	4	0.3757	0.0857	1	1	1	1	1	0.3757	1	1	0.3757	0	genconf	ligand_centred	2026-09-24T10:24:06+08:00
arm	A2_genconf_refbox	gnina	posebusters	6M2B_EZO	20260922	ok		5	-10.49	gnina_cnn:rescore:crossdock_default2018	kcal/mol (empirical score, not a measured free energy)	38.8	4	1.692	1.4948	1	1	0	1	0	1.692	1	1	1.8015	0	genconf	ligand_centred	2026-09-24T10:24:11+08:00
arm	A2_genconf_refbox	gnina	posebusters	5SB2_1K2	20260922	ok		5	-12.45	gnina_cnn:rescore:crossdock_default2018	kcal/mol (empirical score, not a measured free energy)	58.27	4	0.4809	0.3388	1	1	1	1	1	0.4809	1	1	0.9919	0	genconf	ligand_centred	2026-09-24T10:24:11+08:00
arm	A2_genconf_refbox	gnina	posebusters	5SIS_JSM	20260922	ok		5	-8.13	gnina_cnn:rescore:crossdock_default2018	kcal/mol (empirical score, not a measured free energy)	85.02	4	4.531	2.1148	1	0	0	0	0	4.5187	0	0	4.531	0	genconf	ligand_centred	2026-09-24T10:24:15+08:00
arm	A2_genconf_refbox	gnina	astex	2BM2_PM2	20260922	ok		5	-9.03	gnina_cnn:rescore:crossdock_default2018	kcal/mol (empirical score, not a measured free energy)	64.27	4	0.6125	0.3667	1	1	1	1	1	0.6125	1	1	1.0989	0	genconf	ligand_centred	2026-09-24T10:24:03+08:00
arm	A2_genconf_refbox	gnina	posebusters	5SD5_HWI	20260922	ok		5	-8.96	gnina_cnn:rescore:crossdock_default2018	kcal/mol (empirical score, not a measured free energy)	93.55	4	1.3743	0.8933	1	1	0	1	0	1.3743	1	1	1.3743	0	genconf	ligand_centred	2026-09-24T10:24:18+08:00
arm	A2_genconf_refbox	gnina	posebusters	6TW7_NZB	20260922	ok		5	-9.89	gnina_cnn:rescore:crossdock_default2018	kcal/mol (empirical score, not a measured free energy)	54.86	4	6.858	2.0728	1	0	0	0	0	0.9404	1	1	6.8583	0	genconf	ligand_centred	2026-09-24T10:24:22+08:00
arm	A2_genconf_refbox	gnina	posebusters	6M73_FNR	20260922	ok		5	-14.07	gnina_cnn:rescore:crossdock_default2018	kcal/mol (empirical score, not a measured free energy)	93.34	4	0.531	0.5087	1	1	1	1	1	0.531	1	1	0.8352	0	genconf	ligand_centred	2026-09-24T10:24:24+08:00
arm	A2_genconf_refbox	gnina	posebusters	6T88_MWQ	20260922	ok		5	-6.04	gnina_cnn:rescore:crossdock_default2018	kcal/mol (empirical score, not a measured free energy)	20.09	4	0.6537	0.3045	1	1	1	1	1	0.6537	1	1	0.6537	0	genconf	ligand_centred	2026-09-24T10:24:13+08:00
arm	A2_genconf_refbox	gnina	astex	1OF6_DTY	20260922	ok		5	-8.95	gnina_cnn:rescore:crossdock_default2018	kcal/mol (empirical score, not a measured free energy)	27.65	4	0.7201	0.4741	1	1	1	1	1	0.7143	1	1	0.9308	0	genconf	ligand_centred	2026-09-24T10:21:52+08:00
arm	A2_genconf_refbox	gnina	posebusters	6XBO_5MC	20260922	ok		5	-8.98	gnina_cnn:rescore:crossdock_default2018	kcal/mol (empirical score, not a measured free energy)	42.38	4	0.7504	0.6073	1	1	1	1	1	0.6945	1	1	1.0695	0	genconf	ligand_centred	2026-09-24T10:24:30+08:00
arm	A2_genconf_refbox	gnina	posebusters	6WTN_RXT	20260922	ok		5	-8.95	gnina_cnn:rescore:crossdock_default2018	kcal/mol (empirical score, not a measured free energy)	35.64	4	0.4619	0.3069	1	1	1	1	1	0.4619	1	1	0.4619	0	genconf	ligand_centred	2026-09-24T10:24:30+08:00
arm	A2_genconf_refbox	gnina	posebusters	6YQW_82I	20260922	ok		5	-5.61	gnina_cnn:rescore:crossdock_default2018	kcal/mol (empirical score, not a measured free energy)	16.82	4	0.5398	0.2827	1	1	1	1	1	0.5398	1	1	0.5398	0	genconf	ligand_centred	2026-09-24T10:24:40+08:00
arm	A2_genconf_refbox	gnina	posebusters	6XG5_TOP	20260922	ok		5	-7.86	gnina_cnn:rescore:crossdock_default2018	kcal/mol (empirical score, not a measured free energy)	35.11	4	0.5513	0.5434	1	1	1	1	1	0.5289	1	1	2.8822	1	genconf	ligand_centred	2026-09-24T10:24:34+08:00
arm	A2_genconf_refbox	gnina	posebusters	6YQV_8K2	20260922	ok		5	-4.99	gnina_cnn:rescore:crossdock_default2018	kcal/mol (empirical score, not a measured free energy)	15.23	4	2.5071	0.5517	1	0	0	0	0	1.3045	1	1	2.5071	0	genconf	ligand_centred	2026-09-24T10:24:35+08:00
arm	A2_genconf_refbox	gnina	posebusters	6YRV_PJ8	20260922	ok		5	-7.71	gnina_cnn:rescore:crossdock_default2018	kcal/mol (empirical score, not a measured free energy)	44.92	4	1.1331	0.8764	1	1	0	1	0	0.7942	1	1	6.9615	1	genconf	ligand_centred	2026-09-24T10:24:44+08:00
arm	A2_genconf_refbox	gnina	posebusters	6XM9_V55	20260922	ok		5	-4.19	gnina_cnn:rescore:crossdock_default2018	kcal/mol (empirical score, not a measured free energy)	13.64	4	11.3431	0.3997	1	0	0	0	0	0.8548	1	1	11.3431	0	genconf	ligand_centred	2026-09-24T10:24:34+08:00
arm	A2_genconf_refbox	gnina	posebusters	6VTA_AKN	20260922	ok		5	-7.91	gnina_cnn:rescore:crossdock_default2018	kcal/mol (empirical score, not a measured free energy)	167.82	4	2.0036	1.5562	1	0	0	0	0	2.0036	0	0	2.0036	0	genconf	ligand_centred	2026-09-24T10:24:35+08:00
arm	A2_genconf_refbox	gnina	posebusters	6YMS_OZH	20260922	ok		5	-8.0	gnina_cnn:rescore:crossdock_default2018	kcal/mol (empirical score, not a measured free energy)	138.91	4	3.2668	2.1782	1	0	0	0	0	3.2668	0	0	3.397	0	genconf	ligand_centred	2026-09-24T10:24:45+08:00
arm	A2_genconf_refbox	gnina	posebusters	6Z0R_Q4H	20260922	ok		5	-4.76	gnina_cnn:rescore:crossdock_default2018	kcal/mol (empirical score, not a measured free energy)	12.19	4	0.406	0.0405	1	1	1	1	1	0.406	1	1	0.406	0	genconf	ligand_centred	2026-09-24T10:24:57+08:00
arm	A2_genconf_refbox	gnina	posebusters	6XCT_478	20260922	ok		5	-8.79	gnina_cnn:rescore:crossdock_default2018	kcal/mol (empirical score, not a measured free energy)	135.9	4	1.6841	1.56	1	1	0	1	0	0.9471	1	1	1.7772	0	genconf	ligand_centred	2026-09-24T10:24:38+08:00
arm	A2_genconf_refbox	gnina	posebusters	6TW5_9M2	20260922	ok		5	-11.03	gnina_cnn:rescore:crossdock_default2018	kcal/mol (empirical score, not a measured free energy)	71.65	4	1.755	1.5916	1	1	0	1	0	0.4761	1	1	1.755	0	genconf	ligand_centred	2026-09-24T10:24:26+08:00
arm	A2_genconf_refbox	gnina	posebusters	6YYO_Q1K	20260922	ok		5	-7.82	gnina_cnn:rescore:crossdock_default2018	kcal/mol (empirical score, not a measured free energy)	24.87	4	1.9248	1.071	1	1	0	1	0	1.9248	1	1	1.9248	0	genconf	ligand_centred	2026-09-24T10:24:58+08:00
arm	A2_genconf_refbox	gnina	posebusters	6Z1C_7EY	20260922	ok		5	-8.36	gnina_cnn:rescore:crossdock_default2018	kcal/mol (empirical score, not a measured free energy)	45.87	4	0.4902	0.1601	1	1	1	1	1	0.4902	1	1	0.821	0	genconf	ligand_centred	2026-09-24T10:25:08+08:00
arm	A1_refconf_refbox	vinardo	posebusters	7SUC_COM	20260922	ok		5	-4.8	vinardo	kcal/mol (empirical score, not a measured free energy)	10.65	5	3.8871	0.3649	1	0	0	0	0	0.6709	1	1	3.9497	0	refconf	ligand_centred	2026-09-24T10:15:40+08:00
arm	A2_genconf_refbox	gnina	posebusters	6Z14_Q4Z	20260922	ok		5	-7.25	gnina_cnn:rescore:crossdock_default2018	kcal/mol (empirical score, not a measured free energy)	30.02	4	5.9386	0.9165	1	0	0	0	0	0.6094	1	1	5.9886	0	genconf	ligand_centred	2026-09-24T10:25:01+08:00
arm	A2_genconf_refbox	gnina	posebusters	6YT6_PKE	20260922	ok		5	-9.73	gnina_cnn:rescore:crossdock_default2018	kcal/mol (empirical score, not a measured free energy)	88.16	4	0.4704	0.181	1	1	1	1	1	0.4704	1	1	0.7846	0	genconf	ligand_centred	2026-09-24T10:25:03+08:00
arm	A2_genconf_refbox	gnina	posebusters	6ZC3_JOR	20260922	ok		5	-6.73	gnina_cnn:rescore:crossdock_default2018	kcal/mol (empirical score, not a measured free energy)	30.07	4	0.4721	0.1807	1	1	1	1	1	0.4721	1	1	1.0073	0	genconf	ligand_centred	2026-09-24T10:25:17+08:00
arm	A2_genconf_refbox	gnina	posebusters	6YR2_T1C	20260922	ok		5	108.58	gnina_cnn:rescore:crossdock_default2018	kcal/mol (empirical score, not a measured free energy)	105.69	4	12.2185	1.3567	0	0	0	0	0	1.1866	1	0	12.2229	0	genconf	ligand_centred	2026-09-24T10:25:00+08:00
arm	A2_genconf_refbox	gnina	posebusters	6ZPB_3D1	20260922	ok		5	-8.26	gnina_cnn:rescore:crossdock_default2018	kcal/mol (empirical score, not a measured free energy)	21.66	4	3.0538	1.6927	1	0	0	0	0	3.0538	0	0	3.0538	0	genconf	ligand_centred	2026-09-24T10:25:17+08:00
arm	A2_genconf_refbox	gnina	posebusters	6Z4N_Q7B	20260922	ok		5	-8.44	gnina_cnn:rescore:crossdock_default2018	kcal/mol (empirical score, not a measured free energy)	36.79	4	0.3771	0.2513	1	1	1	1	1	0.3771	1	1	1.3072	0	genconf	ligand_centred	2026-09-24T10:25:10+08:00
arm	A2_genconf_refbox	gnina	posebusters	7A9E_R4W	20260922	ok		5	-2.62	gnina_cnn:rescore:crossdock_default2018	kcal/mol (empirical score, not a measured free energy)	10.96	4	9.2504	0.74	1	0	0	0	0	9.1238	0	0	9.2504	0	genconf	ligand_centred	2026-09-24T10:25:19+08:00
arm	A2_genconf_refbox	gnina	posebusters	6Z2C_Q5E	20260922	ok		5	-9.81	gnina_cnn:rescore:crossdock_default2018	kcal/mol (empirical score, not a measured free energy)	59.33	4	1.2829	1.0249	1	1	0	1	0	0.9901	1	1	1.5351	0	genconf	ligand_centred	2026-09-24T10:25:17+08:00
arm	A2_genconf_refbox	gnina	posebusters	7AKL_RK5	20260922	ok		5	-10.4	gnina_cnn:rescore:crossdock_default2018	kcal/mol (empirical score, not a measured free energy)	23.41	4	0.3414	0.2199	1	1	1	1	1	0.3394	1	1	0.3414	0	genconf	ligand_centred	2026-09-24T10:25:26+08:00
arm	A2_genconf_refbox	gnina	posebusters	6ZK5_IMH	20260922	ok		5	-9.37	gnina_cnn:rescore:crossdock_default2018	kcal/mol (empirical score, not a measured free energy)	38.46	4	2.2206	1.9814	1	0	0	0	0	0.945	1	1	2.2206	0	genconf	ligand_centred	2026-09-24T10:25:19+08:00
arm	A2_genconf_refbox	gnina	posebusters	6XHT_V2V	20260922	ok		5	-7.51	gnina_cnn:rescore:crossdock_default2018	kcal/mol (empirical score, not a measured free energy)	144.18	4	5.3596	2.4995	1	0	0	0	0	4.1848	0	0	5.3857	0	genconf	ligand_centred	2026-09-24T10:24:44+08:00
arm	A2_genconf_refbox	gnina	posebusters	6ZCY_QF8	20260922	ok		5	-10.2	gnina_cnn:rescore:crossdock_default2018	kcal/mol (empirical score, not a measured free energy)	90.64	4	3.3628	2.9901	1	0	0	0	0	0.5858	1	1	3.3628	0	genconf	ligand_centred	2026-09-24T10:25:23+08:00
arm	A2_genconf_refbox	gnina	posebusters	7A1P_QW2	20260922	ok		5	-6.45	gnina_cnn:rescore:crossdock_default2018	kcal/mol (empirical score, not a measured free energy)	31.48	4	0.7265	0.6555	1	1	1	1	1	0.7265	1	1	1.4199	0	genconf	ligand_centred	2026-09-24T10:25:21+08:00
arm	A2_genconf_refbox	gnina	posebusters	6ZAE_ACV	20260922	ok		5	-6.82	gnina_cnn:rescore:crossdock_default2018	kcal/mol (empirical score, not a measured free energy)	95.79	4	0.7374	0.6855	1	1	1	1	1	0.7374	1	1	1.3313	0	genconf	ligand_centred	2026-09-24T10:25:22+08:00
arm	A2_genconf_refbox	gnina	posebusters	7BJJ_TVW	20260922	ok		5	-4.66	gnina_cnn:rescore:crossdock_default2018	kcal/mol (empirical score, not a measured free energy)	18.89	4	2.9249	0.0858	1	0	0	0	0	2.2155	0	0	2.9249	0	genconf	ligand_centred	2026-09-24T10:25:33+08:00
arm	A2_genconf_refbox	gnina	posebusters	7AN5_RDH	20260922	ok		5	-8.15	gnina_cnn:rescore:crossdock_default2018	kcal/mol (empirical score, not a measured free energy)	32.8	4	0.3728	0.25	1	1	1	1	1	0.3728	1	1	0.8779	0	genconf	ligand_centred	2026-09-24T10:25:31+08:00
arm	A2_genconf_refbox	gnina	posebusters	7BCP_GCO	20260922	ok		5	-7.87	gnina_cnn:rescore:crossdock_default2018	kcal/mol (empirical score, not a measured free energy)	26.45	4	0.4842	0.4506	1	1	1	1	1	0.4842	1	1	0.992	0	genconf	ligand_centred	2026-09-24T10:25:32+08:00
arm	A2_genconf_refbox	gnina	posebusters	7BNH_BEZ	20260922	ok		5	-3.9	gnina_cnn:rescore:crossdock_default2018	kcal/mol (empirical score, not a measured free energy)	19.31	4	9.4026	0.5761	0	0	0	0	0	0.7877	1	1	9.4052	0	genconf	ligand_centred	2026-09-24T10:25:39+08:00
arm	A2_genconf_refbox	gnina	posebusters	7AFX_R9K	20260922	ok		5	-10.08	gnina_cnn:rescore:crossdock_default2018	kcal/mol (empirical score, not a measured free energy)	33.52	4	0.275	0.1431	1	1	1	1	1	0.275	1	1	0.739	0	genconf	ligand_centred	2026-09-24T10:25:28+08:00
arm	A2_genconf_refbox	gnina	posebusters	7C3U_AZG	20260922	ok		5	-6.74	gnina_cnn:rescore:crossdock_default2018	kcal/mol (empirical score, not a measured free energy)	12.74	4	2.7009	0.0475	1	0	0	0	0	2.1586	0	0	2.7009	0	genconf	ligand_centred	2026-09-24T10:25:40+08:00
arm	A2_genconf_refbox	gnina	posebusters	7BKA_4JC	20260922	ok		5	17.64	gnina_cnn:rescore:crossdock_default2018	kcal/mol (empirical score, not a measured free energy)	19.53	4	8.005	0.4233	0	0	0	0	0	1.071	1	1	8.1033	0	genconf	ligand_centred	2026-09-24T10:25:33+08:00
arm	A2_genconf_refbox	gnina	posebusters	7BMI_U4B	20260922	ok		5	-7.24	gnina_cnn:rescore:crossdock_default2018	kcal/mol (empirical score, not a measured free energy)	23.73	4	0.91	0.4123	0	1	1	0	0	0.91	1	0	0.91	0	genconf	ligand_centred	2026-09-24T10:25:36+08:00
arm	A2_genconf_refbox	gnina	posebusters	7CL8_TES	20260922	ok		5	51.11	gnina_cnn:rescore:crossdock_default2018	kcal/mol (empirical score, not a measured free energy)	22.46	4	11.1043	0.2943	0	0	0	0	0	0.5123	1	1	11.1043	0	genconf	ligand_centred	2026-09-24T10:25:45+08:00
arm	A2_genconf_refbox	gnina	posebusters	7B94_ANP	20260922	ok		5	-10.68	gnina_cnn:rescore:crossdock_default2018	kcal/mol (empirical score, not a measured free energy)	116.85	4	1.8713	1.6907	0	1	0	0	0	1.8713	1	0	2.0226	1	genconf	ligand_centred	2026-09-24T10:25:43+08:00
arm	A2_genconf_refbox	gnina	posebusters	7CNS_PMV	20260922	ok		5	-8.18	gnina_cnn:rescore:crossdock_default2018	kcal/mol (empirical score, not a measured free energy)	30.55	4	0.8801	0.7597	1	1	1	1	1	0.8801	1	1	1.5102	0	genconf	ligand_centred	2026-09-24T10:25:55+08:00
arm	A2_genconf_refbox	gnina	posebusters	6YSP_PAL	20260922	ok		5	-10.21	gnina_cnn:rescore:crossdock_default2018	kcal/mol (empirical score, not a measured free energy)	31.72	4	0.4375	0.3791	1	1	1	1	1	0.4375	1	1	1.442	0	genconf	ligand_centred	2026-09-24T10:24:55+08:00
arm	A2_genconf_refbox	gnina	posebusters	7CIJ_G0C	20260922	ok		5	-8.31	gnina_cnn:rescore:crossdock_default2018	kcal/mol (empirical score, not a measured free energy)	40.69	4	1.0891	0.7432	1	1	0	1	0	0.6535	1	1	1.3349	0	genconf	ligand_centred	2026-09-24T10:25:44+08:00
arm	A2_genconf_refbox	gnina	posebusters	7CD9_FVR	20260922	ok		5	-9.73	gnina_cnn:rescore:crossdock_default2018	kcal/mol (empirical score, not a measured free energy)	65.49	4	11.6049	2.0528	1	0	0	0	0	6.5258	0	0	11.6227	0	genconf	ligand_centred	2026-09-24T10:25:50+08:00
arm	A2_genconf_refbox	gnina	posebusters	7CUO_PHB	20260922	ok		5	-6.93	gnina_cnn:rescore:crossdock_default2018	kcal/mol (empirical score, not a measured free energy)	17.69	4	1.701	0.249	1	1	0	1	0	0.3546	1	1	1.701	0	genconf	ligand_centred	2026-09-24T10:26:03+08:00
arm	A2_genconf_refbox	gnina	posebusters	7C8Q_DSG	20260922	ok		5	-5.3	gnina_cnn:rescore:crossdock_default2018	kcal/mol (empirical score, not a measured free energy)	18.93	4	3.2973	1.1311	0	0	0	0	0	3.2973	0	0	3.3859	0	genconf	ligand_centred	2026-09-24T10:25:43+08:00
arm	A2_genconf_refbox	gnina	posebusters	7BTT_F8R	20260922	ok		5	-9.19	gnina_cnn:rescore:crossdock_default2018	kcal/mol (empirical score, not a measured free energy)	147.34	4	0.6554	0.5982	1	1	1	1	1	0.6554	1	1	0.9077	0	genconf	ligand_centred	2026-09-24T10:26:03+08:00
arm	A2_genconf_refbox	gnina	posebusters	7DQL_4CL	20260922	ok		5	-3.79	gnina_cnn:rescore:crossdock_default2018	kcal/mol (empirical score, not a measured free energy)	12.33	4	12.6343	0.019	1	0	0	0	0	4.2721	0	0	12.6343	0	genconf	ligand_centred	2026-09-24T10:26:10+08:00
arm	A2_genconf_refbox	gnina	posebusters	7CTM_BDP	20260922	ok		5	-8.01	gnina_cnn:rescore:crossdock_default2018	kcal/mol (empirical score, not a measured free energy)	18.79	4	0.3923	0.3087	1	1	1	1	1	0.3923	1	1	0.8469	0	genconf	ligand_centred	2026-09-24T10:26:00+08:00
arm	A2_genconf_refbox	gnina	posebusters	7DKT_GLF	20260922	ok		5	-7.23	gnina_cnn:rescore:crossdock_default2018	kcal/mol (empirical score, not a measured free energy)	17.02	4	3.6797	0.6042	1	0	0	0	0	2.091	0	0	3.6797	0	genconf	ligand_centred	2026-09-24T10:26:10+08:00
arm	A2_genconf_refbox	gnina	posebusters	7E4L_MDN	20260922	ok		5	-3.99	gnina_cnn:rescore:crossdock_default2018	kcal/mol (empirical score, not a measured free energy)	17.29	4	8.7329	0.3764	1	0	0	0	0	0.9598	1	1	8.8001	0	genconf	ligand_centred	2026-09-24T10:26:18+08:00
arm	A2_genconf_refbox	gnina	posebusters	7EBG_J0L	20260922	ok		5	-8.0	gnina_cnn:rescore:crossdock_default2018	kcal/mol (empirical score, not a measured free energy)	18.06	4	0.4394	0.2327	1	1	1	1	1	0.4394	1	1	1.0476	0	genconf	ligand_centred	2026-09-24T10:26:21+08:00
arm	A2_genconf_refbox	gnina	posebusters	7C0U_FGO	20260922	ok		5	-10.64	gnina_cnn:rescore:crossdock_default2018	kcal/mol (empirical score, not a measured free energy)	201.21	4	3.5405	1.8827	1	0	0	0	0	1.9701	1	1	3.5452	0	genconf	ligand_centred	2026-09-24T10:26:12+08:00
arm	A2_genconf_refbox	gnina	posebusters	7DUA_HJ0	20260922	ok		5	-9.89	gnina_cnn:rescore:crossdock_default2018	kcal/mol (empirical score, not a measured free energy)	48.68	4	0.41	0.2983	1	1	1	1	1	0.41	1	1	0.6013	0	genconf	ligand_centred	2026-09-24T10:26:27+08:00
arm	A2_genconf_refbox	gnina	posebusters	7ED2_A3P	20260922	ok		5	-9.6	gnina_cnn:rescore:crossdock_default2018	kcal/mol (empirical score, not a measured free energy)	60.29	4	4.8493	1.4348	1	0	0	0	0	1.858	1	1	4.8803	0	genconf	ligand_centred	2026-09-24T10:26:35+08:00
arm	A2_genconf_refbox	gnina	posebusters	7ES1_UDP	20260922	ok		5	-10.77	gnina_cnn:rescore:crossdock_default2018	kcal/mol (empirical score, not a measured free energy)	47.04	4	0.7518	0.6671	1	1	1	1	1	0.7518	1	1	1.0387	0	genconf	ligand_centred	2026-09-24T10:26:38+08:00
arm	A2_genconf_refbox	gnina	posebusters	7F5D_EUO	20260922	ok		5	-7.88	gnina_cnn:rescore:crossdock_default2018	kcal/mol (empirical score, not a measured free energy)	26.63	4	3.6245	1.4998	1	0	0	0	0	3.6245	0	0	3.677	0	genconf	ligand_centred	2026-09-24T10:26:44+08:00
arm	A2_genconf_refbox	gnina	posebusters	7FB7_8NF	20260922	ok		5	-4.74	gnina_cnn:rescore:crossdock_default2018	kcal/mol (empirical score, not a measured free energy)	12.37	4	0.4154	0.0542	1	1	1	1	1	0.4154	1	1	0.4154	0	genconf	ligand_centred	2026-09-24T10:26:48+08:00
arm	A2_genconf_refbox	gnina	posebusters	7A9H_TPP	20260922	ok		5	-8.69	gnina_cnn:rescore:crossdock_default2018	kcal/mol (empirical score, not a measured free energy)	80.44	4	1.6662	1.5421	1	1	0	1	0	1.0985	1	0	1.8894	0	genconf	ligand_centred	2026-09-24T10:25:31+08:00
arm	A2_genconf_refbox	gnina	posebusters	7ELT_TYM	20260922	ok		5	-13.2	gnina_cnn:rescore:crossdock_default2018	kcal/mol (empirical score, not a measured free energy)	131.62	4	0.757	0.7072	1	1	1	1	1	0.757	1	1	0.757	0	genconf	ligand_centred	2026-09-24T10:26:45+08:00
arm	A2_genconf_refbox	gnina	posebusters	7D5C_GV6	20260922	ok		5	-10.66	gnina_cnn:rescore:crossdock_default2018	kcal/mol (empirical score, not a measured free energy)	124.53	4	0.5347	0.3618	1	1	1	1	1	0.5347	1	1	0.5347	0	genconf	ligand_centred	2026-09-24T10:26:33+08:00
arm	A2_genconf_refbox	gnina	posebusters	7ECR_SIN	20260922	ok		5	-5.69	gnina_cnn:rescore:crossdock_default2018	kcal/mol (empirical score, not a measured free energy)	22.91	4	1.1901	0.2291	1	1	0	1	0	1.1777	1	1	4.3073	1	genconf	ligand_centred	2026-09-24T10:26:28+08:00
arm	A2_genconf_refbox	gnina	posebusters	7JG0_GAR	20260922	ok		5	-5.14	gnina_cnn:rescore:crossdock_default2018	kcal/mol (empirical score, not a measured free energy)	31.99	4	4.8092	1.3661	1	0	0	0	0	1.396	1	1	4.8804	0	genconf	ligand_centred	2026-09-24T10:27:01+08:00
arm	A2_genconf_refbox	gnina	posebusters	7CNQ_G8X	20260922	ok		5	-7.29	gnina_cnn:rescore:crossdock_default2018	kcal/mol (empirical score, not a measured free energy)	15.7	4	0.5533	0.2284	1	1	1	1	1	0.5533	1	1	1.1702	0	genconf	ligand_centred	2026-09-24T10:25:53+08:00
arm	A2_genconf_refbox	gnina	posebusters	7F51_BA7	20260922	ok		5	-10.96	gnina_cnn:rescore:crossdock_default2018	kcal/mol (empirical score, not a measured free energy)	183.56	4	3.2251	2.4524	1	0	0	0	0	1.4979	1	1	3.2254	0	genconf	ligand_centred	2026-09-24T10:26:58+08:00
arm	A2_genconf_refbox	gnina	posebusters	7FHA_ADX	20260922	ok		5	-10.31	gnina_cnn:rescore:crossdock_default2018	kcal/mol (empirical score, not a measured free energy)	49.3	4	1.0446	0.9812	1	1	0	1	0	1.0446	1	1	1.0605	0	genconf	ligand_centred	2026-09-24T10:26:52+08:00
arm	A2_genconf_refbox	gnina	posebusters	7JMV_4NC	20260922	ok		5	-6.55	gnina_cnn:rescore:crossdock_default2018	kcal/mol (empirical score, not a measured free energy)	20.97	4	0.427	0.2125	1	1	1	1	1	0.427	1	1	0.9781	0	genconf	ligand_centred	2026-09-24T10:27:09+08:00
arm	A2_genconf_refbox	gnina	posebusters	7FT9_4MB	20260922	ok		5	-5.93	gnina_cnn:rescore:crossdock_default2018	kcal/mol (empirical score, not a measured free energy)	23.5	4	5.6667	0.5787	1	0	0	0	0	5.6009	0	0	5.7459	0	genconf	ligand_centred	2026-09-24T10:27:00+08:00
arm	A2_genconf_refbox	gnina	posebusters	7JY3_VUD	20260922	ok		5	-7.46	gnina_cnn:rescore:crossdock_default2018	kcal/mol (empirical score, not a measured free energy)	45.36	4	7.4282	0.8726	1	0	0	0	0	5.9928	0	0	7.4282	0	genconf	ligand_centred	2026-09-24T10:27:09+08:00
arm	A2_genconf_refbox	gnina	posebusters	7EPV_FDA	20260922	ok		5	-9.39	gnina_cnn:rescore:crossdock_default2018	kcal/mol (empirical score, not a measured free energy)	340.73	4	7.35	3.9946	1	0	0	0	0	0.7266	1	1	7.3674	0	genconf	ligand_centred	2026-09-24T10:27:11+08:00
arm	A2_genconf_refbox	gnina	posebusters	7JHQ_VAJ	20260922	ok		5	-8.24	gnina_cnn:rescore:crossdock_default2018	kcal/mol (empirical score, not a measured free energy)	26.55	4	1.4978	0.6857	1	1	0	1	0	1.2528	1	0	1.5982	0	genconf	ligand_centred	2026-09-24T10:27:04+08:00
arm	A2_genconf_refbox	gnina	posebusters	7KQU_YOF	20260922	ok		5	-9.27	gnina_cnn:rescore:crossdock_default2018	kcal/mol (empirical score, not a measured free energy)	20.41	4	1.7716	1.2184	1	1	0	1	0	0.2935	1	1	1.7716	0	genconf	ligand_centred	2026-09-24T10:27:25+08:00
arm	A2_genconf_refbox	gnina	posebusters	7KC5_BJZ	20260922	ok		5	-11.11	gnina_cnn:rescore:crossdock_default2018	kcal/mol (empirical score, not a measured free energy)	77.74	4	1.128	0.7583	1	1	0	1	0	1.128	1	1	2.0616	1	genconf	ligand_centred	2026-09-24T10:27:26+08:00
arm	A2_genconf_refbox	gnina	posebusters	7K0V_VQP	20260922	ok		5	-13.01	gnina_cnn:rescore:crossdock_default2018	kcal/mol (empirical score, not a measured free energy)	67.61	4	0.5594	0.308	1	1	1	1	1	0.5594	1	1	0.9347	0	genconf	ligand_centred	2026-09-24T10:27:14+08:00
arm	A2_genconf_refbox	gnina	posebusters	7KZ9_XN7	20260922	ok		5	-6.34	gnina_cnn:rescore:crossdock_default2018	kcal/mol (empirical score, not a measured free energy)	19.23	4	5.6643	1.1998	1	0	0	0	0	1.0598	1	1	5.6643	0	genconf	ligand_centred	2026-09-24T10:27:28+08:00
arm	A2_genconf_refbox	gnina	posebusters	7KM8_WPD	20260922	ok		5	-9.78	gnina_cnn:rescore:crossdock_default2018	kcal/mol (empirical score, not a measured free energy)	93.69	4	1.1274	1.0294	1	1	0	1	0	1.1274	1	1	1.1274	0	genconf	ligand_centred	2026-09-24T10:27:43+08:00
arm	A2_genconf_refbox	gnina	posebusters	7L03_F9F	20260922	ok		5	-9.88	gnina_cnn:rescore:crossdock_default2018	kcal/mol (empirical score, not a measured free energy)	42.1	4	1.2137	0.9731	1	1	0	1	0	1.2137	1	1	1.8474	0	genconf	ligand_centred	2026-09-24T10:27:48+08:00
arm	A2_genconf_refbox	gnina	posebusters	7F8T_FAD	20260922	ok		5	-11.17	gnina_cnn:rescore:crossdock_default2018	kcal/mol (empirical score, not a measured free energy)	351.71	4	8.3572	3.0096	0	0	0	0	0	4.066	0	0	8.3572	0	genconf	ligand_centred	2026-09-24T10:27:33+08:00
arm	A2_genconf_refbox	gnina	posebusters	7L5F_XNG	20260922	ok		5	-6.28	gnina_cnn:rescore:crossdock_default2018	kcal/mol (empirical score, not a measured free energy)	52.63	4	1.9409	1.253	1	1	0	1	0	1.9409	1	1	1.9409	0	genconf	ligand_centred	2026-09-24T10:27:57+08:00
arm	A2_genconf_refbox	gnina	posebusters	7L7C_XQ1	20260922	ok		5	-9.45	gnina_cnn:rescore:crossdock_default2018	kcal/mol (empirical score, not a measured free energy)	36.26	4	0.6013	0.3341	1	1	1	1	1	0.6013	1	1	0.86	0	genconf	ligand_centred	2026-09-24T10:27:58+08:00
arm	A2_genconf_refbox	gnina	posebusters	7LOE_Y84	20260922	ok		5	-7.89	gnina_cnn:rescore:crossdock_default2018	kcal/mol (empirical score, not a measured free energy)	10.25	4	4.1748	0.0213	1	0	0	0	0	0.379	1	1	4.1748	0	genconf	ligand_centred	2026-09-24T10:28:06+08:00
arm	A2_genconf_refbox	gnina	posebusters	7B2C_TP7	20260922	ok		5	-8.15	gnina_cnn:rescore:crossdock_default2018	kcal/mol (empirical score, not a measured free energy)	79.62	4	1.8357	1.0649	1	1	0	1	0	0.8906	1	0	1.867	0	genconf	ligand_centred	2026-09-24T10:25:35+08:00
arm	A2_genconf_refbox	gnina	posebusters	7LEV_0JO	20260922	ok		5	-10.94	gnina_cnn:rescore:crossdock_default2018	kcal/mol (empirical score, not a measured free energy)	43.05	4	0.671	0.5799	1	1	1	1	1	0.671	1	1	1.1635	0	genconf	ligand_centred	2026-09-24T10:28:03+08:00
arm	A2_genconf_refbox	gnina	posebusters	7L00_XCJ	20260922	ok		5	-10.04	gnina_cnn:rescore:crossdock_default2018	kcal/mol (empirical score, not a measured free energy)	46.47	4	0.552	0.4218	1	1	1	1	1	0.552	1	1	0.552	0	genconf	ligand_centred	2026-09-24T10:27:48+08:00
arm	A2_genconf_refbox	gnina	posebusters	7LT0_ONJ	20260922	ok		5	-10.82	gnina_cnn:rescore:crossdock_default2018	kcal/mol (empirical score, not a measured free energy)	36.52	4	5.8145	1.4465	1	0	0	0	0	2.0351	0	0	5.8145	0	genconf	ligand_centred	2026-09-24T10:28:12+08:00
arm	A2_genconf_refbox	gnina	posebusters	7LCU_XTA	20260922	ok		5	-10.22	gnina_cnn:rescore:crossdock_default2018	kcal/mol (empirical score, not a measured free energy)	126.66	4	1.1679	1.046	1	1	0	1	0	1.1679	1	1	1.4048	0	genconf	ligand_centred	2026-09-24T10:28:16+08:00
arm	A2_genconf_refbox	gnina	posebusters	7LMO_NYO	20260922	ok		5	-8.54	gnina_cnn:rescore:crossdock_default2018	kcal/mol (empirical score, not a measured free energy)	102.41	4	8.0841	3.0939	1	0	0	0	0	1.0783	1	1	8.0841	0	genconf	ligand_centred	2026-09-24T10:28:17+08:00
arm	A2_genconf_refbox	gnina	posebusters	7LOU_IFM	20260922	ok		5	-4.92	gnina_cnn:rescore:crossdock_default2018	kcal/mol (empirical score, not a measured free energy)	13.19	4	14.926	0.6129	1	0	0	0	0	9.0987	0	0	14.926	0	genconf	ligand_centred	2026-09-24T10:28:09+08:00
arm	A2_genconf_refbox	gnina	posebusters	7D6O_MTE	20260922	ok		5	2.54	gnina_cnn:rescore:crossdock_default2018	kcal/mol (empirical score, not a measured free energy)	63.48	4	9.3864	1.3059	0	0	0	0	0	1.7769	1	1	9.4149	0	genconf	ligand_centred	2026-09-24T10:26:14+08:00
arm	A2_genconf_refbox	gnina	posebusters	7KB1_WBJ	20260922	ok		5	-10.0	gnina_cnn:rescore:crossdock_default2018	kcal/mol (empirical score, not a measured free energy)	58.47	4	1.0219	0.5052	1	1	0	1	0	1.0219	1	1	1.4634	0	genconf	ligand_centred	2026-09-24T10:27:20+08:00
arm	A2_genconf_refbox	gnina	posebusters	7LZD_YHY	20260922	ok		5	-13.44	gnina_cnn:rescore:crossdock_default2018	kcal/mol (empirical score, not a measured free energy)	53.56	4	1.648	1.0669	0	1	0	0	0	1.3899	1	0	1.7572	0	genconf	ligand_centred	2026-09-24T10:28:25+08:00
arm	A2_genconf_refbox	gnina	posebusters	7MGT_ZD4	20260922	ok		5	-9.97	gnina_cnn:rescore:crossdock_default2018	kcal/mol (empirical score, not a measured free energy)	71.73	4	1.3688	1.2076	0	1	0	0	0	1.3688	1	0	1.5966	0	genconf	ligand_centred	2026-09-24T10:28:34+08:00
arm	A2_genconf_refbox	gnina	posebusters	7LJN_GTP	20260922	ok		5	-9.1	gnina_cnn:rescore:crossdock_default2018	kcal/mol (empirical score, not a measured free energy)	108.85	4	5.3709	1.896	1	0	0	0	0	2.2669	0	0	5.4425	0	genconf	ligand_centred	2026-09-24T10:28:14+08:00
arm	A2_genconf_refbox	gnina	posebusters	7MOI_HPS	20260922	ok		5	-7.26	gnina_cnn:rescore:crossdock_default2018	kcal/mol (empirical score, not a measured free energy)	22.29	4	0.6994	0.2776	1	1	1	1	1	0.6245	1	1	1.9716	0	genconf	ligand_centred	2026-09-24T10:28:49+08:00
arm	A2_genconf_refbox	gnina	posebusters	7MWU_ZPM	20260922	ok		5	-6.07	gnina_cnn:rescore:crossdock_default2018	kcal/mol (empirical score, not a measured free energy)	12.01	4	0.5931	0.316	1	1	1	1	1	0.5931	1	1	1.1871	0	genconf	ligand_centred	2026-09-24T10:28:50+08:00
arm	A2_genconf_refbox	gnina	posebusters	7MY1_IPE	20260922	ok		5	-5.19	gnina_cnn:rescore:crossdock_default2018	kcal/mol (empirical score, not a measured free energy)	21.91	4	10.3289	1.255	1	0	0	0	0	2.2929	0	0	10.3365	0	genconf	ligand_centred	2026-09-24T10:28:52+08:00
arm	A2_genconf_refbox	gnina	posebusters	7M6K_YRJ	20260922	ok		5	-11.09	gnina_cnn:rescore:crossdock_default2018	kcal/mol (empirical score, not a measured free energy)	93.36	4	0.7343	0.6119	1	1	1	1	1	0.7343	1	1	1.4421	0	genconf	ligand_centred	2026-09-24T10:28:33+08:00
arm	A2_genconf_refbox	gnina	posebusters	7MGY_ZD1	20260922	ok		5	-11.38	gnina_cnn:rescore:crossdock_default2018	kcal/mol (empirical score, not a measured free energy)	40.76	4	0.8052	0.7884	1	1	1	1	1	0.8052	1	1	0.8052	0	genconf	ligand_centred	2026-09-24T10:28:30+08:00
arm	A2_genconf_refbox	gnina	posebusters	7MWN_WI5	20260922	ok		5	-12.44	gnina_cnn:rescore:crossdock_default2018	kcal/mol (empirical score, not a measured free energy)	64.54	4	0.7509	0.4993	1	1	1	1	1	0.7509	1	1	0.7509	0	genconf	ligand_centred	2026-09-24T10:28:55+08:00
arm	A2_genconf_refbox	gnina	posebusters	7N03_ZRP	20260922	ok		5	-9.31	gnina_cnn:rescore:crossdock_default2018	kcal/mol (empirical score, not a measured free energy)	63.8	4	2.1846	1.561	1	0	0	0	0	1.0187	1	1	2.1846	0	genconf	ligand_centred	2026-09-24T10:29:01+08:00
arm	A2_genconf_refbox	gnina	posebusters	7MYU_ZR7	20260922	ok		5	-11.7	gnina_cnn:rescore:crossdock_default2018	kcal/mol (empirical score, not a measured free energy)	63.39	4	0.8667	0.5628	1	1	1	1	1	0.8667	1	1	0.8667	0	genconf	ligand_centred	2026-09-24T10:28:56+08:00
arm	A2_genconf_refbox	gnina	posebusters	7KRU_ATP	20260922	ok		5	-11.88	gnina_cnn:rescore:crossdock_default2018	kcal/mol (empirical score, not a measured free energy)	95.48	4	1.0332	0.9143	1	1	0	1	0	1.0332	1	1	1.1391	0	genconf	ligand_centred	2026-09-24T10:27:55+08:00
arm	A2_genconf_refbox	gnina	posebusters	7M3H_YPV	20260922	ok		5	-9.48	gnina_cnn:rescore:crossdock_default2018	kcal/mol (empirical score, not a measured free energy)	54.73	4	0.7212	0.5054	1	1	1	1	1	0.7212	1	1	1.0067	0	genconf	ligand_centred	2026-09-24T10:28:30+08:00
arm	A2_genconf_refbox	gnina	posebusters	7N4W_P4V	20260922	ok		5	-8.99	gnina_cnn:rescore:crossdock_default2018	kcal/mol (empirical score, not a measured free energy)	43.12	4	5.3062	1.8506	1	0	0	0	0	4.4735	0	0	5.3062	0	genconf	ligand_centred	2026-09-24T10:29:07+08:00
arm	A2_genconf_refbox	gnina	posebusters	7N7H_CTP	20260922	ok		5	-12.06	gnina_cnn:rescore:crossdock_default2018	kcal/mol (empirical score, not a measured free energy)	71.5	4	1.5742	1.3483	1	1	0	1	0	0.8375	1	1	1.8418	0	genconf	ligand_centred	2026-09-24T10:29:15+08:00
arm	A2_genconf_refbox	gnina	posebusters	7N6F_0I1	20260922	ok		5	-10.24	gnina_cnn:rescore:crossdock_default2018	kcal/mol (empirical score, not a measured free energy)	44.81	4	1.1176	0.817	1	1	0	1	0	1.1176	1	1	1.4582	0	genconf	ligand_centred	2026-09-24T10:29:13+08:00
arm	A2_genconf_refbox	gnina	posebusters	7N4N_0BK	20260922	ok		5	-8.04	gnina_cnn:rescore:crossdock_default2018	kcal/mol (empirical score, not a measured free energy)	59.19	4	8.8789	2.2977	0	0	0	0	0	3.8965	0	0	8.8789	0	genconf	ligand_centred	2026-09-24T10:29:01+08:00
arm	A2_genconf_refbox	gnina	posebusters	7NGW_UAW	20260922	ok		5	-4.69	gnina_cnn:rescore:crossdock_default2018	kcal/mol (empirical score, not a measured free energy)	17.91	4	13.2213	0.6317	0	0	0	0	0	0.64	1	1	13.2462	0	genconf	ligand_centred	2026-09-24T10:29:22+08:00
arm	A2_genconf_refbox	gnina	posebusters	7N7B_T3F	20260922	ok		5	-10.87	gnina_cnn:rescore:crossdock_default2018	kcal/mol (empirical score, not a measured free energy)	96.09	4	1.5645	1.2828	1	1	0	1	0	1.5645	1	1	1.5645	0	genconf	ligand_centred	2026-09-24T10:29:18+08:00
arm	A2_genconf_refbox	gnina	posebusters	7NLV_UJE	20260922	ok		5	-8.38	gnina_cnn:rescore:crossdock_default2018	kcal/mol (empirical score, not a measured free energy)	42.36	4	8.7053	1.1845	1	0	0	0	0	1.3502	1	1	8.7053	0	genconf	ligand_centred	2026-09-24T10:29:26+08:00
arm	A2_genconf_refbox	gnina	posebusters	7NSW_HC4	20260922	ok		5	-7.19	gnina_cnn:rescore:crossdock_default2018	kcal/mol (empirical score, not a measured free energy)	17.82	4	0.2502	0.1474	1	1	1	1	1	0.2213	1	1	0.9323	0	genconf	ligand_centred	2026-09-24T10:29:37+08:00
arm	A2_genconf_refbox	gnina	posebusters	7NFB_GEN	20260922	ok		5	-10.1	gnina_cnn:rescore:crossdock_default2018	kcal/mol (empirical score, not a measured free energy)	26.44	4	0.5014	0.2095	1	1	1	1	1	0.5014	1	1	0.5014	0	genconf	ligand_centred	2026-09-24T10:29:21+08:00
arm	A2_genconf_refbox	gnina	posebusters	7NF0_BYN	20260922	ok		5	-11.04	gnina_cnn:rescore:crossdock_default2018	kcal/mol (empirical score, not a measured free energy)	79.18	4	2.8903	1.814	1	0	0	0	0	1.3335	1	0	2.9111	0	genconf	ligand_centred	2026-09-24T10:29:19+08:00
arm	A2_genconf_refbox	gnina	posebusters	7NF3_4LU	20260922	ok		5	-12.27	gnina_cnn:rescore:crossdock_default2018	kcal/mol (empirical score, not a measured free energy)	90.87	4	1.151	0.9487	1	1	0	1	0	1.151	1	1	1.3858	0	genconf	ligand_centred	2026-09-24T10:29:35+08:00
arm	A2_genconf_refbox	gnina	posebusters	7NPL_UKZ	20260922	ok		5	-14.19	gnina_cnn:rescore:crossdock_default2018	kcal/mol (empirical score, not a measured free energy)	64.18	4	0.3957	0.2742	1	1	1	1	1	0.3957	1	1	0.3957	0	genconf	ligand_centred	2026-09-24T10:29:50+08:00
arm	A2_genconf_refbox	gnina	posebusters	7NP6_UK8	20260922	ok		5	-13.49	gnina_cnn:rescore:crossdock_default2018	kcal/mol (empirical score, not a measured free energy)	95.21	4	0.3277	0.2752	1	1	1	1	1	0.3277	1	1	1.0484	0	genconf	ligand_centred	2026-09-24T10:29:52+08:00
arm	A2_genconf_refbox	gnina	posebusters	7MFP_Z7P	20260922	ok		5	-12.54	gnina_cnn:rescore:crossdock_default2018	kcal/mol (empirical score, not a measured free energy)	284.18	4	1.3568	1.1756	1	1	0	1	0	1.3568	1	1	1.4465	0	genconf	ligand_centred	2026-09-24T10:29:08+08:00
arm	A2_genconf_refbox	gnina	posebusters	7NU0_DCL	20260922	ok		5	-4.54	gnina_cnn:rescore:crossdock_default2018	kcal/mol (empirical score, not a measured free energy)	17.79	4	10.125	0.9523	1	0	0	0	0	0.6577	1	1	10.125	0	genconf	ligand_centred	2026-09-24T10:29:49+08:00
arm	A2_genconf_refbox	gnina	posebusters	7O0N_CDP	20260922	ok		5	-11.02	gnina_cnn:rescore:crossdock_default2018	kcal/mol (empirical score, not a measured free energy)	50.61	4	12.5074	2.0066	1	0	0	0	0	0.6269	1	1	12.5176	0	genconf	ligand_centred	2026-09-24T10:29:56+08:00
arm	A2_genconf_refbox	gnina	posebusters	7O1T_5X8	20260922	ok		5	-10.26	gnina_cnn:rescore:crossdock_default2018	kcal/mol (empirical score, not a measured free energy)	58.78	4	1.7606	1.4297	1	1	0	1	0	1.3952	1	1	1.7606	0	genconf	ligand_centred	2026-09-24T10:29:58+08:00
arm	A2_genconf_refbox	gnina	posebusters	7MSR_DCA	20260922	ok		5	-9.16	gnina_cnn:rescore:crossdock_default2018	kcal/mol (empirical score, not a measured free energy)	335.0	4	2.2887	1.912	1	0	0	0	0	1.3757	1	1	2.3394	0	genconf	ligand_centred	2026-09-24T10:29:24+08:00
arm	A2_genconf_refbox	gnina	posebusters	7OEO_V9Z	20260922	ok		5	-8.56	gnina_cnn:rescore:crossdock_default2018	kcal/mol (empirical score, not a measured free energy)	86.2	4	4.881	2.0007	1	0	0	0	0	0.7133	1	1	4.9329	0	genconf	ligand_centred	2026-09-24T10:30:11+08:00
arm	A2_genconf_refbox	gnina	posebusters	7NXO_UU8	20260922	ok		5	-11.0	gnina_cnn:rescore:crossdock_default2018	kcal/mol (empirical score, not a measured free energy)	72.16	4	2.3273	1.9671	1	0	0	0	0	0.5013	1	1	2.4068	0	genconf	ligand_centred	2026-09-24T10:29:57+08:00
arm	A2_genconf_refbox	gnina	posebusters	7OFF_VCB	20260922	ok		5	-9.59	gnina_cnn:rescore:crossdock_default2018	kcal/mol (empirical score, not a measured free energy)	37.89	4	8.1369	1.2966	0	0	0	0	0	0.5954	1	1	8.1801	0	genconf	ligand_centred	2026-09-24T10:30:02+08:00
arm	A2_genconf_refbox	gnina	posebusters	7NR8_UOE	20260922	ok		5	-11.93	gnina_cnn:rescore:crossdock_default2018	kcal/mol (empirical score, not a measured free energy)	185.23	4	0.9365	0.8562	1	1	1	1	1	0.9365	1	1	0.9365	0	genconf	ligand_centred	2026-09-24T10:30:03+08:00
arm	A2_genconf_refbox	gnina	posebusters	7OLI_8HG	20260922	ok		5	-7.29	gnina_cnn:rescore:crossdock_default2018	kcal/mol (empirical score, not a measured free energy)	31.38	4	2.8236	2.0645	1	0	0	0	0	2.8236	0	0	2.8236	0	genconf	ligand_centred	2026-09-24T10:30:16+08:00
arm	A2_genconf_refbox	gnina	posebusters	7OSO_0V1	20260922	ok		5	-4.38	gnina_cnn:rescore:crossdock_default2018	kcal/mol (empirical score, not a measured free energy)	13.05	4	10.8722	1.1845	1	0	0	0	0	1.9668	1	1	10.8722	0	genconf	ligand_centred	2026-09-24T10:30:18+08:00
arm	A2_genconf_refbox	gnina	posebusters	7ODY_DGI	20260922	ok		5	-11.01	gnina_cnn:rescore:crossdock_default2018	kcal/mol (empirical score, not a measured free energy)	72.85	4	1.0213	0.9077	1	1	0	1	0	1.0213	1	1	1.1982	0	genconf	ligand_centred	2026-09-24T10:30:07+08:00
arm	A2_genconf_refbox	gnina	posebusters	7OFK_VCH	20260922	ok		5	-11.81	gnina_cnn:rescore:crossdock_default2018	kcal/mol (empirical score, not a measured free energy)	93.98	4	1.2143	0.9343	1	1	0	1	0	1.2009	1	1	1.2692	0	genconf	ligand_centred	2026-09-24T10:30:25+08:00
arm	A2_genconf_refbox	gnina	posebusters	7OZC_G6S	20260922	ok		5	-7.92	gnina_cnn:rescore:crossdock_default2018	kcal/mol (empirical score, not a measured free energy)	27.8	4	0.9793	0.8758	1	1	1	1	1	0.9793	1	1	1.3059	0	genconf	ligand_centred	2026-09-24T10:30:26+08:00
arm	A2_genconf_refbox	gnina	posebusters	7P2I_MFU	20260922	ok		5	-6.62	gnina_cnn:rescore:crossdock_default2018	kcal/mol (empirical score, not a measured free energy)	12.18	4	0.3168	0.1097	1	1	1	1	1	0.3168	1	1	0.3168	0	genconf	ligand_centred	2026-09-24T10:30:38+08:00
arm	A2_genconf_refbox	gnina	posebusters	7NUT_GLP	20260922	ok		5	-5.31	gnina_cnn:rescore:crossdock_default2018	kcal/mol (empirical score, not a measured free energy)	27.03	4	7.146	1.0469	1	0	0	0	0	6.8083	0	0	7.146	0	genconf	ligand_centred	2026-09-24T10:29:52+08:00
arm	A2_genconf_refbox	gnina	posebusters	7OPG_06N	20260922	ok		5	-9.03	gnina_cnn:rescore:crossdock_default2018	kcal/mol (empirical score, not a measured free energy)	31.02	4	1.0828	0.7	1	1	0	1	0	1.0828	1	1	1.0828	0	genconf	ligand_centred	2026-09-24T10:30:21+08:00
arm	A2_genconf_refbox	gnina	posebusters	7P1F_KFN	20260922	ok		5	-8.46	gnina_cnn:rescore:crossdock_default2018	kcal/mol (empirical score, not a measured free energy)	36.35	4	5.1736	1.2252	1	0	0	0	0	5.0764	0	0	5.2149	0	genconf	ligand_centred	2026-09-24T10:30:38+08:00
arm	A2_genconf_refbox	gnina	posebusters	7P1M_4IU	20260922	ok		5	-4.54	gnina_cnn:rescore:crossdock_default2018	kcal/mol (empirical score, not a measured free energy)	52.91	4	8.9182	1.7282	1	0	0	0	0	8.52	0	0	8.9182	0	genconf	ligand_centred	2026-09-24T10:30:49+08:00
arm	A2_genconf_refbox	gnina	posebusters	7OZ9_NGK	20260922	ok		5	-4.48	gnina_cnn:rescore:crossdock_default2018	kcal/mol (empirical score, not a measured free energy)	42.46	4	7.8971	1.4358	1	0	0	0	0	7.8971	0	0	7.9314	0	genconf	ligand_centred	2026-09-24T10:30:28+08:00
arm	A2_genconf_refbox	gnina	posebusters	7P5T_5YG	20260922	ok		5	-4.79	gnina_cnn:rescore:crossdock_default2018	kcal/mol (empirical score, not a measured free energy)	43.56	4	10.2077	2.4384	0	0	0	0	0	3.8823	0	0	10.2316	0	genconf	ligand_centred	2026-09-24T10:30:49+08:00
arm	A2_genconf_refbox	gnina	posebusters	7PJQ_OWH	20260922	ok		5	-5.05	gnina_cnn:rescore:crossdock_default2018	kcal/mol (empirical score, not a measured free energy)	13.26	4	4.5403	0.0895	1	0	0	0	0	0.8445	1	1	4.5403	0	genconf	ligand_centred	2026-09-24T10:30:52+08:00
arm	A2_genconf_refbox	gnina	posebusters	7FRX_O88	20260922	ok		5	-12.9	gnina_cnn:rescore:crossdock_default2018	kcal/mol (empirical score, not a measured free energy)	54.7	4	10.2573	1.1687	1	0	0	0	0	2.1218	0	0	10.2947	0	genconf	ligand_centred	2026-09-24T10:27:00+08:00
arm	A1_refconf_refbox	vina	posebusters	8F4J_PHO	20260922	ok		4	-15.13	vina	kcal/mol (empirical score, not a measured free energy)	614.09	5	3.0722	2.8402	1	0	0	0	0	1.0015	1	1	3.0979	0	refconf	ligand_centred	2026-09-24T10:05:37+08:00
arm	A2_genconf_refbox	gnina	posebusters	7PGX_FMN	20260922	ok		5	-10.08	gnina_cnn:rescore:crossdock_default2018	kcal/mol (empirical score, not a measured free energy)	79.83	4	0.9	0.7894	1	1	1	1	1	0.9	1	1	0.9	0	genconf	ligand_centred	2026-09-24T10:30:56+08:00
arm	A2_genconf_refbox	gnina	posebusters	7OMX_CNA	20260922	ok		5	-11.68	gnina_cnn:rescore:crossdock_default2018	kcal/mol (empirical score, not a measured free energy)	238.91	4	0.868	0.8529	1	1	1	1	1	0.868	1	1	0.868	0	genconf	ligand_centred	2026-09-24T10:30:57+08:00
arm	A2_genconf_refbox	gnina	posebusters	7PL1_SFG	20260922	ok		5	-8.35	gnina_cnn:rescore:crossdock_default2018	kcal/mol (empirical score, not a measured free energy)	68.88	4	1.1299	0.795	1	1	0	1	0	1.1299	1	1	1.1959	0	genconf	ligand_centred	2026-09-24T10:31:03+08:00
arm	A2_genconf_refbox	gnina	posebusters	7PRI_7TI	20260922	ok		5	-7.28	gnina_cnn:rescore:crossdock_default2018	kcal/mol (empirical score, not a measured free energy)	29.44	4	5.0581	1.0684	1	0	0	0	0	3.6385	0	0	5.07	0	genconf	ligand_centred	2026-09-24T10:31:04+08:00
arm	A2_genconf_refbox	gnina	posebusters	7PIH_7QW	20260922	ok		5	-9.56	gnina_cnn:rescore:crossdock_default2018	kcal/mol (empirical score, not a measured free energy)	37.46	4	2.6407	1.4342	1	0	0	0	0	1.128	1	1	2.6407	0	genconf	ligand_centred	2026-09-24T10:30:55+08:00
arm	A2_genconf_refbox	gnina	posebusters	7PRM_81I	20260922	ok		5	-10.64	gnina_cnn:rescore:crossdock_default2018	kcal/mol (empirical score, not a measured free energy)	58.05	4	1.3515	1.2235	1	1	0	1	0	1.3515	1	1	1.7779	0	genconf	ligand_centred	2026-09-24T10:31:07+08:00
arm	A2_genconf_refbox	gnina	posebusters	7POM_7VZ	20260922	ok		5	-7.0	gnina_cnn:rescore:crossdock_default2018	kcal/mol (empirical score, not a measured free energy)	38.23	4	5.3751	1.4791	1	0	0	0	0	1.7546	1	1	5.3751	0	genconf	ligand_centred	2026-09-24T10:30:58+08:00
arm	A2_genconf_refbox	gnina	posebusters	7Q2B_M6H	20260922	ok		5	-6.19	gnina_cnn:rescore:crossdock_default2018	kcal/mol (empirical score, not a measured free energy)	20.61	4	4.2061	0.7462	0	0	0	0	0	1.8811	1	0	4.4283	0	genconf	ligand_centred	2026-09-24T10:31:20+08:00
arm	A2_genconf_refbox	gnina	posebusters	7QFM_AY3	20260922	ok		5	-9.55	gnina_cnn:rescore:crossdock_default2018	kcal/mol (empirical score, not a measured free energy)	20.39	4	0.3306	0.1748	1	1	1	1	1	0.3306	1	1	1.1106	0	genconf	ligand_centred	2026-09-24T10:31:27+08:00
arm	A2_genconf_refbox	gnina	posebusters	7PUV_84Z	20260922	ok		5	-7.62	gnina_cnn:rescore:crossdock_default2018	kcal/mol (empirical score, not a measured free energy)	36.16	4	2.2166	0.6688	1	0	0	0	0	1.5023	1	1	2.397	0	genconf	ligand_centred	2026-09-24T10:31:08+08:00
arm	A2_genconf_refbox	gnina	posebusters	7P4C_5OV	20260922	ok		5	-4.23	gnina_cnn:rescore:crossdock_default2018	kcal/mol (empirical score, not a measured free energy)	20.56	4	10.1894	0.5785	1	0	0	0	0	10.1894	0	0	10.1894	0	genconf	ligand_centred	2026-09-24T10:30:44+08:00
arm	A2_genconf_refbox	gnina	posebusters	7QF4_RBF	20260922	ok		5	-11.81	gnina_cnn:rescore:crossdock_default2018	kcal/mol (empirical score, not a measured free energy)	50.74	4	1.2342	1.1498	1	1	0	1	0	1.2342	1	1	1.2342	0	genconf	ligand_centred	2026-09-24T10:31:38+08:00
arm	A2_genconf_refbox	gnina	posebusters	7QE4_NGA	20260922	ok		5	-3.7	gnina_cnn:rescore:crossdock_default2018	kcal/mol (empirical score, not a measured free energy)	16.16	4	5.4962	1.243	1	0	0	0	0	5.2611	0	0	5.4962	0	genconf	ligand_centred	2026-09-24T10:31:20+08:00
arm	A2_genconf_refbox	gnina	posebusters	7QPP_VDX	20260922	ok		5	30.69	gnina_cnn:rescore:crossdock_default2018	kcal/mol (empirical score, not a measured free energy)	49.9	4	13.8497	1.7295	0	0	0	0	0	1.0182	1	1	13.8638	0	genconf	ligand_centred	2026-09-24T10:31:43+08:00
arm	A2_genconf_refbox	gnina	posebusters	7QTA_URI	20260922	ok		5	-6.99	gnina_cnn:rescore:crossdock_default2018	kcal/mol (empirical score, not a measured free energy)	18.82	4	1.1104	0.8549	1	1	0	1	0	1.1104	1	1	1.1104	0	genconf	ligand_centred	2026-09-24T10:31:46+08:00
arm	A2_genconf_refbox	gnina	posebusters	7Q27_8KC	20260922	ok		5	-10.04	gnina_cnn:rescore:crossdock_default2018	kcal/mol (empirical score, not a measured free energy)	114.79	4	1.6638	1.553	1	1	0	1	0	1.6638	1	1	1.8909	0	genconf	ligand_centred	2026-09-24T10:31:16+08:00
arm	A2_genconf_refbox	gnina	posebusters	7R59_I5F	20260922	ok		5	-7.73	gnina_cnn:rescore:crossdock_default2018	kcal/mol (empirical score, not a measured free energy)	21.84	4	0.3514	0.063	1	1	1	1	1	0.3514	1	1	0.3514	0	genconf	ligand_centred	2026-09-24T10:31:59+08:00
arm	A2_genconf_refbox	gnina	posebusters	7QHL_D5P	20260922	ok		5	-9.09	gnina_cnn:rescore:crossdock_default2018	kcal/mol (empirical score, not a measured free energy)	56.77	4	1.1928	1.0023	1	1	0	1	0	1.1928	1	1	1.478	0	genconf	ligand_centred	2026-09-24T10:31:41+08:00
arm	A2_genconf_refbox	gnina	posebusters	7QHG_T3B	20260922	ok		5	-12.5	gnina_cnn:rescore:crossdock_default2018	kcal/mol (empirical score, not a measured free energy)	150.59	4	0.7082	0.6728	1	1	1	1	1	0.7082	1	1	0.7082	0	genconf	ligand_centred	2026-09-24T10:31:50+08:00
arm	A2_genconf_refbox	gnina	posebusters	7PK0_BYC	20260922	ok		5	-10.48	gnina_cnn:rescore:crossdock_default2018	kcal/mol (empirical score, not a measured free energy)	475.4	4	5.0575	4.6055	0	0	0	0	0	5.0575	0	0	5.0979	0	genconf	ligand_centred	2026-09-24T10:31:54+08:00
arm	A2_genconf_refbox	gnina	posebusters	7R7R_AWJ	20260922	ok		5	-9.4	gnina_cnn:rescore:crossdock_default2018	kcal/mol (empirical score, not a measured free energy)	71.38	4	0.5577	0.5058	1	1	1	1	1	0.5577	1	1	0.5656	0	genconf	ligand_centred	2026-09-24T10:32:09+08:00
arm	A2_genconf_refbox	gnina	posebusters	7Q5I_I0F	20260922	ok		5	-11.35	gnina_cnn:rescore:crossdock_default2018	kcal/mol (empirical score, not a measured free energy)	47.26	4	0.7367	0.5766	1	1	1	1	1	0.7367	1	1	0.9925	0	genconf	ligand_centred	2026-09-24T10:31:23+08:00
arm	A2_genconf_refbox	gnina	posebusters	7RC3_SAH	20260922	ok		5	-7.69	gnina_cnn:rescore:crossdock_default2018	kcal/mol (empirical score, not a measured free energy)	69.13	4	1.0897	0.9216	0	1	0	0	0	1.0897	1	0	1.1522	0	genconf	ligand_centred	2026-09-24T10:32:31+08:00
arm	A2_genconf_refbox	gnina	posebusters	7R9N_F97	20260922	ok		5	-8.7	gnina_cnn:rescore:crossdock_default2018	kcal/mol (empirical score, not a measured free energy)	64.43	4	1.04	0.9546	1	1	0	1	0	1.04	1	1	1.04	0	genconf	ligand_centred	2026-09-24T10:32:26+08:00
arm	A2_genconf_refbox	gnina	posebusters	7RKW_5TV	20260922	ok		5	-9.77	gnina_cnn:rescore:crossdock_default2018	kcal/mol (empirical score, not a measured free energy)	47.81	4	1.0326	0.9018	1	1	0	1	0	0.9878	1	1	1.3882	0	genconf	ligand_centred	2026-09-24T10:32:37+08:00
arm	A2_genconf_refbox	gnina	posebusters	7RH3_59O	20260922	ok		5	-7.26	gnina_cnn:rescore:crossdock_default2018	kcal/mol (empirical score, not a measured free energy)	106.05	4	0.6655	0.6456	1	1	1	1	1	0.6655	1	1	0.827	0	genconf	ligand_centred	2026-09-24T10:32:45+08:00
arm	A2_genconf_refbox	gnina	posebusters	7RZL_NPO	20260922	ok		5	-5.49	gnina_cnn:rescore:crossdock_default2018	kcal/mol (empirical score, not a measured free energy)	16.35	4	2.0693	0.1422	0	0	0	0	0	1.1159	1	1	2.0693	0	genconf	ligand_centred	2026-09-24T10:32:47+08:00
arm	A2_genconf_refbox	gnina	posebusters	7R6J_2I7	20260922	ok		5	-9.47	gnina_cnn:rescore:crossdock_default2018	kcal/mol (empirical score, not a measured free energy)	74.21	4	4.986	2.4277	1	0	0	0	0	3.5989	0	0	4.9917	0	genconf	ligand_centred	2026-09-24T10:32:03+08:00
arm	A2_genconf_refbox	gnina	posebusters	7R3D_APR	20260922	ok		5	-10.17	gnina_cnn:rescore:crossdock_default2018	kcal/mol (empirical score, not a measured free energy)	122.07	4	1.6099	1.3864	1	1	0	1	0	1.5741	1	1	1.6099	0	genconf	ligand_centred	2026-09-24T10:32:14+08:00
arm	A2_genconf_refbox	gnina	posebusters	7ROR_69X	20260922	ok		5	-13.1	gnina_cnn:rescore:crossdock_default2018	kcal/mol (empirical score, not a measured free energy)	115.34	4	0.9891	0.8657	1	1	1	1	1	0.9891	1	1	1.2851	0	genconf	ligand_centred	2026-09-24T10:32:54+08:00
arm	A2_genconf_refbox	gnina	posebusters	7SDD_4IP	20260922	ok		5	-8.23	gnina_cnn:rescore:crossdock_default2018	kcal/mol (empirical score, not a measured free energy)	68.19	4	4.358	1.6662	1	0	0	0	0	3.8718	0	0	4.4234	0	genconf	ligand_centred	2026-09-24T10:33:00+08:00
arm	A2_genconf_refbox	gnina	posebusters	7SFO_98L	20260922	ok		5	-10.51	gnina_cnn:rescore:crossdock_default2018	kcal/mol (empirical score, not a measured free energy)	41.48	4	0.4005	0.2028	1	1	1	1	1	0.4005	1	1	1.0486	0	genconf	ligand_centred	2026-09-24T10:33:09+08:00
arm	A2_genconf_refbox	gnina	posebusters	7RSV_7IQ	20260922	ok		5	-7.61	gnina_cnn:rescore:crossdock_default2018	kcal/mol (empirical score, not a measured free energy)	28.28	4	1.6459	1.5665	1	1	0	1	0	1.6459	1	1	1.6459	0	genconf	ligand_centred	2026-09-24T10:32:52+08:00
arm	A2_genconf_refbox	gnina	posebusters	7RNI_60I	20260922	ok		5	-9.64	gnina_cnn:rescore:crossdock_default2018	kcal/mol (empirical score, not a measured free energy)	56.55	4	1.0416	0.9356	1	1	0	1	0	1.0416	1	1	1.1982	0	genconf	ligand_centred	2026-09-24T10:32:41+08:00
arm	A2_genconf_refbox	gnina	posebusters	7SCW_GSP	20260922	ok		5	-10.58	gnina_cnn:rescore:crossdock_default2018	kcal/mol (empirical score, not a measured free energy)	94.72	4	1.8522	1.679	0	1	0	0	0	0.8547	1	1	1.9058	0	genconf	ligand_centred	2026-09-24T10:33:15+08:00
arm	A2_genconf_refbox	gnina	posebusters	7ROU_66I	20260922	ok		5	-12.42	gnina_cnn:rescore:crossdock_default2018	kcal/mol (empirical score, not a measured free energy)	164.99	4	1.4108	1.2511	1	1	0	1	0	1.4108	1	1	1.6937	0	genconf	ligand_centred	2026-09-24T10:33:18+08:00
arm	A2_genconf_refbox	gnina	posebusters	7OP9_06K	20260922	ok		5	-5.45	gnina_cnn:rescore:crossdock_default2018	kcal/mol (empirical score, not a measured free energy)	16.81	4	0.3152	0.0598	1	1	1	1	1	0.3152	1	1	0.3152	0	genconf	ligand_centred	2026-09-24T10:30:16+08:00
arm	A2_genconf_refbox	gnina	posebusters	7SZA_DUI	20260922	ok		5	-9.43	gnina_cnn:rescore:crossdock_default2018	kcal/mol (empirical score, not a measured free energy)	29.65	4	2.3034	1.6627	1	0	0	0	0	0.6018	1	1	2.3034	0	genconf	ligand_centred	2026-09-24T10:33:26+08:00
arm	A2_genconf_refbox	gnina	posebusters	7SIU_9ID	20260922	ok		5	-10.34	gnina_cnn:rescore:crossdock_default2018	kcal/mol (empirical score, not a measured free energy)	73.94	4	0.3767	0.2104	1	1	1	1	1	0.3767	1	1	0.9411	0	genconf	ligand_centred	2026-09-24T10:33:29+08:00
arm	A2_genconf_refbox	gnina	posebusters	7T1D_E7K	20260922	ok		5	-13.78	gnina_cnn:rescore:crossdock_default2018	kcal/mol (empirical score, not a measured free energy)	71.77	4	0.4896	0.2598	1	1	1	1	1	0.4896	1	1	0.9653	0	genconf	ligand_centred	2026-09-24T10:33:35+08:00
arm	A2_genconf_refbox	gnina	posebusters	7T0D_FPP	20260922	ok		5	-8.86	gnina_cnn:rescore:crossdock_default2018	kcal/mol (empirical score, not a measured free energy)	65.86	4	3.0349	1.2832	0	0	0	0	0	1.3031	1	1	3.0661	0	genconf	ligand_centred	2026-09-24T10:33:31+08:00
arm	A2_genconf_refbox	gnina	posebusters	7TBU_S3P	20260922	ok		5	-6.81	gnina_cnn:rescore:crossdock_default2018	kcal/mol (empirical score, not a measured free energy)	29.01	4	0.5371	0.3153	1	1	1	1	1	0.5371	1	1	1.2698	0	genconf	ligand_centred	2026-09-24T10:33:40+08:00
arm	A2_genconf_refbox	gnina	posebusters	7TE8_P0T	20260922	ok		5	-11.5	gnina_cnn:rescore:crossdock_default2018	kcal/mol (empirical score, not a measured free energy)	61.19	4	0.8432	0.7922	1	1	1	1	1	0.8413	1	1	0.8432	0	genconf	ligand_centred	2026-09-24T10:33:45+08:00
arm	A2_genconf_refbox	gnina	posebusters	7T3E_SLB	20260922	ok		5	-9.02	gnina_cnn:rescore:crossdock_default2018	kcal/mol (empirical score, not a measured free energy)	37.66	4	0.382	0.2328	1	1	1	1	1	0.382	1	1	0.7842	0	genconf	ligand_centred	2026-09-24T10:33:29+08:00
arm	A2_genconf_refbox	gnina	posebusters	7TM6_GPJ	20260922	ok		5	-5.52	gnina_cnn:rescore:crossdock_default2018	kcal/mol (empirical score, not a measured free energy)	16.63	4	8.5029	0.8014	1	0	0	0	0	0.7945	1	1	8.5272	0	genconf	ligand_centred	2026-09-24T10:33:45+08:00
arm	A2_genconf_refbox	gnina	posebusters	7Q25_8J9	20260922	ok		5	-9.21	gnina_cnn:rescore:crossdock_default2018	kcal/mol (empirical score, not a measured free energy)	104.98	4	8.9602	3.3517	0	0	0	0	0	5.0244	0	0	8.974	0	genconf	ligand_centred	2026-09-24T10:31:14+08:00
arm	A2_genconf_refbox	gnina	posebusters	7THI_PGA	20260922	ok		5	-6.34	gnina_cnn:rescore:crossdock_default2018	kcal/mol (empirical score, not a measured free energy)	15.59	4	0.6094	0.5107	1	1	1	1	1	0.6094	1	1	1.5101	0	genconf	ligand_centred	2026-09-24T10:33:40+08:00
arm	A2_genconf_refbox	gnina	posebusters	7TOM_5AD	20260922	ok		5	-8.2	gnina_cnn:rescore:crossdock_default2018	kcal/mol (empirical score, not a measured free energy)	27.44	4	0.8352	0.7648	1	1	1	1	1	0.8352	1	1	0.8352	0	genconf	ligand_centred	2026-09-24T10:33:54+08:00
arm	A2_genconf_refbox	gnina	posebusters	7PT3_3KK	20260922	ok		5	-10.64	gnina_cnn:rescore:crossdock_default2018	kcal/mol (empirical score, not a measured free energy)	516.21	4	1.2667	1.2458	1	1	0	1	0	1.2667	1	1	1.3877	0	genconf	ligand_centred	2026-09-24T10:32:16+08:00
arm	A2_genconf_refbox	gnina	posebusters	7TUO_KL9	20260922	ok		5	-9.87	gnina_cnn:rescore:crossdock_default2018	kcal/mol (empirical score, not a measured free energy)	61.01	4	1.8083	1.3842	1	1	0	1	0	0.8517	1	1	2.0031	1	genconf	ligand_centred	2026-09-24T10:34:03+08:00
arm	A2_genconf_refbox	gnina	posebusters	7TSF_H4B	20260922	ok		5	-8.93	gnina_cnn:rescore:crossdock_default2018	kcal/mol (empirical score, not a measured free energy)	26.41	4	0.3307	0.209	1	1	1	1	1	0.3307	1	1	0.3307	0	genconf	ligand_centred	2026-09-24T10:33:58+08:00
arm	A2_genconf_refbox	gnina	posebusters	7TYP_KUR	20260922	ok		5	-13.83	gnina_cnn:rescore:crossdock_default2018	kcal/mol (empirical score, not a measured free energy)	107.1	4	0.8102	0.6554	1	1	1	1	1	0.8102	1	1	1.2268	0	genconf	ligand_centred	2026-09-24T10:34:12+08:00
arm	A2_genconf_refbox	gnina	posebusters	7UAS_MBU	20260922	ok		5	-10.66	gnina_cnn:rescore:crossdock_default2018	kcal/mol (empirical score, not a measured free energy)	93.15	4	1.1313	0.7183	1	1	0	1	0	1.1313	1	1	1.2098	0	genconf	ligand_centred	2026-09-24T10:34:07+08:00
arm	A2_genconf_refbox	gnina	posebusters	7TXK_LW8	20260922	ok		5	-6.91	gnina_cnn:rescore:crossdock_default2018	kcal/mol (empirical score, not a measured free energy)	23.44	4	2.7996	1.1664	1	0	0	0	0	1.1793	1	1	2.9644	0	genconf	ligand_centred	2026-09-24T10:34:00+08:00
arm	A2_genconf_refbox	gnina	posebusters	7TH4_FFO	20260922	ok		5	-8.79	gnina_cnn:rescore:crossdock_default2018	kcal/mol (empirical score, not a measured free energy)	118.27	4	2.632	2.0134	1	0	0	0	0	1.9257	1	1	2.6664	0	genconf	ligand_centred	2026-09-24T10:33:58+08:00
arm	A2_genconf_refbox	gnina	posebusters	7U3J_L6U	20260922	ok		5	-10.25	gnina_cnn:rescore:crossdock_default2018	kcal/mol (empirical score, not a measured free energy)	150.67	4	0.9627	0.9306	1	1	1	1	1	0.9627	1	1	1.1103	0	genconf	ligand_centred	2026-09-24T10:34:22+08:00
arm	A2_genconf_refbox	gnina	posebusters	7UQ3_O2U	20260922	ok		5	-7.15	gnina_cnn:rescore:crossdock_default2018	kcal/mol (empirical score, not a measured free energy)	21.63	4	0.3947	0.3049	1	1	1	1	1	0.3947	1	1	0.3947	0	genconf	ligand_centred	2026-09-24T10:34:38+08:00
arm	A1_refconf_refbox	vinardo	posebusters	8F4J_PHO	20260922	ok		2	-25.9	vinardo	kcal/mol (empirical score, not a measured free energy)	1040.11	5	0.9467	0.8702	1	1	1	1	1	0.9467	1	1	0.9467	0	refconf	ligand_centred	2026-09-24T10:20:25+08:00
arm	A2_genconf_refbox	gnina	posebusters	7UJF_R3V	20260922	ok		5	-11.94	gnina_cnn:rescore:crossdock_default2018	kcal/mol (empirical score, not a measured free energy)	70.4	4	1.0848	0.6937	1	1	0	1	0	1.0848	1	1	1.6159	0	genconf	ligand_centred	2026-09-24T10:34:26+08:00
arm	A2_genconf_refbox	gnina	posebusters	7USH_82V	20260922	ok		5	-7.25	gnina_cnn:rescore:crossdock_default2018	kcal/mol (empirical score, not a measured free energy)	40.25	4	1.7127	1.4941	1	1	0	1	0	1.6379	1	1	1.9434	0	genconf	ligand_centred	2026-09-24T10:34:45+08:00
arm	A2_genconf_refbox	gnina	posebusters	7UYB_OK0	20260922	ok		5	-11.19	gnina_cnn:rescore:crossdock_default2018	kcal/mol (empirical score, not a measured free energy)	56.19	4	0.9118	0.6042	1	1	1	1	1	0.9118	1	1	1.4915	0	genconf	ligand_centred	2026-09-24T10:34:47+08:00
arm	A2_genconf_refbox	gnina	posebusters	7ULC_56B	20260922	ok		5	-11.96	gnina_cnn:rescore:crossdock_default2018	kcal/mol (empirical score, not a measured free energy)	91.75	4	1.5112	1.4023	0	1	0	0	0	1.5112	1	0	1.6304	0	genconf	ligand_centred	2026-09-24T10:34:40+08:00
arm	A2_genconf_refbox	gnina	posebusters	7UJ4_OQ4	20260922	ok		5	-9.17	gnina_cnn:rescore:crossdock_default2018	kcal/mol (empirical score, not a measured free energy)	162.82	4	1.2099	1.1639	1	1	0	1	0	1.2099	1	1	1.4668	0	genconf	ligand_centred	2026-09-24T10:34:29+08:00
arm	A2_genconf_refbox	gnina	posebusters	7V3N_AKG	20260922	ok		5	-5.98	gnina_cnn:rescore:crossdock_default2018	kcal/mol (empirical score, not a measured free energy)	16.09	4	4.3746	1.0046	0	0	0	0	0	2.0628	0	0	4.4163	0	genconf	ligand_centred	2026-09-24T10:34:52+08:00
arm	A2_genconf_refbox	gnina	posebusters	7UY4_SMI	20260922	ok		5	-6.52	gnina_cnn:rescore:crossdock_default2018	kcal/mol (empirical score, not a measured free energy)	27.26	4	7.9718	1.2981	1	0	0	0	0	2.731	0	0	7.9831	0	genconf	ligand_centred	2026-09-24T10:34:45+08:00
arm	A2_genconf_refbox	gnina	posebusters	7TB0_UD1	20260922	ok		5	-10.61	gnina_cnn:rescore:crossdock_default2018	kcal/mol (empirical score, not a measured free energy)	162.69	4	3.2914	2.9596	1	0	0	0	0	1.6305	1	1	3.2914	0	genconf	ligand_centred	2026-09-24T10:34:02+08:00
arm	A2_genconf_refbox	gnina	posebusters	7V43_C4O	20260922	ok		5	-6.03	gnina_cnn:rescore:crossdock_default2018	kcal/mol (empirical score, not a measured free energy)	12.02	4	3.4892	0.0413	1	0	0	0	0	0.5752	1	1	3.872	0	genconf	ligand_centred	2026-09-24T10:34:56+08:00
arm	A2_genconf_refbox	gnina	posebusters	7V14_ORU	20260922	ok		5	-9.5	gnina_cnn:rescore:crossdock_default2018	kcal/mol (empirical score, not a measured free energy)	79.27	4	0.7527	0.737	1	1	1	1	1	0.7527	1	1	0.8312	0	genconf	ligand_centred	2026-09-24T10:34:53+08:00
arm	A2_genconf_refbox	gnina	posebusters	7TS6_KMI	20260922	ok		5	-8.65	gnina_cnn:rescore:crossdock_default2018	kcal/mol (empirical score, not a measured free energy)	25.97	4	2.6175	2.1783	1	0	0	0	0	0.4115	1	1	2.6175	0	genconf	ligand_centred	2026-09-24T10:33:54+08:00
arm	A2_genconf_refbox	gnina	posebusters	7VBU_6I4	20260922	ok		5	-8.6	gnina_cnn:rescore:crossdock_default2018	kcal/mol (empirical score, not a measured free energy)	19.58	4	0.3632	0.0688	1	1	1	1	1	0.3632	1	1	0.6215	0	genconf	ligand_centred	2026-09-24T10:34:59+08:00
arm	A2_genconf_refbox	gnina	posebusters	7M31_TDR	20260922	ok		5	-6.67	gnina_cnn:rescore:crossdock_default2018	kcal/mol (empirical score, not a measured free energy)	18.71	4	0.4419	0.0637	1	1	1	1	1	0.4419	1	1	0.4419	0	genconf	ligand_centred	2026-09-24T10:28:25+08:00
arm	A2_genconf_refbox	gnina	posebusters	7VB8_STL	20260922	ok		5	-7.94	gnina_cnn:rescore:crossdock_default2018	kcal/mol (empirical score, not a measured free energy)	19.33	4	7.9293	0.6112	1	0	0	0	0	0.4157	1	0	8.0108	0	genconf	ligand_centred	2026-09-24T10:34:57+08:00
arm	A2_genconf_refbox	gnina	posebusters	7VC5_9SF	20260922	ok		5	-9.19	gnina_cnn:rescore:crossdock_default2018	kcal/mol (empirical score, not a measured free energy)	38.02	4	2.1295	1.9027	0	0	0	0	0	1.3653	1	1	2.1295	0	genconf	ligand_centred	2026-09-24T10:35:02+08:00
arm	A2_genconf_refbox	gnina	posebusters	7UMW_NAD	20260922	ok		5	-13.43	gnina_cnn:rescore:crossdock_default2018	kcal/mol (empirical score, not a measured free energy)	212.38	4	2.9951	2.6042	1	0	0	0	0	2.4555	0	0	2.9951	0	genconf	ligand_centred	2026-09-24T10:34:58+08:00
arm	A2_genconf_refbox	gnina	posebusters	7VQ9_ISY	20260922	ok		5	-6.76	gnina_cnn:rescore:crossdock_default2018	kcal/mol (empirical score, not a measured free energy)	29.91	4	2.4689	1.0021	0	0	0	0	0	1.3248	1	1	2.6028	0	genconf	ligand_centred	2026-09-24T10:35:03+08:00
arm	A2_genconf_refbox	gnina	posebusters	7V3S_5I9	20260922	ok		5	-12.4	gnina_cnn:rescore:crossdock_default2018	kcal/mol (empirical score, not a measured free energy)	109.18	4	0.401	0.3358	1	1	1	1	1	0.401	1	1	0.8724	0	genconf	ligand_centred	2026-09-24T10:35:02+08:00
arm	A2_genconf_refbox	gnina	posebusters	7W06_ITN	20260922	ok		5	-6.23	gnina_cnn:rescore:crossdock_default2018	kcal/mol (empirical score, not a measured free energy)	22.34	4	3.3219	1.1029	1	0	0	0	0	0.638	1	1	3.3219	0	genconf	ligand_centred	2026-09-24T10:35:11+08:00
arm	A2_genconf_refbox	gnina	posebusters	7W05_GMP	20260922	ok		5	-6.93	gnina_cnn:rescore:crossdock_default2018	kcal/mol (empirical score, not a measured free energy)	27.49	4	2.7803	2.1844	1	0	0	0	0	1.4775	1	1	2.7803	0	genconf	ligand_centred	2026-09-24T10:35:10+08:00
arm	A2_genconf_refbox	gnina	posebusters	7WCF_ACP	20260922	ok		5	-9.15	gnina_cnn:rescore:crossdock_default2018	kcal/mol (empirical score, not a measured free energy)	102.84	4	2.1227	1.7084	0	0	0	0	0	1.6365	1	1	2.2372	0	genconf	ligand_centred	2026-09-24T10:35:14+08:00
arm	A2_genconf_refbox	gnina	posebusters	7WJB_BGC	20260922	ok		5	-3.83	gnina_cnn:rescore:crossdock_default2018	kcal/mol (empirical score, not a measured free energy)	16.72	4	9.6677	0.3573	1	0	0	0	0	9.6677	0	0	9.6677	0	genconf	ligand_centred	2026-09-24T10:35:12+08:00
arm	A2_genconf_refbox	gnina	posebusters	7UTW_NAI	20260922	ok		5	-11.11	gnina_cnn:rescore:crossdock_default2018	kcal/mol (empirical score, not a measured free energy)	235.86	4	11.3114	3.409	0	0	0	0	0	10.8667	0	0	11.3114	0	genconf	ligand_centred	2026-09-24T10:35:05+08:00
arm	A2_genconf_refbox	gnina	posebusters	7VWF_K55	20260922	ok		5	-11.44	gnina_cnn:rescore:crossdock_default2018	kcal/mol (empirical score, not a measured free energy)	118.79	4	1.2813	0.9582	1	1	0	1	0	1.2813	1	1	1.465	0	genconf	ligand_centred	2026-09-24T10:35:14+08:00
arm	A2_genconf_refbox	gnina	posebusters	7WPW_F15	20260922	ok		5	-5.94	gnina_cnn:rescore:crossdock_default2018	kcal/mol (empirical score, not a measured free energy)	49.34	4	1.2568	1.0619	1	1	0	1	0	1.2568	1	1	1.4603	0	genconf	ligand_centred	2026-09-24T10:35:22+08:00
arm	A2_genconf_refbox	gnina	posebusters	7WDT_NGS	20260922	ok		5	-7.12	gnina_cnn:rescore:crossdock_default2018	kcal/mol (empirical score, not a measured free energy)	32.88	4	2.4637	1.1614	1	0	0	0	0	2.4637	0	0	2.5314	0	genconf	ligand_centred	2026-09-24T10:35:13+08:00
arm	A2_genconf_refbox	gnina	posebusters	7X9K_8OG	20260922	ok		5	-10.49	gnina_cnn:rescore:crossdock_default2018	kcal/mol (empirical score, not a measured free energy)	40.41	4	0.4148	0.3292	1	1	1	1	1	0.4148	1	1	0.4148	0	genconf	ligand_centred	2026-09-24T10:35:30+08:00
arm	A2_genconf_refbox	gnina	posebusters	7WQQ_5Z6	20260922	ok		5	-13.39	gnina_cnn:rescore:crossdock_default2018	kcal/mol (empirical score, not a measured free energy)	57.04	4	0.3844	0.3377	1	1	1	1	1	0.3844	1	1	3.5979	1	genconf	ligand_centred	2026-09-24T10:35:25+08:00
arm	A2_genconf_refbox	gnina	posebusters	7VKZ_NOJ	20260922	ok		5	-6.59	gnina_cnn:rescore:crossdock_default2018	kcal/mol (empirical score, not a measured free energy)	13.61	4	3.5035	0.7765	1	0	0	0	0	0.9245	1	1	3.5035	0	genconf	ligand_centred	2026-09-24T10:34:59+08:00
arm	A2_genconf_refbox	gnina	posebusters	7WL4_JFU	20260922	ok		5	-9.72	gnina_cnn:rescore:crossdock_default2018	kcal/mol (empirical score, not a measured free energy)	73.03	4	2.0414	1.6184	1	0	0	0	0	0.6914	1	1	2.0807	0	genconf	ligand_centred	2026-09-24T10:35:24+08:00
arm	A2_genconf_refbox	gnina	posebusters	7UJ5_DGL	20260922	ok		5	-6.98	gnina_cnn:rescore:crossdock_default2018	kcal/mol (empirical score, not a measured free energy)	19.64	4	0.6301	0.4317	1	1	1	1	1	0.6301	1	1	1.4188	0	genconf	ligand_centred	2026-09-24T10:34:17+08:00
arm	A2_genconf_refbox	gnina	posebusters	7WUY_76N	20260922	ok		5	48.22	gnina_cnn:rescore:crossdock_default2018	kcal/mol (empirical score, not a measured free energy)	59.34	4	7.9628	1.1546	0	0	0	0	0	2.1597	0	0	7.9628	0	genconf	ligand_centred	2026-09-24T10:35:27+08:00
arm	A2_genconf_refbox	gnina	posebusters	7XG5_PLP	20260922	ok		5	-8.16	gnina_cnn:rescore:crossdock_default2018	kcal/mol (empirical score, not a measured free energy)	26.94	4	0.6218	0.2745	1	1	1	1	1	0.6218	1	1	0.6218	0	genconf	ligand_centred	2026-09-24T10:35:40+08:00
arm	A2_genconf_refbox	gnina	posebusters	7VYJ_CA0	20260922	ok		5	-10.26	gnina_cnn:rescore:crossdock_default2018	kcal/mol (empirical score, not a measured free energy)	65.59	4	3.0702	1.8089	1	0	0	0	0	0.8495	1	1	3.0747	0	genconf	ligand_centred	2026-09-24T10:35:12+08:00
arm	A2_genconf_refbox	gnina	posebusters	7WKL_CAQ	20260922	ok		5	-7.38	gnina_cnn:rescore:crossdock_default2018	kcal/mol (empirical score, not a measured free energy)	11.75	4	0.4061	0.0185	1	1	1	1	1	0.4059	1	1	0.4061	0	genconf	ligand_centred	2026-09-24T10:35:13+08:00
arm	A2_genconf_refbox	gnina	posebusters	7XI7_4RI	20260922	ok		5	-8.53	gnina_cnn:rescore:crossdock_default2018	kcal/mol (empirical score, not a measured free energy)	40.35	4	0.9879	0.5206	1	1	1	1	1	0.9879	1	1	1.4569	0	genconf	ligand_centred	2026-09-24T10:35:46+08:00
arm	A2_genconf_refbox	gnina	posebusters	7WY1_D0L	20260922	ok		5	-9.24	gnina_cnn:rescore:crossdock_default2018	kcal/mol (empirical score, not a measured free energy)	73.17	4	0.871	0.6197	1	1	1	1	1	0.871	1	1	1.2758	0	genconf	ligand_centred	2026-09-24T10:35:35+08:00
arm	A2_genconf_refbox	gnina	posebusters	7X5N_5M5	20260922	ok		5	-11.73	gnina_cnn:rescore:crossdock_default2018	kcal/mol (empirical score, not a measured free energy)	74.78	4	0.8574	0.7063	1	1	1	1	1	0.8574	1	1	1.0536	0	genconf	ligand_centred	2026-09-24T10:35:38+08:00
arm	A2_genconf_refbox	gnina	posebusters	7XBV_APC	20260922	ok		5	-8.33	gnina_cnn:rescore:crossdock_default2018	kcal/mol (empirical score, not a measured free energy)	104.84	4	4.8963	1.5128	1	0	0	0	0	3.1578	0	0	4.8965	0	genconf	ligand_centred	2026-09-24T10:35:49+08:00
arm	A2_genconf_refbox	gnina	posebusters	7XQZ_FPF	20260922	ok		5	-10.43	gnina_cnn:rescore:crossdock_default2018	kcal/mol (empirical score, not a measured free energy)	64.16	4	1.2249	1.1664	1	1	0	1	0	1.2249	1	1	1.4164	0	genconf	ligand_centred	2026-09-24T10:35:50+08:00
arm	A2_genconf_refbox	gnina	posebusters	7Z1Q_NIO	20260922	ok		5	-4.39	gnina_cnn:rescore:crossdock_default2018	kcal/mol (empirical score, not a measured free energy)	18.24	4	3.7504	0.5265	1	0	0	0	0	1.3634	1	1	3.7809	0	genconf	ligand_centred	2026-09-24T10:35:58+08:00
arm	A2_genconf_refbox	gnina	posebusters	7XFA_D9J	20260922	ok		5	-6.48	gnina_cnn:rescore:crossdock_default2018	kcal/mol (empirical score, not a measured free energy)	143.17	4	6.1632	2.7115	1	0	0	0	0	5.7357	0	0	6.1726	0	genconf	ligand_centred	2026-09-24T10:35:52+08:00
arm	A2_genconf_refbox	gnina	posebusters	7Z2O_IAJ	20260922	ok		5	-6.5	gnina_cnn:rescore:crossdock_default2018	kcal/mol (empirical score, not a measured free energy)	20.56	4	3.8618	0.1089	1	0	0	0	0	0.292	1	1	3.8618	0	genconf	ligand_centred	2026-09-24T10:35:58+08:00
arm	A2_genconf_refbox	gnina	posebusters	7Z7F_IF3	20260922	ok		5	-5.94	gnina_cnn:rescore:crossdock_default2018	kcal/mol (empirical score, not a measured free energy)	18.98	4	0.1735	0.1074	1	1	1	1	1	0.1735	1	1	0.1735	0	genconf	ligand_centred	2026-09-24T10:35:59+08:00
arm	A2_genconf_refbox	gnina	posebusters	7YZU_DO7	20260922	ok		5	-6.2	gnina_cnn:rescore:crossdock_default2018	kcal/mol (empirical score, not a measured free energy)	20.99	4	3.741	1.6106	0	0	0	0	0	3.741	0	0	3.7881	0	genconf	ligand_centred	2026-09-24T10:35:51+08:00
arm	A2_genconf_refbox	gnina	posebusters	7ZOC_T8E	20260922	ok		5	-6.77	gnina_cnn:rescore:crossdock_default2018	kcal/mol (empirical score, not a measured free energy)	25.68	4	6.9766	0.7528	1	0	0	0	0	1.8967	1	1	6.9766	0	genconf	ligand_centred	2026-09-24T10:36:03+08:00
arm	A2_genconf_refbox	gnina	posebusters	7ZTL_BCN	20260922	ok		5	-3.71	gnina_cnn:rescore:crossdock_default2018	kcal/mol (empirical score, not a measured free energy)	27.93	4	6.2818	1.1956	1	0	0	0	0	3.2106	0	0	6.2952	0	genconf	ligand_centred	2026-09-24T10:36:04+08:00
arm	A2_genconf_refbox	gnina	posebusters	7XJN_NSD	20260922	ok		5	-5.67	gnina_cnn:rescore:crossdock_default2018	kcal/mol (empirical score, not a measured free energy)	18.56	4	0.7571	0.6998	1	1	1	1	1	0.7571	1	1	5.7756	1	genconf	ligand_centred	2026-09-24T10:35:41+08:00
arm	A2_genconf_refbox	gnina	posebusters	7ZU2_DHT	20260922	ok		5	-11.41	gnina_cnn:rescore:crossdock_default2018	kcal/mol (empirical score, not a measured free energy)	25.12	4	0.2773	0.0804	1	1	1	1	1	0.2773	1	1	0.2773	0	genconf	ligand_centred	2026-09-24T10:36:09+08:00
arm	A2_genconf_refbox	gnina	posebusters	7ZL5_IWE	20260922	ok		5	-7.62	gnina_cnn:rescore:crossdock_default2018	kcal/mol (empirical score, not a measured free energy)	54.56	4	0.8982	0.3529	1	1	1	1	1	0.8982	1	1	1.1659	0	genconf	ligand_centred	2026-09-24T10:36:10+08:00
arm	A2_genconf_refbox	gnina	posebusters	7ZF0_DHR	20260922	ok		5	-4.58	gnina_cnn:rescore:crossdock_default2018	kcal/mol (empirical score, not a measured free energy)	17.56	4	11.1798	0.7459	0	0	0	0	0	0.4654	1	1	11.2681	0	genconf	ligand_centred	2026-09-24T10:36:01+08:00
arm	A2_genconf_refbox	gnina	posebusters	7XPO_UPG	20260922	ok		5	-11.06	gnina_cnn:rescore:crossdock_default2018	kcal/mol (empirical score, not a measured free energy)	147.65	4	2.38	2.0164	1	0	0	0	0	2.38	0	0	2.38	0	genconf	ligand_centred	2026-09-24T10:36:03+08:00
arm	A2_genconf_refbox	gnina	posebusters	8AEM_LVF	20260922	ok		5	-7.7	gnina_cnn:rescore:crossdock_default2018	kcal/mol (empirical score, not a measured free energy)	15.42	4	0.4603	0.1163	1	1	1	1	1	0.4603	1	1	0.4603	0	genconf	ligand_centred	2026-09-24T10:36:19+08:00
arm	A2_genconf_refbox	gnina	posebusters	8AAU_LH0	20260922	ok		5	-7.82	gnina_cnn:rescore:crossdock_default2018	kcal/mol (empirical score, not a measured free energy)	46.64	4	0.5785	0.4036	1	1	1	1	1	0.5785	1	1	1.8372	0	genconf	ligand_centred	2026-09-24T10:36:20+08:00
arm	A2_genconf_refbox	gnina	posebusters	8AIE_M7L	20260922	ok		5	-7.57	gnina_cnn:rescore:crossdock_default2018	kcal/mol (empirical score, not a measured free energy)	50.53	4	5.5397	1.2844	1	0	0	0	0	5.5397	0	0	5.6589	0	genconf	ligand_centred	2026-09-24T10:36:22+08:00
arm	A2_genconf_refbox	gnina	posebusters	8AP0_PRP	20260922	ok		5	-9.59	gnina_cnn:rescore:crossdock_default2018	kcal/mol (empirical score, not a measured free energy)	51.22	4	5.9739	2.3436	0	0	0	0	0	1.9735	1	0	5.989	0	genconf	ligand_centred	2026-09-24T10:36:31+08:00
arm	A2_genconf_refbox	gnina	posebusters	8AUH_L9I	20260922	ok		5	-4.24	gnina_cnn:rescore:crossdock_default2018	kcal/mol (empirical score, not a measured free energy)	19.9	4	11.416	0.6168	1	0	0	0	0	1.1445	1	1	11.416	0	genconf	ligand_centred	2026-09-24T10:36:27+08:00
arm	A2_genconf_refbox	gnina	posebusters	7ZXV_45D	20260922	ok		5	12.64	gnina_cnn:rescore:crossdock_default2018	kcal/mol (empirical score, not a measured free energy)	133.2	4	14.7691	2.2249	0	0	0	0	0	7.9584	0	0	14.7771	0	genconf	ligand_centred	2026-09-24T10:36:25+08:00
arm	A2_genconf_refbox	gnina	posebusters	8A1H_DLZ	20260922	ok		5	-11.08	gnina_cnn:rescore:crossdock_default2018	kcal/mol (empirical score, not a measured free energy)	35.79	4	0.8108	0.7655	1	1	1	1	1	0.8108	1	1	0.8108	0	genconf	ligand_centred	2026-09-24T10:36:14+08:00
arm	A2_genconf_refbox	gnina	posebusters	7ZDY_6MJ	20260922	ok		5	-3.24	gnina_cnn:rescore:crossdock_default2018	kcal/mol (empirical score, not a measured free energy)	15.83	4	9.6935	0.4254	1	0	0	0	0	0.595	1	1	9.6935	0	genconf	ligand_centred	2026-09-24T10:36:00+08:00
arm	A2_genconf_refbox	gnina	posebusters	7XRL_FWK	20260922	ok		5	-8.58	gnina_cnn:rescore:crossdock_default2018	kcal/mol (empirical score, not a measured free energy)	23.13	4	2.4668	1.4908	1	0	0	0	0	0.7333	1	1	2.4668	0	genconf	ligand_centred	2026-09-24T10:35:49+08:00
arm	A2_genconf_refbox	gnina	posebusters	8BTI_RFO	20260922	ok		5	-7.87	gnina_cnn:rescore:crossdock_default2018	kcal/mol (empirical score, not a measured free energy)	21.66	4	0.6481	0.2151	1	1	1	1	1	0.6481	1	1	0.6481	0	genconf	ligand_centred	2026-09-24T10:36:42+08:00
arm	A2_genconf_refbox	gnina	posebusters	7ZZW_KKW	20260922	ok		5	-7.71	gnina_cnn:rescore:crossdock_default2018	kcal/mol (empirical score, not a measured free energy)	47.48	4	2.3475	2.2428	0	0	0	0	0	0.8136	1	0	2.3475	0	genconf	ligand_centred	2026-09-24T10:36:16+08:00
arm	A2_genconf_refbox	gnina	posebusters	8A2D_KXY	20260922	ok		5	-12.98	gnina_cnn:rescore:crossdock_default2018	kcal/mol (empirical score, not a measured free energy)	178.34	4	2.1727	1.8395	1	0	0	0	0	1.1582	1	1	2.194	0	genconf	ligand_centred	2026-09-24T10:36:38+08:00
arm	A2_genconf_refbox	gnina	posebusters	8AY3_OE3	20260922	ok		5	-10.16	gnina_cnn:rescore:crossdock_default2018	kcal/mol (empirical score, not a measured free energy)	41.83	4	0.3981	0.2095	1	1	1	1	1	0.3569	1	1	0.8097	0	genconf	ligand_centred	2026-09-24T10:36:37+08:00
arm	A2_genconf_refbox	gnina	posebusters	7WUX_6OI	20260922	ok		5	-6.36	gnina_cnn:rescore:crossdock_default2018	kcal/mol (empirical score, not a measured free energy)	44.48	4	2.3491	0.9998	1	0	0	0	0	2.3491	0	0	2.599	0	genconf	ligand_centred	2026-09-24T10:35:25+08:00
arm	A2_genconf_refbox	gnina	posebusters	8C5M_MTA	20260922	ok		5	-6.41	gnina_cnn:rescore:crossdock_default2018	kcal/mol (empirical score, not a measured free energy)	28.14	4	7.1704	1.5768	0	0	0	0	0	1.2167	1	1	7.1704	0	genconf	ligand_centred	2026-09-24T10:36:44+08:00
arm	A2_genconf_refbox	gnina	posebusters	8C3N_ADP	20260922	ok		5	-7.9	gnina_cnn:rescore:crossdock_default2018	kcal/mol (empirical score, not a measured free energy)	67.7	4	1.7086	0.9442	1	1	0	1	0	1.7086	1	1	1.8324	0	genconf	ligand_centred	2026-09-24T10:36:48+08:00
arm	A2_genconf_refbox	gnina	posebusters	8BOM_QU6	20260922	ok		5	-12.43	gnina_cnn:rescore:crossdock_default2018	kcal/mol (empirical score, not a measured free energy)	77.32	4	1.2246	0.885	1	1	0	1	0	1.2246	1	1	1.2246	0	genconf	ligand_centred	2026-09-24T10:36:46+08:00
arm	A2_genconf_refbox	gnina	posebusters	8D39_QDB	20260922	ok		5	-10.06	gnina_cnn:rescore:crossdock_default2018	kcal/mol (empirical score, not a measured free energy)	26.09	4	0.5085	0.3046	1	1	1	1	1	0.4253	1	1	1.4311	0	genconf	ligand_centred	2026-09-24T10:36:52+08:00
arm	A2_genconf_refbox	gnina	posebusters	8DKO_TFB	20260922	ok		5	-5.6	gnina_cnn:rescore:crossdock_default2018	kcal/mol (empirical score, not a measured free energy)	14.1	4	0.5999	0.4695	1	1	1	1	1	0.5999	1	1	0.5999	0	genconf	ligand_centred	2026-09-24T10:36:53+08:00
arm	A2_genconf_refbox	gnina	posebusters	8CNH_V6U	20260922	ok		5	-10.84	gnina_cnn:rescore:crossdock_default2018	kcal/mol (empirical score, not a measured free energy)	48.1	4	0.2501	0.2309	1	1	1	1	1	0.2501	1	1	0.2501	0	genconf	ligand_centred	2026-09-24T10:36:47+08:00
arm	A2_genconf_refbox	gnina	posebusters	8D19_GSH	20260922	ok		5	-4.57	gnina_cnn:rescore:crossdock_default2018	kcal/mol (empirical score, not a measured free energy)	59.48	4	7.8479	2.0679	1	0	0	0	0	7.4127	0	0	7.8479	0	genconf	ligand_centred	2026-09-24T10:36:55+08:00
arm	A2_genconf_refbox	gnina	posebusters	8DHG_T78	20260922	ok		5	-12.22	gnina_cnn:rescore:crossdock_default2018	kcal/mol (empirical score, not a measured free energy)	96.15	4	0.4172	0.289	1	1	1	1	1	0.4172	1	1	0.6792	0	genconf	ligand_centred	2026-09-24T10:37:02+08:00
arm	A2_genconf_refbox	gnina	posebusters	8DSC_NCA	20260922	ok		5	-6.69	gnina_cnn:rescore:crossdock_default2018	kcal/mol (empirical score, not a measured free energy)	14.99	4	0.2421	0.0537	1	1	1	1	1	0.2421	1	1	0.2421	0	genconf	ligand_centred	2026-09-24T10:36:57+08:00
arm	A2_genconf_refbox	gnina	posebusters	8B8H_OJQ	20260922	ok		5	-9.8	gnina_cnn:rescore:crossdock_default2018	kcal/mol (empirical score, not a measured free energy)	48.83	4	0.6159	0.5163	1	1	1	1	1	0.6159	1	1	1.144	0	genconf	ligand_centred	2026-09-24T10:36:40+08:00
arm	A2_genconf_refbox	gnina	posebusters	8EX2_Q2Q	20260922	ok		5	-10.03	gnina_cnn:rescore:crossdock_default2018	kcal/mol (empirical score, not a measured free energy)	35.23	4	0.667	0.2139	1	1	1	1	1	0.667	1	1	1.3028	0	genconf	ligand_centred	2026-09-24T10:37:07+08:00
arm	A2_genconf_refbox	gnina	posebusters	8FLV_ZB9	20260922	ok		5	-8.74	gnina_cnn:rescore:crossdock_default2018	kcal/mol (empirical score, not a measured free energy)	47.52	4	0.8221	0.7278	1	1	1	1	1	0.7582	1	1	1.7868	0	genconf	ligand_centred	2026-09-24T10:37:17+08:00
arm	A2_genconf_refbox	gnina	posebusters	8F8E_XJI	20260922	ok		5	-11.24	gnina_cnn:rescore:crossdock_default2018	kcal/mol (empirical score, not a measured free energy)	56.08	4	0.822	0.6093	1	1	1	1	1	0.822	1	1	0.822	0	genconf	ligand_centred	2026-09-24T10:37:12+08:00
arm	A2_genconf_refbox	gnina	posebusters	8EYE_X4I	20260922	ok		5	-11.29	gnina_cnn:rescore:crossdock_default2018	kcal/mol (empirical score, not a measured free energy)	65.53	4	1.2065	0.9944	0	1	0	0	0	1.2065	1	0	1.2065	0	genconf	ligand_centred	2026-09-24T10:37:11+08:00
arm	A2_genconf_refbox	gnina	posebusters	8FO5_Y4U	20260922	ok		5	-9.36	gnina_cnn:rescore:crossdock_default2018	kcal/mol (empirical score, not a measured free energy)	20.12	4	0.4742	0.3288	1	1	1	1	1	0.4742	1	1	0.9839	0	genconf	ligand_centred	2026-09-24T10:37:18+08:00
arm	A2_genconf_refbox	gnina	posebusters	8EAB_VN2	20260922	ok		5	-14.38	gnina_cnn:rescore:crossdock_default2018	kcal/mol (empirical score, not a measured free energy)	187.54	4	1.7259	1.6358	1	1	0	1	0	0.7246	1	1	2.0518	1	genconf	ligand_centred	2026-09-24T10:37:15+08:00
arm	A2_genconf_refbox	gnina	posebusters	8FAV_4Y5	20260922	ok		5	-16.0	gnina_cnn:rescore:crossdock_default2018	kcal/mol (empirical score, not a measured free energy)	100.67	4	0.3324	0.2346	1	1	1	1	1	0.3324	1	1	0.8354	0	genconf	ligand_centred	2026-09-24T10:37:23+08:00
arm	A2_genconf_refbox	gnina	posebusters	8G6P_API	20260922	ok		5	-4.83	gnina_cnn:rescore:crossdock_default2018	kcal/mol (empirical score, not a measured free energy)	27.96	4	2.5283	1.6959	1	0	0	0	0	2.5283	0	0	2.5375	0	genconf	ligand_centred	2026-09-24T10:37:31+08:00
arm	A2_genconf_refbox	gnina	posebusters	8CSD_C5P	20260922	ok		5	-8.72	gnina_cnn:rescore:crossdock_default2018	kcal/mol (empirical score, not a measured free energy)	42.41	4	0.9632	0.8056	1	1	1	1	1	0.9632	1	1	1.1686	0	genconf	ligand_centred	2026-09-24T10:36:51+08:00
arm	A2_genconf_refbox	gnina	posebusters	8AQL_PLG	20260922	ok		5	-8.55	gnina_cnn:rescore:crossdock_default2018	kcal/mol (empirical score, not a measured free energy)	50.17	4	0.5768	0.4579	1	1	1	1	1	0.5768	1	1	1.0734	0	genconf	ligand_centred	2026-09-24T10:36:37+08:00
arm	A2_genconf_refbox	gnina	posebusters	8HFN_XGC	20260922	ok		5	-8.9	gnina_cnn:rescore:crossdock_default2018	kcal/mol (empirical score, not a measured free energy)	52.41	4	0.6408	0.4127	1	1	1	1	1	0.6408	1	1	0.9582	0	genconf	ligand_centred	2026-09-24T10:37:37+08:00
arm	A2_genconf_refbox	gnina	posebusters	8HO0_3ZI	20260922	ok		5	-9.01	gnina_cnn:rescore:crossdock_default2018	kcal/mol (empirical score, not a measured free energy)	32.19	4	5.9439	1.4805	1	0	0	0	0	1.8193	1	1	5.9439	0	genconf	ligand_centred	2026-09-24T10:37:41+08:00
arm	A2_genconf_refbox	gnina	posebusters	8GFD_ZHR	20260922	ok		5	-6.63	gnina_cnn:rescore:crossdock_default2018	kcal/mol (empirical score, not a measured free energy)	53.93	4	3.2776	1.7621	1	0	0	0	0	3.2776	0	0	3.2776	0	genconf	ligand_centred	2026-09-24T10:37:35+08:00
arm	A2_genconf_refbox	vina	astex	1HQ2_PH2	20260922	ok		5	-6.73	vina	kcal/mol (empirical score, not a measured free energy)	9.11	5	4.5659	0.1519	1	0	0	0	0	4.0367	0	0	4.5659	0	genconf	ligand_centred	2026-09-24T10:37:52+08:00
arm	A2_genconf_refbox	vina	astex	1GPK_HUP	20260922	ok		5	-10.36	vina	kcal/mol (empirical score, not a measured free energy)	13.43	5	3.6314	0.2032	1	0	0	0	0	0.388	1	1	3.6314	0	genconf	ligand_centred	2026-09-24T10:37:45+08:00
arm	A2_genconf_refbox	vina	astex	1HNN_SKF	20260922	ok		5	-8.885	vina	kcal/mol (empirical score, not a measured free energy)	14.91	5	1.0334	0.952	1	1	0	1	0	1.0334	1	1	1.186	0	genconf	ligand_centred	2026-09-24T10:37:48+08:00
arm	A2_genconf_refbox	gnina	posebusters	8DP2_UMA	20260922	ok		5	-8.8	gnina_cnn:rescore:crossdock_default2018	kcal/mol (empirical score, not a measured free energy)	294.09	4	1.3301	1.1962	1	1	0	1	0	1.3301	1	1	1.3881	0	genconf	ligand_centred	2026-09-24T10:37:26+08:00
arm	A2_genconf_refbox	gnina	posebusters	8SLG_G5A	20260922	ok		5	-11.58	gnina_cnn:rescore:crossdock_default2018	kcal/mol (empirical score, not a measured free energy)	49.06	4	1.4685	1.2809	1	1	0	1	0	1.4685	1	1	1.4899	0	genconf	ligand_centred	2026-09-24T10:37:43+08:00
arm	A2_genconf_refbox	vina	astex	1HP0_AD3	20260922	ok		5	-8.469	vina	kcal/mol (empirical score, not a measured free energy)	24.66	5	2.3102	2.0434	1	0	0	0	0	1.7683	1	1	2.3102	0	genconf	ligand_centred	2026-09-24T10:38:01+08:00
arm	A2_genconf_refbox	vina	astex	1GKC_NFH	20260922	ok		5	-6.448	vina	kcal/mol (empirical score, not a measured free energy)	46.77	5	2.443	1.5379	1	0	0	0	0	0.6555	1	1	2.6032	0	genconf	ligand_centred	2026-09-24T10:38:12+08:00
arm	A2_genconf_refbox	vina	astex	1G9V_RQ3	20260922	ok		5	-8.329	vina	kcal/mol (empirical score, not a measured free energy)	44.77	5	4.8802	1.4827	1	0	0	0	0	4.6766	0	0	5.0834	0	genconf	ligand_centred	2026-09-24T10:38:11+08:00
arm	A2_genconf_refbox	vina	astex	1GM8_SOX	20260922	ok		5	-7.92	vina	kcal/mol (empirical score, not a measured free energy)	40.72	5	3.2392	1.3094	1	0	0	0	0	3.2392	0	0	3.4326	0	genconf	ligand_centred	2026-09-24T10:38:07+08:00
arm	A2_genconf_refbox	vina	astex	1IA1_TQ3	20260922	ok		5	-8.833	vina	kcal/mol (empirical score, not a measured free energy)	18.01	5	0.3071	0.1987	1	1	1	1	1	0.3071	1	1	0.3071	0	genconf	ligand_centred	2026-09-24T10:38:21+08:00
arm	A2_genconf_refbox	vina	astex	1JD0_AZM	20260922	ok		5	-6.371	vina	kcal/mol (empirical score, not a measured free energy)	11.08	5	5.7759	1.3397	1	0	0	0	0	2.5131	0	0	5.7759	0	genconf	ligand_centred	2026-09-24T10:38:25+08:00
arm	A2_genconf_refbox	vina	astex	1IG3_VIB	20260922	ok		5	-6.55	vina	kcal/mol (empirical score, not a measured free energy)	22.76	5	10.6495	2.0281	1	0	0	0	0	10.6495	0	0	10.6495	0	genconf	ligand_centred	2026-09-24T10:38:25+08:00
arm	A2_genconf_refbox	gnina	posebusters	8D5D_5DK	20260922	ok		5	-9.52	gnina_cnn:rescore:crossdock_default2018	kcal/mol (empirical score, not a measured free energy)	87.31	4	0.7072	0.6557	1	1	1	1	1	0.7072	1	1	0.9438	0	genconf	ligand_centred	2026-09-24T10:36:59+08:00
arm	A2_genconf_refbox	vina	astex	1K3U_IAD	20260922	ok		4	-10.46	vina	kcal/mol (empirical score, not a measured free energy)	38.54	5	0.6774	0.6443	1	1	1	1	1	0.6774	1	1	0.6774	0	genconf	ligand_centred	2026-09-24T10:38:27+08:00
arm	A2_genconf_refbox	vina	astex	1HWW_SWA	20260922	ok		5	-6.398	vina	kcal/mol (empirical score, not a measured free energy)	8.94	5	3.8124	0.3673	1	0	0	0	0	2.8344	0	0	3.8124	0	genconf	ligand_centred	2026-09-24T10:38:14+08:00
arm	A2_genconf_refbox	gnina	posebusters	7ZCC_OGA	20260922	ok		5	-5.83	gnina_cnn:rescore:crossdock_default2018	kcal/mol (empirical score, not a measured free energy)	23.71	4	4.5926	0.4457	1	0	0	0	0	2.1798	0	0	4.6305	0	genconf	ligand_centred	2026-09-24T10:36:00+08:00
arm	A2_genconf_refbox	vina	astex	1JJE_BYS	20260922	ok		5	-8.329	vina	kcal/mol (empirical score, not a measured free energy)	50.91	5	7.8539	0.8669	1	0	0	0	0	2.686	0	0	7.9297	0	genconf	ligand_centred	2026-09-24T10:38:31+08:00
arm	A2_genconf_refbox	vina	astex	1KE5_LS1	20260922	ok		5	-9.393	vina	kcal/mol (empirical score, not a measured free energy)	24.57	5	1.2992	1.1828	1	1	0	1	0	1.2992	1	1	1.2992	0	genconf	ligand_centred	2026-09-24T10:38:37+08:00
arm	A2_genconf_refbox	vina	astex	1JLA_TNK	20260922	ok		2	-11.66	vina	kcal/mol (empirical score, not a measured free energy)	59.26	5	0.4975	0.3998	1	1	1	1	1	0.4975	1	1	1.0472	0	genconf	ligand_centred	2026-09-24T10:38:33+08:00
arm	A2_genconf_refbox	vina	astex	1M2Z_DEX	20260922	ok		1	-12.14	vina	kcal/mol (empirical score, not a measured free energy)	29.19	5	0.4939	0.3469	1	1	1	1	1	0.4939	1	1	0.4939	0	genconf	ligand_centred	2026-09-24T10:38:42+08:00
arm	A2_genconf_refbox	vina	astex	1J3J_CP6	20260922	ok		5	-8.74	vina	kcal/mol (empirical score, not a measured free energy)	15.07	5	0.2954	0.1451	1	1	1	1	1	0.2954	1	1	0.2954	0	genconf	ligand_centred	2026-09-24T10:38:21+08:00
arm	A2_genconf_refbox	vina	astex	1LRH_NLA	20260922	ok		5	-7.886	vina	kcal/mol (empirical score, not a measured free energy)	10.43	5	0.6233	0.3362	1	1	1	1	1	0.6233	1	1	0.6233	0	genconf	ligand_centred	2026-09-24T10:38:38+08:00
arm	A2_genconf_refbox	vina	astex	1L7F_BCZ	20260922	ok		5	-7.914	vina	kcal/mol (empirical score, not a measured free energy)	48.49	5	4.3547	2.7834	1	0	0	0	0	1.5778	1	1	4.3739	0	genconf	ligand_centred	2026-09-24T10:38:42+08:00
arm	A2_genconf_refbox	vina	astex	1L2S_STC	20260922	ok		5	-7.663	vina	kcal/mol (empirical score, not a measured free energy)	24.55	5	1.0388	0.7618	1	1	0	1	0	1.0388	1	1	1.3022	0	genconf	ligand_centred	2026-09-24T10:38:38+08:00
arm	A2_genconf_refbox	vina	astex	1MEH_MOA	20260922	ok		5	-7.603	vina	kcal/mol (empirical score, not a measured free energy)	35.03	5	6.2956	2.1898	1	0	0	0	0	0.3613	1	1	6.3228	0	genconf	ligand_centred	2026-09-24T10:38:44+08:00
arm	A2_genconf_refbox	vina	astex	1LPZ_CMB	20260922	ok		5	-10.29	vina	kcal/mol (empirical score, not a measured free energy)	73.04	5	0.8193	0.5671	1	1	1	1	1	0.8193	1	1	0.9987	0	genconf	ligand_centred	2026-09-24T10:38:49+08:00
arm	A2_genconf_refbox	vina	astex	1N2V_BDI	20260922	ok		5	-7.25	vina	kcal/mol (empirical score, not a measured free energy)	13.22	5	2.7308	0.6854	1	0	0	0	0	0.4948	1	1	2.7308	0	genconf	ligand_centred	2026-09-24T10:38:51+08:00
arm	A2_genconf_refbox	vina	astex	1N2J_PAF	20260922	ok		5	-4.574	vina	kcal/mol (empirical score, not a measured free energy)	10.3	5	1.5096	1.0528	1	1	0	1	0	1.5096	1	1	1.5096	0	genconf	ligand_centred	2026-09-24T10:38:49+08:00
arm	A2_genconf_refbox	gnina	posebusters	8G0V_YHT	20260922	ok		5	-9.79	gnina_cnn:rescore:crossdock_default2018	kcal/mol (empirical score, not a measured free energy)	60.84	4	1.1971	0.9846	1	1	0	1	0	1.1971	1	1	1.1971	0	genconf	ligand_centred	2026-09-24T10:37:32+08:00
arm	A2_genconf_refbox	vina	astex	1HVY_D16	20260922	ok		5	-9.25	vina	kcal/mol (empirical score, not a measured free energy)	92.93	5	3.327	2.3541	1	0	0	0	0	2.5396	0	0	3.3962	0	genconf	ligand_centred	2026-09-24T10:38:32+08:00
arm	A2_genconf_refbox	vina	astex	1NAV_IH5	20260922	ok		4	-10.27	vina	kcal/mol (empirical score, not a measured free energy)	34.07	5	0.7534	0.6571	1	1	1	1	1	0.7531	1	1	2.1116	1	genconf	ligand_centred	2026-09-24T10:38:55+08:00
arm	A2_genconf_refbox	vina	astex	1OWE_675	20260922	ok		5	-8.642	vina	kcal/mol (empirical score, not a measured free energy)	22.94	5	2.5349	0.6465	0	0	0	0	0	0.8875	1	1	2.5349	0	genconf	ligand_centred	2026-09-24T10:38:57+08:00
arm	A2_genconf_refbox	vina	astex	1N46_PFA	20260922	ok		2	-11.55	vina	kcal/mol (empirical score, not a measured free energy)	36.99	5	0.3739	0.1661	1	1	1	1	1	0.3739	1	1	0.3739	0	genconf	ligand_centred	2026-09-24T10:38:57+08:00
arm	A2_genconf_refbox	vina	astex	1MMV_3AR	20260922	ok		5	-6.992	vina	kcal/mol (empirical score, not a measured free energy)	30.01	5	7.0344	1.7555	1	0	0	0	0	1.8662	1	1	7.0344	0	genconf	ligand_centred	2026-09-24T10:38:48+08:00
arm	A2_genconf_refbox	vina	astex	1OQ5_CEL	20260922	ok		5	-8.139	vina	kcal/mol (empirical score, not a measured free energy)	36.99	5	3.717	1.1269	1	0	0	0	0	0.8735	1	1	3.717	0	genconf	ligand_centred	2026-09-24T10:38:59+08:00
arm	A2_genconf_refbox	vina	astex	1P62_GEO	20260922	ok		5	-7.984	vina	kcal/mol (empirical score, not a measured free energy)	19.1	5	0.895	0.7291	1	1	1	1	1	0.895	1	1	1.0815	0	genconf	ligand_centred	2026-09-24T10:39:03+08:00
arm	A2_genconf_refbox	vina	astex	1P2Y_NCT	20260922	ok		5	-7.069	vina	kcal/mol (empirical score, not a measured free energy)	6.36	5	4.3248	1.2213	1	0	0	0	0	2.6201	0	0	4.3248	0	genconf	ligand_centred	2026-09-24T10:39:03+08:00
arm	A2_genconf_refbox	vina	astex	1OPK_P16	20260922	ok		5	-12.12	vina	kcal/mol (empirical score, not a measured free energy)	48.53	5	1.787	1.6632	1	1	0	1	0	0.4875	1	1	1.787	0	genconf	ligand_centred	2026-09-24T10:39:00+08:00
arm	A2_genconf_refbox	vina	astex	1OYT_FSN	20260922	ok		5	-10.06	vina	kcal/mol (empirical score, not a measured free energy)	40.78	5	1.6546	1.2122	1	1	0	1	0	1.6546	1	1	2.1126	1	genconf	ligand_centred	2026-09-24T10:39:04+08:00
arm	A2_genconf_refbox	vina	astex	1HWI_115	20260922	ok		5	-9.165	vina	kcal/mol (empirical score, not a measured free energy)	81.06	5	0.8681	0.7864	1	1	1	1	1	0.8681	1	1	1.3668	0	genconf	ligand_centred	2026-09-24T10:38:32+08:00
arm	A2_genconf_refbox	vina	astex	1Q41_IXM	20260922	ok		5	-10.58	vina	kcal/mol (empirical score, not a measured free energy)	9.08	5	6.7737	0.1264	1	0	0	0	0	3.423	0	0	6.7737	0	genconf	ligand_centred	2026-09-24T10:39:06+08:00
arm	A2_genconf_refbox	vina	astex	1PMN_984	20260922	ok		5	-9.619	vina	kcal/mol (empirical score, not a measured free energy)	59.48	5	1.406	1.3983	1	1	0	1	0	1.406	1	1	1.6648	0	genconf	ligand_centred	2026-09-24T10:39:14+08:00
arm	A2_genconf_refbox	vina	astex	1KZK_JE2	20260922	ok		5	-11.33	vina	kcal/mol (empirical score, not a measured free energy)	214.78	5	2.0924	1.9827	1	0	0	0	0	1.9533	1	1	2.1579	0	genconf	ligand_centred	2026-09-24T10:39:10+08:00
arm	A2_genconf_refbox	vina	astex	1R9O_FLP	20260922	ok		5	-8.458	vina	kcal/mol (empirical score, not a measured free energy)	16.21	5	1.6625	1.4022	1	1	0	1	0	0.6189	1	1	1.8118	0	genconf	ligand_centred	2026-09-24T10:39:18+08:00
arm	A2_genconf_refbox	vina	astex	1R55_097	20260922	ok		5	-6.638	vina	kcal/mol (empirical score, not a measured free energy)	57.26	5	3.4245	2.7682	1	0	0	0	0	1.0791	1	1	3.4961	0	genconf	ligand_centred	2026-09-24T10:39:22+08:00
arm	A2_genconf_refbox	vina	astex	1R58_AO5	20260922	ok		5	-8.322	vina	kcal/mol (empirical score, not a measured free energy)	54.53	5	3.604	1.7934	1	0	0	0	0	3.4942	0	0	3.6756	0	genconf	ligand_centred	2026-09-24T10:39:25+08:00
arm	A2_genconf_refbox	vina	astex	1SQN_NDR	20260922	ok		1	-11.42	vina	kcal/mol (empirical score, not a measured free energy)	10.52	5	0.5457	0.4504	1	1	1	1	1	0.5457	1	1	0.5457	0	genconf	ligand_centred	2026-09-24T10:39:33+08:00
arm	A2_genconf_refbox	vina	astex	1SG0_STL	20260922	ok		5	-10.75	vina	kcal/mol (empirical score, not a measured free energy)	17.47	5	1.0974	0.1066	1	1	0	1	0	0.1622	1	1	1.0974	0	genconf	ligand_centred	2026-09-24T10:39:25+08:00
arm	A2_genconf_refbox	vina	astex	1S19_MC9	20260922	ok		5	-10.05	vina	kcal/mol (empirical score, not a measured free energy)	50.39	5	1.6059	1.2628	1	1	0	1	0	1.6059	1	1	1.6059	0	genconf	ligand_centred	2026-09-24T10:39:25+08:00
arm	A2_genconf_refbox	vina	astex	1S3V_TQD	20260922	ok		5	-9.371	vina	kcal/mol (empirical score, not a measured free energy)	46.42	5	6.524	2.4183	1	0	0	0	0	0.4513	1	1	6.524	0	genconf	ligand_centred	2026-09-24T10:39:37+08:00
arm	A2_genconf_refbox	vina	astex	1TOW_CRZ	20260922	ok		5	-7.695	vina	kcal/mol (empirical score, not a measured free energy)	18.2	5	1.0449	0.8137	1	1	0	1	0	1.0369	1	1	1.0449	0	genconf	ligand_centred	2026-09-24T10:39:42+08:00
arm	A2_genconf_refbox	vina	astex	1N1M_A3M	20260922	ok		5	-5.705	vina	kcal/mol (empirical score, not a measured free energy)	9.86	5	4.6867	0.5535	1	0	0	0	0	2.5622	0	0	4.7757	0	genconf	ligand_centred	2026-09-24T10:38:47+08:00
arm	A2_genconf_refbox	vina	astex	1Q4G_BFL	20260922	ok		5	-8.973	vina	kcal/mol (empirical score, not a measured free energy)	15.72	5	0.2922	0.137	1	1	1	1	1	0.2922	1	1	0.2922	0	genconf	ligand_centred	2026-09-24T10:39:09+08:00
arm	A2_genconf_refbox	vina	astex	1MZC_BNE	20260922	ok		5	-7.986	vina	kcal/mol (empirical score, not a measured free energy)	238.65	5	8.0063	2.3248	1	0	0	0	0	4.6777	0	0	8.0063	0	genconf	ligand_centred	2026-09-24T10:39:30+08:00
arm	A2_genconf_refbox	vina	astex	1T40_ID5	20260922	ok		5	-10.77	vina	kcal/mol (empirical score, not a measured free energy)	49.69	5	0.6651	0.5135	1	1	1	1	1	0.6651	1	1	0.8461	0	genconf	ligand_centred	2026-09-24T10:39:46+08:00
arm	A2_genconf_refbox	vina	astex	1TT1_KAI	20260922	ok		5	-7.122	vina	kcal/mol (empirical score, not a measured free energy)	18.01	5	3.5727	1.4639	1	0	0	0	0	2.4673	0	0	3.6608	0	genconf	ligand_centred	2026-09-24T10:39:46+08:00
arm	A2_genconf_refbox	vina	astex	1Q1G_MTI	20260922	ok		5	-7.999	vina	kcal/mol (empirical score, not a measured free energy)	24.22	5	3.0571	1.8901	0	0	0	0	0	1.3898	1	1	3.0571	0	genconf	ligand_centred	2026-09-24T10:39:08+08:00
arm	A2_genconf_refbox	vina	astex	1SJ0_E4D	20260922	ok		4	-11.09	vina	kcal/mol (empirical score, not a measured free energy)	69.5	5	0.8156	0.6656	1	1	1	1	1	0.8156	1	1	1.4078	0	genconf	ligand_centred	2026-09-24T10:39:49+08:00
arm	A2_genconf_refbox	vina	astex	1R1H_BIR	20260922	ok		5	-8.612	vina	kcal/mol (empirical score, not a measured free energy)	113.7	5	8.211	2.6128	1	0	0	0	0	4.1768	0	0	8.2326	0	genconf	ligand_centred	2026-09-24T10:39:38+08:00
arm	A2_genconf_refbox	vina	astex	1TZ8_DES	20260922	ok		5	-7.79	vina	kcal/mol (empirical score, not a measured free energy)	24.54	5	0.4408	0.3136	1	1	1	1	1	0.4366	1	1	6.9029	1	genconf	ligand_centred	2026-09-24T10:39:54+08:00
arm	A2_genconf_refbox	vina	astex	1U4D_DBQ	20260922	ok		5	-6.715	vina	kcal/mol (empirical score, not a measured free energy)	35.63	5	0.5505	0.2156	1	1	1	1	1	0.5505	1	1	0.5505	0	genconf	ligand_centred	2026-09-24T10:39:55+08:00
arm	A2_genconf_refbox	vina	astex	1V4S_MRK	20260922	ok		5	-8.477	vina	kcal/mol (empirical score, not a measured free energy)	32.69	5	0.7898	0.609	1	1	1	1	1	0.7898	1	1	0.7898	0	genconf	ligand_centred	2026-09-24T10:39:56+08:00
arm	A2_genconf_refbox	vina	astex	1T46_STI	20260922	ok		5	-12.01	vina	kcal/mol (empirical score, not a measured free energy)	115.88	5	12.7976	1.5067	1	0	0	0	0	6.808	0	0	12.8088	0	genconf	ligand_centred	2026-09-24T10:39:58+08:00
arm	A2_genconf_refbox	vina	astex	1SQ5_PAU	20260922	ok		5	-6.064	vina	kcal/mol (empirical score, not a measured free energy)	27.21	5	5.7666	1.6279	1	0	0	0	0	4.8071	0	0	5.8161	0	genconf	ligand_centred	2026-09-24T10:39:37+08:00
arm	A2_genconf_refbox	vina	astex	1V48_HA1	20260922	ok		5	-8.253	vina	kcal/mol (empirical score, not a measured free energy)	48.9	5	1.148	1.1079	1	1	0	1	0	1.148	1	1	1.1996	0	genconf	ligand_centred	2026-09-24T10:40:03+08:00
arm	A2_genconf_refbox	vina	astex	1X8X_TYR	20260922	ok		5	-6.797	vina	kcal/mol (empirical score, not a measured free energy)	15.76	5	0.436	0.2662	1	1	1	1	1	0.436	1	1	1.4035	0	genconf	ligand_centred	2026-09-24T10:40:04+08:00
arm	A2_genconf_refbox	vina	astex	1V0P_PVB	20260922	ok		5	-8.926	vina	kcal/mol (empirical score, not a measured free energy)	66.54	5	3.0904	1.2939	1	0	0	0	0	1.2391	1	1	3.18	0	genconf	ligand_centred	2026-09-24T10:40:00+08:00
arm	A2_genconf_refbox	vina	astex	1T9B_1CS	20260922	ok		5	-9.244	vina	kcal/mol (empirical score, not a measured free energy)	25.36	5	3.1109	2.1437	1	0	0	0	0	2.312	0	0	3.1109	0	genconf	ligand_centred	2026-09-24T10:39:46+08:00
arm	A2_genconf_refbox	vina	astex	1XOZ_CIA	20260922	ok		3	-11.81	vina	kcal/mol (empirical score, not a measured free energy)	21.87	5	0.4819	0.2286	1	1	1	1	1	0.4819	1	1	0.4819	0	genconf	ligand_centred	2026-09-24T10:40:07+08:00
arm	A2_genconf_refbox	vina	astex	1UML_FR4	20260922	ok		5	-9.982	vina	kcal/mol (empirical score, not a measured free energy)	103.29	5	1.1051	1.0252	1	1	0	1	0	1.1051	1	1	1.1051	0	genconf	ligand_centred	2026-09-24T10:40:05+08:00
arm	A2_genconf_refbox	vina	astex	1XM6_5RM	20260922	ok		5	-8.402	vina	kcal/mol (empirical score, not a measured free energy)	18.52	5	2.1792	1.8506	1	0	0	0	0	0.9323	1	1	2.1792	0	genconf	ligand_centred	2026-09-24T10:40:05+08:00
arm	A2_genconf_refbox	vina	astex	1YV3_BIT	20260922	ok		3	-12.91	vina	kcal/mol (empirical score, not a measured free energy)	16.3	5	0.6051	0.1495	1	1	1	1	1	0.6051	1	1	0.6051	0	genconf	ligand_centred	2026-09-24T10:40:12+08:00
arm	A2_genconf_refbox	vina	astex	1VCJ_IBA	20260922	ok		5	-7.984	vina	kcal/mol (empirical score, not a measured free energy)	57.84	5	1.3815	0.9301	1	1	0	1	0	1.3815	1	1	1.9228	0	genconf	ligand_centred	2026-09-24T10:40:12+08:00
arm	A2_genconf_refbox	vina	astex	1XOQ_ROF	20260922	ok		5	-9.097	vina	kcal/mol (empirical score, not a measured free energy)	35.84	5	0.6884	0.3749	1	1	1	1	1	0.6884	1	1	0.9942	0	genconf	ligand_centred	2026-09-24T10:40:09+08:00
arm	A2_genconf_refbox	vina	astex	1OF6_DTY	20260922	ok		3	-8.285	vina	kcal/mol (empirical score, not a measured free energy)	17.87	5	0.7145	0.45	1	1	1	1	1	0.7145	1	1	1.6303	0	genconf	ligand_centred	2026-09-24T10:38:54+08:00
arm	A2_genconf_refbox	vina	astex	1YQY_915	20260922	ok		5	-7.223	vina	kcal/mol (empirical score, not a measured free energy)	35.81	5	8.1761	1.5026	1	0	0	0	0	4.1519	0	0	8.2004	0	genconf	ligand_centred	2026-09-24T10:40:14+08:00
arm	A2_genconf_refbox	vina	astex	1Z95_198	20260922	ok		4	-10.85	vina	kcal/mol (empirical score, not a measured free energy)	49.46	5	0.6404	0.4829	1	1	1	1	1	0.6404	1	1	1.1327	0	genconf	ligand_centred	2026-09-24T10:40:20+08:00
arm	A2_genconf_refbox	vina	astex	1YVF_PH7	20260922	ok		5	-8.498	vina	kcal/mol (empirical score, not a measured free energy)	50.34	5	0.67	0.5719	1	1	1	1	1	0.67	1	1	1.0453	0	genconf	ligand_centred	2026-09-24T10:40:18+08:00
arm	A2_genconf_refbox	vina	astex	1Y6B_AAX	20260922	ok		5	-9.404	vina	kcal/mol (empirical score, not a measured free energy)	88.06	5	1.0391	0.918	1	1	0	1	0	1.0391	1	1	1.1733	0	genconf	ligand_centred	2026-09-24T10:40:20+08:00
arm	A2_genconf_refbox	vina	astex	2BR1_PFP	20260922	ok		5	-8.353	vina	kcal/mol (empirical score, not a measured free energy)	41.9	5	7.8822	1.1055	1	0	0	0	0	1.7108	1	1	7.9313	0	genconf	ligand_centred	2026-09-24T10:40:22+08:00
arm	A2_genconf_refbox	vina	posebusters	5SB2_1K2	20260922	ok		5		vina	kcal/mol (empirical score, not a measured free energy)	0.0	5	0.4766	0.3411	1	1	1	1	1	0.4766	1	1	0.9917	0	genconf	ligand_centred	2026-09-24T10:40:27+08:00
arm	A2_genconf_refbox	vina	posebusters	5SD5_HWI	20260922	ok		5		vina	kcal/mol (empirical score, not a measured free energy)	0.0	5	4.3461	2.8837	0	0	0	0	0	0.8099	1	1	4.3764	0	genconf	ligand_centred	2026-09-24T10:40:28+08:00
arm	A2_genconf_refbox	vina	posebusters	6M73_FNR	20260922	ok		2		vina	kcal/mol (empirical score, not a measured free energy)	0.0	5	0.5765	0.5016	1	1	1	1	1	0.5765	1	1	0.7761	0	genconf	ligand_centred	2026-09-24T10:40:29+08:00
arm	A2_genconf_refbox	vina	astex	1YWR_LI9	20260922	ok		5	-9.161	vina	kcal/mol (empirical score, not a measured free energy)	66.04	5	6.8829	3.2498	1	0	0	0	0	5.8694	0	0	6.9646	0	genconf	ligand_centred	2026-09-24T10:40:21+08:00
arm	A2_genconf_refbox	vina	astex	1YGC_905	20260922	ok		5	-10.24	vina	kcal/mol (empirical score, not a measured free energy)	131.18	5	2.3936	1.7934	1	0	0	0	0	1.1705	1	1	2.5019	0	genconf	ligand_centred	2026-09-24T10:40:26+08:00
arm	A2_genconf_refbox	vina	posebusters	6M2B_EZO	20260922	ok		5		vina	kcal/mol (empirical score, not a measured free energy)	0.0	5	0.7579	0.4049	1	1	1	1	1	0.7579	1	1	0.9753	0	genconf	ligand_centred	2026-09-24T10:40:30+08:00
arm	A2_genconf_refbox	vina	astex	1U1C_BAU	20260922	ok		5	-9.414	vina	kcal/mol (empirical score, not a measured free energy)	33.72	5	1.5607	1.3711	1	1	0	1	0	0.436	1	1	1.9092	0	genconf	ligand_centred	2026-09-24T10:39:55+08:00
arm	A2_genconf_refbox	vina	posebusters	5SAK_ZRY	20260922	ok		5		vina	kcal/mol (empirical score, not a measured free energy)	0.0	5	0.3315	0.0917	1	1	1	1	1	0.3315	1	1	0.3315	0	genconf	ligand_centred	2026-09-24T10:40:30+08:00
arm	A2_genconf_refbox	vina	posebusters	5SIS_JSM	20260922	ok		5		vina	kcal/mol (empirical score, not a measured free energy)	0.0	5	9.3222	2.4671	1	0	0	0	0	8.6851	0	0	9.3348	0	genconf	ligand_centred	2026-09-24T10:40:34+08:00
arm	A2_genconf_refbox	vina	posebusters	6WTN_RXT	20260922	ok		5		vina	kcal/mol (empirical score, not a measured free energy)	0.0	5	0.4727	0.3087	1	1	1	1	1	0.4727	1	1	0.4727	0	genconf	ligand_centred	2026-09-24T10:40:39+08:00
arm	A2_genconf_refbox	vina	posebusters	6TW7_NZB	20260922	ok		5		vina	kcal/mol (empirical score, not a measured free energy)	0.0	5	0.9165	0.467	1	1	1	1	1	0.9165	1	1	1.12	0	genconf	ligand_centred	2026-09-24T10:40:35+08:00
arm	A2_genconf_refbox	vina	posebusters	6XBO_5MC	20260922	ok		5		vina	kcal/mol (empirical score, not a measured free energy)	0.0	5	0.9034	0.8429	1	1	1	1	1	0.9034	1	1	1.1384	0	genconf	ligand_centred	2026-09-24T10:40:41+08:00
arm	A2_genconf_refbox	vina	posebusters	6XG5_TOP	20260922	ok		5		vina	kcal/mol (empirical score, not a measured free energy)	0.0	5	0.2121	0.1768	1	1	1	1	1	0.2121	1	1	2.8527	1	genconf	ligand_centred	2026-09-24T10:40:43+08:00
arm	A2_genconf_refbox	vina	posebusters	6YQW_82I	20260922	ok		5		vina	kcal/mol (empirical score, not a measured free energy)	0.0	5	3.6258	0.3369	1	0	0	0	0	2.7432	0	0	3.6258	0	genconf	ligand_centred	2026-09-24T10:40:49+08:00
arm	A2_genconf_refbox	vina	posebusters	6T88_MWQ	20260922	ok		5		vina	kcal/mol (empirical score, not a measured free energy)	0.0	5	0.905	0.5412	1	1	1	1	1	0.905	1	1	0.905	0	genconf	ligand_centred	2026-09-24T10:40:34+08:00
arm	A2_genconf_refbox	vina	posebusters	6VTA_AKN	20260922	ok		5		vina	kcal/mol (empirical score, not a measured free energy)	0.0	5	7.3544	2.2798	1	0	0	0	0	5.2245	0	0	7.3544	0	genconf	ligand_centred	2026-09-24T10:40:36+08:00
arm	A2_genconf_refbox	vina	posebusters	6XCT_478	20260922	ok		5		vina	kcal/mol (empirical score, not a measured free energy)	0.0	5	9.1159	1.4929	1	0	0	0	0	0.8827	1	1	9.1429	0	genconf	ligand_centred	2026-09-24T10:40:36+08:00
arm	A2_genconf_refbox	vina	posebusters	6YRV_PJ8	20260922	ok		3		vina	kcal/mol (empirical score, not a measured free energy)	0.0	5	1.0954	1.002	1	1	0	1	0	0.939	1	1	7.0901	1	genconf	ligand_centred	2026-09-24T10:40:54+08:00
arm	A2_genconf_refbox	vina	posebusters	6YQV_8K2	20260922	ok		5		vina	kcal/mol (empirical score, not a measured free energy)	0.0	5	2.885	0.1069	1	0	0	0	0	1.2761	1	1	3.0884	0	genconf	ligand_centred	2026-09-24T10:40:53+08:00
arm	A2_genconf_refbox	vina	posebusters	6YR2_T1C	20260922	ok		4		vina	kcal/mol (empirical score, not a measured free energy)	0.0	5	1.7174	1.1186	1	1	0	1	0	1.4461	1	0	1.8414	0	genconf	ligand_centred	2026-09-24T10:40:55+08:00
arm	A2_genconf_refbox	vina	posebusters	6YJA_2BA	20260922	ok		5		vina	kcal/mol (empirical score, not a measured free energy)	0.0	5	4.2279	1.5175	1	0	0	0	0	4.2279	0	0	4.2686	0	genconf	ligand_centred	2026-09-24T10:40:53+08:00
arm	A2_genconf_refbox	vina	posebusters	6YMS_OZH	20260922	ok		5		vina	kcal/mol (empirical score, not a measured free energy)	0.0	5	2.1102	1.4612	0	0	0	0	0	2.1102	0	0	2.3732	0	genconf	ligand_centred	2026-09-24T10:40:48+08:00
arm	A2_genconf_refbox	vina	posebusters	6Z0R_Q4H	20260922	ok		5		vina	kcal/mol (empirical score, not a measured free energy)	0.0	5	0.3452	0.0405	1	1	1	1	1	0.3452	1	1	0.3452	0	genconf	ligand_centred	2026-09-24T10:41:01+08:00
arm	A2_genconf_refbox	vina	posebusters	6XM9_V55	20260922	ok		5		vina	kcal/mol (empirical score, not a measured free energy)	0.0	5	4.0738	0.3765	1	0	0	0	0	4.0738	0	0	4.0738	0	genconf	ligand_centred	2026-09-24T10:40:46+08:00
arm	A2_genconf_refbox	vina	posebusters	6YYO_Q1K	20260922	ok		5		vina	kcal/mol (empirical score, not a measured free energy)	0.0	5	6.3413	1.0717	1	0	0	0	0	3.6956	0	0	6.3427	0	genconf	ligand_centred	2026-09-24T10:41:02+08:00
arm	A2_genconf_refbox	vina	posebusters	6Z1C_7EY	20260922	ok		5		vina	kcal/mol (empirical score, not a measured free energy)	0.0	5	0.514	0.2502	1	1	1	1	1	0.514	1	1	1.3051	0	genconf	ligand_centred	2026-09-24T10:41:04+08:00
arm	A2_genconf_refbox	vina	posebusters	6Z2C_Q5E	20260922	ok		5		vina	kcal/mol (empirical score, not a measured free energy)	0.0	5	2.8921	2.1436	1	0	0	0	0	0.8011	1	1	3.0103	0	genconf	ligand_centred	2026-09-24T10:41:05+08:00
arm	A2_genconf_refbox	vina	posebusters	6TW5_9M2	20260922	ok		5		vina	kcal/mol (empirical score, not a measured free energy)	0.0	5	0.7404	0.3582	1	1	1	1	1	0.7404	1	1	0.7404	0	genconf	ligand_centred	2026-09-24T10:40:36+08:00
arm	A2_genconf_refbox	vina	posebusters	6YT6_PKE	20260922	ok		5		vina	kcal/mol (empirical score, not a measured free energy)	0.0	5	1.0307	0.8527	1	1	0	1	0	1.0307	1	1	1.0307	0	genconf	ligand_centred	2026-09-24T10:41:05+08:00
arm	A2_genconf_refbox	vina	posebusters	6Z14_Q4Z	20260922	ok		5		vina	kcal/mol (empirical score, not a measured free energy)	0.0	5	0.6356	0.5506	1	1	1	1	1	0.6356	1	1	1.1795	0	genconf	ligand_centred	2026-09-24T10:41:03+08:00
arm	A2_genconf_refbox	vina	posebusters	6ZAE_ACV	20260922	ok		5		vina	kcal/mol (empirical score, not a measured free energy)	0.0	5	5.097	1.8686	1	0	0	0	0	5.097	0	0	5.1007	0	genconf	ligand_centred	2026-09-24T10:41:05+08:00
arm	A2_genconf_refbox	vina	posebusters	6Z4N_Q7B	20260922	ok		5		vina	kcal/mol (empirical score, not a measured free energy)	0.0	5	0.4159	0.2526	1	1	1	1	1	0.4159	1	1	0.8017	0	genconf	ligand_centred	2026-09-24T10:41:08+08:00
arm	A2_genconf_refbox	vina	posebusters	6ZC3_JOR	20260922	ok		5		vina	kcal/mol (empirical score, not a measured free energy)	0.0	5	1.0371	0.9633	1	1	0	1	0	1.0371	1	1	1.0371	0	genconf	ligand_centred	2026-09-24T10:41:15+08:00
arm	A2_genconf_refbox	vina	posebusters	6ZCY_QF8	20260922	ok		5		vina	kcal/mol (empirical score, not a measured free energy)	0.0	5	0.6691	0.5732	1	1	1	1	1	0.6691	1	1	0.6691	0	genconf	ligand_centred	2026-09-24T10:41:09+08:00
arm	A2_genconf_refbox	vina	posebusters	6ZPB_3D1	20260922	ok		5		vina	kcal/mol (empirical score, not a measured free energy)	0.0	5	4.2805	0.9599	1	0	0	0	0	3.1892	0	0	4.2805	0	genconf	ligand_centred	2026-09-24T10:41:15+08:00
arm	A2_genconf_refbox	vina	posebusters	7A9E_R4W	20260922	ok		5		vina	kcal/mol (empirical score, not a measured free energy)	0.0	5	3.5508	0.4919	1	0	0	0	0	2.9814	0	0	3.7071	0	genconf	ligand_centred	2026-09-24T10:41:17+08:00
arm	A2_genconf_refbox	vina	posebusters	7AKL_RK5	20260922	ok		5		vina	kcal/mol (empirical score, not a measured free energy)	0.0	5	0.3478	0.207	1	1	1	1	1	0.3339	1	1	0.3478	0	genconf	ligand_centred	2026-09-24T10:41:18+08:00
arm	A2_genconf_refbox	vina	posebusters	7BJJ_TVW	20260922	ok		5		vina	kcal/mol (empirical score, not a measured free energy)	0.0	5	2.9698	0.0858	1	0	0	0	0	2.9051	0	0	2.9698	0	genconf	ligand_centred	2026-09-24T10:41:22+08:00
arm	A2_genconf_refbox	vina	posebusters	7AN5_RDH	20260922	ok		5		vina	kcal/mol (empirical score, not a measured free energy)	0.0	5	1.5427	1.4223	1	1	0	1	0	1.5427	1	1	1.7371	0	genconf	ligand_centred	2026-09-24T10:41:18+08:00
arm	A2_genconf_refbox	vina	posebusters	7A1P_QW2	20260922	ok		5		vina	kcal/mol (empirical score, not a measured free energy)	0.0	5	4.7914	1.274	0	0	0	0	0	3.4549	0	0	4.8296	0	genconf	ligand_centred	2026-09-24T10:41:16+08:00
arm	A2_genconf_refbox	vina	posebusters	6ZK5_IMH	20260922	ok		5		vina	kcal/mol (empirical score, not a measured free energy)	0.0	5	1.9716	1.7297	1	1	0	1	0	1.9716	1	1	1.9716	0	genconf	ligand_centred	2026-09-24T10:41:18+08:00
arm	A2_genconf_refbox	vina	posebusters	6XHT_V2V	20260922	ok		5		vina	kcal/mol (empirical score, not a measured free energy)	0.0	5	1.5967	1.2734	1	1	0	1	0	1.5967	1	1	1.5967	0	genconf	ligand_centred	2026-09-24T10:40:47+08:00
arm	A2_genconf_refbox	vina	posebusters	7B94_ANP	20260922	ok		5		vina	kcal/mol (empirical score, not a measured free energy)	0.0	5	1.9628	1.8361	1	1	0	1	0	1.9628	1	1	2.1715	1	genconf	ligand_centred	2026-09-24T10:41:18+08:00
arm	A2_genconf_refbox	vina	posebusters	7BNH_BEZ	20260922	ok		5		vina	kcal/mol (empirical score, not a measured free energy)	0.0	5	3.8298	0.581	1	0	0	0	0	0.6647	1	1	3.9035	0	genconf	ligand_centred	2026-09-24T10:41:25+08:00
arm	A2_genconf_refbox	vina	posebusters	7C3U_AZG	20260922	ok		5		vina	kcal/mol (empirical score, not a measured free energy)	0.0	5	2.6085	0.0475	1	0	0	0	0	2.2849	0	0	2.6085	0	genconf	ligand_centred	2026-09-24T10:41:29+08:00
arm	A2_genconf_refbox	vina	posebusters	7BCP_GCO	20260922	ok		5		vina	kcal/mol (empirical score, not a measured free energy)	0.0	5	1.998	1.3877	1	1	0	1	0	1.6751	1	1	2.0191	1	genconf	ligand_centred	2026-09-24T10:41:25+08:00
arm	A2_genconf_refbox	vina	posebusters	7BTT_F8R	20260922	ok		5		vina	kcal/mol (empirical score, not a measured free energy)	0.0	5	0.84	0.8116	1	1	1	1	1	0.84	1	1	1.0241	0	genconf	ligand_centred	2026-09-24T10:41:26+08:00
arm	A2_genconf_refbox	vina	posebusters	7BKA_4JC	20260922	ok		5		vina	kcal/mol (empirical score, not a measured free energy)	0.0	5	1.0736	0.905	1	1	0	1	0	1.0255	1	1	1.8923	0	genconf	ligand_centred	2026-09-24T10:41:23+08:00
arm	A2_genconf_refbox	vina	posebusters	7CL8_TES	20260922	ok		4		vina	kcal/mol (empirical score, not a measured free energy)	0.0	5	0.4935	0.2943	1	1	1	1	1	0.4935	1	1	0.4935	0	genconf	ligand_centred	2026-09-24T10:41:35+08:00
arm	A2_genconf_refbox	vina	posebusters	7BMI_U4B	20260922	ok		5		vina	kcal/mol (empirical score, not a measured free energy)	0.0	5	0.8912	0.3381	0	1	1	0	0	0.8912	1	0	1.1868	0	genconf	ligand_centred	2026-09-24T10:41:29+08:00
arm	A2_genconf_refbox	vina	posebusters	7CNS_PMV	20260922	ok		5		vina	kcal/mol (empirical score, not a measured free energy)	0.0	5	0.891	0.7675	1	1	1	1	1	0.891	1	1	1.5157	0	genconf	ligand_centred	2026-09-24T10:41:39+08:00
arm	A2_genconf_refbox	vina	posebusters	7C0U_FGO	20260922	ok		5		vina	kcal/mol (empirical score, not a measured free energy)	0.0	5	1.9584	1.8174	1	1	0	1	0	1.9584	1	1	2.0161	1	genconf	ligand_centred	2026-09-24T10:41:27+08:00
arm	A2_genconf_refbox	vina	posebusters	7CD9_FVR	20260922	ok		5		vina	kcal/mol (empirical score, not a measured free energy)	0.0	5	9.8657	2.1344	0	0	0	0	0	5.1697	0	0	9.8781	0	genconf	ligand_centred	2026-09-24T10:41:32+08:00
arm	A2_genconf_refbox	vina	posebusters	7CUO_PHB	20260922	ok		5		vina	kcal/mol (empirical score, not a measured free energy)	0.0	5	3.3061	0.2641	1	0	0	0	0	0.4095	1	1	3.3507	0	genconf	ligand_centred	2026-09-24T10:41:43+08:00
arm	A2_genconf_refbox	vina	posebusters	7CIJ_G0C	20260922	ok		5		vina	kcal/mol (empirical score, not a measured free energy)	0.0	5	0.6437	0.5813	1	1	1	1	1	0.6437	1	1	0.986	0	genconf	ligand_centred	2026-09-24T10:41:33+08:00
arm	A2_genconf_refbox	vina	posebusters	7DQL_4CL	20260922	ok		5		vina	kcal/mol (empirical score, not a measured free energy)	0.0	5	2.4906	0.0192	1	0	0	0	0	0.265	1	1	2.4906	0	genconf	ligand_centred	2026-09-24T10:41:48+08:00
arm	A2_genconf_refbox	vina	posebusters	7DKT_GLF	20260922	ok		5		vina	kcal/mol (empirical score, not a measured free energy)	0.0	5	2.0415	0.6209	0	0	0	0	0	0.6235	1	1	2.0415	0	genconf	ligand_centred	2026-09-24T10:41:46+08:00
arm	A2_genconf_refbox	vina	posebusters	7DUA_HJ0	20260922	ok		5		vina	kcal/mol (empirical score, not a measured free energy)	0.0	5	0.411	0.2877	1	1	1	1	1	0.411	1	1	0.6026	0	genconf	ligand_centred	2026-09-24T10:41:50+08:00
arm	A2_genconf_refbox	vina	posebusters	7E4L_MDN	20260922	ok		5		vina	kcal/mol (empirical score, not a measured free energy)	0.0	5	3.0718	0.6801	0	0	0	0	0	1.7854	1	0	4.3021	0	genconf	ligand_centred	2026-09-24T10:41:53+08:00
arm	A2_genconf_refbox	vina	posebusters	7CTM_BDP	20260922	ok		5		vina	kcal/mol (empirical score, not a measured free energy)	0.0	5	0.3955	0.3203	1	1	1	1	1	0.3955	1	1	0.8407	0	genconf	ligand_centred	2026-09-24T10:41:41+08:00
arm	A2_genconf_refbox	vina	posebusters	7D5C_GV6	20260922	ok		5		vina	kcal/mol (empirical score, not a measured free energy)	0.0	5	4.0369	3.1424	0	0	0	0	0	2.1144	0	0	4.0444	0	genconf	ligand_centred	2026-09-24T10:41:46+08:00
arm	A2_genconf_refbox	vina	posebusters	7ED2_A3P	20260922	ok		5		vina	kcal/mol (empirical score, not a measured free energy)	0.0	5	4.9171	1.3068	1	0	0	0	0	1.9195	1	1	4.9903	0	genconf	ligand_centred	2026-09-24T10:42:00+08:00
arm	A2_genconf_refbox	vina	posebusters	7EBG_J0L	20260922	ok		5		vina	kcal/mol (empirical score, not a measured free energy)	0.0	5	0.4465	0.2132	1	1	1	1	1	0.4465	1	1	1.0524	0	genconf	ligand_centred	2026-09-24T10:41:58+08:00
arm	A2_genconf_refbox	vina	posebusters	7ELT_TYM	20260922	ok		5		vina	kcal/mol (empirical score, not a measured free energy)	0.0	5	1.1312	1.0331	1	1	0	1	0	1.1312	1	1	1.1312	0	genconf	ligand_centred	2026-09-24T10:42:01+08:00
arm	A2_genconf_refbox	vina	posebusters	7ES1_UDP	20260922	ok		5		vina	kcal/mol (empirical score, not a measured free energy)	0.0	5	0.8947	0.8012	1	1	1	1	1	0.8947	1	1	1.0509	0	genconf	ligand_centred	2026-09-24T10:42:11+08:00
arm	A2_genconf_refbox	vina	posebusters	7C8Q_DSG	20260922	ok		5		vina	kcal/mol (empirical score, not a measured free energy)	0.0	5	3.6674	0.8502	0	0	0	0	0	1.3781	1	0	3.7463	0	genconf	ligand_centred	2026-09-24T10:41:46+08:00
arm	A2_genconf_refbox	vina	posebusters	7F5D_EUO	20260922	ok		5		vina	kcal/mol (empirical score, not a measured free energy)	0.0	5	5.8953	0.6332	1	0	0	0	0	3.6211	0	0	5.9183	0	genconf	ligand_centred	2026-09-24T10:42:19+08:00
arm	A2_genconf_refbox	vina	posebusters	7F51_BA7	20260922	ok		5		vina	kcal/mol (empirical score, not a measured free energy)	0.0	5	1.6181	1.5182	1	1	0	1	0	1.6181	1	1	1.7689	0	genconf	ligand_centred	2026-09-24T10:42:13+08:00
arm	A2_genconf_refbox	vina	posebusters	7FB7_8NF	20260922	ok		5		vina	kcal/mol (empirical score, not a measured free energy)	0.0	5	14.0866	0.0543	0	0	0	0	0	0.3624	1	1	14.0866	0	genconf	ligand_centred	2026-09-24T10:42:22+08:00
arm	A2_genconf_refbox	vina	posebusters	7EPV_FDA	20260922	ok		5		vina	kcal/mol (empirical score, not a measured free energy)	0.0	5	4.7049	1.99	1	0	0	0	0	4.7049	0	0	4.7254	0	genconf	ligand_centred	2026-09-24T10:42:06+08:00
arm	A2_genconf_refbox	vina	posebusters	7JG0_GAR	20260922	ok		5		vina	kcal/mol (empirical score, not a measured free energy)	0.0	5	1.4057	1.1241	1	1	0	1	0	1.4057	1	1	1.6349	0	genconf	ligand_centred	2026-09-24T10:42:30+08:00
arm	A2_genconf_refbox	vina	posebusters	7F8T_FAD	20260922	ok		5		vina	kcal/mol (empirical score, not a measured free energy)	0.0	5	4.1811	3.5822	1	0	0	0	0	4.1811	0	0	4.2091	0	genconf	ligand_centred	2026-09-24T10:42:22+08:00
arm	A2_genconf_refbox	vina	posebusters	7ECR_SIN	20260922	ok		5		vina	kcal/mol (empirical score, not a measured free energy)	0.0	5	3.7459	0.6737	1	0	0	0	0	1.2002	1	1	4.0672	0	genconf	ligand_centred	2026-09-24T10:41:59+08:00
arm	A2_genconf_refbox	vina	posebusters	7FHA_ADX	20260922	ok		5		vina	kcal/mol (empirical score, not a measured free energy)	0.0	5	7.5267	1.6366	1	0	0	0	0	2.5019	0	0	7.5694	0	genconf	ligand_centred	2026-09-24T10:42:23+08:00
arm	A2_genconf_refbox	vina	posebusters	7FT9_4MB	20260922	ok		5		vina	kcal/mol (empirical score, not a measured free energy)	0.0	5	5.8124	0.6739	1	0	0	0	0	1.923	1	1	5.9315	0	genconf	ligand_centred	2026-09-24T10:42:27+08:00
arm	A2_genconf_refbox	vina	posebusters	7A9H_TPP	20260922	ok		5		vina	kcal/mol (empirical score, not a measured free energy)	0.0	5	1.5963	1.4845	1	1	0	1	0	0.9188	1	1	1.8273	0	genconf	ligand_centred	2026-09-24T10:41:16+08:00
arm	A2_genconf_refbox	vina	posebusters	7JMV_4NC	20260922	ok		5		vina	kcal/mol (empirical score, not a measured free energy)	0.0	5	0.4142	0.2142	1	1	1	1	1	0.4142	1	1	0.9744	0	genconf	ligand_centred	2026-09-24T10:42:35+08:00
arm	A2_genconf_refbox	vina	posebusters	7JXX_VP7	20260922	ok		5		vina	kcal/mol (empirical score, not a measured free energy)	0.0	5	0.4344	0.1901	1	1	1	1	1	0.4344	1	1	0.4344	0	genconf	ligand_centred	2026-09-24T10:42:37+08:00
arm	A2_genconf_refbox	vina	posebusters	7JY3_VUD	20260922	ok		5		vina	kcal/mol (empirical score, not a measured free energy)	0.0	5	6.3391	1.6847	1	0	0	0	0	6.0832	0	0	6.3391	0	genconf	ligand_centred	2026-09-24T10:42:37+08:00
arm	A2_genconf_refbox	vina	posebusters	7KM8_WPD	20260922	ok		5		vina	kcal/mol (empirical score, not a measured free energy)	0.0	5	0.9262	0.8643	1	1	1	1	1	0.9262	1	1	0.9262	0	genconf	ligand_centred	2026-09-24T10:42:44+08:00
arm	A2_genconf_refbox	vina	posebusters	7KC5_BJZ	20260922	ok		3		vina	kcal/mol (empirical score, not a measured free energy)	0.0	5	1.0642	0.7007	1	1	0	1	0	1.0642	1	1	2.0253	1	genconf	ligand_centred	2026-09-24T10:42:41+08:00
arm	A2_genconf_refbox	vina	posebusters	7KQU_YOF	20260922	ok		1		vina	kcal/mol (empirical score, not a measured free energy)	0.0	5	1.7732	1.2112	1	1	0	1	0	1.7732	1	1	1.7732	0	genconf	ligand_centred	2026-09-24T10:42:50+08:00
arm	A2_genconf_refbox	vina	posebusters	7JHQ_VAJ	20260922	ok		5		vina	kcal/mol (empirical score, not a measured free energy)	0.0	5	1.5088	0.6879	1	1	0	1	0	1.486	1	1	1.5956	0	genconf	ligand_centred	2026-09-24T10:42:34+08:00
arm	A2_genconf_refbox	vina	posebusters	7CNQ_G8X	20260922	ok		5		vina	kcal/mol (empirical score, not a measured free energy)	0.0	5	0.5057	0.1903	1	1	1	1	1	0.5057	1	1	1.1562	0	genconf	ligand_centred	2026-09-24T10:41:38+08:00
arm	A2_genconf_refbox	vina	posebusters	7K0V_VQP	20260922	ok		4		vina	kcal/mol (empirical score, not a measured free energy)	0.0	5	0.5647	0.3291	1	1	1	1	1	0.5647	1	1	0.5647	0	genconf	ligand_centred	2026-09-24T10:42:39+08:00
arm	A2_genconf_refbox	vina	posebusters	7L5F_XNG	20260922	ok		5		vina	kcal/mol (empirical score, not a measured free energy)	0.0	5	3.1403	2.5589	1	0	0	0	0	2.1668	0	0	3.1527	0	genconf	ligand_centred	2026-09-24T10:42:56+08:00
arm	A2_genconf_refbox	gnina	posebusters	7SUC_COM	20260922	ok		5	-3.91	gnina_cnn:rescore:crossdock_default2018	kcal/mol (empirical score, not a measured free energy)	19.26	4	3.8368	0.2644	1	0	0	0	0	0.8082	1	1	3.9073	0	genconf	ligand_centred	2026-09-24T10:33:20+08:00
arm	A2_genconf_refbox	vina	posebusters	7L03_F9F	20260922	ok		3		vina	kcal/mol (empirical score, not a measured free energy)	0.0	5	1.1334	1.0146	1	1	0	1	0	1.1334	1	1	1.8386	0	genconf	ligand_centred	2026-09-24T10:42:55+08:00
arm	A2_genconf_refbox	vina	posebusters	7L7C_XQ1	20260922	ok		5		vina	kcal/mol (empirical score, not a measured free energy)	0.0	5	0.4823	0.4171	1	1	1	1	1	0.4823	1	1	0.4823	0	genconf	ligand_centred	2026-09-24T10:42:59+08:00
arm	A2_genconf_refbox	vina	posebusters	7LEV_0JO	20260922	ok		5		vina	kcal/mol (empirical score, not a measured free energy)	0.0	5	0.6687	0.5824	1	1	1	1	1	0.6687	1	1	1.1601	0	genconf	ligand_centred	2026-09-24T10:43:01+08:00
arm	A2_genconf_refbox	vina	posebusters	7LCU_XTA	20260922	ok		5		vina	kcal/mol (empirical score, not a measured free energy)	0.0	5	10.4215	2.2339	1	0	0	0	0	1.166	1	1	10.4542	0	genconf	ligand_centred	2026-09-24T10:43:00+08:00
arm	A2_genconf_refbox	vina	posebusters	7LOE_Y84	20260922	ok		5		vina	kcal/mol (empirical score, not a measured free energy)	0.0	5	0.3657	0.0213	1	1	1	1	1	0.3657	1	1	0.3657	0	genconf	ligand_centred	2026-09-24T10:43:11+08:00
arm	A2_genconf_refbox	vina	posebusters	7KZ9_XN7	20260922	ok		5		vina	kcal/mol (empirical score, not a measured free energy)	0.0	5	5.6686	1.2194	1	0	0	0	0	1.0444	1	1	5.6686	0	genconf	ligand_centred	2026-09-24T10:42:52+08:00
arm	A2_genconf_refbox	vina	posebusters	7LZD_YHY	20260922	ok		2		vina	kcal/mol (empirical score, not a measured free energy)	0.0	5	1.2132	0.4235	0	1	0	0	0	1.2132	1	0	1.3609	0	genconf	ligand_centred	2026-09-24T10:43:14+08:00
arm	A2_genconf_refbox	vina	posebusters	7LT0_ONJ	20260922	ok		5		vina	kcal/mol (empirical score, not a measured free energy)	0.0	5	6.2147	2.3121	1	0	0	0	0	1.2145	1	1	6.2433	0	genconf	ligand_centred	2026-09-24T10:43:14+08:00
arm	A2_genconf_refbox	vina	posebusters	7LMO_NYO	20260922	ok		5		vina	kcal/mol (empirical score, not a measured free energy)	0.0	5	1.8298	1.6683	1	1	0	1	0	1.8298	1	1	1.8298	0	genconf	ligand_centred	2026-09-24T10:43:08+08:00
arm	A2_genconf_refbox	vina	posebusters	7L00_XCJ	20260922	ok		5		vina	kcal/mol (empirical score, not a measured free energy)	0.0	5	0.8117	0.771	1	1	1	1	1	0.8117	1	1	0.9885	0	genconf	ligand_centred	2026-09-24T10:42:52+08:00
arm	A2_genconf_refbox	vina	posebusters	7KB1_WBJ	20260922	ok		5		vina	kcal/mol (empirical score, not a measured free energy)	0.0	5	0.8955	0.4261	1	1	1	1	1	0.8955	1	1	1.4324	0	genconf	ligand_centred	2026-09-24T10:42:41+08:00
arm	A2_genconf_refbox	vina	posebusters	7LJN_GTP	20260922	ok		5		vina	kcal/mol (empirical score, not a measured free energy)	0.0	5	8.6767	2.7198	1	0	0	0	0	3.9954	0	0	8.7108	0	genconf	ligand_centred	2026-09-24T10:43:01+08:00
arm	A2_genconf_refbox	vina	posebusters	7LOU_IFM	20260922	ok		5		vina	kcal/mol (empirical score, not a measured free energy)	0.0	5	1.8958	0.5165	1	1	0	1	0	0.6413	1	1	1.8958	0	genconf	ligand_centred	2026-09-24T10:43:14+08:00
arm	A2_genconf_refbox	vina	posebusters	7MGT_ZD4	20260922	ok		5		vina	kcal/mol (empirical score, not a measured free energy)	0.0	5	0.9747	0.8489	0	1	1	0	0	0.9747	1	0	1.2208	0	genconf	ligand_centred	2026-09-24T10:43:33+08:00
arm	A2_genconf_refbox	vina	posebusters	7MOI_HPS	20260922	ok		5		vina	kcal/mol (empirical score, not a measured free energy)	0.0	5	0.7303	0.2998	1	1	1	1	1	0.7303	1	1	1.9739	0	genconf	ligand_centred	2026-09-24T10:43:51+08:00
arm	A2_genconf_refbox	vina	posebusters	7M6K_YRJ	20260922	ok		5		vina	kcal/mol (empirical score, not a measured free energy)	0.0	5	0.9069	0.8014	1	1	1	1	1	0.9069	1	1	1.11	0	genconf	ligand_centred	2026-09-24T10:43:22+08:00
arm	A2_genconf_refbox	vina	posebusters	7MGY_ZD1	20260922	ok		4		vina	kcal/mol (empirical score, not a measured free energy)	0.0	5	0.8005	0.7869	1	1	1	1	1	0.8005	1	1	0.8005	0	genconf	ligand_centred	2026-09-24T10:43:37+08:00
arm	A2_genconf_refbox	vina	posebusters	7MMH_ZJY	20260922	ok		5		vina	kcal/mol (empirical score, not a measured free energy)	0.0	5	2.7906	2.6	0	0	0	0	0	2.7906	0	0	2.8677	0	genconf	ligand_centred	2026-09-24T10:43:37+08:00
arm	A2_genconf_refbox	vina	posebusters	7MY1_IPE	20260922	ok		5		vina	kcal/mol (empirical score, not a measured free energy)	0.0	5	12.053	1.2594	1	0	0	0	0	9.8809	0	0	12.0778	0	genconf	ligand_centred	2026-09-24T10:44:07+08:00
arm	A2_genconf_refbox	vina	posebusters	7MWU_ZPM	20260922	ok		5		vina	kcal/mol (empirical score, not a measured free energy)	0.0	5	0.6022	0.3149	1	1	1	1	1	0.6022	1	1	1.199	0	genconf	ligand_centred	2026-09-24T10:44:07+08:00
arm	A2_genconf_refbox	vina	posebusters	7MWN_WI5	20260922	ok		5		vina	kcal/mol (empirical score, not a measured free energy)	0.0	5	1.1708	0.9084	1	1	0	1	0	1.1708	1	1	1.2874	0	genconf	ligand_centred	2026-09-24T10:44:02+08:00
arm	A2_genconf_refbox	vina	posebusters	7M3H_YPV	20260922	ok		5		vina	kcal/mol (empirical score, not a measured free energy)	0.0	5	2.8457	2.0522	1	0	0	0	0	0.9917	1	1	2.9121	0	genconf	ligand_centred	2026-09-24T10:43:18+08:00
arm	A2_genconf_refbox	vina	posebusters	7MFP_Z7P	20260922	ok		5		vina	kcal/mol (empirical score, not a measured free energy)	0.0	5	9.0573	3.3493	1	0	0	0	0	2.8212	0	0	9.0805	0	genconf	ligand_centred	2026-09-24T10:43:25+08:00
arm	A2_genconf_refbox	vina	posebusters	7N03_ZRP	20260922	ok		5		vina	kcal/mol (empirical score, not a measured free energy)	0.0	5	0.9175	0.5807	1	1	1	1	1	0.9175	1	1	0.9175	0	genconf	ligand_centred	2026-09-24T10:44:14+08:00
arm	A2_genconf_refbox	vina	posebusters	7N4W_P4V	20260922	ok		4		vina	kcal/mol (empirical score, not a measured free energy)	0.0	5	5.3289	1.8781	1	0	0	0	0	5.1535	0	0	5.3289	0	genconf	ligand_centred	2026-09-24T10:44:14+08:00
arm	A2_genconf_refbox	vina	posebusters	7N6F_0I1	20260922	ok		5		vina	kcal/mol (empirical score, not a measured free energy)	0.0	5	0.9338	0.7678	1	1	1	1	1	0.9338	1	1	1.6177	0	genconf	ligand_centred	2026-09-24T10:44:14+08:00
arm	A2_genconf_refbox	vina	posebusters	7N7H_CTP	20260922	ok		3		vina	kcal/mol (empirical score, not a measured free energy)	0.0	5	0.8385	0.7865	1	1	1	1	1	0.8385	1	1	1.1939	0	genconf	ligand_centred	2026-09-24T10:44:23+08:00
arm	A2_genconf_refbox	vina	posebusters	7MYU_ZR7	20260922	ok		5		vina	kcal/mol (empirical score, not a measured free energy)	0.0	5	0.8877	0.575	1	1	1	1	1	0.8877	1	1	1.1877	0	genconf	ligand_centred	2026-09-24T10:44:10+08:00
arm	A2_genconf_refbox	vina	posebusters	7NGW_UAW	20260922	ok		5		vina	kcal/mol (empirical score, not a measured free energy)	0.0	5	6.3206	0.7529	1	0	0	0	0	0.6549	1	1	6.3266	0	genconf	ligand_centred	2026-09-24T10:44:31+08:00
arm	A2_genconf_refbox	vina	posebusters	7N7B_T3F	20260922	ok		5		vina	kcal/mol (empirical score, not a measured free energy)	0.0	5	1.8868	0.973	1	1	0	1	0	1.8868	1	1	1.8868	0	genconf	ligand_centred	2026-09-24T10:44:23+08:00
arm	A2_genconf_refbox	vina	posebusters	7N4N_0BK	20260922	ok		5		vina	kcal/mol (empirical score, not a measured free energy)	0.0	5	8.5548	1.5528	0	0	0	0	0	3.2834	0	0	8.5668	0	genconf	ligand_centred	2026-09-24T10:44:14+08:00
arm	A2_genconf_refbox	vina	posebusters	7NP6_UK8	20260922	ok		2		vina	kcal/mol (empirical score, not a measured free energy)	0.0	5	0.7897	0.5476	1	1	1	1	1	0.7897	1	1	1.4074	0	genconf	ligand_centred	2026-09-24T10:44:39+08:00
arm	A2_genconf_refbox	vina	posebusters	7NLV_UJE	20260922	ok		5		vina	kcal/mol (empirical score, not a measured free energy)	0.0	5	1.2602	1.0442	1	1	0	1	0	1.2602	1	1	1.2602	0	genconf	ligand_centred	2026-09-24T10:44:35+08:00
arm	A2_genconf_refbox	vina	posebusters	7NF3_4LU	20260922	ok		4		vina	kcal/mol (empirical score, not a measured free energy)	0.0	5	1.1946	1.0317	1	1	0	1	0	1.1946	1	1	1.4222	0	genconf	ligand_centred	2026-09-24T10:44:30+08:00
arm	A2_genconf_refbox	vina	posebusters	7MSR_DCA	20260922	ok		5		vina	kcal/mol (empirical score, not a measured free energy)	0.0	5	12.518	3.942	1	0	0	0	0	12.0667	0	0	12.5213	0	genconf	ligand_centred	2026-09-24T10:43:57+08:00
arm	A2_genconf_refbox	vina	posebusters	7NPL_UKZ	20260922	ok		4		vina	kcal/mol (empirical score, not a measured free energy)	0.0	5	0.4133	0.2956	1	1	1	1	1	0.4133	1	1	0.4133	0	genconf	ligand_centred	2026-09-24T10:44:41+08:00
arm	A2_genconf_refbox	vina	posebusters	7KRU_ATP	20260922	ok		5		vina	kcal/mol (empirical score, not a measured free energy)	0.0	5	0.7468	0.5753	1	1	1	1	1	0.7468	1	1	1.0928	0	genconf	ligand_centred	2026-09-24T10:42:52+08:00
arm	A2_genconf_refbox	vina	posebusters	7NF0_BYN	20260922	ok		4		vina	kcal/mol (empirical score, not a measured free energy)	0.0	5	1.222	1.1259	0	1	0	0	0	1.222	1	0	1.4504	0	genconf	ligand_centred	2026-09-24T10:44:23+08:00
arm	A2_genconf_refbox	vina	posebusters	7NR8_UOE	20260922	ok		5		vina	kcal/mol (empirical score, not a measured free energy)	0.0	5	11.1425	4.3687	0	0	0	0	0	4.5959	0	0	11.1425	0	genconf	ligand_centred	2026-09-24T10:44:41+08:00
arm	A2_genconf_refbox	vina	posebusters	7O1T_5X8	20260922	ok		4		vina	kcal/mol (empirical score, not a measured free energy)	0.0	5	1.3247	1.073	1	1	0	1	0	1.3247	1	1	1.3247	0	genconf	ligand_centred	2026-09-24T10:44:48+08:00
arm	A2_genconf_refbox	vina	posebusters	7NSW_HC4	20260922	ok		5		vina	kcal/mol (empirical score, not a measured free energy)	0.0	5	0.2047	0.1323	1	1	1	1	1	0.2047	1	1	1.6654	0	genconf	ligand_centred	2026-09-24T10:44:44+08:00
arm	A2_genconf_refbox	vina	posebusters	7OEO_V9Z	20260922	ok		5		vina	kcal/mol (empirical score, not a measured free energy)	0.0	5	5.5308	2.0268	1	0	0	0	0	0.578	1	1	5.7252	0	genconf	ligand_centred	2026-09-24T10:44:54+08:00
arm	A2_genconf_refbox	vina	posebusters	7NU0_DCL	20260922	ok		5		vina	kcal/mol (empirical score, not a measured free energy)	0.0	5	0.495	0.3981	1	1	1	1	1	0.495	1	1	0.495	0	genconf	ligand_centred	2026-09-24T10:44:44+08:00
arm	A2_genconf_refbox	vina	posebusters	7O0N_CDP	20260922	ok		5		vina	kcal/mol (empirical score, not a measured free energy)	0.0	5	0.8761	0.7401	1	1	1	1	1	0.8761	1	1	1.165	0	genconf	ligand_centred	2026-09-24T10:44:50+08:00
arm	A2_genconf_refbox	vina	posebusters	7NXO_UU8	20260922	ok		5		vina	kcal/mol (empirical score, not a measured free energy)	0.0	5	0.4556	0.3208	1	1	1	1	1	0.4556	1	1	1.1276	0	genconf	ligand_centred	2026-09-24T10:44:47+08:00
arm	A2_genconf_refbox	vina	posebusters	7OFK_VCH	20260922	ok		5		vina	kcal/mol (empirical score, not a measured free energy)	0.0	5	0.6073	0.4876	1	1	1	1	1	0.6073	1	1	0.9825	0	genconf	ligand_centred	2026-09-24T10:44:56+08:00
arm	A2_genconf_refbox	vina	posebusters	7OFF_VCB	20260922	ok		5		vina	kcal/mol (empirical score, not a measured free energy)	0.0	5	8.2308	0.8324	0	0	0	0	0	0.6183	1	1	8.2327	0	genconf	ligand_centred	2026-09-24T10:44:56+08:00
arm	A2_genconf_refbox	vina	posebusters	7OLI_8HG	20260922	ok		5		vina	kcal/mol (empirical score, not a measured free energy)	0.0	5	5.2822	1.9622	0	0	0	0	0	4.4372	0	0	5.2822	0	genconf	ligand_centred	2026-09-24T10:44:58+08:00
arm	A2_genconf_refbox	vina	posebusters	7OZC_G6S	20260922	ok		5		vina	kcal/mol (empirical score, not a measured free energy)	0.0	5	0.9781	0.8737	1	1	1	1	1	0.9781	1	1	1.3033	0	genconf	ligand_centred	2026-09-24T10:45:05+08:00
arm	A2_genconf_refbox	vina	posebusters	7OSO_0V1	20260922	ok		5		vina	kcal/mol (empirical score, not a measured free energy)	0.0	5	9.0328	1.4756	1	0	0	0	0	2.2777	0	0	9.0328	0	genconf	ligand_centred	2026-09-24T10:45:08+08:00
arm	A2_genconf_refbox	vina	posebusters	7ODY_DGI	20260922	ok		5		vina	kcal/mol (empirical score, not a measured free energy)	0.0	5	1.0455	0.9235	1	1	0	1	0	1.0455	1	1	1.2088	0	genconf	ligand_centred	2026-09-24T10:45:00+08:00
arm	A2_genconf_refbox	vina	posebusters	7P1M_4IU	20260922	ok		5		vina	kcal/mol (empirical score, not a measured free energy)	0.0	5	8.44	1.9237	1	0	0	0	0	2.2138	0	0	8.4606	0	genconf	ligand_centred	2026-09-24T10:45:13+08:00
arm	A2_genconf_refbox	vina	posebusters	7OMX_CNA	20260922	ok		5		vina	kcal/mol (empirical score, not a measured free energy)	0.0	5	1.275	1.0718	1	1	0	1	0	1.275	1	1	1.275	0	genconf	ligand_centred	2026-09-24T10:45:03+08:00
arm	A2_genconf_refbox	vina	posebusters	7P2I_MFU	20260922	ok		5		vina	kcal/mol (empirical score, not a measured free energy)	0.0	5	0.3626	0.2715	1	1	1	1	1	0.3626	1	1	0.3626	0	genconf	ligand_centred	2026-09-24T10:45:17+08:00
arm	A2_genconf_refbox	vina	posebusters	7P1F_KFN	20260922	ok		5		vina	kcal/mol (empirical score, not a measured free energy)	0.0	5	5.1627	1.2092	1	0	0	0	0	4.2509	0	0	5.2054	0	genconf	ligand_centred	2026-09-24T10:45:13+08:00
arm	A2_genconf_refbox	vina	posebusters	7P5T_5YG	20260922	ok		3		vina	kcal/mol (empirical score, not a measured free energy)	0.0	5	1.4944	1.1481	1	1	0	1	0	1.2016	1	1	1.8706	0	genconf	ligand_centred	2026-09-24T10:45:21+08:00
arm	A2_genconf_refbox	vina	posebusters	7PGX_FMN	20260922	ok		5		vina	kcal/mol (empirical score, not a measured free energy)	0.0	5	1.9646	1.6676	1	1	0	1	0	1.6276	1	1	2.0716	1	genconf	ligand_centred	2026-09-24T10:45:22+08:00
arm	A2_genconf_refbox	vina	posebusters	7PJQ_OWH	20260922	ok		5		vina	kcal/mol (empirical score, not a measured free energy)	0.0	5	4.5418	0.1185	1	0	0	0	0	0.8559	1	1	4.5418	0	genconf	ligand_centred	2026-09-24T10:45:26+08:00
arm	A2_genconf_refbox	vina	posebusters	7OPG_06N	20260922	ok		5		vina	kcal/mol (empirical score, not a measured free energy)	0.0	5	4.5859	0.8903	0	0	0	0	0	1.6008	1	0	4.6948	0	genconf	ligand_centred	2026-09-24T10:45:04+08:00
arm	A2_genconf_refbox	vina	posebusters	7PL1_SFG	20260922	ok		5		vina	kcal/mol (empirical score, not a measured free energy)	0.0	5	4.0089	2.3928	0	0	0	0	0	1.157	1	1	4.0362	0	genconf	ligand_centred	2026-09-24T10:45:31+08:00
arm	A2_genconf_refbox	vina	posebusters	7NUT_GLP	20260922	ok		5		vina	kcal/mol (empirical score, not a measured free energy)	0.0	5	5.1735	1.2443	1	0	0	0	0	2.7812	0	0	5.3027	0	genconf	ligand_centred	2026-09-24T10:44:44+08:00
arm	A2_genconf_refbox	vina	posebusters	7PIH_7QW	20260922	ok		5		vina	kcal/mol (empirical score, not a measured free energy)	0.0	5	9.779	0.7688	1	0	0	0	0	2.5929	0	0	9.779	0	genconf	ligand_centred	2026-09-24T10:45:26+08:00
arm	A2_genconf_refbox	vina	posebusters	7PK0_BYC	20260922	ok		5		vina	kcal/mol (empirical score, not a measured free energy)	0.0	5	5.0252	4.6078	0	0	0	0	0	2.2326	0	0	5.0661	0	genconf	ligand_centred	2026-09-24T10:45:27+08:00
arm	A2_genconf_refbox	vina	posebusters	7PRI_7TI	20260922	ok		5		vina	kcal/mol (empirical score, not a measured free energy)	0.0	5	5.0711	1.7617	1	0	0	0	0	3.7002	0	0	5.1285	0	genconf	ligand_centred	2026-09-24T10:45:37+08:00
arm	A2_genconf_refbox	vina	posebusters	7PRM_81I	20260922	ok		4		vina	kcal/mol (empirical score, not a measured free energy)	0.0	5	1.3524	1.2428	1	1	0	1	0	1.3524	1	1	1.5633	0	genconf	ligand_centred	2026-09-24T10:45:41+08:00
arm	A2_genconf_refbox	vina	posebusters	7POM_7VZ	20260922	ok		5		vina	kcal/mol (empirical score, not a measured free energy)	0.0	5	1.9113	1.2506	1	1	0	1	0	1.9113	1	1	1.9242	0	genconf	ligand_centred	2026-09-24T10:45:32+08:00
arm	A2_genconf_refbox	vina	posebusters	7OZ9_NGK	20260922	ok		5		vina	kcal/mol (empirical score, not a measured free energy)	0.0	5	4.9675	1.4545	1	0	0	0	0	2.2583	0	0	4.9903	0	genconf	ligand_centred	2026-09-24T10:45:37+08:00
arm	A2_genconf_refbox	vina	posebusters	7Q2B_M6H	20260922	ok		5		vina	kcal/mol (empirical score, not a measured free energy)	0.0	5	3.7621	0.3212	0	0	0	0	0	1.5379	1	1	3.7971	0	genconf	ligand_centred	2026-09-24T10:45:57+08:00
arm	A2_genconf_refbox	vina	posebusters	7PUV_84Z	20260922	ok		5		vina	kcal/mol (empirical score, not a measured free energy)	0.0	5	2.0803	1.8651	1	0	0	0	0	2.0803	0	0	2.2153	0	genconf	ligand_centred	2026-09-24T10:45:49+08:00
arm	A2_genconf_refbox	vina	posebusters	7QF4_RBF	20260922	ok		5		vina	kcal/mol (empirical score, not a measured free energy)	0.0	5	1.2163	1.0979	1	1	0	1	0	1.2163	1	1	1.2163	0	genconf	ligand_centred	2026-09-24T10:46:17+08:00
arm	A2_genconf_refbox	vina	posebusters	7P4C_5OV	20260922	ok		5		vina	kcal/mol (empirical score, not a measured free energy)	0.0	5	4.521	0.2879	0	0	0	0	0	4.521	0	0	4.521	0	genconf	ligand_centred	2026-09-24T10:45:18+08:00
arm	A2_genconf_refbox	vina	posebusters	7Q5I_I0F	20260922	ok		4		vina	kcal/mol (empirical score, not a measured free energy)	0.0	5	0.7339	0.5708	1	1	1	1	1	0.7339	1	1	0.9871	0	genconf	ligand_centred	2026-09-24T10:45:59+08:00
arm	A2_genconf_refbox	vina	posebusters	7QE4_NGA	20260922	ok		5		vina	kcal/mol (empirical score, not a measured free energy)	0.0	5	13.7077	1.0129	1	0	0	0	0	2.7337	0	0	13.7077	0	genconf	ligand_centred	2026-09-24T10:46:03+08:00
arm	A2_genconf_refbox	vina	posebusters	7QGP_DJ8	20260922	ok		5		vina	kcal/mol (empirical score, not a measured free energy)	0.0	5	0.6043	0.3923	1	1	1	1	1	0.6043	1	1	0.6043	0	genconf	ligand_centred	2026-09-24T10:46:26+08:00
arm	A2_genconf_refbox	vina	posebusters	7QPP_VDX	20260922	ok		3		vina	kcal/mol (empirical score, not a measured free energy)	0.0	5	0.864	0.6737	1	1	1	1	1	0.864	1	1	1.05	0	genconf	ligand_centred	2026-09-24T10:46:37+08:00
arm	A2_genconf_refbox	vina	posebusters	7QHG_T3B	20260922	ok		4		vina	kcal/mol (empirical score, not a measured free energy)	0.0	5	0.4762	0.3928	1	1	1	1	1	0.4762	1	1	1.1411	0	genconf	ligand_centred	2026-09-24T10:46:26+08:00
arm	A2_genconf_refbox	vina	posebusters	7FRX_O88	20260922	ok		5		vina	kcal/mol (empirical score, not a measured free energy)	0.0	5	10.4521	1.8308	1	0	0	0	0	2.1212	0	0	10.4885	0	genconf	ligand_centred	2026-09-24T10:42:26+08:00
arm	A2_genconf_refbox	vina	posebusters	7QTA_URI	20260922	ok		5		vina	kcal/mol (empirical score, not a measured free energy)	0.0	5	1.0482	0.846	1	1	0	1	0	1.0482	1	1	1.0482	0	genconf	ligand_centred	2026-09-24T10:46:41+08:00
arm	A2_genconf_refbox	vina	posebusters	7R59_I5F	20260922	ok		5		vina	kcal/mol (empirical score, not a measured free energy)	0.0	5	0.3241	0.063	1	1	1	1	1	0.3241	1	1	0.3241	0	genconf	ligand_centred	2026-09-24T10:46:47+08:00
arm	A2_genconf_refbox	vina	posebusters	7R7R_AWJ	20260922	ok		5		vina	kcal/mol (empirical score, not a measured free energy)	0.0	5	1.1136	1.0037	1	1	0	1	0	1.1136	1	1	1.1136	0	genconf	ligand_centred	2026-09-24T10:46:54+08:00
arm	A2_genconf_refbox	vina	posebusters	7R9N_F97	20260922	ok		5		vina	kcal/mol (empirical score, not a measured free energy)	0.0	5	1.0379	0.9516	1	1	0	1	0	1.0379	1	1	1.0379	0	genconf	ligand_centred	2026-09-24T10:46:54+08:00
arm	A2_genconf_refbox	vina	posebusters	7QHL_D5P	20260922	ok		5		vina	kcal/mol (empirical score, not a measured free energy)	0.0	5	1.1735	0.7431	1	1	0	1	0	1.1735	1	1	1.4611	0	genconf	ligand_centred	2026-09-24T10:46:37+08:00
arm	A2_genconf_refbox	vina	posebusters	7RC3_SAH	20260922	ok		5		vina	kcal/mol (empirical score, not a measured free energy)	0.0	5	7.0136	2.041	0	0	0	0	0	1.0796	1	0	7.0136	0	genconf	ligand_centred	2026-09-24T10:47:08+08:00
arm	A2_genconf_refbox	vina	posebusters	7RH3_59O	20260922	ok		5		vina	kcal/mol (empirical score, not a measured free energy)	0.0	5	1.9405	1.9151	1	1	0	1	0	0.7428	1	1	1.9405	0	genconf	ligand_centred	2026-09-24T10:47:14+08:00
arm	A2_genconf_refbox	vina	posebusters	7RKW_5TV	20260922	ok		5		vina	kcal/mol (empirical score, not a measured free energy)	0.0	5	1.0219	0.8893	1	1	0	1	0	1.0219	1	1	2.2446	1	genconf	ligand_centred	2026-09-24T10:47:16+08:00
arm	A2_genconf_refbox	vina	posebusters	7ROU_66I	20260922	ok		5		vina	kcal/mol (empirical score, not a measured free energy)	0.0	5	1.4158	1.2551	1	1	0	1	0	1.4158	1	1	1.6973	0	genconf	ligand_centred	2026-09-24T10:47:21+08:00
arm	A2_genconf_refbox	vina	posebusters	7ROR_69X	20260922	ok		5		vina	kcal/mol (empirical score, not a measured free energy)	0.0	5	0.9668	0.8288	1	1	1	1	1	0.9668	1	1	1.2682	0	genconf	ligand_centred	2026-09-24T10:47:17+08:00
arm	A2_genconf_refbox	vina	posebusters	7RZL_NPO	20260922	ok		5		vina	kcal/mol (empirical score, not a measured free energy)	0.0	5	4.124	0.2482	1	0	0	0	0	1.1065	1	1	4.315	0	genconf	ligand_centred	2026-09-24T10:47:38+08:00
arm	A2_genconf_refbox	vina	posebusters	7RWS_4UR	20260922	ok		5		vina	kcal/mol (empirical score, not a measured free energy)	0.0	5	0.8151	0.6492	1	1	1	1	1	0.8151	1	1	0.8151	0	genconf	ligand_centred	2026-09-24T10:47:32+08:00
arm	A2_genconf_refbox	vina	posebusters	7R3D_APR	20260922	ok		5		vina	kcal/mol (empirical score, not a measured free energy)	0.0	5	6.0117	2.3095	1	0	0	0	0	2.0596	0	0	6.0413	0	genconf	ligand_centred	2026-09-24T10:46:43+08:00
arm	A2_genconf_refbox	vina	posebusters	7RSV_7IQ	20260922	ok		5		vina	kcal/mol (empirical score, not a measured free energy)	0.0	5	6.5058	0.9615	1	0	0	0	0	1.7935	1	1	6.5058	0	genconf	ligand_centred	2026-09-24T10:47:25+08:00
arm	A2_genconf_refbox	vina	posebusters	7R6J_2I7	20260922	ok		5		vina	kcal/mol (empirical score, not a measured free energy)	0.0	5	7.2999	3.0442	1	0	0	0	0	2.9755	0	0	7.2999	0	genconf	ligand_centred	2026-09-24T10:46:48+08:00
arm	A2_genconf_refbox	vina	posebusters	7PT3_3KK	20260922	ok		5		vina	kcal/mol (empirical score, not a measured free energy)	0.0	5	3.2995	2.4305	1	0	0	0	0	1.6339	1	1	3.3083	0	genconf	ligand_centred	2026-09-24T10:45:41+08:00
arm	A2_genconf_refbox	vina	posebusters	7SCW_GSP	20260922	ok		5		vina	kcal/mol (empirical score, not a measured free energy)	0.0	5	0.9337	0.8682	1	1	1	1	1	0.9337	1	1	1.0628	0	genconf	ligand_centred	2026-09-24T10:47:48+08:00
arm	A2_genconf_refbox	vina	posebusters	7OP9_06K	20260922	ok		5		vina	kcal/mol (empirical score, not a measured free energy)	0.0	5	3.5867	0.0598	0	0	0	0	0	3.1594	0	0	3.5867	0	genconf	ligand_centred	2026-09-24T10:44:59+08:00
arm	A2_genconf_refbox	vina	posebusters	7SDD_4IP	20260922	ok		5		vina	kcal/mol (empirical score, not a measured free energy)	0.0	5	4.3122	1.6409	1	0	0	0	0	3.4062	0	0	4.4448	0	genconf	ligand_centred	2026-09-24T10:50:01+08:00
arm	A2_genconf_refbox	vina	posebusters	7SIU_9ID	20260922	ok		5		vina	kcal/mol (empirical score, not a measured free energy)	0.0	5	0.43	0.2169	1	1	1	1	1	0.43	1	1	0.9635	0	genconf	ligand_centred	2026-09-24T10:50:01+08:00
arm	A2_genconf_refbox	vina	posebusters	7SFO_98L	20260922	ok		4		vina	kcal/mol (empirical score, not a measured free energy)	0.0	5	0.4062	0.2131	1	1	1	1	1	0.4062	1	1	0.4062	0	genconf	ligand_centred	2026-09-24T11:04:20+08:00
arm	A2_genconf_refbox	vina	posebusters	7T1D_E7K	20260922	ok		3		vina	kcal/mol (empirical score, not a measured free energy)	0.0	5	0.8233	0.6837	1	1	1	1	1	0.8233	1	1	0.8233	0	genconf	ligand_centred	2026-09-24T11:04:21+08:00
arm	A2_genconf_refbox	vina	posebusters	7SZA_DUI	20260922	ok		5		vina	kcal/mol (empirical score, not a measured free energy)	0.0	5	2.3118	1.6631	1	0	0	0	0	0.4617	1	1	2.3118	0	genconf	ligand_centred	2026-09-24T11:04:19+08:00
arm	A2_genconf_refbox	vina	posebusters	7TE8_P0T	20260922	ok		3		vina	kcal/mol (empirical score, not a measured free energy)	0.0	5	0.8458	0.7918	1	1	1	1	1	0.8335	1	1	0.8458	0	genconf	ligand_centred	2026-09-24T11:04:26+08:00
arm	A2_genconf_refbox	vina	posebusters	7T0D_FPP	20260922	ok		5		vina	kcal/mol (empirical score, not a measured free energy)	0.0	5	0.9119	0.8319	0	1	1	0	0	0.9119	1	0	1.1264	0	genconf	ligand_centred	2026-09-24T11:04:20+08:00
arm	A2_genconf_refbox	vina	posebusters	7TBU_S3P	20260922	ok		5		vina	kcal/mol (empirical score, not a measured free energy)	0.0	5	9.253	0.5189	0	0	0	0	0	8.1988	0	0	9.2866	0	genconf	ligand_centred	2026-09-24T11:04:24+08:00
arm	A2_genconf_refbox	vina	posebusters	7TOM_5AD	20260922	ok		3		vina	kcal/mol (empirical score, not a measured free energy)	0.0	5	0.8133	0.7605	1	1	1	1	1	0.8133	1	1	0.8133	0	genconf	ligand_centred	2026-09-24T11:04:32+08:00
arm	A2_genconf_refbox	vina	posebusters	7Q25_8J9	20260922	ok		5		vina	kcal/mol (empirical score, not a measured free energy)	0.0	5	8.3198	3.0871	1	0	0	0	0	7.9486	0	0	8.3222	0	genconf	ligand_centred	2026-09-24T10:45:50+08:00
arm	A2_genconf_refbox	vina	posebusters	7T3E_SLB	20260922	ok		5		vina	kcal/mol (empirical score, not a measured free energy)	0.0	5	5.2817	0.8772	1	0	0	0	0	0.362	1	1	5.2817	0	genconf	ligand_centred	2026-09-24T11:04:20+08:00
arm	A2_genconf_refbox	vina	posebusters	7THI_PGA	20260922	ok		5		vina	kcal/mol (empirical score, not a measured free energy)	0.0	5	0.7824	0.4428	1	1	1	1	1	0.7376	1	1	1.6028	0	genconf	ligand_centred	2026-09-24T11:04:26+08:00
arm	A2_genconf_refbox	vina	posebusters	7TM6_GPJ	20260922	ok		5		vina	kcal/mol (empirical score, not a measured free energy)	0.0	5	1.0187	0.6926	1	1	0	1	0	1.0187	1	1	1.9973	0	genconf	ligand_centred	2026-09-24T11:04:31+08:00
arm	A2_genconf_refbox	vina	posebusters	7TUO_KL9	20260922	ok		5		vina	kcal/mol (empirical score, not a measured free energy)	0.0	5	0.863	0.8087	1	1	1	1	1	0.863	1	1	0.863	0	genconf	ligand_centred	2026-09-24T11:04:37+08:00
arm	A2_genconf_refbox	vina	posebusters	7TSF_H4B	20260922	ok		5		vina	kcal/mol (empirical score, not a measured free energy)	0.0	5	0.373	0.2039	1	1	1	1	1	0.373	1	1	0.373	0	genconf	ligand_centred	2026-09-24T11:04:35+08:00
arm	A2_genconf_refbox	vina	posebusters	7TYP_KUR	20260922	ok		3		vina	kcal/mol (empirical score, not a measured free energy)	0.0	5	0.9273	0.7548	1	1	1	1	1	0.9273	1	1	1.2984	0	genconf	ligand_centred	2026-09-24T11:04:40+08:00
arm	A2_genconf_refbox	vina	posebusters	7TXK_LW8	20260922	ok		5		vina	kcal/mol (empirical score, not a measured free energy)	0.0	5	1.8202	1.2478	1	1	0	1	0	1.2071	1	1	2.0303	1	genconf	ligand_centred	2026-09-24T11:04:37+08:00
arm	A2_genconf_refbox	vina	posebusters	7UAS_MBU	20260922	ok		5		vina	kcal/mol (empirical score, not a measured free energy)	0.0	5	9.4057	2.4198	1	0	0	0	0	5.4364	0	0	9.424	0	genconf	ligand_centred	2026-09-24T11:04:47+08:00
arm	A2_genconf_refbox	vina	posebusters	7TB0_UD1	20260922	ok		5		vina	kcal/mol (empirical score, not a measured free energy)	0.0	5	8.991	3.0527	1	0	0	0	0	4.3394	0	0	8.9975	0	genconf	ligand_centred	2026-09-24T11:04:22+08:00
arm	A2_genconf_refbox	vina	posebusters	7UAW_MF6	20260922	ok		5		vina	kcal/mol (empirical score, not a measured free energy)	0.0	5	4.6514	3.439	1	0	0	0	0	4.5956	0	0	4.724	0	genconf	ligand_centred	2026-09-24T11:04:47+08:00
arm	A2_genconf_refbox	vina	posebusters	7U3J_L6U	20260922	ok		5		vina	kcal/mol (empirical score, not a measured free energy)	0.0	5	8.5418	2.4104	1	0	0	0	0	5.0408	0	0	8.5627	0	genconf	ligand_centred	2026-09-24T11:05:00+08:00
arm	A2_genconf_refbox	vina	posebusters	7TH4_FFO	20260922	ok		5		vina	kcal/mol (empirical score, not a measured free energy)	0.0	5	2.722	2.1708	1	0	0	0	0	1.4564	1	1	2.8288	0	genconf	ligand_centred	2026-09-24T11:04:42+08:00
arm	A2_genconf_refbox	vina	posebusters	7UJF_R3V	20260922	ok		2		vina	kcal/mol (empirical score, not a measured free energy)	0.0	5	1.2574	1.09	1	1	0	1	0	1.2574	1	1	1.7365	0	genconf	ligand_centred	2026-09-24T11:05:01+08:00
arm	A2_genconf_refbox	vina	posebusters	7UMW_NAD	20260922	ok		5		vina	kcal/mol (empirical score, not a measured free energy)	0.0	5	2.9904	2.6052	1	0	0	0	0	2.9904	0	0	2.9904	0	genconf	ligand_centred	2026-09-24T11:05:07+08:00
arm	A2_genconf_refbox	vina	posebusters	7USH_82V	20260922	ok		5		vina	kcal/mol (empirical score, not a measured free energy)	0.0	5	7.5029	1.6038	1	0	0	0	0	1.4296	1	1	7.5029	0	genconf	ligand_centred	2026-09-24T11:05:21+08:00
arm	A2_genconf_refbox	vina	posebusters	7UQ3_O2U	20260922	ok		5		vina	kcal/mol (empirical score, not a measured free energy)	0.0	5	4.3683	0.7718	1	0	0	0	0	1.0618	1	0	4.4589	0	genconf	ligand_centred	2026-09-24T11:05:20+08:00
arm	A2_genconf_refbox	vina	posebusters	7TS6_KMI	20260922	ok		4		vina	kcal/mol (empirical score, not a measured free energy)	0.0	5	2.667	2.1886	1	0	0	0	0	0.9722	1	1	2.667	0	genconf	ligand_centred	2026-09-24T11:04:35+08:00
arm	A2_genconf_refbox	vina	posebusters	7UJ4_OQ4	20260922	ok		5		vina	kcal/mol (empirical score, not a measured free energy)	0.0	5	2.0973	1.6041	1	0	0	0	0	1.512	1	1	2.4513	0	genconf	ligand_centred	2026-09-24T11:04:58+08:00
arm	A2_genconf_refbox	vina	posebusters	7ULC_56B	20260922	ok		5		vina	kcal/mol (empirical score, not a measured free energy)	0.0	5	1.5164	1.4132	0	1	0	0	0	1.5164	1	0	1.6335	0	genconf	ligand_centred	2026-09-24T11:05:16+08:00
arm	A2_genconf_refbox	vina	posebusters	7UYB_OK0	20260922	ok		4		vina	kcal/mol (empirical score, not a measured free energy)	0.0	5	0.8559	0.5549	1	1	1	1	1	0.8559	1	1	1.4609	0	genconf	ligand_centred	2026-09-24T11:05:26+08:00
arm	A2_genconf_refbox	vina	posebusters	7V3N_AKG	20260922	ok		5		vina	kcal/mol (empirical score, not a measured free energy)	0.0	5	2.0226	0.9785	0	0	0	0	0	1.1764	1	1	2.0226	0	genconf	ligand_centred	2026-09-24T11:05:37+08:00
arm	A2_genconf_refbox	vina	posebusters	7UTW_NAI	20260922	ok		5		vina	kcal/mol (empirical score, not a measured free energy)	0.0	5	5.8379	3.7764	0	0	0	0	0	5.0891	0	0	5.8379	0	genconf	ligand_centred	2026-09-24T11:05:24+08:00
arm	A2_genconf_refbox	vina	posebusters	7V14_ORU	20260922	ok		5		vina	kcal/mol (empirical score, not a measured free energy)	0.0	5	0.7546	0.7306	1	1	1	1	1	0.7546	1	1	0.8358	0	genconf	ligand_centred	2026-09-24T11:05:35+08:00
arm	A2_genconf_refbox	vina	posebusters	7UY4_SMI	20260922	ok		5		vina	kcal/mol (empirical score, not a measured free energy)	0.0	5	3.0619	1.2333	1	0	0	0	0	1.6655	1	1	3.0619	0	genconf	ligand_centred	2026-09-24T11:05:28+08:00
arm	A2_genconf_refbox	vina	posebusters	7UXS_OJC	20260922	ok		5		vina	kcal/mol (empirical score, not a measured free energy)	0.0	5	2.142	1.5174	1	0	0	0	0	2.142	0	0	2.142	0	genconf	ligand_centred	2026-09-24T11:05:25+08:00
arm	A2_genconf_refbox	vina	posebusters	7U0U_FK5	20260922	ok		5		vina	kcal/mol (empirical score, not a measured free energy)	0.0	5	2.0988	1.9015	1	0	0	0	0	2.0988	0	0	2.0988	0	genconf	ligand_centred	2026-09-24T11:04:44+08:00
arm	A2_genconf_refbox	vina	posebusters	7V43_C4O	20260922	ok		5		vina	kcal/mol (empirical score, not a measured free energy)	0.0	5	0.5718	0.0413	1	1	1	1	1	0.5718	1	1	1.7779	0	genconf	ligand_centred	2026-09-24T11:05:43+08:00
arm	A2_genconf_refbox	vina	posebusters	7V3S_5I9	20260922	ok		5		vina	kcal/mol (empirical score, not a measured free energy)	0.0	5	0.9792	0.9159	1	1	1	1	1	0.9792	1	1	0.9792	0	genconf	ligand_centred	2026-09-24T11:05:42+08:00
arm	A2_genconf_refbox	vina	posebusters	7VBU_6I4	20260922	ok		5		vina	kcal/mol (empirical score, not a measured free energy)	0.0	5	0.3855	0.108	1	1	1	1	1	0.3855	1	1	0.629	0	genconf	ligand_centred	2026-09-24T11:05:44+08:00
arm	A2_genconf_refbox	vina	posebusters	7VB8_STL	20260922	ok		5		vina	kcal/mol (empirical score, not a measured free energy)	0.0	5	5.7118	0.3385	1	0	0	0	0	0.4252	1	0	5.7118	0	genconf	ligand_centred	2026-09-24T11:05:42+08:00
arm	A2_genconf_refbox	vina	posebusters	7VQ9_ISY	20260922	ok		5		vina	kcal/mol (empirical score, not a measured free energy)	0.0	5	2.2134	1.5524	0	0	0	0	0	1.4803	1	1	2.3751	0	genconf	ligand_centred	2026-09-24T11:05:47+08:00
arm	A2_genconf_refbox	vina	posebusters	7VC5_9SF	20260922	ok		5		vina	kcal/mol (empirical score, not a measured free energy)	0.0	5	2.197	1.9191	0	0	0	0	0	1.7599	1	1	2.197	0	genconf	ligand_centred	2026-09-24T11:05:46+08:00
arm	A2_genconf_refbox	vina	posebusters	7W06_ITN	20260922	ok		5		vina	kcal/mol (empirical score, not a measured free energy)	0.0	5	0.6592	0.5409	1	1	1	1	1	0.6592	1	1	1.0142	0	genconf	ligand_centred	2026-09-24T11:05:51+08:00
arm	A2_genconf_refbox	vina	posebusters	7W05_GMP	20260922	ok		5		vina	kcal/mol (empirical score, not a measured free energy)	0.0	5	2.8513	2.2365	1	0	0	0	0	1.5138	1	1	2.8513	0	genconf	ligand_centred	2026-09-24T11:05:51+08:00
arm	A2_genconf_refbox	vina	posebusters	7VWF_K55	20260922	ok		5		vina	kcal/mol (empirical score, not a measured free energy)	0.0	5	5.6321	2.8536	1	0	0	0	0	5.5228	0	0	5.6566	0	genconf	ligand_centred	2026-09-24T11:05:49+08:00
arm	A2_genconf_refbox	vina	posebusters	7M31_TDR	20260922	ok		5		vina	kcal/mol (empirical score, not a measured free energy)	0.0	5	0.4181	0.0636	1	1	1	1	1	0.4181	1	1	0.4181	0	genconf	ligand_centred	2026-09-24T10:43:17+08:00
arm	A2_genconf_refbox	vina	posebusters	7WCF_ACP	20260922	ok		5		vina	kcal/mol (empirical score, not a measured free energy)	0.0	5	2.4478	2.0731	1	0	0	0	0	2.3794	0	0	2.5197	0	genconf	ligand_centred	2026-09-24T11:05:53+08:00
arm	A2_genconf_refbox	vina	posebusters	7WPW_F15	20260922	ok		5		vina	kcal/mol (empirical score, not a measured free energy)	0.0	5	5.0284	1.4525	1	0	0	0	0	3.9585	0	0	5.0603	0	genconf	ligand_centred	2026-09-24T11:05:58+08:00
arm	A2_genconf_refbox	vina	posebusters	7WDT_NGS	20260922	ok		5		vina	kcal/mol (empirical score, not a measured free energy)	0.0	5	6.4778	1.8312	1	0	0	0	0	6.4778	0	0	6.4978	0	genconf	ligand_centred	2026-09-24T11:05:53+08:00
arm	A2_genconf_refbox	vina	posebusters	7WJB_BGC	20260922	ok		5		vina	kcal/mol (empirical score, not a measured free energy)	0.0	5	4.0193	0.2308	1	0	0	0	0	4.0193	0	0	4.0193	0	genconf	ligand_centred	2026-09-24T11:05:55+08:00
arm	A2_genconf_refbox	vina	posebusters	7WQQ_5Z6	20260922	ok		2		vina	kcal/mol (empirical score, not a measured free energy)	0.0	5	0.4034	0.3438	1	1	1	1	1	0.4034	1	1	1.3105	0	genconf	ligand_centred	2026-09-24T11:06:01+08:00
arm	A2_genconf_refbox	vina	posebusters	7UJ5_DGL	20260922	ok		5		vina	kcal/mol (empirical score, not a measured free energy)	0.0	5	10.7749	0.9374	1	0	0	0	0	10.7749	0	0	10.806	0	genconf	ligand_centred	2026-09-24T11:04:59+08:00
arm	A2_genconf_refbox	vina	posebusters	7WL4_JFU	20260922	ok		5		vina	kcal/mol (empirical score, not a measured free energy)	0.0	5	0.6662	0.5622	1	1	1	1	1	0.6662	1	1	0.8919	0	genconf	ligand_centred	2026-09-24T11:05:58+08:00
arm	A2_genconf_refbox	vina	posebusters	7X9K_8OG	20260922	ok		5		vina	kcal/mol (empirical score, not a measured free energy)	0.0	5	0.4203	0.3344	1	1	1	1	1	0.4203	1	1	0.4203	0	genconf	ligand_centred	2026-09-24T11:06:06+08:00
arm	A2_genconf_refbox	vina	posebusters	7VYJ_CA0	20260922	ok		5		vina	kcal/mol (empirical score, not a measured free energy)	0.0	5	3.3661	1.8439	1	0	0	0	0	3.3661	0	0	3.4087	0	genconf	ligand_centred	2026-09-24T11:05:47+08:00
arm	A2_genconf_refbox	vina	posebusters	7XFA_D9J	20260922	ok		5		vina	kcal/mol (empirical score, not a measured free energy)	0.0	5	4.9985	2.6505	1	0	0	0	0	4.9985	0	0	4.9985	0	genconf	ligand_centred	2026-09-24T11:06:08+08:00
arm	A2_genconf_refbox	vina	posebusters	7VKZ_NOJ	20260922	ok		5		vina	kcal/mol (empirical score, not a measured free energy)	0.0	5	0.9458	0.6916	1	1	1	1	1	0.9458	1	1	0.9458	0	genconf	ligand_centred	2026-09-24T11:05:46+08:00
arm	A2_genconf_refbox	vina	posebusters	7XBV_APC	20260922	ok		5		vina	kcal/mol (empirical score, not a measured free energy)	0.0	5	4.878	3.0384	1	0	0	0	0	4.0003	0	0	4.9378	0	genconf	ligand_centred	2026-09-24T11:06:08+08:00
arm	A2_genconf_refbox	vina	posebusters	7X5N_5M5	20260922	ok		5		vina	kcal/mol (empirical score, not a measured free energy)	0.0	5	0.8199	0.6998	1	1	1	1	1	0.8199	1	1	1.0237	0	genconf	ligand_centred	2026-09-24T11:06:04+08:00
arm	A2_genconf_refbox	vina	posebusters	7WUY_76N	20260922	ok		4		vina	kcal/mol (empirical score, not a measured free energy)	0.0	5	2.1665	2.1251	1	0	0	0	0	2.1665	0	0	2.1665	0	genconf	ligand_centred	2026-09-24T11:06:04+08:00
arm	A2_genconf_refbox	vina	posebusters	7XI7_4RI	20260922	ok		5		vina	kcal/mol (empirical score, not a measured free energy)	0.0	5	0.8021	0.5317	1	1	1	1	1	0.8021	1	1	0.8021	0	genconf	ligand_centred	2026-09-24T11:06:13+08:00
arm	A2_genconf_refbox	vina	posebusters	7XG5_PLP	20260922	ok		5		vina	kcal/mol (empirical score, not a measured free energy)	0.0	5	0.6203	0.3405	1	1	1	1	1	0.6203	1	1	0.6203	0	genconf	ligand_centred	2026-09-24T11:06:12+08:00
arm	A2_genconf_refbox	vina	posebusters	7XQZ_FPF	20260922	ok		5		vina	kcal/mol (empirical score, not a measured free energy)	0.0	5	0.5232	0.4697	1	1	1	1	1	0.5232	1	1	0.8841	0	genconf	ligand_centred	2026-09-24T11:06:14+08:00
arm	A2_genconf_refbox	vina	posebusters	7Z1Q_NIO	20260922	ok		5		vina	kcal/mol (empirical score, not a measured free energy)	0.0	5	9.384	0.4791	1	0	0	0	0	1.7855	1	1	9.3858	0	genconf	ligand_centred	2026-09-24T11:06:19+08:00
arm	A2_genconf_refbox	vina	posebusters	7WKL_CAQ	20260922	ok		5		vina	kcal/mol (empirical score, not a measured free energy)	0.0	5	0.4005	0.0183	1	1	1	1	1	0.4005	1	1	0.4005	0	genconf	ligand_centred	2026-09-24T11:05:57+08:00
arm	A2_genconf_refbox	vina	posebusters	7YZU_DO7	20260922	ok		5		vina	kcal/mol (empirical score, not a measured free energy)	0.0	5	4.2592	1.1465	1	0	0	0	0	1.8596	1	1	4.2755	0	genconf	ligand_centred	2026-09-24T11:06:16+08:00
arm	A2_genconf_refbox	vina	posebusters	7Z7F_IF3	20260922	ok		5		vina	kcal/mol (empirical score, not a measured free energy)	0.0	5	3.5897	0.6886	1	0	0	0	0	3.5897	0	0	3.5897	0	genconf	ligand_centred	2026-09-24T11:06:20+08:00
arm	A2_genconf_refbox	vina	posebusters	7Z2O_IAJ	20260922	ok		5		vina	kcal/mol (empirical score, not a measured free energy)	0.0	5	0.3819	0.0599	1	1	1	1	1	0.3819	1	1	0.3819	0	genconf	ligand_centred	2026-09-24T11:06:20+08:00
arm	A2_genconf_refbox	vina	posebusters	7XPO_UPG	20260922	ok		5		vina	kcal/mol (empirical score, not a measured free energy)	0.0	5	3.6402	1.6605	1	0	0	0	0	3.3977	0	0	3.6687	0	genconf	ligand_centred	2026-09-24T11:06:14+08:00
arm	A2_genconf_refbox	vina	posebusters	7ZHP_IQY	20260922	ok		5		vina	kcal/mol (empirical score, not a measured free energy)	0.0	5	9.105	0.5815	1	0	0	0	0	6.2646	0	0	9.105	0	genconf	ligand_centred	2026-09-24T11:06:23+08:00
arm	A2_genconf_refbox	vina	posebusters	7ZL5_IWE	20260922	ok		5		vina	kcal/mol (empirical score, not a measured free energy)	0.0	5	0.9089	0.3904	1	1	1	1	1	0.9089	1	1	1.173	0	genconf	ligand_centred	2026-09-24T11:06:24+08:00
arm	A2_genconf_refbox	vina	posebusters	7ZTL_BCN	20260922	ok		5		vina	kcal/mol (empirical score, not a measured free energy)	0.0	5	2.8941	1.3118	1	0	0	0	0	2.7005	0	0	3.7189	0	genconf	ligand_centred	2026-09-24T11:06:28+08:00
arm	A2_genconf_refbox	vina	posebusters	7XJN_NSD	20260922	ok		5		vina	kcal/mol (empirical score, not a measured free energy)	0.0	5	1.6893	0.6344	1	1	0	1	0	1.2337	1	1	5.8527	1	genconf	ligand_centred	2026-09-24T11:06:13+08:00
arm	A2_genconf_refbox	vina	posebusters	7ZU2_DHT	20260922	ok		3		vina	kcal/mol (empirical score, not a measured free energy)	0.0	5	0.2581	0.0803	1	1	1	1	1	0.2581	1	1	0.2581	0	genconf	ligand_centred	2026-09-24T11:06:31+08:00
arm	A2_genconf_refbox	vina	posebusters	7ZOC_T8E	20260922	ok		5		vina	kcal/mol (empirical score, not a measured free energy)	0.0	5	1.8986	0.7908	1	1	0	1	0	1.6786	1	1	2.2596	1	genconf	ligand_centred	2026-09-24T11:06:30+08:00
arm	A2_genconf_refbox	vina	posebusters	7ZF0_DHR	20260922	ok		5		vina	kcal/mol (empirical score, not a measured free energy)	0.0	5	4.1646	0.7402	0	0	0	0	0	2.8455	0	0	4.1646	0	genconf	ligand_centred	2026-09-24T11:06:23+08:00
arm	A2_genconf_refbox	vina	posebusters	8AAU_LH0	20260922	ok		5		vina	kcal/mol (empirical score, not a measured free energy)	0.0	5	8.5811	1.3681	1	0	0	0	0	1.4457	1	1	8.596	0	genconf	ligand_centred	2026-09-24T11:06:37+08:00
arm	A2_genconf_refbox	vina	posebusters	8A2D_KXY	20260922	ok		5		vina	kcal/mol (empirical score, not a measured free energy)	0.0	5	2.1881	1.8426	1	0	0	0	0	1.5791	1	1	2.2947	0	genconf	ligand_centred	2026-09-24T11:06:34+08:00
arm	A2_genconf_refbox	vina	posebusters	8AEM_LVF	20260922	ok		5		vina	kcal/mol (empirical score, not a measured free energy)	0.0	5	0.4503	0.1139	1	1	1	1	1	0.4503	1	1	0.4503	0	genconf	ligand_centred	2026-09-24T11:06:40+08:00
arm	A2_genconf_refbox	vina	posebusters	8A1H_DLZ	20260922	ok		4		vina	kcal/mol (empirical score, not a measured free energy)	0.0	5	0.8251	0.7668	1	1	1	1	1	0.8251	1	1	0.8251	0	genconf	ligand_centred	2026-09-24T11:06:33+08:00
arm	A2_genconf_refbox	vina	posebusters	7ZDY_6MJ	20260922	ok		5		vina	kcal/mol (empirical score, not a measured free energy)	0.0	5	3.9207	0.4349	1	0	0	0	0	0.5584	1	1	3.9207	0	genconf	ligand_centred	2026-09-24T11:06:23+08:00
arm	A2_genconf_refbox	vina	posebusters	7XRL_FWK	20260922	ok		5		vina	kcal/mol (empirical score, not a measured free energy)	0.0	5	2.7167	1.8894	1	0	0	0	0	2.4243	0	0	2.7167	0	genconf	ligand_centred	2026-09-24T11:06:14+08:00
arm	A2_genconf_refbox	vina	posebusters	8AIE_M7L	20260922	ok		5		vina	kcal/mol (empirical score, not a measured free energy)	0.0	5	4.4361	2.3575	1	0	0	0	0	1.9008	1	1	4.4935	0	genconf	ligand_centred	2026-09-24T11:06:48+08:00
arm	A2_genconf_refbox	vina	posebusters	8AP0_PRP	20260922	ok		5		vina	kcal/mol (empirical score, not a measured free energy)	0.0	5	6.4827	2.0383	1	0	0	0	0	3.1298	0	0	6.5322	0	genconf	ligand_centred	2026-09-24T11:06:51+08:00
arm	A2_genconf_refbox	vina	posebusters	7ZZW_KKW	20260922	ok		5		vina	kcal/mol (empirical score, not a measured free energy)	0.0	5	10.1851	1.3062	0	0	0	0	0	9.003	0	0	10.1851	0	genconf	ligand_centred	2026-09-24T11:06:32+08:00
arm	A2_genconf_refbox	vina	posebusters	7WUX_6OI	20260922	ok		5		vina	kcal/mol (empirical score, not a measured free energy)	0.0	5	3.4135	1.7414	1	0	0	0	0	3.2575	0	0	3.5103	0	genconf	ligand_centred	2026-09-24T11:06:03+08:00
arm	A2_genconf_refbox	vina	posebusters	8AY3_OE3	20260922	ok		5		vina	kcal/mol (empirical score, not a measured free energy)	0.0	5	0.4242	0.1944	1	1	1	1	1	0.4242	1	1	1.2664	0	genconf	ligand_centred	2026-09-24T11:06:55+08:00
arm	A2_genconf_refbox	vina	posebusters	7ZXV_45D	20260922	ok		4		vina	kcal/mol (empirical score, not a measured free energy)	0.0	5	1.9788	1.4834	1	1	0	1	0	1.9788	1	1	2.0239	1	genconf	ligand_centred	2026-09-24T11:06:40+08:00
arm	A2_genconf_refbox	vina	posebusters	8BTI_RFO	20260922	ok		5		vina	kcal/mol (empirical score, not a measured free energy)	0.0	5	0.617	0.2038	1	1	1	1	1	0.617	1	1	0.617	0	genconf	ligand_centred	2026-09-24T11:06:59+08:00
arm	A2_genconf_refbox	vina	posebusters	8AUH_L9I	20260922	ok		5		vina	kcal/mol (empirical score, not a measured free energy)	0.0	5	0.568	0.3084	1	1	1	1	1	0.568	1	1	0.568	0	genconf	ligand_centred	2026-09-24T11:06:55+08:00
arm	A2_genconf_refbox	vina	posebusters	8C3N_ADP	20260922	ok		5		vina	kcal/mol (empirical score, not a measured free energy)	0.0	5	4.3999	1.7188	0	0	0	0	0	3.929	0	0	4.4268	0	genconf	ligand_centred	2026-09-24T11:07:01+08:00
arm	A2_genconf_refbox	vina	posebusters	8BOM_QU6	20260922	ok		5		vina	kcal/mol (empirical score, not a measured free energy)	0.0	5	1.093	0.8714	1	1	0	1	0	1.093	1	1	1.093	0	genconf	ligand_centred	2026-09-24T11:06:57+08:00
arm	A2_genconf_refbox	vina	posebusters	8C5M_MTA	20260922	ok		5		vina	kcal/mol (empirical score, not a measured free energy)	0.0	5	2.9555	0.9704	1	0	0	0	0	2.9555	0	0	2.9555	0	genconf	ligand_centred	2026-09-24T11:07:02+08:00
arm	A2_genconf_refbox	vina	posebusters	8D39_QDB	20260922	ok		3		vina	kcal/mol (empirical score, not a measured free energy)	0.0	5	0.4549	0.1853	1	1	1	1	1	0.4549	1	1	1.8559	0	genconf	ligand_centred	2026-09-24T11:07:05+08:00
arm	A2_genconf_refbox	vina	posebusters	8DHG_T78	20260922	ok		1		vina	kcal/mol (empirical score, not a measured free energy)	0.0	5	0.4416	0.2935	1	1	1	1	1	0.4416	1	1	0.7015	0	genconf	ligand_centred	2026-09-24T11:07:07+08:00
arm	A2_genconf_refbox	vina	posebusters	8CNH_V6U	20260922	ok		5		vina	kcal/mol (empirical score, not a measured free energy)	0.0	5	0.2414	0.2143	1	1	1	1	1	0.2414	1	1	0.2414	0	genconf	ligand_centred	2026-09-24T11:07:02+08:00
arm	A2_genconf_refbox	vina	posebusters	8D19_GSH	20260922	ok		5		vina	kcal/mol (empirical score, not a measured free energy)	0.0	5	13.9633	2.0615	1	0	0	0	0	12.8696	0	0	13.9675	0	genconf	ligand_centred	2026-09-24T11:07:05+08:00
arm	A2_genconf_refbox	vina	posebusters	8B8H_OJQ	20260922	ok		5		vina	kcal/mol (empirical score, not a measured free energy)	0.0	5	1.8329	0.9908	1	1	0	1	0	1.8329	1	1	2.0245	1	genconf	ligand_centred	2026-09-24T11:06:56+08:00
arm	A2_genconf_refbox	vina	posebusters	8DKO_TFB	20260922	ok		5		vina	kcal/mol (empirical score, not a measured free energy)	0.0	5	11.2743	0.2823	1	0	0	0	0	11.2457	0	0	11.2787	0	genconf	ligand_centred	2026-09-24T11:07:09+08:00
arm	A2_genconf_refbox	vina	posebusters	8EAB_VN2	20260922	ok		5		vina	kcal/mol (empirical score, not a measured free energy)	0.0	5	0.7279	0.614	1	1	1	1	1	0.7279	1	1	1.3722	0	genconf	ligand_centred	2026-09-24T11:07:22+08:00
arm	A2_genconf_refbox	vina	posebusters	8EX2_Q2Q	20260922	ok		3		vina	kcal/mol (empirical score, not a measured free energy)	0.0	5	0.7188	0.2293	1	1	1	1	1	0.7188	1	1	1.3312	0	genconf	ligand_centred	2026-09-24T11:07:34+08:00
arm	A2_genconf_refbox	vina	posebusters	8DP2_UMA	20260922	ok		5		vina	kcal/mol (empirical score, not a measured free energy)	0.0	5	9.5008	3.2527	0	0	0	0	0	8.8697	0	0	9.5103	0	genconf	ligand_centred	2026-09-24T11:07:19+08:00
arm	A2_genconf_refbox	vina	posebusters	8DSC_NCA	20260922	ok		5		vina	kcal/mol (empirical score, not a measured free energy)	0.0	5	0.2082	0.0414	1	1	1	1	1	0.2082	1	1	0.2082	0	genconf	ligand_centred	2026-09-24T11:07:34+08:00
arm	A2_genconf_refbox	vina	posebusters	8EXL_799	20260922	ok		5		vina	kcal/mol (empirical score, not a measured free energy)	0.0	5	1.6006	1.4344	1	1	0	1	0	1.6006	1	1	1.7024	0	genconf	ligand_centred	2026-09-24T11:07:36+08:00
arm	A2_genconf_refbox	vina	posebusters	8AQL_PLG	20260922	ok		5		vina	kcal/mol (empirical score, not a measured free energy)	0.0	5	0.2924	0.1974	1	1	1	1	1	0.2924	1	1	0.9795	0	genconf	ligand_centred	2026-09-24T11:06:51+08:00
arm	A2_genconf_refbox	vina	posebusters	8EYE_X4I	20260922	ok		5		vina	kcal/mol (empirical score, not a measured free energy)	0.0	5	1.1686	0.979	1	1	0	1	0	0.9985	1	1	1.1686	0	genconf	ligand_centred	2026-09-24T11:07:42+08:00
arm	A2_genconf_refbox	vina	posebusters	8CSD_C5P	20260922	ok		5		vina	kcal/mol (empirical score, not a measured free energy)	0.0	5	0.9332	0.8277	1	1	1	1	1	0.9332	1	1	1.1533	0	genconf	ligand_centred	2026-09-24T11:07:03+08:00
arm	A2_genconf_refbox	vina	posebusters	8FAV_4Y5	20260922	ok		2		vina	kcal/mol (empirical score, not a measured free energy)	0.0	5	0.3316	0.2332	1	1	1	1	1	0.3316	1	1	0.8341	0	genconf	ligand_centred	2026-09-24T11:08:04+08:00
arm	A2_genconf_refbox	vina	posebusters	8F8E_XJI	20260922	ok		5		vina	kcal/mol (empirical score, not a measured free energy)	0.0	5	12.0947	2.4596	1	0	0	0	0	9.0724	0	0	12.0947	0	genconf	ligand_centred	2026-09-24T11:07:53+08:00
arm	A2_genconf_refbox	vina	posebusters	8FLV_ZB9	20260922	ok		5		vina	kcal/mol (empirical score, not a measured free energy)	0.0	5	1.2064	1.1048	1	1	0	1	0	0.9831	1	1	2.0525	1	genconf	ligand_centred	2026-09-24T11:08:05+08:00
arm	A2_genconf_refbox	vina	posebusters	8G6P_API	20260922	ok		5		vina	kcal/mol (empirical score, not a measured free energy)	0.0	5	10.3063	0.8992	0	0	0	0	0	2.9712	0	0	10.3231	0	genconf	ligand_centred	2026-09-24T11:08:09+08:00
arm	A2_genconf_refbox	vina	posebusters	8HFN_XGC	20260922	ok		5		vina	kcal/mol (empirical score, not a measured free energy)	0.0	5	0.578	0.3437	1	1	1	1	1	0.578	1	1	0.9221	0	genconf	ligand_centred	2026-09-24T11:08:11+08:00
arm	A2_genconf_refbox	vina	posebusters	8FO5_Y4U	20260922	ok		5		vina	kcal/mol (empirical score, not a measured free energy)	0.0	5	0.4859	0.3449	1	1	1	1	1	0.4859	1	1	0.9893	0	genconf	ligand_centred	2026-09-24T11:08:09+08:00
arm	A2_genconf_refbox	vina	posebusters	8HO0_3ZI	20260922	ok		5		vina	kcal/mol (empirical score, not a measured free energy)	0.0	5	1.8671	0.688	1	1	0	1	0	1.8671	1	1	1.8671	0	genconf	ligand_centred	2026-09-24T11:08:17+08:00
arm	A2_genconf_refbox	vina	posebusters	8GFD_ZHR	20260922	ok		5		vina	kcal/mol (empirical score, not a measured free energy)	0.0	5	13.5542	1.6449	1	0	0	0	0	7.1859	0	0	13.5542	0	genconf	ligand_centred	2026-09-24T11:08:15+08:00
arm	A2_genconf_refbox	vina	posebusters	7ZCC_OGA	20260922	ok		5		vina	kcal/mol (empirical score, not a measured free energy)	0.0	5	4.6373	0.4124	0	0	0	0	0	4.6373	0	0	4.6373	0	genconf	ligand_centred	2026-09-24T11:06:21+08:00
arm	A2_genconf_refbox	vinardo	astex	1HQ2_PH2	20260922	ok		5	-7.8	vinardo	kcal/mol (empirical score, not a measured free energy)	8.77	5	0.3385	0.2399	1	1	1	1	1	0.3385	1	1	0.3385	0	genconf	ligand_centred	2026-09-24T11:08:23+08:00
arm	A2_genconf_refbox	vinardo	astex	1GPK_HUP	20260922	ok		5	-9.6	vinardo	kcal/mol (empirical score, not a measured free energy)	11.1	5	3.6203	0.2031	1	0	0	0	0	0.3464	1	1	3.6203	0	genconf	ligand_centred	2026-09-24T11:08:22+08:00
arm	A2_genconf_refbox	vinardo	astex	1HNN_SKF	20260922	ok		5	-8.6	vinardo	kcal/mol (empirical score, not a measured free energy)	13.31	5	1.0227	0.9517	1	1	0	1	0	1.0227	1	1	1.1533	0	genconf	ligand_centred	2026-09-24T11:08:22+08:00
arm	A2_genconf_refbox	vinardo	astex	1HP0_AD3	20260922	ok		5	-9.2	vinardo	kcal/mol (empirical score, not a measured free energy)	18.28	5	2.6217	2.1531	1	0	0	0	0	1.9378	1	1	2.6217	0	genconf	ligand_centred	2026-09-24T11:08:24+08:00
arm	A2_genconf_refbox	vina	posebusters	8SLG_G5A	20260922	ok		5		vina	kcal/mol (empirical score, not a measured free energy)	0.0	5	1.4705	1.2927	1	1	0	1	0	0.2587	1	1	1.4861	0	genconf	ligand_centred	2026-09-24T11:08:19+08:00
arm	A2_genconf_refbox	vinardo	astex	1GKC_NFH	20260922	ok		5	-8.0	vinardo	kcal/mol (empirical score, not a measured free energy)	47.18	5	0.7411	0.5855	1	1	1	1	1	0.7411	1	1	1.2857	0	genconf	ligand_centred	2026-09-24T11:08:31+08:00
arm	A2_genconf_refbox	vinardo	astex	1GM8_SOX	20260922	ok		5	-6.3	vinardo	kcal/mol (empirical score, not a measured free energy)	39.12	5	5.0651	1.6255	1	0	0	0	0	5.0408	0	0	5.1639	0	genconf	ligand_centred	2026-09-24T11:08:25+08:00
arm	A2_genconf_refbox	vina	posebusters	8D5D_5DK	20260922	ok		5		vina	kcal/mol (empirical score, not a measured free energy)	0.0	5	0.7586	0.686	1	1	1	1	1	0.7586	1	1	1.1458	0	genconf	ligand_centred	2026-09-24T11:07:07+08:00
arm	A2_genconf_refbox	vinardo	astex	1IA1_TQ3	20260922	ok		5	-10.2	vinardo	kcal/mol (empirical score, not a measured free energy)	14.69	5	0.5428	0.2611	1	1	1	1	1	0.5428	1	1	0.5428	0	genconf	ligand_centred	2026-09-24T11:08:32+08:00
arm	A2_genconf_refbox	vinardo	astex	1G9V_RQ3	20260922	ok		5	-8.4	vinardo	kcal/mol (empirical score, not a measured free energy)	45.21	5	5.0147	1.4495	1	0	0	0	0	5.0147	0	0	5.2769	0	genconf	ligand_centred	2026-09-24T11:08:28+08:00
arm	A2_genconf_refbox	vinardo	astex	1IG3_VIB	20260922	ok		5	-8.7	vinardo	kcal/mol (empirical score, not a measured free energy)	22.37	5	2.0092	1.7085	1	0	0	0	0	2.0092	0	0	2.0092	0	genconf	ligand_centred	2026-09-24T11:08:36+08:00
arm	A2_genconf_refbox	vinardo	astex	1HWW_SWA	20260922	ok		5	-5.6	vinardo	kcal/mol (empirical score, not a measured free energy)	5.34	5	3.9419	0.3672	1	0	0	0	0	2.1886	0	0	3.9419	0	genconf	ligand_centred	2026-09-24T11:08:27+08:00
arm	A2_genconf_refbox	vinardo	astex	1JD0_AZM	20260922	ok		5	-5.9	vinardo	kcal/mol (empirical score, not a measured free energy)	11.77	5	5.9338	0.8963	1	0	0	0	0	1.2151	1	1	5.9976	0	genconf	ligand_centred	2026-09-24T11:08:37+08:00
arm	A2_genconf_refbox	vinardo	astex	1JJE_BYS	20260922	ok		5	-11.3	vinardo	kcal/mol (empirical score, not a measured free energy)	47.89	5	8.061	0.6199	1	0	0	0	0	1.4566	1	1	8.0826	0	genconf	ligand_centred	2026-09-24T11:08:39+08:00
arm	A2_genconf_refbox	vinardo	astex	1K3U_IAD	20260922	ok		3	-11.8	vinardo	kcal/mol (empirical score, not a measured free energy)	40.39	5	0.6947	0.6412	1	1	1	1	1	0.6947	1	1	0.6947	0	genconf	ligand_centred	2026-09-24T11:08:42+08:00
arm	A2_genconf_refbox	vinardo	astex	1KE5_LS1	20260922	ok		5	-9.0	vinardo	kcal/mol (empirical score, not a measured free energy)	31.14	5	0.4853	0.3722	1	1	1	1	1	0.4853	1	1	0.8635	0	genconf	ligand_centred	2026-09-24T11:08:46+08:00
arm	A2_genconf_refbox	vinardo	astex	1JLA_TNK	20260922	ok		1	-12.8	vinardo	kcal/mol (empirical score, not a measured free energy)	73.06	5	0.463	0.3344	1	1	1	1	1	0.463	1	1	1.0397	0	genconf	ligand_centred	2026-09-24T11:08:47+08:00
arm	A2_genconf_refbox	vinardo	astex	1L2S_STC	20260922	ok		5	-8.0	vinardo	kcal/mol (empirical score, not a measured free energy)	25.21	5	0.6737	0.3164	1	1	1	1	1	0.6737	1	1	1.0392	0	genconf	ligand_centred	2026-09-24T11:08:43+08:00
arm	A2_genconf_refbox	vinardo	astex	1J3J_CP6	20260922	ok		5	-9.6	vinardo	kcal/mol (empirical score, not a measured free energy)	12.99	5	0.2156	0.1171	1	1	1	1	1	0.2156	1	1	0.2156	0	genconf	ligand_centred	2026-09-24T11:08:36+08:00
arm	A2_genconf_refbox	vinardo	astex	1M2Z_DEX	20260922	ok		1	-11.0	vinardo	kcal/mol (empirical score, not a measured free energy)	29.9	5	0.4361	0.3544	1	1	1	1	1	0.4361	1	1	0.4361	0	genconf	ligand_centred	2026-09-24T11:08:51+08:00
arm	A2_genconf_refbox	vinardo	astex	1L7F_BCZ	20260922	ok		5	-7.0	vinardo	kcal/mol (empirical score, not a measured free energy)	44.87	5	4.5105	2.6547	1	0	0	0	0	1.4801	1	1	4.5105	0	genconf	ligand_centred	2026-09-24T11:08:51+08:00
arm	A2_genconf_refbox	vinardo	astex	1LRH_NLA	20260922	ok		5	-8.1	vinardo	kcal/mol (empirical score, not a measured free energy)	9.46	5	0.4515	0.315	1	1	1	1	1	0.4515	1	1	0.4515	0	genconf	ligand_centred	2026-09-24T11:08:49+08:00
arm	A2_genconf_refbox	vinardo	astex	1MEH_MOA	20260922	ok		5	-7.9	vinardo	kcal/mol (empirical score, not a measured free energy)	37.49	5	6.2781	2.2241	1	0	0	0	0	1.0423	1	1	6.3069	0	genconf	ligand_centred	2026-09-24T11:08:56+08:00
arm	A2_genconf_refbox	vinardo	astex	1N2V_BDI	20260922	ok		5	-6.5	vinardo	kcal/mol (empirical score, not a measured free energy)	14.26	5	2.2136	1.0502	1	0	0	0	0	0.5672	1	1	2.2136	0	genconf	ligand_centred	2026-09-24T11:09:00+08:00
arm	A2_genconf_refbox	vina	posebusters	8G0V_YHT	20260922	ok		5		vina	kcal/mol (empirical score, not a measured free energy)	0.0	5	1.1683	0.9736	1	1	0	1	0	1.1683	1	1	1.1683	0	genconf	ligand_centred	2026-09-24T11:08:08+08:00
arm	A2_genconf_refbox	vinardo	astex	1N2J_PAF	20260922	ok		5	-4.9	vinardo	kcal/mol (empirical score, not a measured free energy)	8.33	5	8.5349	1.1183	0	0	0	0	0	7.1618	0	0	8.5641	0	genconf	ligand_centred	2026-09-24T11:08:58+08:00
arm	A2_genconf_refbox	vinardo	astex	1HVY_D16	20260922	ok		5	-10.0	vinardo	kcal/mol (empirical score, not a measured free energy)	104.8	5	9.9243	2.5152	1	0	0	0	0	9.8268	0	0	9.9327	0	genconf	ligand_centred	2026-09-24T11:08:43+08:00
arm	A2_genconf_refbox	vinardo	astex	1NAV_IH5	20260922	ok		3	-11.8	vinardo	kcal/mol (empirical score, not a measured free energy)	32.35	5	0.743	0.662	1	1	1	1	1	0.7401	1	1	2.0966	1	genconf	ligand_centred	2026-09-24T11:09:05+08:00
arm	A2_genconf_refbox	vinardo	astex	1LPZ_CMB	20260922	ok		5	-11.4	vinardo	kcal/mol (empirical score, not a measured free energy)	77.56	5	0.719	0.4844	1	1	1	1	1	0.719	1	1	1.7605	0	genconf	ligand_centred	2026-09-24T11:09:03+08:00
arm	A2_genconf_refbox	vinardo	astex	1MMV_3AR	20260922	ok		5	-7.9	vinardo	kcal/mol (empirical score, not a measured free energy)	27.01	5	2.495	1.339	1	0	0	0	0	2.495	0	0	2.5461	0	genconf	ligand_centred	2026-09-24T11:08:58+08:00
arm	A2_genconf_refbox	vinardo	astex	1OF1_SCT	20260922	ok		5	-6.2	vinardo	kcal/mol (empirical score, not a measured free energy)	15.95	5	1.0252	0.7469	1	1	0	1	0	1.0252	1	1	1.0252	0	genconf	ligand_centred	2026-09-24T11:09:03+08:00
arm	A2_genconf_refbox	vinardo	astex	1N46_PFA	20260922	ok		2	-11.9	vinardo	kcal/mol (empirical score, not a measured free energy)	43.36	5	0.3527	0.2027	1	1	1	1	1	0.3094	1	1	1.6966	0	genconf	ligand_centred	2026-09-24T11:09:07+08:00
arm	A2_genconf_refbox	vinardo	astex	1OWE_675	20260922	ok		5	-8.5	vinardo	kcal/mol (empirical score, not a measured free energy)	26.49	5	13.4622	0.9193	1	0	0	0	0	2.6201	0	0	13.4622	0	genconf	ligand_centred	2026-09-24T11:09:07+08:00
arm	A2_genconf_refbox	vinardo	astex	1HWI_115	20260922	ok		5	-10.2	vinardo	kcal/mol (empirical score, not a measured free energy)	79.34	5	0.9574	0.7612	1	1	1	1	1	0.9574	1	1	1.1575	0	genconf	ligand_centred	2026-09-24T11:08:40+08:00
arm	A2_genconf_refbox	vinardo	astex	1P2Y_NCT	20260922	ok		5	-6.2	vinardo	kcal/mol (empirical score, not a measured free energy)	6.77	5	4.5457	1.1453	1	0	0	0	0	0.8943	1	1	4.5457	0	genconf	ligand_centred	2026-09-24T11:09:09+08:00
arm	A2_genconf_refbox	vinardo	astex	1P62_GEO	20260922	ok		5	-6.5	vinardo	kcal/mol (empirical score, not a measured free energy)	15.88	5	0.8233	0.7005	1	1	1	1	1	0.8233	1	1	1.0253	0	genconf	ligand_centred	2026-09-24T11:09:11+08:00
arm	A2_genconf_refbox	vinardo	astex	1OQ5_CEL	20260922	ok		5	-8.1	vinardo	kcal/mol (empirical score, not a measured free energy)	38.96	5	4.2953	0.8334	1	0	0	0	0	0.8301	1	1	4.3152	0	genconf	ligand_centred	2026-09-24T11:09:10+08:00
arm	A2_genconf_refbox	vinardo	astex	1OPK_P16	20260922	ok		4	-12.4	vinardo	kcal/mol (empirical score, not a measured free energy)	49.35	5	0.6246	0.5313	1	1	1	1	1	0.6246	1	1	0.6246	0	genconf	ligand_centred	2026-09-24T11:09:10+08:00
arm	A2_genconf_refbox	vinardo	astex	1OYT_FSN	20260922	ok		5	-8.7	vinardo	kcal/mol (empirical score, not a measured free energy)	54.62	5	1.6803	1.2208	1	1	0	1	0	1.6803	1	1	2.0523	1	genconf	ligand_centred	2026-09-24T11:09:12+08:00
arm	A2_genconf_refbox	vinardo	astex	1PMN_984	20260922	ok		5	-10.3	vinardo	kcal/mol (empirical score, not a measured free energy)	76.6	5	0.696	0.5643	1	1	1	1	1	0.696	1	1	1.0505	0	genconf	ligand_centred	2026-09-24T11:09:16+08:00
arm	A2_genconf_refbox	vinardo	astex	1Q41_IXM	20260922	ok		5	-8.8	vinardo	kcal/mol (empirical score, not a measured free energy)	8.27	5	6.7659	0.1263	1	0	0	0	0	0.347	1	1	6.7659	0	genconf	ligand_centred	2026-09-24T11:09:13+08:00
arm	A2_genconf_refbox	vinardo	astex	1KZK_JE2	20260922	ok		5	-12.0	vinardo	kcal/mol (empirical score, not a measured free energy)	218.07	5	2.0241	1.9465	1	0	0	0	0	0.7387	1	1	2.0917	0	genconf	ligand_centred	2026-09-24T11:09:15+08:00
arm	A2_genconf_refbox	vinardo	astex	1R55_097	20260922	ok		5	-7.6	vinardo	kcal/mol (empirical score, not a measured free energy)	50.31	5	3.4077	2.9566	1	0	0	0	0	1.2994	1	1	3.4831	0	genconf	ligand_centred	2026-09-24T11:09:23+08:00
arm	A2_genconf_refbox	vinardo	astex	1R9O_FLP	20260922	ok		5	-9.1	vinardo	kcal/mol (empirical score, not a measured free energy)	15.92	5	7.1045	1.0473	0	0	0	0	0	1.6653	1	1	7.1829	0	genconf	ligand_centred	2026-09-24T11:09:23+08:00
arm	A2_genconf_refbox	vinardo	astex	1N1M_A3M	20260922	ok		5	-5.4	vinardo	kcal/mol (empirical score, not a measured free energy)	8.81	5	4.6548	0.4086	1	0	0	0	0	1.7599	1	1	4.7749	0	genconf	ligand_centred	2026-09-24T11:08:55+08:00
arm	A2_genconf_refbox	vinardo	astex	1R58_AO5	20260922	ok		5	-8.6	vinardo	kcal/mol (empirical score, not a measured free energy)	55.87	5	2.1209	1.0703	1	0	0	0	0	2.1209	0	0	2.2116	0	genconf	ligand_centred	2026-09-24T11:09:26+08:00
arm	A2_genconf_refbox	vinardo	astex	1SG0_STL	20260922	ok		5	-13.0	vinardo	kcal/mol (empirical score, not a measured free energy)	11.04	5	0.2007	0.0794	1	1	1	1	1	0.2	1	1	2.3608	1	genconf	ligand_centred	2026-09-24T11:09:26+08:00
arm	A2_genconf_refbox	vinardo	astex	1S19_MC9	20260922	ok		5	-11.1	vinardo	kcal/mol (empirical score, not a measured free energy)	39.55	5	9.1406	1.3444	1	0	0	0	0	1.5856	1	0	9.1406	0	genconf	ligand_centred	2026-09-24T11:09:29+08:00
arm	A2_genconf_refbox	vinardo	astex	1SQN_NDR	20260922	ok		2	-8.9	vinardo	kcal/mol (empirical score, not a measured free energy)	10.94	5	0.5476	0.4505	1	1	1	1	1	0.5476	1	1	0.5476	0	genconf	ligand_centred	2026-09-24T11:09:32+08:00
arm	A2_genconf_refbox	vinardo	astex	1TOW_CRZ	20260922	ok		5	-7.4	vinardo	kcal/mol (empirical score, not a measured free energy)	19.31	5	0.7075	0.5172	1	1	1	1	1	0.7075	1	1	3.7637	1	genconf	ligand_centred	2026-09-24T11:09:37+08:00
arm	A2_genconf_refbox	vinardo	astex	1R1H_BIR	20260922	ok		4	-12.3	vinardo	kcal/mol (empirical score, not a measured free energy)	88.71	5	2.5286	1.8182	0	0	0	0	0	1.1119	1	1	2.7072	0	genconf	ligand_centred	2026-09-24T11:09:28+08:00
arm	A2_genconf_refbox	vinardo	astex	1Q4G_BFL	20260922	ok		5	-8.6	vinardo	kcal/mol (empirical score, not a measured free energy)	19.36	5	0.4057	0.21	1	1	1	1	1	0.4057	1	1	0.4057	0	genconf	ligand_centred	2026-09-24T11:09:14+08:00
arm	A2_genconf_refbox	vinardo	astex	1S3V_TQD	20260922	ok		5	-9.9	vinardo	kcal/mol (empirical score, not a measured free energy)	46.99	5	0.4757	0.2686	1	1	1	1	1	0.3985	1	1	0.4757	0	genconf	ligand_centred	2026-09-24T11:09:34+08:00
arm	A2_genconf_refbox	vinardo	astex	1SJ0_E4D	20260922	ok		3	-12.6	vinardo	kcal/mol (empirical score, not a measured free energy)	71.24	5	0.7101	0.5476	1	1	1	1	1	0.7101	1	1	1.0706	0	genconf	ligand_centred	2026-09-24T11:09:39+08:00
arm	A2_genconf_refbox	vinardo	astex	1T40_ID5	20260922	ok		4	-13.8	vinardo	kcal/mol (empirical score, not a measured free energy)	53.26	5	0.6394	0.5462	1	1	1	1	1	0.6394	1	1	0.8204	0	genconf	ligand_centred	2026-09-24T11:09:39+08:00
arm	A2_genconf_refbox	vinardo	astex	1Q1G_MTI	20260922	ok		5	-7.5	vinardo	kcal/mol (empirical score, not a measured free energy)	28.88	5	3.3381	1.9692	0	0	0	0	0	2.0158	0	0	3.3381	0	genconf	ligand_centred	2026-09-24T11:09:14+08:00
arm	A2_genconf_refbox	vinardo	astex	1TT1_KAI	20260922	ok		5	-7.0	vinardo	kcal/mol (empirical score, not a measured free energy)	17.15	5	3.3208	1.2733	1	0	0	0	0	2.8317	0	0	3.3986	0	genconf	ligand_centred	2026-09-24T11:09:39+08:00
arm	A2_genconf_refbox	vinardo	astex	1TZ8_DES	20260922	ok		5	-7.8	vinardo	kcal/mol (empirical score, not a measured free energy)	20.59	5	2.2815	0.2786	1	0	0	0	0	0.3631	1	1	6.5304	0	genconf	ligand_centred	2026-09-24T11:09:42+08:00
arm	A2_genconf_refbox	vinardo	astex	1UOU_CMU	20260922	ok		5	-6.6	vinardo	kcal/mol (empirical score, not a measured free energy)	12.94	5	4.9047	1.8703	1	0	0	0	0	0.5676	1	1	4.9047	0	genconf	ligand_centred	2026-09-24T11:09:43+08:00
arm	A2_genconf_refbox	vinardo	astex	1V48_HA1	20260922	ok		5	-9.4	vinardo	kcal/mol (empirical score, not a measured free energy)	43.49	5	0.74	0.655	1	1	1	1	1	0.74	1	1	1.3449	0	genconf	ligand_centred	2026-09-24T11:09:47+08:00
arm	A2_genconf_refbox	vinardo	astex	1SQ5_PAU	20260922	ok		5	-5.9	vinardo	kcal/mol (empirical score, not a measured free energy)	20.47	5	12.2973	2.0254	1	0	0	0	0	4.3415	0	0	12.327	0	genconf	ligand_centred	2026-09-24T11:09:31+08:00
arm	A2_genconf_refbox	vinardo	astex	1T46_STI	20260922	ok		5	-12.3	vinardo	kcal/mol (empirical score, not a measured free energy)	115.11	5	1.0936	0.902	1	1	0	1	0	1.0936	1	1	1.235	0	genconf	ligand_centred	2026-09-24T11:09:46+08:00
arm	A2_genconf_refbox	vinardo	astex	1UNL_RRC	20260922	ok		5	-8.7	vinardo	kcal/mol (empirical score, not a measured free energy)	59.07	5	1.6153	1.5289	1	1	0	1	0	1.6153	1	1	1.6153	0	genconf	ligand_centred	2026-09-24T11:09:44+08:00
arm	A2_genconf_refbox	vinardo	astex	1W2G_THM	20260922	ok		5	-8.0	vinardo	kcal/mol (empirical score, not a measured free energy)	14.29	5	0.7712	0.6193	1	1	1	1	1	0.7712	1	1	0.7712	0	genconf	ligand_centred	2026-09-24T11:09:54+08:00
arm	A2_genconf_refbox	vinardo	astex	1T9B_1CS	20260922	ok		5	-9.0	vinardo	kcal/mol (empirical score, not a measured free energy)	32.9	5	3.0745	2.2097	1	0	0	0	0	2.3415	0	0	3.0745	0	genconf	ligand_centred	2026-09-24T11:09:39+08:00
arm	A2_genconf_refbox	vinardo	astex	1V0P_PVB	20260922	ok		5	-9.3	vinardo	kcal/mol (empirical score, not a measured free energy)	67.92	5	0.9048	0.6191	1	1	1	1	1	0.9048	1	1	1.1092	0	genconf	ligand_centred	2026-09-24T11:09:54+08:00
arm	A2_genconf_refbox	vinardo	astex	1X8X_TYR	20260922	ok		5	-7.3	vinardo	kcal/mol (empirical score, not a measured free energy)	13.27	5	0.7403	0.4944	1	1	1	1	1	0.7403	1	1	0.7403	0	genconf	ligand_centred	2026-09-24T11:09:59+08:00
arm	A2_genconf_refbox	vinardo	astex	1V4S_MRK	20260922	ok		5	-9.8	vinardo	kcal/mol (empirical score, not a measured free energy)	34.08	5	1.4914	1.4174	1	1	0	1	0	1.4914	1	1	1.4914	0	genconf	ligand_centred	2026-09-24T11:09:57+08:00
arm	A2_genconf_refbox	vinardo	astex	1XOZ_CIA	20260922	ok		3	-10.3	vinardo	kcal/mol (empirical score, not a measured free energy)	25.89	5	0.3879	0.2316	1	1	1	1	1	0.3879	1	1	0.3879	0	genconf	ligand_centred	2026-09-24T11:10:03+08:00
arm	A2_genconf_refbox	vinardo	astex	1W1P_GIO	20260922	ok		5	-4.6	vinardo	kcal/mol (empirical score, not a measured free energy)	4.93	5	0.9301	0.1581	1	1	1	1	1	0.9301	1	1	0.9301	0	genconf	ligand_centred	2026-09-24T11:09:51+08:00
arm	A2_genconf_refbox	vinardo	astex	1UML_FR4	20260922	ok		5	-11.2	vinardo	kcal/mol (empirical score, not a measured free energy)	114.64	5	1.3299	1.1648	1	1	0	1	0	1.0901	1	1	1.54	0	genconf	ligand_centred	2026-09-24T11:10:00+08:00
arm	A2_genconf_refbox	vinardo	astex	1VCJ_IBA	20260922	ok		5	-7.9	vinardo	kcal/mol (empirical score, not a measured free energy)	51.76	5	1.4053	1.0688	1	1	0	1	0	1.4053	1	1	1.4053	0	genconf	ligand_centred	2026-09-24T11:10:03+08:00
arm	A2_genconf_refbox	vinardo	astex	1YV3_BIT	20260922	ok		1	-11.6	vinardo	kcal/mol (empirical score, not a measured free energy)	18.78	5	0.4317	0.1436	1	1	1	1	1	0.4317	1	1	0.4317	0	genconf	ligand_centred	2026-09-24T11:10:08+08:00
arm	A2_genconf_refbox	vinardo	astex	1XM6_5RM	20260922	ok		5	-8.6	vinardo	kcal/mol (empirical score, not a measured free energy)	23.44	5	2.0306	1.6625	1	0	0	0	0	0.8443	1	1	2.0306	0	genconf	ligand_centred	2026-09-24T11:10:03+08:00
arm	A2_genconf_refbox	vinardo	astex	1U1C_BAU	20260922	ok		5	-9.7	vinardo	kcal/mol (empirical score, not a measured free energy)	34.5	5	1.776	1.5433	1	1	0	1	0	0.3463	1	1	1.776	0	genconf	ligand_centred	2026-09-24T11:09:43+08:00
arm	A2_genconf_refbox	vinardo	astex	1Z95_198	20260922	ok		3	-10.4	vinardo	kcal/mol (empirical score, not a measured free energy)	57.35	5	0.6377	0.4902	1	1	1	1	1	0.6377	1	1	1.1322	0	genconf	ligand_centred	2026-09-24T11:10:12+08:00
arm	A2_genconf_refbox	vinardo	astex	1Y6B_AAX	20260922	ok		5	-11.8	vinardo	kcal/mol (empirical score, not a measured free energy)	102.69	5	1.1179	1.0044	1	1	0	1	0	1.1179	1	1	1.1982	0	genconf	ligand_centred	2026-09-24T11:10:11+08:00
arm	A2_genconf_refbox	vinardo	astex	1YQY_915	20260922	ok		5	-8.5	vinardo	kcal/mol (empirical score, not a measured free energy)	42.16	5	0.7427	0.5799	1	1	1	1	1	0.7427	1	1	1.0473	0	genconf	ligand_centred	2026-09-24T11:10:08+08:00
arm	A2_genconf_refbox	vinardo	astex	1XOQ_ROF	20260922	ok		5	-9.4	vinardo	kcal/mol (empirical score, not a measured free energy)	40.78	5	5.6876	1.4119	0	0	0	0	0	0.5451	1	1	5.6876	0	genconf	ligand_centred	2026-09-24T11:10:06+08:00
arm	A2_genconf_refbox	vinardo	astex	1YVF_PH7	20260922	ok		5	-8.7	vinardo	kcal/mol (empirical score, not a measured free energy)	51.1	5	0.5926	0.4946	1	1	1	1	1	0.5926	1	1	1.4456	0	genconf	ligand_centred	2026-09-24T11:10:10+08:00
arm	A2_genconf_refbox	vinardo	astex	2BSM_BSM	20260922	ok		5	-8.6	vinardo	kcal/mol (empirical score, not a measured free energy)	46.0	5	0.5317	0.4228	1	1	1	1	1	0.5317	1	1	0.5317	0	genconf	ligand_centred	2026-09-24T11:10:17+08:00
arm	A2_genconf_refbox	vinardo	astex	1YWR_LI9	20260922	ok		5	-7.4	vinardo	kcal/mol (empirical score, not a measured free energy)	81.35	5	7.0703	3.3419	1	0	0	0	0	5.6024	0	0	7.1325	0	genconf	ligand_centred	2026-09-24T11:10:14+08:00
arm	A2_genconf_refbox	vinardo	astex	2BR1_PFP	20260922	ok		5	-7.9	vinardo	kcal/mol (empirical score, not a measured free energy)	55.62	5	6.3587	1.3575	1	0	0	0	0	1.0147	1	1	6.468	0	genconf	ligand_centred	2026-09-24T11:10:19+08:00
arm	A2_genconf_refbox	vinardo	astex	1YGC_905	20260922	ok		5	-12.2	vinardo	kcal/mol (empirical score, not a measured free energy)	154.1	5	1.7152	1.4784	1	1	0	1	0	0.99	1	1	1.8764	0	genconf	ligand_centred	2026-09-24T11:10:18+08:00
arm	A2_genconf_refbox	vinardo	posebusters	5SAK_ZRY	20260922	ok		5	-9.4	vinardo	kcal/mol (empirical score, not a measured free energy)	12.52	5	0.4087	0.0903	1	1	1	1	1	0.4087	1	1	0.4087	0	genconf	ligand_centred	2026-09-24T11:10:19+08:00
arm	A2_genconf_refbox	vinardo	posebusters	6M2B_EZO	20260922	ok		5	-9.5	vinardo	kcal/mol (empirical score, not a measured free energy)	36.78	5	0.7129	0.358	1	1	1	1	1	0.7129	1	1	0.9404	0	genconf	ligand_centred	2026-09-24T11:10:22+08:00
arm	A2_genconf_refbox	vinardo	posebusters	5SB2_1K2	20260922	ok		5	-10.8	vinardo	kcal/mol (empirical score, not a measured free energy)	59.87	5	12.1035	1.4603	0	0	0	0	0	9.1933	0	0	12.1079	0	genconf	ligand_centred	2026-09-24T11:10:24+08:00
arm	A2_genconf_refbox	vinardo	posebusters	6M73_FNR	20260922	ok		2	-13.8	vinardo	kcal/mol (empirical score, not a measured free energy)	52.48	5	0.3017	0.2666	1	1	1	1	1	0.3017	1	1	0.6786	0	genconf	ligand_centred	2026-09-24T11:10:27+08:00
arm	A2_genconf_refbox	vinardo	posebusters	5SD5_HWI	20260922	ok		5	-10.6	vinardo	kcal/mol (empirical score, not a measured free energy)	71.71	5	4.482	2.586	1	0	0	0	0	4.482	0	0	4.5145	0	genconf	ligand_centred	2026-09-24T11:10:28+08:00
arm	A2_genconf_refbox	vinardo	astex	2BM2_PM2	20260922	ok		5	-8.9	vinardo	kcal/mol (empirical score, not a measured free energy)	65.28	5	0.5417	0.3633	1	1	1	1	1	0.5417	1	1	1.0617	0	genconf	ligand_centred	2026-09-24T11:10:15+08:00
arm	A2_genconf_refbox	vinardo	posebusters	5SIS_JSM	20260922	ok		5	-8.4	vinardo	kcal/mol (empirical score, not a measured free energy)	73.11	5	9.3986	2.683	1	0	0	0	0	8.9183	0	0	9.4133	0	genconf	ligand_centred	2026-09-24T11:10:29+08:00
arm	A2_genconf_refbox	vinardo	posebusters	6T88_MWQ	20260922	ok		5	-6.9	vinardo	kcal/mol (empirical score, not a measured free energy)	8.26	5	1.0123	0.9003	1	1	0	1	0	1.0123	1	1	1.0123	0	genconf	ligand_centred	2026-09-24T11:10:24+08:00
arm	A2_genconf_refbox	vinardo	posebusters	6XG5_TOP	20260922	ok		5	-9.9	vinardo	kcal/mol (empirical score, not a measured free energy)	22.62	5	0.3302	0.2532	1	1	1	1	1	0.3302	1	1	2.8462	1	genconf	ligand_centred	2026-09-24T11:10:37+08:00
arm	A2_genconf_refbox	vinardo	posebusters	6TW7_NZB	20260922	ok		5	-11.5	vinardo	kcal/mol (empirical score, not a measured free energy)	44.88	5	1.2973	0.9734	1	1	0	1	0	1.2973	1	1	1.448	0	genconf	ligand_centred	2026-09-24T11:10:34+08:00
arm	A2_genconf_refbox	vinardo	posebusters	6WTN_RXT	20260922	ok		5	-9.1	vinardo	kcal/mol (empirical score, not a measured free energy)	27.99	5	0.4335	0.32	1	1	1	1	1	0.4335	1	1	0.4335	0	genconf	ligand_centred	2026-09-24T11:10:32+08:00
arm	A2_genconf_refbox	vinardo	posebusters	6YQW_82I	20260922	ok		5	-3.4	vinardo	kcal/mol (empirical score, not a measured free energy)	4.48	5	3.6625	0.3273	1	0	0	0	0	2.7563	0	0	3.6625	0	genconf	ligand_centred	2026-09-24T11:10:40+08:00
arm	A2_genconf_refbox	vinardo	posebusters	6XBO_5MC	20260922	ok		5	-8.4	vinardo	kcal/mol (empirical score, not a measured free energy)	24.59	5	0.6918	0.6106	1	1	1	1	1	0.6918	1	1	1.0208	0	genconf	ligand_centred	2026-09-24T11:10:31+08:00
arm	A2_genconf_refbox	vinardo	posebusters	6YQV_8K2	20260922	ok		5	-4.8	vinardo	kcal/mol (empirical score, not a measured free energy)	5.32	5	7.3977	0.7194	1	0	0	0	0	7.3977	0	0	7.4382	0	genconf	ligand_centred	2026-09-24T11:10:40+08:00
arm	A2_genconf_refbox	vinardo	astex	1OF6_DTY	20260922	ok		5	-8.6	vinardo	kcal/mol (empirical score, not a measured free energy)	14.03	5	0.5543	0.297	1	1	1	1	1	0.5543	1	1	0.9537	0	genconf	ligand_centred	2026-09-24T11:09:04+08:00
arm	A2_genconf_refbox	vinardo	posebusters	6YR2_T1C	20260922	ok		5	-8.1	vinardo	kcal/mol (empirical score, not a measured free energy)	79.66	5	11.0305	1.2535	1	0	0	0	0	1.1172	1	1	11.0461	0	genconf	ligand_centred	2026-09-24T11:10:40+08:00
arm	A2_genconf_refbox	vinardo	posebusters	6XM9_V55	20260922	ok		5	-6.9	vinardo	kcal/mol (empirical score, not a measured free energy)	6.38	5	0.6233	0.5607	1	1	1	1	1	0.6233	1	1	0.6233	0	genconf	ligand_centred	2026-09-24T11:10:34+08:00
arm	A2_genconf_refbox	vinardo	posebusters	6XCT_478	20260922	ok		5	-10.3	vinardo	kcal/mol (empirical score, not a measured free energy)	157.77	5	8.9619	1.7501	1	0	0	0	0	1.0737	1	1	8.9718	0	genconf	ligand_centred	2026-09-24T11:10:48+08:00
arm	A2_genconf_refbox	vinardo	posebusters	6VTA_AKN	20260922	ok		5	-7.4	vinardo	kcal/mol (empirical score, not a measured free energy)	154.46	5	7.3451	1.5884	1	0	0	0	0	3.6951	0	0	7.3451	0	genconf	ligand_centred	2026-09-24T11:10:42+08:00
arm	A2_genconf_refbox	vinardo	posebusters	6TW5_9M2	20260922	ok		5	-12.4	vinardo	kcal/mol (empirical score, not a measured free energy)	55.59	5	0.5795	0.3521	1	1	1	1	1	0.5795	1	1	0.5795	0	genconf	ligand_centred	2026-09-24T11:10:32+08:00
arm	A2_genconf_refbox	vinardo	posebusters	6Z0R_Q4H	20260922	ok		5	-4.5	vinardo	kcal/mol (empirical score, not a measured free energy)	5.46	5	12.5316	0.0404	1	0	0	0	0	3.2468	0	0	12.5316	0	genconf	ligand_centred	2026-09-24T11:10:57+08:00
arm	A2_genconf_refbox	vinardo	posebusters	6YRV_PJ8	20260922	ok		4	-10.5	vinardo	kcal/mol (empirical score, not a measured free energy)	46.03	5	0.9546	0.799	1	1	1	1	1	0.9546	1	1	0.9546	0	genconf	ligand_centred	2026-09-24T11:10:51+08:00
arm	A2_genconf_refbox	vinardo	posebusters	6YMS_OZH	20260922	ok		5	-11.3	vinardo	kcal/mol (empirical score, not a measured free energy)	149.61	5	2.4737	1.4836	0	0	0	0	0	1.9262	1	1	2.6228	0	genconf	ligand_centred	2026-09-24T11:10:51+08:00
arm	A2_genconf_refbox	vinardo	posebusters	6YYO_Q1K	20260922	ok		5	-6.1	vinardo	kcal/mol (empirical score, not a measured free energy)	14.65	5	5.7964	0.9076	1	0	0	0	0	1.462	1	1	5.8445	0	genconf	ligand_centred	2026-09-24T11:11:00+08:00
arm	A2_genconf_refbox	vinardo	posebusters	6ZC3_JOR	20260922	ok		5	-6.2	vinardo	kcal/mol (empirical score, not a measured free energy)	13.04	5	1.0335	0.966	1	1	0	1	0	1.0335	1	1	1.0335	0	genconf	ligand_centred	2026-09-24T11:11:06+08:00
arm	A2_genconf_refbox	vinardo	posebusters	6Z1C_7EY	20260922	ok		5	-8.4	vinardo	kcal/mol (empirical score, not a measured free energy)	38.73	5	1.082	0.9404	1	1	0	1	0	1.082	1	1	1.082	0	genconf	ligand_centred	2026-09-24T11:11:04+08:00
arm	A2_genconf_refbox	vinardo	posebusters	6ZPB_3D1	20260922	ok		5	-7.4	vinardo	kcal/mol (empirical score, not a measured free energy)	16.65	5	4.7108	1.4105	1	0	0	0	0	3.1784	0	0	4.7108	0	genconf	ligand_centred	2026-09-24T11:11:10+08:00
arm	A2_genconf_refbox	vinardo	posebusters	6Z14_Q4Z	20260922	ok		5	-7.8	vinardo	kcal/mol (empirical score, not a measured free energy)	19.67	5	0.5649	0.506	1	1	1	1	1	0.5649	1	1	1.1213	0	genconf	ligand_centred	2026-09-24T11:11:03+08:00
arm	A2_genconf_refbox	vinardo	posebusters	6Z4N_Q7B	20260922	ok		5	-6.7	vinardo	kcal/mol (empirical score, not a measured free energy)	26.8	5	12.6936	1.2892	1	0	0	0	0	10.7406	0	0	12.7586	0	genconf	ligand_centred	2026-09-24T11:11:03+08:00
arm	A2_genconf_refbox	vinardo	posebusters	7A9E_R4W	20260922	ok		5	-3.1	vinardo	kcal/mol (empirical score, not a measured free energy)	3.49	5	2.069	0.5533	1	0	0	0	0	2.069	0	0	2.069	0	genconf	ligand_centred	2026-09-24T11:11:13+08:00
arm	A2_genconf_refbox	vinardo	posebusters	6Z2C_Q5E	20260922	ok		5	-10.5	vinardo	kcal/mol (empirical score, not a measured free energy)	49.63	5	2.9589	2.1596	1	0	0	0	0	0.6352	1	1	3.0692	0	genconf	ligand_centred	2026-09-24T11:11:07+08:00
arm	A2_genconf_refbox	vinardo	posebusters	6ZK5_IMH	20260922	ok		5	-7.8	vinardo	kcal/mol (empirical score, not a measured free energy)	22.05	5	2.0519	0.5533	1	0	0	0	0	1.8271	1	1	2.0519	0	genconf	ligand_centred	2026-09-24T11:11:10+08:00
arm	A2_genconf_refbox	vinardo	posebusters	6YT6_PKE	20260922	ok		5	-8.0	vinardo	kcal/mol (empirical score, not a measured free energy)	100.23	5	6.0281	2.4107	1	0	0	0	0	2.9336	0	0	6.0281	0	genconf	ligand_centred	2026-09-24T11:11:13+08:00
arm	A2_genconf_refbox	vinardo	posebusters	7AKL_RK5	20260922	ok		5	-10.9	vinardo	kcal/mol (empirical score, not a measured free energy)	11.89	5	0.3919	0.1723	1	1	1	1	1	0.3919	1	1	0.3919	0	genconf	ligand_centred	2026-09-24T11:11:17+08:00
arm	A2_genconf_refbox	vinardo	posebusters	7A1P_QW2	20260922	ok		5	-6.9	vinardo	kcal/mol (empirical score, not a measured free energy)	17.15	5	0.7253	0.5512	0	1	1	0	0	0.7253	1	0	1.4011	0	genconf	ligand_centred	2026-09-24T11:11:17+08:00
arm	A2_genconf_refbox	vinardo	posebusters	6ZAE_ACV	20260922	ok		5	-7.5	vinardo	kcal/mol (empirical score, not a measured free energy)	61.66	5	5.0838	2.0837	1	0	0	0	0	3.7245	0	0	5.127	0	genconf	ligand_centred	2026-09-24T11:11:14+08:00
arm	A2_genconf_refbox	vinardo	posebusters	7BJJ_TVW	20260922	ok		5	-4.6	vinardo	kcal/mol (empirical score, not a measured free energy)	4.58	5	15.8715	0.0858	1	0	0	0	0	2.9163	0	0	15.8715	0	genconf	ligand_centred	2026-09-24T11:11:23+08:00
arm	A2_genconf_refbox	vinardo	posebusters	7AFX_R9K	20260922	ok		5	-9.7	vinardo	kcal/mol (empirical score, not a measured free energy)	17.71	5	0.2584	0.1401	1	1	1	1	1	0.2584	1	1	0.7389	0	genconf	ligand_centred	2026-09-24T11:11:19+08:00
arm	A2_genconf_refbox	vinardo	posebusters	7AN5_RDH	20260922	ok		4	-8.3	vinardo	kcal/mol (empirical score, not a measured free energy)	17.45	5	0.5616	0.4896	1	1	1	1	1	0.5616	1	1	1.1024	0	genconf	ligand_centred	2026-09-24T11:11:22+08:00
arm	A2_genconf_refbox	vinardo	posebusters	6XHT_V2V	20260922	ok		5	-8.8	vinardo	kcal/mol (empirical score, not a measured free energy)	164.6	5	2.9605	1.9132	1	0	0	0	0	2.9605	0	0	3.0035	0	genconf	ligand_centred	2026-09-24T11:10:57+08:00
arm	A2_genconf_refbox	vinardo	posebusters	6ZCY_QF8	20260922	ok		5	-10.8	vinardo	kcal/mol (empirical score, not a measured free energy)	76.77	5	0.625	0.5854	1	1	1	1	1	0.625	1	1	0.625	0	genconf	ligand_centred	2026-09-24T11:11:27+08:00
arm	A2_genconf_refbox	vinardo	posebusters	7BNH_BEZ	20260922	ok		5	-5.2	vinardo	kcal/mol (empirical score, not a measured free energy)	5.36	5	6.1107	0.5385	0	0	0	0	0	1.3697	1	1	6.1457	0	genconf	ligand_centred	2026-09-24T11:11:31+08:00
arm	A2_genconf_refbox	vinardo	posebusters	7BCP_GCO	20260922	ok		5	-7.9	vinardo	kcal/mol (empirical score, not a measured free energy)	16.68	5	0.6664	0.5586	1	1	1	1	1	0.6664	1	1	0.6664	0	genconf	ligand_centred	2026-09-24T11:11:27+08:00
arm	A2_genconf_refbox	vinardo	posebusters	7C3U_AZG	20260922	ok		5	-7.2	vinardo	kcal/mol (empirical score, not a measured free energy)	5.25	5	4.3978	0.0475	1	0	0	0	0	2.6599	0	0	4.3978	0	genconf	ligand_centred	2026-09-24T11:11:32+08:00
arm	A2_genconf_refbox	vinardo	posebusters	6YSP_PAL	20260922	ok		4	-11.4	vinardo	kcal/mol (empirical score, not a measured free energy)	22.43	5	0.4657	0.274	1	1	1	1	1	0.4657	1	1	1.2539	0	genconf	ligand_centred	2026-09-24T11:10:43+08:00
arm	A2_genconf_refbox	vinardo	posebusters	7BKA_4JC	20260922	ok		5	-7.2	vinardo	kcal/mol (empirical score, not a measured free energy)	10.62	5	1.0465	0.9203	1	1	0	1	0	1.0465	1	1	1.2228	0	genconf	ligand_centred	2026-09-24T11:11:28+08:00
arm	A2_genconf_refbox	vinardo	posebusters	7CL8_TES	20260922	ok		4	-7.9	vinardo	kcal/mol (empirical score, not a measured free energy)	11.77	5	0.5104	0.2944	1	1	1	1	1	0.5104	1	1	0.5104	0	genconf	ligand_centred	2026-09-24T11:11:35+08:00
arm	A2_genconf_refbox	vinardo	posebusters	7BMI_U4B	20260922	ok		5	-7.0	vinardo	kcal/mol (empirical score, not a measured free energy)	10.82	5	4.2237	0.6017	0	0	0	0	0	0.5452	1	0	4.2545	0	genconf	ligand_centred	2026-09-24T11:11:31+08:00
arm	A2_genconf_refbox	vinardo	posebusters	7B94_ANP	20260922	ok		5	-10.7	vinardo	kcal/mol (empirical score, not a measured free energy)	122.79	5	1.5577	1.3555	1	1	0	1	0	1.5577	1	1	1.76	0	genconf	ligand_centred	2026-09-24T11:11:42+08:00
arm	A2_genconf_refbox	vinardo	posebusters	7CUO_PHB	20260922	ok		5	-6.8	vinardo	kcal/mol (empirical score, not a measured free energy)	5.2	5	3.4365	0.303	1	0	0	0	0	0.2356	1	1	3.4798	0	genconf	ligand_centred	2026-09-24T11:11:48+08:00
arm	A2_genconf_refbox	vinardo	posebusters	7CD9_FVR	20260922	ok		5	-12.2	vinardo	kcal/mol (empirical score, not a measured free energy)	68.76	5	9.8838	2.1702	0	0	0	0	0	5.3254	0	0	9.8959	0	genconf	ligand_centred	2026-09-24T11:11:35+08:00
arm	A2_genconf_refbox	vinardo	posebusters	7CIJ_G0C	20260922	ok		5	-9.0	vinardo	kcal/mol (empirical score, not a measured free energy)	42.29	5	0.6782	0.5642	1	1	1	1	1	0.6782	1	1	1.0178	0	genconf	ligand_centred	2026-09-24T11:11:35+08:00
arm	A2_genconf_refbox	vinardo	posebusters	7CNS_PMV	20260922	ok		2	-9.0	vinardo	kcal/mol (empirical score, not a measured free energy)	21.15	5	0.4498	0.3563	1	1	1	1	1	0.4498	1	1	0.9412	0	genconf	ligand_centred	2026-09-24T11:11:56+08:00
arm	A2_genconf_refbox	vinardo	posebusters	7DQL_4CL	20260922	ok		5	-5.4	vinardo	kcal/mol (empirical score, not a measured free energy)	4.22	5	0.2716	0.0189	1	1	1	1	1	0.2716	1	1	0.2716	0	genconf	ligand_centred	2026-09-24T11:11:56+08:00
arm	A2_genconf_refbox	vinardo	posebusters	7C8Q_DSG	20260922	ok		5	-6.3	vinardo	kcal/mol (empirical score, not a measured free energy)	10.6	5	3.2628	0.6685	1	0	0	0	0	1.5941	1	1	3.372	0	genconf	ligand_centred	2026-09-24T11:11:33+08:00
arm	A2_genconf_refbox	vinardo	posebusters	7E4L_MDN	20260922	ok		5	-5.8	vinardo	kcal/mol (empirical score, not a measured free energy)	6.49	5	1.7156	0.3689	1	1	0	1	0	1.6655	1	0	2.0787	1	genconf	ligand_centred	2026-09-24T11:11:58+08:00
arm	A2_genconf_refbox	vinardo	posebusters	7DKT_GLF	20260922	ok		5	-6.5	vinardo	kcal/mol (empirical score, not a measured free energy)	6.16	5	0.8551	0.6042	1	1	1	1	1	0.8551	1	1	0.8551	0	genconf	ligand_centred	2026-09-24T11:11:53+08:00
arm	A2_genconf_refbox	vinardo	posebusters	7CTM_BDP	20260922	ok		5	-6.7	vinardo	kcal/mol (empirical score, not a measured free energy)	7.7	5	0.7962	0.2243	1	1	1	1	1	0.7962	1	1	1.1466	0	genconf	ligand_centred	2026-09-24T11:11:53+08:00
arm	A2_genconf_refbox	vinardo	posebusters	7EBG_J0L	20260922	ok		5	-6.7	vinardo	kcal/mol (empirical score, not a measured free energy)	8.09	5	0.47	0.2765	1	1	1	1	1	0.47	1	1	1.0621	0	genconf	ligand_centred	2026-09-24T11:12:00+08:00
arm	A2_genconf_refbox	vinardo	posebusters	7DUA_HJ0	20260922	ok		5	-9.6	vinardo	kcal/mol (empirical score, not a measured free energy)	25.08	5	5.1882	0.9475	1	0	0	0	0	0.3768	1	1	5.1882	0	genconf	ligand_centred	2026-09-24T11:12:04+08:00
arm	A2_genconf_refbox	vina	posebusters	7SUC_COM	20260922	ok		5		vina	kcal/mol (empirical score, not a measured free energy)	0.0	5	3.8222	0.2836	1	0	0	0	0	0.8775	1	1	3.8933	0	genconf	ligand_centred	2026-09-24T11:04:18+08:00
arm	A2_genconf_refbox	vinardo	posebusters	7BTT_F8R	20260922	ok		5	-9.8	vinardo	kcal/mol (empirical score, not a measured free energy)	148.89	5	0.6396	0.6034	1	1	1	1	1	0.6396	1	1	0.801	0	genconf	ligand_centred	2026-09-24T11:12:04+08:00
arm	A2_genconf_refbox	vinardo	posebusters	7ED2_A3P	20260922	ok		5	-10.7	vinardo	kcal/mol (empirical score, not a measured free energy)	56.24	5	1.8128	1.7095	1	1	0	1	0	1.8128	1	1	2.192	1	genconf	ligand_centred	2026-09-24T11:12:11+08:00
arm	A2_genconf_refbox	vinardo	posebusters	7F5D_EUO	20260922	ok		5	-9.3	vinardo	kcal/mol (empirical score, not a measured free energy)	21.61	5	5.901	1.0728	1	0	0	0	0	3.6129	0	0	5.9486	0	genconf	ligand_centred	2026-09-24T11:12:17+08:00
arm	A2_genconf_refbox	vinardo	posebusters	7ES1_UDP	20260922	ok		5	-10.3	vinardo	kcal/mol (empirical score, not a measured free energy)	63.22	5	1.9341	1.6096	1	1	0	1	0	0.721	1	1	2.0646	1	genconf	ligand_centred	2026-09-24T11:12:15+08:00
arm	A2_genconf_refbox	vinardo	posebusters	7FB7_8NF	20260922	ok		5	-5.5	vinardo	kcal/mol (empirical score, not a measured free energy)	3.94	5	14.4674	0.0542	0	0	0	0	0	0.2425	1	1	14.4674	0	genconf	ligand_centred	2026-09-24T11:12:21+08:00
arm	A2_genconf_refbox	vinardo	posebusters	7ELT_TYM	20260922	ok		5	-13.7	vinardo	kcal/mol (empirical score, not a measured free energy)	167.36	5	0.9885	0.8811	1	1	1	1	1	0.9885	1	1	0.9885	0	genconf	ligand_centred	2026-09-24T11:12:21+08:00
arm	A2_genconf_refbox	vinardo	posebusters	7D5C_GV6	20260922	ok		5	-7.7	vinardo	kcal/mol (empirical score, not a measured free energy)	133.08	5	6.8943	3.7331	0	0	0	0	0	5.3312	0	0	6.9191	0	genconf	ligand_centred	2026-09-24T11:12:11+08:00
arm	A2_genconf_refbox	vinardo	posebusters	7C0U_FGO	20260922	ok		5	-11.6	vinardo	kcal/mol (empirical score, not a measured free energy)	238.55	5	9.9963	3.4508	1	0	0	0	0	4.9075	0	0	10.0005	0	genconf	ligand_centred	2026-09-24T11:12:15+08:00
arm	A2_genconf_refbox	vinardo	posebusters	7FT9_4MB	20260922	ok		5	-5.9	vinardo	kcal/mol (empirical score, not a measured free energy)	12.0	5	5.8443	0.7974	1	0	0	0	0	1.4192	1	1	5.9553	0	genconf	ligand_centred	2026-09-24T11:12:26+08:00
arm	A2_genconf_refbox	vinardo	posebusters	7JG0_GAR	20260922	ok		5	-5.6	vinardo	kcal/mol (empirical score, not a measured free energy)	27.31	5	4.0749	2.1464	1	0	0	0	0	1.9837	1	1	4.1526	0	genconf	ligand_centred	2026-09-24T11:12:35+08:00
arm	A2_genconf_refbox	vinardo	posebusters	7ECR_SIN	20260922	ok		5	-5.4	vinardo	kcal/mol (empirical score, not a measured free energy)	7.62	5	3.7325	1.0347	1	0	0	0	0	3.7325	0	0	3.7774	0	genconf	ligand_centred	2026-09-24T11:12:01+08:00
arm	A2_genconf_refbox	vinardo	posebusters	7FHA_ADX	20260922	ok		5	-9.4	vinardo	kcal/mol (empirical score, not a measured free energy)	65.76	5	6.3838	1.4633	1	0	0	0	0	3.0383	0	0	6.4247	0	genconf	ligand_centred	2026-09-24T11:12:25+08:00
arm	A2_genconf_refbox	vinardo	posebusters	7JMV_4NC	20260922	ok		5	-7.4	vinardo	kcal/mol (empirical score, not a measured free energy)	6.38	5	4.0501	0.2294	1	0	0	0	0	0.2517	1	1	4.0501	0	genconf	ligand_centred	2026-09-24T11:12:37+08:00
arm	A2_genconf_refbox	vinardo	posebusters	7CNQ_G8X	20260922	ok		4	-7.3	vinardo	kcal/mol (empirical score, not a measured free energy)	6.46	5	0.4777	0.2881	1	1	1	1	1	0.4777	1	1	1.1091	0	genconf	ligand_centred	2026-09-24T11:11:42+08:00
arm	A2_genconf_refbox	vinardo	posebusters	7KC5_BJZ	20260922	ok		1	-10.8	vinardo	kcal/mol (empirical score, not a measured free energy)	81.49	5	1.036	0.6832	1	1	0	1	0	1.036	1	1	2.0208	1	genconf	ligand_centred	2026-09-24T11:12:43+08:00
arm	A2_genconf_refbox	vinardo	posebusters	7K0V_VQP	20260922	ok		2	-13.6	vinardo	kcal/mol (empirical score, not a measured free energy)	87.28	5	0.4152	0.2696	1	1	1	1	1	0.4152	1	1	0.8617	0	genconf	ligand_centred	2026-09-24T11:12:41+08:00
arm	A2_genconf_refbox	vinardo	posebusters	7KQU_YOF	20260922	ok		4	-10.5	vinardo	kcal/mol (empirical score, not a measured free energy)	15.34	5	1.7845	1.2303	1	1	0	1	0	0.2153	1	1	1.7845	0	genconf	ligand_centred	2026-09-24T11:12:46+08:00
arm	A2_genconf_refbox	vinardo	posebusters	7JY3_VUD	20260922	ok		5	-7.1	vinardo	kcal/mol (empirical score, not a measured free energy)	44.48	5	6.3646	1.7025	1	0	0	0	0	6.3646	0	0	6.3646	0	genconf	ligand_centred	2026-09-24T11:12:39+08:00
arm	A2_genconf_refbox	vinardo	posebusters	7JHQ_VAJ	20260922	ok		5	-7.7	vinardo	kcal/mol (empirical score, not a measured free energy)	17.43	5	1.561	0.7362	1	1	0	1	0	1.561	1	1	1.5851	0	genconf	ligand_centred	2026-09-24T11:12:38+08:00
arm	A2_genconf_refbox	vinardo	posebusters	7KM8_WPD	20260922	ok		5	-12.1	vinardo	kcal/mol (empirical score, not a measured free energy)	122.38	5	0.9373	0.8689	1	1	1	1	1	0.9373	1	1	0.9373	0	genconf	ligand_centred	2026-09-24T11:12:50+08:00
arm	A2_genconf_refbox	vinardo	posebusters	7A9H_TPP	20260922	ok		5	-9.4	vinardo	kcal/mol (empirical score, not a measured free energy)	81.5	5	1.6221	1.5054	1	1	0	1	0	1.6221	1	1	1.8497	0	genconf	ligand_centred	2026-09-24T11:11:35+08:00
arm	A2_genconf_refbox	vinardo	posebusters	7F51_BA7	20260922	ok		5	-13.8	vinardo	kcal/mol (empirical score, not a measured free energy)	348.4	5	1.7318	1.6204	1	1	0	1	0	1.6216	1	1	1.877	0	genconf	ligand_centred	2026-09-24T11:12:46+08:00
arm	A2_genconf_refbox	vinardo	posebusters	7L03_F9F	20260922	ok		3	-10.9	vinardo	kcal/mol (empirical score, not a measured free energy)	40.85	5	1.3562	1.1309	1	1	0	1	0	1.3371	1	1	1.8972	0	genconf	ligand_centred	2026-09-24T11:12:57+08:00
arm	A2_genconf_refbox	vinardo	posebusters	7L7C_XQ1	20260922	ok		5	-10.9	vinardo	kcal/mol (empirical score, not a measured free energy)	20.2	5	0.6174	0.5061	1	1	1	1	1	0.6174	1	1	0.6174	0	genconf	ligand_centred	2026-09-24T11:13:00+08:00
arm	A2_genconf_refbox	vinardo	posebusters	7L5F_XNG	20260922	ok		5	-7.9	vinardo	kcal/mol (empirical score, not a measured free energy)	49.08	5	2.6573	2.0481	1	0	0	0	0	1.7404	1	1	2.6573	0	genconf	ligand_centred	2026-09-24T11:13:03+08:00
arm	A2_genconf_refbox	vinardo	posebusters	7LOE_Y84	20260922	ok		5	-7.2	vinardo	kcal/mol (empirical score, not a measured free energy)	4.42	5	2.5813	0.0212	1	0	0	0	0	0.4574	1	1	2.5813	0	genconf	ligand_centred	2026-09-24T11:13:09+08:00
arm	A2_genconf_refbox	vinardo	posebusters	7LEV_0JO	20260922	ok		3	-11.9	vinardo	kcal/mol (empirical score, not a measured free energy)	37.36	5	0.6944	0.6471	1	1	1	1	1	0.6944	1	1	1.137	0	genconf	ligand_centred	2026-09-24T11:13:06+08:00
arm	A2_genconf_refbox	vinardo	posebusters	7KZ9_XN7	20260922	ok		5	-6.8	vinardo	kcal/mol (empirical score, not a measured free energy)	17.38	5	5.571	1.2011	1	0	0	0	0	1.0513	1	1	5.571	0	genconf	ligand_centred	2026-09-24T11:12:52+08:00
arm	A2_genconf_refbox	vinardo	posebusters	7EPV_FDA	20260922	ok		5	-10.4	vinardo	kcal/mol (empirical score, not a measured free energy)	565.76	5	7.0399	6.2423	1	0	0	0	0	5.3667	0	0	7.0544	0	genconf	ligand_centred	2026-09-24T11:13:04+08:00
arm	A2_genconf_refbox	vinardo	posebusters	7LT0_ONJ	20260922	ok		5	-10.2	vinardo	kcal/mol (empirical score, not a measured free energy)	34.8	5	5.1341	2.1652	1	0	0	0	0	4.9351	0	0	5.2112	0	genconf	ligand_centred	2026-09-24T11:13:12+08:00
arm	A2_genconf_refbox	vinardo	posebusters	7L00_XCJ	20260922	ok		5	-11.4	vinardo	kcal/mol (empirical score, not a measured free energy)	45.01	5	0.806	0.7557	1	1	1	1	1	0.806	1	1	0.8993	0	genconf	ligand_centred	2026-09-24T11:12:53+08:00
arm	A2_genconf_refbox	vinardo	posebusters	7LCU_XTA	20260922	ok		5	-11.9	vinardo	kcal/mol (empirical score, not a measured free energy)	127.74	5	0.7799	0.7033	1	1	1	1	1	0.7799	1	1	1.8346	0	genconf	ligand_centred	2026-09-24T11:13:18+08:00
arm	A2_genconf_refbox	vinardo	posebusters	7LZD_YHY	20260922	ok		2	-13.4	vinardo	kcal/mol (empirical score, not a measured free energy)	35.28	5	1.23	0.4146	0	1	0	0	0	1.2063	1	1	1.374	0	genconf	ligand_centred	2026-09-24T11:13:28+08:00
arm	A2_genconf_refbox	vinardo	posebusters	7KB1_WBJ	20260922	ok		5	-11.6	vinardo	kcal/mol (empirical score, not a measured free energy)	39.91	5	0.9279	0.5137	1	1	1	1	1	0.9279	1	1	1.4186	0	genconf	ligand_centred	2026-09-24T11:12:40+08:00
arm	A2_genconf_refbox	vinardo	posebusters	7F8T_FAD	20260922	ok		5	-13.9	vinardo	kcal/mol (empirical score, not a measured free energy)	505.83	5	9.411	4.5075	0	0	0	0	0	6.9589	0	0	9.4174	0	genconf	ligand_centred	2026-09-24T11:13:14+08:00
arm	A2_genconf_refbox	vinardo	posebusters	7LOU_IFM	20260922	ok		5	-5.6	vinardo	kcal/mol (empirical score, not a measured free energy)	6.42	5	1.8922	0.5007	1	1	0	1	0	0.6326	1	1	1.8922	0	genconf	ligand_centred	2026-09-24T11:13:11+08:00
arm	A2_genconf_refbox	vinardo	posebusters	7MOI_HPS	20260922	ok		5	-8.3	vinardo	kcal/mol (empirical score, not a measured free energy)	8.1	5	0.6029	0.2891	1	1	1	1	1	0.4894	1	1	1.9462	0	genconf	ligand_centred	2026-09-24T11:13:36+08:00
arm	A2_genconf_refbox	vinardo	posebusters	7LMO_NYO	20260922	ok		5	-13.1	vinardo	kcal/mol (empirical score, not a measured free energy)	105.61	5	1.0088	0.8906	1	1	0	1	0	1.0088	1	1	1.0088	0	genconf	ligand_centred	2026-09-24T11:13:36+08:00
arm	A2_genconf_refbox	vinardo	posebusters	7MGT_ZD4	20260922	ok		5	-10.1	vinardo	kcal/mol (empirical score, not a measured free energy)	70.52	5	1.2678	1.1045	0	1	0	0	0	1.2678	1	0	1.5682	0	genconf	ligand_centred	2026-09-24T11:13:41+08:00
arm	A2_genconf_refbox	vinardo	posebusters	7MWU_ZPM	20260922	ok		5	-6.4	vinardo	kcal/mol (empirical score, not a measured free energy)	5.32	5	0.7369	0.358	1	1	1	1	1	0.7369	1	1	1.2555	0	genconf	ligand_centred	2026-09-24T11:13:49+08:00
arm	A2_genconf_refbox	vinardo	posebusters	7MY1_IPE	20260922	ok		5	-5.9	vinardo	kcal/mol (empirical score, not a measured free energy)	19.17	5	9.8469	1.056	1	0	0	0	0	8.6053	0	0	9.8785	0	genconf	ligand_centred	2026-09-24T11:13:56+08:00
arm	A2_genconf_refbox	vinardo	posebusters	7LJN_GTP	20260922	ok		5	-8.4	vinardo	kcal/mol (empirical score, not a measured free energy)	112.2	5	10.2922	2.761	1	0	0	0	0	8.7351	0	0	10.3023	0	genconf	ligand_centred	2026-09-24T11:13:21+08:00
arm	A2_genconf_refbox	vinardo	posebusters	7MWN_WI5	20260922	ok		5	-9.2	vinardo	kcal/mol (empirical score, not a measured free energy)	51.2	5	1.0895	0.8986	1	1	0	1	0	1.0895	1	1	1.1425	0	genconf	ligand_centred	2026-09-24T11:14:01+08:00
arm	A2_genconf_refbox	vinardo	posebusters	7MGY_ZD1	20260922	ok		5	-10.8	vinardo	kcal/mol (empirical score, not a measured free energy)	39.53	5	0.7984	0.7773	1	1	1	1	1	0.7984	1	1	0.7984	0	genconf	ligand_centred	2026-09-24T11:13:39+08:00
arm	A2_genconf_refbox	vinardo	posebusters	7MYU_ZR7	20260922	ok		5	-10.8	vinardo	kcal/mol (empirical score, not a measured free energy)	67.15	5	0.908	0.5378	1	1	1	1	1	0.908	1	1	1.1998	0	genconf	ligand_centred	2026-09-24T11:14:02+08:00
arm	A2_genconf_refbox	vinardo	posebusters	7N03_ZRP	20260922	ok		5	-11.4	vinardo	kcal/mol (empirical score, not a measured free energy)	83.32	5	0.8145	0.579	1	1	1	1	1	0.8145	1	1	0.8145	0	genconf	ligand_centred	2026-09-24T11:14:13+08:00
arm	A2_genconf_refbox	vinardo	posebusters	7N4W_P4V	20260922	ok		3	-8.0	vinardo	kcal/mol (empirical score, not a measured free energy)	35.45	5	5.3744	1.8685	1	0	0	0	0	5.151	0	0	5.3744	0	genconf	ligand_centred	2026-09-24T11:14:18+08:00
arm	A2_genconf_refbox	vinardo	posebusters	7M3H_YPV	20260922	ok		5	-8.3	vinardo	kcal/mol (empirical score, not a measured free energy)	51.83	5	15.5289	1.3654	1	0	0	0	0	2.8683	0	0	15.5406	0	genconf	ligand_centred	2026-09-24T11:13:34+08:00
arm	A2_genconf_refbox	vinardo	posebusters	7M6K_YRJ	20260922	ok		5	-11.2	vinardo	kcal/mol (empirical score, not a measured free energy)	99.72	5	0.8751	0.8192	1	1	1	1	1	0.8751	1	1	0.9366	0	genconf	ligand_centred	2026-09-24T11:13:53+08:00
arm	A2_genconf_refbox	vinardo	posebusters	7N7H_CTP	20260922	ok		4	-10.9	vinardo	kcal/mol (empirical score, not a measured free energy)	66.83	5	0.4209	0.3521	1	1	1	1	1	0.4209	1	1	0.7968	0	genconf	ligand_centred	2026-09-24T11:14:24+08:00
arm	A2_genconf_refbox	vinardo	posebusters	7NGW_UAW	20260922	ok		5	-7.5	vinardo	kcal/mol (empirical score, not a measured free energy)	13.24	5	6.2082	0.7567	1	0	0	0	0	0.5633	1	1	6.2182	0	genconf	ligand_centred	2026-09-24T11:14:30+08:00
arm	A2_genconf_refbox	vinardo	posebusters	7N6F_0I1	20260922	ok		5	-7.9	vinardo	kcal/mol (empirical score, not a measured free energy)	30.17	5	0.7321	0.6516	1	1	1	1	1	0.7321	1	1	1.1825	0	genconf	ligand_centred	2026-09-24T11:14:21+08:00
arm	A2_genconf_refbox	vinardo	posebusters	7KRU_ATP	20260922	ok		5	-12.6	vinardo	kcal/mol (empirical score, not a measured free energy)	117.82	5	0.8662	0.8299	1	1	1	1	1	0.8662	1	1	1.2195	0	genconf	ligand_centred	2026-09-24T11:13:03+08:00
arm	A2_genconf_refbox	vinardo	posebusters	7N4N_0BK	20260922	ok		5	-8.5	vinardo	kcal/mol (empirical score, not a measured free energy)	60.05	5	8.5154	1.5658	0	0	0	0	0	3.4901	0	0	8.5154	0	genconf	ligand_centred	2026-09-24T11:14:12+08:00
arm	A2_genconf_refbox	vinardo	posebusters	7NLV_UJE	20260922	ok		5	-8.7	vinardo	kcal/mol (empirical score, not a measured free energy)	42.49	5	1.7906	1.4264	1	1	0	1	0	1.7906	1	1	1.7906	0	genconf	ligand_centred	2026-09-24T11:14:39+08:00
arm	A2_genconf_refbox	vinardo	posebusters	7NPL_UKZ	20260922	ok		3	-16.6	vinardo	kcal/mol (empirical score, not a measured free energy)	53.44	5	0.2556	0.1544	1	1	1	1	1	0.2556	1	1	0.2556	0	genconf	ligand_centred	2026-09-24T11:14:41+08:00
arm	A2_genconf_refbox	vinardo	posebusters	7NF3_4LU	20260922	ok		5	-9.4	vinardo	kcal/mol (empirical score, not a measured free energy)	77.64	5	1.2446	1.1365	0	1	0	0	0	1.2446	1	0	1.3207	0	genconf	ligand_centred	2026-09-24T11:14:34+08:00
arm	A2_genconf_refbox	vinardo	posebusters	7N7B_T3F	20260922	ok		5	-9.6	vinardo	kcal/mol (empirical score, not a measured free energy)	151.21	5	3.8027	2.5998	1	0	0	0	0	2.9728	0	0	3.8504	0	genconf	ligand_centred	2026-09-24T11:14:34+08:00
arm	A2_genconf_refbox	vinardo	posebusters	7NP6_UK8	20260922	ok		2	-15.6	vinardo	kcal/mol (empirical score, not a measured free energy)	91.74	5	0.2915	0.261	1	1	1	1	1	0.2915	1	1	1.0432	0	genconf	ligand_centred	2026-09-24T11:14:49+08:00
arm	A2_genconf_refbox	vinardo	posebusters	7NSW_HC4	20260922	ok		5	-7.4	vinardo	kcal/mol (empirical score, not a measured free energy)	10.91	5	0.1809	0.1367	1	1	1	1	1	0.1809	1	1	1.6635	0	genconf	ligand_centred	2026-09-24T11:14:47+08:00
arm	A2_genconf_refbox	vinardo	posebusters	7NF0_BYN	20260922	ok		5	-9.1	vinardo	kcal/mol (empirical score, not a measured free energy)	79.97	5	1.2702	1.1562	0	1	0	0	0	1.2702	1	0	1.4366	0	genconf	ligand_centred	2026-09-24T11:14:25+08:00
arm	A2_genconf_refbox	vinardo	posebusters	7NFB_GEN	20260922	ok		5	-9.3	vinardo	kcal/mol (empirical score, not a measured free energy)	21.19	5	7.0392	0.1449	1	0	0	0	0	0.7689	1	1	7.1006	0	genconf	ligand_centred	2026-09-24T11:14:29+08:00
arm	A2_genconf_refbox	vinardo	posebusters	7NU0_DCL	20260922	ok		5	-5.9	vinardo	kcal/mol (empirical score, not a measured free energy)	7.69	5	0.6562	0.5219	1	1	1	1	1	0.6562	1	1	0.6562	0	genconf	ligand_centred	2026-09-24T11:14:48+08:00
arm	A2_genconf_refbox	vinardo	posebusters	7O1T_5X8	20260922	ok		2	-11.2	vinardo	kcal/mol (empirical score, not a measured free energy)	43.17	5	1.2378	0.9765	1	1	0	1	0	1.2378	1	1	1.2378	0	genconf	ligand_centred	2026-09-24T11:15:02+08:00
arm	A2_genconf_refbox	vinardo	posebusters	7NXO_UU8	20260922	ok		3	-12.7	vinardo	kcal/mol (empirical score, not a measured free energy)	69.6	5	0.5719	0.388	1	1	1	1	1	0.5719	1	1	1.1772	0	genconf	ligand_centred	2026-09-24T11:14:58+08:00
arm	A2_genconf_refbox	vinardo	posebusters	7O0N_CDP	20260922	ok		5	-10.4	vinardo	kcal/mol (empirical score, not a measured free energy)	72.18	5	0.7984	0.6833	1	1	1	1	1	0.7984	1	1	1.1143	0	genconf	ligand_centred	2026-09-24T11:15:02+08:00
arm	A2_genconf_refbox	vinardo	posebusters	7OFF_VCB	20260922	ok		5	-8.8	vinardo	kcal/mol (empirical score, not a measured free energy)	40.29	5	0.6152	0.3782	1	1	1	1	1	0.6152	1	1	1.1874	0	genconf	ligand_centred	2026-09-24T11:15:05+08:00
arm	A2_genconf_refbox	vinardo	posebusters	7OLI_8HG	20260922	ok		5	-5.7	vinardo	kcal/mol (empirical score, not a measured free energy)	22.87	5	5.4795	1.9149	0	0	0	0	0	5.4795	0	0	5.4795	0	genconf	ligand_centred	2026-09-24T11:15:12+08:00
arm	A2_genconf_refbox	vinardo	posebusters	7ODY_DGI	20260922	ok		5	-9.9	vinardo	kcal/mol (empirical score, not a measured free energy)	78.86	5	1.9787	1.7235	1	1	0	1	0	1.9787	1	1	2.1882	1	genconf	ligand_centred	2026-09-24T11:15:10+08:00
arm	A2_genconf_refbox	vinardo	posebusters	7OEO_V9Z	20260922	ok		5	-8.6	vinardo	kcal/mol (empirical score, not a measured free energy)	95.42	5	5.5024	2.0063	1	0	0	0	0	5.4423	0	0	5.6975	0	genconf	ligand_centred	2026-09-24T11:15:24+08:00
arm	A2_genconf_refbox	vinardo	posebusters	7NUT_GLP	20260922	ok		5	-6.7	vinardo	kcal/mol (empirical score, not a measured free energy)	17.94	5	5.2928	1.0229	1	0	0	0	0	4.7392	0	0	5.3445	0	genconf	ligand_centred	2026-09-24T11:14:51+08:00
arm	A2_genconf_refbox	vinardo	posebusters	7OSO_0V1	20260922	ok		5	-4.3	vinardo	kcal/mol (empirical score, not a measured free energy)	6.38	5	10.7868	1.4527	1	0	0	0	0	8.9753	0	0	10.7868	0	genconf	ligand_centred	2026-09-24T11:15:34+08:00
arm	A2_genconf_refbox	vinardo	posebusters	7NR8_UOE	20260922	ok		5	-9.7	vinardo	kcal/mol (empirical score, not a measured free energy)	253.95	5	11.8329	1.0543	0	0	0	0	0	11.1862	0	0	11.8329	0	genconf	ligand_centred	2026-09-24T11:15:35+08:00
arm	A2_genconf_refbox	vinardo	posebusters	7OPG_06N	20260922	ok		5	-9.4	vinardo	kcal/mol (empirical score, not a measured free energy)	16.26	5	1.0398	0.7238	1	1	0	1	0	1.0398	1	1	1.0398	0	genconf	ligand_centred	2026-09-24T11:15:24+08:00
arm	A2_genconf_refbox	vinardo	posebusters	7OFK_VCH	20260922	ok		5	-10.7	vinardo	kcal/mol (empirical score, not a measured free energy)	78.88	5	0.6262	0.4623	1	1	1	1	1	0.6262	1	1	1.2716	0	genconf	ligand_centred	2026-09-24T11:15:39+08:00
arm	A2_genconf_refbox	vinardo	posebusters	7MFP_Z7P	20260922	ok		5	-12.8	vinardo	kcal/mol (empirical score, not a measured free energy)	465.24	5	1.2833	1.0826	1	1	0	1	0	1.2833	1	1	1.3787	0	genconf	ligand_centred	2026-09-24T11:14:53+08:00
arm	A2_genconf_refbox	vinardo	posebusters	7MSR_DCA	20260922	ok		5	-7.4	vinardo	kcal/mol (empirical score, not a measured free energy)	505.02	5	11.0159	4.9725	1	0	0	0	0	9.3785	0	0	11.0267	0	genconf	ligand_centred	2026-09-24T11:15:05+08:00
arm	A2_genconf_refbox	vinardo	posebusters	7P2I_MFU	20260922	ok		5	-6.4	vinardo	kcal/mol (empirical score, not a measured free energy)	5.73	5	0.4652	0.2095	1	1	1	1	1	0.4652	1	1	0.4652	0	genconf	ligand_centred	2026-09-24T11:15:44+08:00
arm	A2_genconf_refbox	vinardo	posebusters	7OZC_G6S	20260922	ok		5	-6.1	vinardo	kcal/mol (empirical score, not a measured free energy)	19.31	5	5.1238	1.0932	0	0	0	0	0	5.1238	0	0	5.1539	0	genconf	ligand_centred	2026-09-24T11:15:44+08:00
arm	A2_genconf_refbox	vinardo	posebusters	7P1M_4IU	20260922	ok		5	-7.7	vinardo	kcal/mol (empirical score, not a measured free energy)	35.15	5	9.2268	1.8429	1	0	0	0	0	8.4054	0	0	9.2417	0	genconf	ligand_centred	2026-09-24T11:15:49+08:00
arm	A2_genconf_refbox	vinardo	posebusters	7PJQ_OWH	20260922	ok		5	-4.8	vinardo	kcal/mol (empirical score, not a measured free energy)	6.11	5	4.6451	0.7286	1	0	0	0	0	0.5622	1	1	4.6451	0	genconf	ligand_centred	2026-09-24T11:15:51+08:00
arm	A2_genconf_refbox	vinardo	posebusters	7P1F_KFN	20260922	ok		5	-6.5	vinardo	kcal/mol (empirical score, not a measured free energy)	21.0	5	4.1897	0.6268	1	0	0	0	0	4.1897	0	0	4.2423	0	genconf	ligand_centred	2026-09-24T11:15:48+08:00
arm	A2_genconf_refbox	vinardo	posebusters	7P5T_5YG	20260922	ok		5	-10.4	vinardo	kcal/mol (empirical score, not a measured free energy)	38.61	5	0.7341	0.6324	1	1	1	1	1	0.7093	1	1	1.5652	0	genconf	ligand_centred	2026-09-24T11:15:54+08:00
arm	A2_genconf_refbox	vinardo	posebusters	7OZ9_NGK	20260922	ok		5	-5.5	vinardo	kcal/mol (empirical score, not a measured free energy)	23.42	5	4.162	1.3769	1	0	0	0	0	4.162	0	0	4.2209	0	genconf	ligand_centred	2026-09-24T11:15:44+08:00
arm	A2_genconf_refbox	vinardo	posebusters	7PGX_FMN	20260922	ok		5	-10.0	vinardo	kcal/mol (empirical score, not a measured free energy)	102.79	5	2.027	1.6759	1	0	0	0	0	1.3473	1	1	2.027	0	genconf	ligand_centred	2026-09-24T11:16:00+08:00
arm	A2_genconf_refbox	vinardo	posebusters	7PIH_7QW	20260922	ok		5	-9.4	vinardo	kcal/mol (empirical score, not a measured free energy)	28.39	5	9.8031	0.8254	1	0	0	0	0	2.604	0	0	9.8031	0	genconf	ligand_centred	2026-09-24T11:15:55+08:00
arm	A2_genconf_refbox	vinardo	posebusters	7PRI_7TI	20260922	ok		5	-6.3	vinardo	kcal/mol (empirical score, not a measured free energy)	23.69	5	5.0026	1.0213	1	0	0	0	0	2.195	0	0	5.0145	0	genconf	ligand_centred	2026-09-24T11:15:59+08:00
arm	A2_genconf_refbox	vinardo	posebusters	7PL1_SFG	20260922	ok		5	-8.7	vinardo	kcal/mol (empirical score, not a measured free energy)	80.1	5	8.7528	2.6393	1	0	0	0	0	4.4701	0	0	8.7665	0	genconf	ligand_centred	2026-09-24T11:16:05+08:00
arm	A2_genconf_refbox	vinardo	posebusters	7PRM_81I	20260922	ok		5	-8.4	vinardo	kcal/mol (empirical score, not a measured free energy)	56.82	5	1.3394	1.2395	1	1	0	1	0	1.3394	1	1	1.5522	0	genconf	ligand_centred	2026-09-24T11:16:05+08:00
arm	A2_genconf_refbox	vinardo	posebusters	7Q2B_M6H	20260922	ok		5	-6.5	vinardo	kcal/mol (empirical score, not a measured free energy)	8.37	5	4.8187	0.8518	0	0	0	0	0	1.766	1	1	4.8187	0	genconf	ligand_centred	2026-09-24T11:16:10+08:00
arm	A2_genconf_refbox	vinardo	posebusters	7POM_7VZ	20260922	ok		5	-7.1	vinardo	kcal/mol (empirical score, not a measured free energy)	32.45	5	7.2576	1.6973	1	0	0	0	0	1.7104	1	1	7.2767	0	genconf	ligand_centred	2026-09-24T11:15:58+08:00
arm	A2_genconf_refbox	vinardo	posebusters	7QF4_RBF	20260922	ok		3	-10.2	vinardo	kcal/mol (empirical score, not a measured free energy)	65.64	5	0.8241	0.7495	1	1	1	1	1	0.8241	1	1	0.8241	0	genconf	ligand_centred	2026-09-24T11:16:19+08:00
arm	A2_genconf_refbox	vinardo	posebusters	7FRX_O88	20260922	ok		5	-14.2	vinardo	kcal/mol (empirical score, not a measured free energy)	57.78	5	6.2594	3.7537	1	0	0	0	0	1.943	1	1	6.2635	0	genconf	ligand_centred	2026-09-24T11:12:30+08:00
arm	A2_genconf_refbox	vinardo	posebusters	7PUV_84Z	20260922	ok		5	-7.7	vinardo	kcal/mol (empirical score, not a measured free energy)	34.62	5	2.1233	1.799	1	0	0	0	0	1.0452	1	1	2.266	0	genconf	ligand_centred	2026-09-24T11:16:08+08:00
arm	A2_genconf_refbox	vinardo	posebusters	7QFM_AY3	20260922	ok		5	-8.5	vinardo	kcal/mol (empirical score, not a measured free energy)	17.93	5	0.2974	0.1288	1	1	1	1	1	0.2974	1	1	0.7631	0	genconf	ligand_centred	2026-09-24T11:16:24+08:00
arm	A2_genconf_refbox	vinardo	posebusters	7P4C_5OV	20260922	ok		5	-5.2	vinardo	kcal/mol (empirical score, not a measured free energy)	10.43	5	10.5801	0.5182	1	0	0	0	0	0.9851	1	1	10.5801	0	genconf	ligand_centred	2026-09-24T11:15:46+08:00
arm	A2_genconf_refbox	vinardo	posebusters	7QTA_URI	20260922	ok		5	-5.4	vinardo	kcal/mol (empirical score, not a measured free energy)	14.27	5	1.8281	1.1551	1	1	0	1	0	1.8281	1	1	1.8281	0	genconf	ligand_centred	2026-09-24T11:16:29+08:00
arm	A2_genconf_refbox	vinardo	posebusters	7OMX_CNA	20260922	ok		5	-12.7	vinardo	kcal/mol (empirical score, not a measured free energy)	387.0	5	1.1194	1.012	1	1	0	1	0	1.1194	1	1	1.1348	0	genconf	ligand_centred	2026-09-24T11:16:29+08:00
arm	A2_genconf_refbox	vinardo	posebusters	7QPP_VDX	20260922	ok		1	-13.7	vinardo	kcal/mol (empirical score, not a measured free energy)	51.66	5	0.819	0.6328	1	1	1	1	1	0.819	1	1	1.024	0	genconf	ligand_centred	2026-09-24T11:16:39+08:00
arm	A2_genconf_refbox	vinardo	posebusters	7QE4_NGA	20260922	ok		5	-4.9	vinardo	kcal/mol (empirical score, not a measured free energy)	9.43	5	14.2285	1.2628	1	0	0	0	0	2.3927	0	0	14.2285	0	genconf	ligand_centred	2026-09-24T11:16:13+08:00
arm	A2_genconf_refbox	vinardo	posebusters	7R59_I5F	20260922	ok		5	-9.1	vinardo	kcal/mol (empirical score, not a measured free energy)	7.01	5	0.4515	0.0629	1	1	1	1	1	0.4515	1	1	0.4515	0	genconf	ligand_centred	2026-09-24T11:16:43+08:00
arm	A2_genconf_refbox	vinardo	posebusters	7QHG_T3B	20260922	ok		1	-13.9	vinardo	kcal/mol (empirical score, not a measured free energy)	218.44	5	0.3812	0.313	1	1	1	1	1	0.3812	1	1	0.8338	0	genconf	ligand_centred	2026-09-24T11:16:48+08:00
arm	A2_genconf_refbox	vinardo	posebusters	7QHL_D5P	20260922	ok		5	-10.2	vinardo	kcal/mol (empirical score, not a measured free energy)	69.68	5	0.4884	0.3724	1	1	1	1	1	0.4884	1	1	1.0038	0	genconf	ligand_centred	2026-09-24T11:16:29+08:00
arm	A2_genconf_refbox	vinardo	posebusters	7R9N_F97	20260922	ok		5	-8.6	vinardo	kcal/mol (empirical score, not a measured free energy)	60.58	5	1.0311	0.9135	1	1	0	1	0	1.0311	1	1	1.0311	0	genconf	ligand_centred	2026-09-24T11:16:49+08:00
arm	A2_genconf_refbox	vinardo	posebusters	7R7R_AWJ	20260922	ok		5	-10.1	vinardo	kcal/mol (empirical score, not a measured free energy)	96.87	5	0.5591	0.4845	1	1	1	1	1	0.5591	1	1	0.5591	0	genconf	ligand_centred	2026-09-24T11:17:02+08:00
arm	A2_genconf_refbox	vinardo	posebusters	7Q5I_I0F	20260922	ok		5	-9.6	vinardo	kcal/mol (empirical score, not a measured free energy)	40.11	5	0.5554	0.4684	1	1	1	1	1	0.5554	1	1	0.8727	0	genconf	ligand_centred	2026-09-24T11:16:11+08:00
arm	A2_genconf_refbox	vinardo	posebusters	7RKW_5TV	20260922	ok		5	-11.3	vinardo	kcal/mol (empirical score, not a measured free energy)	42.79	5	0.5128	0.4362	1	1	1	1	1	0.5128	1	1	2.0828	1	genconf	ligand_centred	2026-09-24T11:17:03+08:00
arm	A2_genconf_refbox	vinardo	posebusters	7RH3_59O	20260922	ok		5	-8.1	vinardo	kcal/mol (empirical score, not a measured free energy)	106.96	5	4.6677	1.0293	1	0	0	0	0	4.6677	0	0	4.7476	0	genconf	ligand_centred	2026-09-24T11:17:11+08:00
arm	A2_genconf_refbox	vinardo	posebusters	7RC3_SAH	20260922	ok		5	-7.9	vinardo	kcal/mol (empirical score, not a measured free energy)	81.06	5	6.9293	1.9096	0	0	0	0	0	5.0648	0	0	6.9301	0	genconf	ligand_centred	2026-09-24T11:17:11+08:00
arm	A2_genconf_refbox	vinardo	posebusters	7RZL_NPO	20260922	ok		5	-6.0	vinardo	kcal/mol (empirical score, not a measured free energy)	5.21	5	3.9844	0.078	1	0	0	0	0	0.7997	1	1	4.3677	0	genconf	ligand_centred	2026-09-24T11:17:21+08:00
arm	A2_genconf_refbox	vinardo	posebusters	7R6J_2I7	20260922	ok		5	-10.5	vinardo	kcal/mol (empirical score, not a measured free energy)	86.68	5	4.1738	1.8043	1	0	0	0	0	3.4075	0	0	4.1902	0	genconf	ligand_centred	2026-09-24T11:16:45+08:00
arm	A2_genconf_refbox	vinardo	posebusters	7ROR_69X	20260922	ok		5	-14.7	vinardo	kcal/mol (empirical score, not a measured free energy)	140.95	5	0.8551	0.7547	1	1	1	1	1	0.8551	1	1	0.8551	0	genconf	ligand_centred	2026-09-24T11:17:27+08:00
arm	A2_genconf_refbox	vinardo	posebusters	7R3D_APR	20260922	ok		5	-9.9	vinardo	kcal/mol (empirical score, not a measured free energy)	188.43	5	5.9535	2.4472	1	0	0	0	0	2.1526	0	0	5.9817	0	genconf	ligand_centred	2026-09-24T11:16:55+08:00
arm	A2_genconf_refbox	vinardo	posebusters	7RSV_7IQ	20260922	ok		5	-6.3	vinardo	kcal/mol (empirical score, not a measured free energy)	14.35	5	6.0261	1.5313	1	0	0	0	0	1.6985	1	1	6.0261	0	genconf	ligand_centred	2026-09-24T11:17:21+08:00
arm	A2_genconf_refbox	vinardo	posebusters	7OP9_06K	20260922	ok		5	-5.4	vinardo	kcal/mol (empirical score, not a measured free energy)	4.78	5	3.0719	0.0599	1	0	0	0	0	0.3079	1	1	3.0719	0	genconf	ligand_centred	2026-09-24T11:15:18+08:00
arm	A2_genconf_refbox	vinardo	posebusters	7SFO_98L	20260922	ok		4	-11.1	vinardo	kcal/mol (empirical score, not a measured free energy)	37.0	5	0.5092	0.288	1	1	1	1	1	0.5092	1	1	0.5092	0	genconf	ligand_centred	2026-09-24T11:17:42+08:00
arm	A2_genconf_refbox	vinardo	posebusters	7SCW_GSP	20260922	ok		5	-12.1	vinardo	kcal/mol (empirical score, not a measured free energy)	128.8	5	0.9141	0.8856	1	1	1	1	1	0.9141	1	1	0.9141	0	genconf	ligand_centred	2026-09-24T11:17:39+08:00
arm	A2_genconf_refbox	vinardo	posebusters	7ROU_66I	20260922	ok		2	-13.9	vinardo	kcal/mol (empirical score, not a measured free energy)	202.55	5	1.3439	1.1212	1	1	0	1	0	1.3439	1	1	1.649	0	genconf	ligand_centred	2026-09-24T11:17:47+08:00
arm	A2_genconf_refbox	vinardo	posebusters	7SDD_4IP	20260922	ok		5	-7.7	vinardo	kcal/mol (empirical score, not a measured free energy)	71.45	5	4.4124	1.7244	1	0	0	0	0	3.8718	0	0	4.51	0	genconf	ligand_centred	2026-09-24T11:17:40+08:00
arm	A2_genconf_refbox	vinardo	posebusters	7RNI_60I	20260922	ok		5	-8.1	vinardo	kcal/mol (empirical score, not a measured free energy)	61.34	5	8.0443	1.7737	1	0	0	0	0	2.6058	0	0	8.0628	0	genconf	ligand_centred	2026-09-24T11:17:13+08:00
arm	A2_genconf_refbox	vinardo	posebusters	7T0D_FPP	20260922	ok		2	-12.1	vinardo	kcal/mol (empirical score, not a measured free energy)	74.09	5	5.1628	2.0244	0	0	0	0	0	5.1628	0	0	5.1819	0	genconf	ligand_centred	2026-09-24T11:17:55+08:00
arm	A2_genconf_refbox	vinardo	posebusters	7SZA_DUI	20260922	ok		5	-8.2	vinardo	kcal/mol (empirical score, not a measured free energy)	14.57	5	2.2973	1.6477	1	0	0	0	0	0.399	1	1	2.2973	0	genconf	ligand_centred	2026-09-24T11:17:47+08:00
arm	A2_genconf_refbox	vinardo	posebusters	7SIU_9ID	20260922	ok		5	-10.9	vinardo	kcal/mol (empirical score, not a measured free energy)	65.7	5	0.3871	0.1843	1	1	1	1	1	0.3871	1	1	0.3871	0	genconf	ligand_centred	2026-09-24T11:17:53+08:00
arm	A2_genconf_refbox	vinardo	posebusters	7T1D_E7K	20260922	ok		5	-17.6	vinardo	kcal/mol (empirical score, not a measured free energy)	56.14	5	0.775	0.6757	1	1	1	1	1	0.775	1	1	0.775	0	genconf	ligand_centred	2026-09-24T11:17:53+08:00
arm	A2_genconf_refbox	vinardo	posebusters	7TE8_P0T	20260922	ok		2	-12.8	vinardo	kcal/mol (empirical score, not a measured free energy)	40.11	5	0.4052	0.3066	1	1	1	1	1	0.4052	1	1	0.4052	0	genconf	ligand_centred	2026-09-24T11:18:03+08:00
arm	A2_genconf_refbox	vinardo	posebusters	7TOM_5AD	20260922	ok		5	-7.2	vinardo	kcal/mol (empirical score, not a measured free energy)	18.85	5	0.8045	0.7454	1	1	1	1	1	0.8045	1	1	0.8045	0	genconf	ligand_centred	2026-09-24T11:18:05+08:00
arm	A2_genconf_refbox	vinardo	posebusters	7TBU_S3P	20260922	ok		5	-7.7	vinardo	kcal/mol (empirical score, not a measured free energy)	15.25	5	9.2947	0.5843	0	0	0	0	0	0.5463	1	1	9.327	0	genconf	ligand_centred	2026-09-24T11:18:02+08:00
arm	A2_genconf_refbox	vinardo	posebusters	7TM6_GPJ	20260922	ok		5	-6.8	vinardo	kcal/mol (empirical score, not a measured free energy)	11.08	5	1.0558	0.743	1	1	0	1	0	1.0399	1	1	2.0187	1	genconf	ligand_centred	2026-09-24T11:18:04+08:00
arm	A2_genconf_refbox	vinardo	posebusters	7THI_PGA	20260922	ok		5	-6.3	vinardo	kcal/mol (empirical score, not a measured free energy)	7.65	5	0.5719	0.4735	1	1	1	1	1	0.5719	1	1	1.448	0	genconf	ligand_centred	2026-09-24T11:18:04+08:00
arm	A2_genconf_refbox	vinardo	posebusters	7PK0_BYC	20260922	ok		5	-8.4	vinardo	kcal/mol (empirical score, not a measured free energy)	1002.71	5	9.6145	3.5523	0	0	0	0	0	5.2489	0	0	9.638	0	genconf	ligand_centred	2026-09-24T11:18:15+08:00
arm	A2_genconf_refbox	vinardo	posebusters	7T3E_SLB	20260922	ok		5	-7.7	vinardo	kcal/mol (empirical score, not a measured free energy)	29.54	5	3.8532	1.533	1	0	0	0	0	0.4774	1	1	3.9021	0	genconf	ligand_centred	2026-09-24T11:17:57+08:00
arm	A2_genconf_refbox	vinardo	posebusters	7TSF_H4B	20260922	ok		5	-6.9	vinardo	kcal/mol (empirical score, not a measured free energy)	21.18	5	0.6067	0.4495	1	1	1	1	1	0.6067	1	1	0.6067	0	genconf	ligand_centred	2026-09-24T11:18:29+08:00
arm	A2_genconf_refbox	vinardo	posebusters	7TUO_KL9	20260922	ok		4	-11.0	vinardo	kcal/mol (empirical score, not a measured free energy)	66.03	5	0.8645	0.7902	1	1	1	1	1	0.8645	1	1	0.8645	0	genconf	ligand_centred	2026-09-24T11:18:43+08:00
arm	A2_genconf_refbox	vinardo	posebusters	7Q25_8J9	20260922	ok		5	-9.7	vinardo	kcal/mol (empirical score, not a measured free energy)	132.85	5	9.157	3.4055	0	0	0	0	0	7.1237	0	0	9.1645	0	genconf	ligand_centred	2026-09-24T11:16:22+08:00
arm	A2_genconf_refbox	vinardo	posebusters	7TYP_KUR	20260922	ok		2	-12.5	vinardo	kcal/mol (empirical score, not a measured free energy)	73.98	5	0.8913	0.753	1	1	1	1	1	0.8913	1	1	1.2755	0	genconf	ligand_centred	2026-09-24T11:18:48+08:00
arm	A2_genconf_refbox	vinardo	posebusters	7TXK_LW8	20260922	ok		5	-6.7	vinardo	kcal/mol (empirical score, not a measured free energy)	17.89	5	1.8385	1.2825	1	1	0	1	0	0.3496	1	1	2.0566	1	genconf	ligand_centred	2026-09-24T11:18:32+08:00
arm	A2_genconf_refbox	vinardo	posebusters	7TH4_FFO	20260922	ok		5	-8.2	vinardo	kcal/mol (empirical score, not a measured free energy)	125.89	5	9.2922	1.5852	1	0	0	0	0	7.6464	0	0	9.3176	0	genconf	ligand_centred	2026-09-24T11:18:33+08:00
arm	A2_genconf_refbox	vinardo	posebusters	7M31_TDR	20260922	ok		5	-6.2	vinardo	kcal/mol (empirical score, not a measured free energy)	4.77	5	0.416	0.0637	1	1	1	1	1	0.416	1	1	0.416	0	genconf	ligand_centred	2026-09-24T11:13:17+08:00
arm	A2_genconf_refbox	vinardo	posebusters	7UAS_MBU	20260922	ok		5	-11.0	vinardo	kcal/mol (empirical score, not a measured free energy)	107.72	5	1.1038	1.0833	1	1	0	1	0	1.1038	1	1	1.2078	0	genconf	ligand_centred	2026-09-24T11:18:52+08:00
arm	A2_genconf_refbox	vinardo	posebusters	7USH_82V	20260922	ok		5	-7.4	vinardo	kcal/mol (empirical score, not a measured free energy)	30.26	5	7.5856	1.5694	1	0	0	0	0	7.5856	0	0	7.5856	0	genconf	ligand_centred	2026-09-24T11:19:08+08:00
arm	A2_genconf_refbox	vinardo	posebusters	7UQ3_O2U	20260922	ok		5	-7.2	vinardo	kcal/mol (empirical score, not a measured free energy)	9.64	5	4.71	0.8944	1	0	0	0	0	1.6096	1	0	4.71	0	genconf	ligand_centred	2026-09-24T11:19:07+08:00
arm	A2_genconf_refbox	vinardo	posebusters	7TS6_KMI	20260922	ok		5	-9.3	vinardo	kcal/mol (empirical score, not a measured free energy)	18.14	5	2.6748	2.1723	1	0	0	0	0	0.4507	1	1	2.6748	0	genconf	ligand_centred	2026-09-24T11:18:22+08:00
arm	A2_genconf_refbox	vinardo	posebusters	7UJF_R3V	20260922	ok		5	-6.4	vinardo	kcal/mol (empirical score, not a measured free energy)	84.55	5	11.9044	1.0805	1	0	0	0	0	11.9044	0	0	11.9044	0	genconf	ligand_centred	2026-09-24T11:19:03+08:00
arm	A2_genconf_refbox	vinardo	posebusters	7UY4_SMI	20260922	ok		5	-5.6	vinardo	kcal/mol (empirical score, not a measured free energy)	17.64	5	4.8264	1.3016	1	0	0	0	0	3.1293	0	0	4.8264	0	genconf	ligand_centred	2026-09-24T11:19:12+08:00
arm	A2_genconf_refbox	vinardo	posebusters	7ULC_56B	20260922	ok		5	-9.4	vinardo	kcal/mol (empirical score, not a measured free energy)	123.91	5	12.8099	2.3869	1	0	0	0	0	11.5851	0	0	12.8186	0	genconf	ligand_centred	2026-09-24T11:19:11+08:00
arm	A2_genconf_refbox	vinardo	posebusters	7V3N_AKG	20260922	ok		5	-5.5	vinardo	kcal/mol (empirical score, not a measured free energy)	10.31	5	2.0775	1.0032	0	0	0	0	0	1.0241	1	0	2.0775	0	genconf	ligand_centred	2026-09-24T11:19:22+08:00
arm	A2_genconf_refbox	vinardo	posebusters	7U3J_L6U	20260922	ok		5	-7.7	vinardo	kcal/mol (empirical score, not a measured free energy)	245.83	5	8.8061	2.8726	1	0	0	0	0	8.8061	0	0	8.8071	0	genconf	ligand_centred	2026-09-24T11:19:16+08:00
arm	A2_genconf_refbox	vinardo	posebusters	7UYB_OK0	20260922	ok		5	-9.3	vinardo	kcal/mol (empirical score, not a measured free energy)	56.24	5	8.7272	0.7241	1	0	0	0	0	8.6727	0	0	8.7547	0	genconf	ligand_centred	2026-09-24T11:19:23+08:00
arm	A2_genconf_refbox	vinardo	posebusters	7V43_C4O	20260922	ok		5	-6.5	vinardo	kcal/mol (empirical score, not a measured free energy)	4.0	5	0.5179	0.0412	1	1	1	1	1	0.5179	1	1	1.7585	0	genconf	ligand_centred	2026-09-24T11:19:25+08:00
arm	A2_genconf_refbox	vinardo	posebusters	7VBU_6I4	20260922	ok		5	-8.3	vinardo	kcal/mol (empirical score, not a measured free energy)	11.57	5	12.931	0.2844	1	0	0	0	0	5.467	0	0	12.94	0	genconf	ligand_centred	2026-09-24T11:19:27+08:00
arm	A2_genconf_refbox	vinardo	posebusters	7V14_ORU	20260922	ok		3	-10.8	vinardo	kcal/mol (empirical score, not a measured free energy)	93.35	5	0.8047	0.7603	1	1	1	1	1	0.8047	1	1	0.8809	0	genconf	ligand_centred	2026-09-24T11:19:30+08:00
arm	A2_genconf_refbox	vinardo	posebusters	7VB8_STL	20260922	ok		5	-9.2	vinardo	kcal/mol (empirical score, not a measured free energy)	13.43	5	5.8338	0.2767	1	0	0	0	0	0.6367	1	0	5.897	0	genconf	ligand_centred	2026-09-24T11:19:25+08:00
arm	A2_genconf_refbox	vinardo	posebusters	7TB0_UD1	20260922	ok		5	-10.4	vinardo	kcal/mol (empirical score, not a measured free energy)	224.58	5	8.8356	3.1053	1	0	0	0	0	2.9931	0	0	8.8363	0	genconf	ligand_centred	2026-09-24T11:18:52+08:00
arm	A2_genconf_refbox	vinardo	posebusters	7VC5_9SF	20260922	ok		5	-7.9	vinardo	kcal/mol (empirical score, not a measured free energy)	34.43	5	3.9754	1.9178	1	0	0	0	0	2.4367	0	0	3.9754	0	genconf	ligand_centred	2026-09-24T11:19:33+08:00
arm	A2_genconf_refbox	vinardo	posebusters	7UJ4_OQ4	20260922	ok		5	-8.3	vinardo	kcal/mol (empirical score, not a measured free energy)	229.34	5	10.2059	3.1653	1	0	0	0	0	10.2059	0	0	10.2169	0	genconf	ligand_centred	2026-09-24T11:19:21+08:00
arm	A2_genconf_refbox	vinardo	posebusters	7VQ9_ISY	20260922	ok		5	-6.9	vinardo	kcal/mol (empirical score, not a measured free energy)	19.37	5	2.4512	1.5667	0	0	0	0	0	2.4512	0	0	2.6459	0	genconf	ligand_centred	2026-09-24T11:19:35+08:00
arm	A2_genconf_refbox	vinardo	posebusters	7V3S_5I9	20260922	ok		4	-14.5	vinardo	kcal/mol (empirical score, not a measured free energy)	116.74	5	0.9532	0.9022	1	1	1	1	1	0.9532	1	1	0.9532	0	genconf	ligand_centred	2026-09-24T11:19:35+08:00
arm	A2_genconf_refbox	vinardo	posebusters	7W06_ITN	20260922	ok		5	-6.1	vinardo	kcal/mol (empirical score, not a measured free energy)	7.64	5	1.5161	0.8279	1	1	0	1	0	1.5161	1	1	1.5161	0	genconf	ligand_centred	2026-09-24T11:19:41+08:00
arm	A2_genconf_refbox	vinardo	posebusters	7W05_GMP	20260922	ok		5	-6.8	vinardo	kcal/mol (empirical score, not a measured free energy)	19.79	5	2.8846	2.2009	1	0	0	0	0	1.3211	1	1	2.8846	0	genconf	ligand_centred	2026-09-24T11:19:40+08:00
arm	A2_genconf_refbox	vinardo	posebusters	7VWF_K55	20260922	ok		3	-13.8	vinardo	kcal/mol (empirical score, not a measured free energy)	105.47	5	0.5547	0.437	1	1	1	1	1	0.5547	1	1	0.8872	0	genconf	ligand_centred	2026-09-24T11:19:44+08:00
arm	A2_genconf_refbox	vinardo	posebusters	7WJB_BGC	20260922	ok		5	-5.7	vinardo	kcal/mol (empirical score, not a measured free energy)	7.33	5	4.1029	0.2699	1	0	0	0	0	4.1029	0	0	4.1029	0	genconf	ligand_centred	2026-09-24T11:19:44+08:00
arm	A2_genconf_refbox	vinardo	posebusters	7PT3_3KK	20260922	ok		5	-11.3	vinardo	kcal/mol (empirical score, not a measured free energy)	921.75	5	8.0313	4.9139	1	0	0	0	0	7.826	0	0	8.0405	0	genconf	ligand_centred	2026-09-24T11:18:12+08:00
arm	A2_genconf_refbox	vinardo	posebusters	7WDT_NGS	20260922	ok		5	-6.2	vinardo	kcal/mol (empirical score, not a measured free energy)	26.92	5	5.6388	1.4346	1	0	0	0	0	5.6388	0	0	5.6847	0	genconf	ligand_centred	2026-09-24T11:19:43+08:00
arm	A2_genconf_refbox	vinardo	posebusters	7UJ5_DGL	20260922	ok		5	-7.3	vinardo	kcal/mol (empirical score, not a measured free energy)	12.1	5	0.7021	0.3788	1	1	1	1	1	0.7021	1	1	0.7021	0	genconf	ligand_centred	2026-09-24T11:18:50+08:00
arm	A2_genconf_refbox	vinardo	posebusters	7WPW_F15	20260922	ok		5	-7.6	vinardo	kcal/mol (empirical score, not a measured free energy)	47.93	5	5.4781	0.9824	1	0	0	0	0	4.2411	0	0	5.5071	0	genconf	ligand_centred	2026-09-24T11:19:57+08:00
arm	A2_genconf_refbox	vinardo	posebusters	7UMW_NAD	20260922	ok		4	-14.3	vinardo	kcal/mol (empirical score, not a measured free energy)	377.1	5	2.9751	2.6209	1	0	0	0	0	2.5524	0	0	2.9751	0	genconf	ligand_centred	2026-09-24T11:19:54+08:00
arm	A2_genconf_refbox	vinardo	posebusters	7WCF_ACP	20260922	ok		5	-10.2	vinardo	kcal/mol (empirical score, not a measured free energy)	116.6	5	7.9895	1.4337	1	0	0	0	0	2.7097	0	0	8.0483	0	genconf	ligand_centred	2026-09-24T11:19:57+08:00
arm	A2_genconf_refbox	vinardo	posebusters	7WQQ_5Z6	20260922	ok		2	-14.8	vinardo	kcal/mol (empirical score, not a measured free energy)	35.16	5	0.3526	0.3213	1	1	1	1	1	0.3526	1	1	1.2985	0	genconf	ligand_centred	2026-09-24T11:20:02+08:00
arm	A2_genconf_refbox	vinardo	posebusters	7VKZ_NOJ	20260922	ok		5	-5.8	vinardo	kcal/mol (empirical score, not a measured free energy)	6.97	5	3.614	0.69	1	0	0	0	0	0.8622	1	1	3.614	0	genconf	ligand_centred	2026-09-24T11:19:31+08:00
arm	A2_genconf_refbox	vinardo	posebusters	7WL4_JFU	20260922	ok		5	-8.9	vinardo	kcal/mol (empirical score, not a measured free energy)	72.49	5	0.6862	0.5393	1	1	1	1	1	0.6862	1	1	0.9082	0	genconf	ligand_centred	2026-09-24T11:20:00+08:00
arm	A2_genconf_refbox	vinardo	posebusters	7X9K_8OG	20260922	ok		5	-8.7	vinardo	kcal/mol (empirical score, not a measured free energy)	44.87	5	0.5405	0.3374	1	1	1	1	1	0.5405	1	1	0.5405	0	genconf	ligand_centred	2026-09-24T11:20:09+08:00
arm	A2_genconf_refbox	vinardo	posebusters	7WUY_76N	20260922	ok		2	-8.3	vinardo	kcal/mol (empirical score, not a measured free energy)	41.45	5	2.1636	2.1241	1	0	0	0	0	2.1636	0	0	2.1636	0	genconf	ligand_centred	2026-09-24T11:20:07+08:00
arm	A2_genconf_refbox	vinardo	posebusters	7VYJ_CA0	20260922	ok		5	-9.7	vinardo	kcal/mol (empirical score, not a measured free energy)	66.96	5	0.4039	0.3776	0	1	1	0	0	0.4039	1	0	0.4039	0	genconf	ligand_centred	2026-09-24T11:19:42+08:00
arm	A2_genconf_refbox	vinardo	posebusters	7XI7_4RI	20260922	ok		5	-9.2	vinardo	kcal/mol (empirical score, not a measured free energy)	28.27	5	0.7047	0.4881	1	1	1	1	1	0.7047	1	1	1.2988	0	genconf	ligand_centred	2026-09-24T11:20:16+08:00
arm	A2_genconf_refbox	vinardo	posebusters	7X5N_5M5	20260922	ok		2	-11.0	vinardo	kcal/mol (empirical score, not a measured free energy)	53.05	5	0.7006	0.584	1	1	1	1	1	0.7006	1	1	0.9292	0	genconf	ligand_centred	2026-09-24T11:20:13+08:00
arm	A2_genconf_refbox	vinardo	posebusters	7XG5_PLP	20260922	ok		5	-7.8	vinardo	kcal/mol (empirical score, not a measured free energy)	17.58	5	0.3541	0.2045	1	1	1	1	1	0.3541	1	1	0.3541	0	genconf	ligand_centred	2026-09-24T11:20:14+08:00
arm	A2_genconf_refbox	vinardo	posebusters	7WKL_CAQ	20260922	ok		5	-7.5	vinardo	kcal/mol (empirical score, not a measured free energy)	4.0	5	2.4108	0.0185	1	0	0	0	0	0.3331	1	1	2.5313	0	genconf	ligand_centred	2026-09-24T11:19:49+08:00
arm	A2_genconf_refbox	vinardo	posebusters	7UTW_NAI	20260922	ok		5	-10.6	vinardo	kcal/mol (empirical score, not a measured free energy)	373.15	5	11.4492	3.5576	0	0	0	0	0	8.2813	0	0	11.4605	0	genconf	ligand_centred	2026-09-24T11:20:07+08:00
arm	A2_genconf_refbox	vinardo	posebusters	7Z1Q_NIO	20260922	ok		5	-5.7	vinardo	kcal/mol (empirical score, not a measured free energy)	5.11	5	9.344	0.4748	1	0	0	0	0	1.9244	1	1	9.3453	0	genconf	ligand_centred	2026-09-24T11:20:24+08:00
arm	A2_genconf_refbox	vinardo	posebusters	7Z2O_IAJ	20260922	ok		4	-8.5	vinardo	kcal/mol (empirical score, not a measured free energy)	8.02	5	3.0058	0.1833	1	0	0	0	0	1.932	1	1	3.0058	0	genconf	ligand_centred	2026-09-24T11:20:27+08:00
arm	A2_genconf_refbox	vinardo	posebusters	7YZU_DO7	20260922	ok		5	-6.4	vinardo	kcal/mol (empirical score, not a measured free energy)	15.65	5	3.8545	0.8942	1	0	0	0	0	1.5362	1	1	3.9327	0	genconf	ligand_centred	2026-09-24T11:20:22+08:00
arm	A2_genconf_refbox	vinardo	posebusters	7XBV_APC	20260922	ok		5	-9.6	vinardo	kcal/mol (empirical score, not a measured free energy)	111.94	5	4.9931	1.5237	1	0	0	0	0	2.4165	0	0	5.0444	0	genconf	ligand_centred	2026-09-24T11:20:27+08:00
arm	A2_genconf_refbox	vinardo	posebusters	7XQZ_FPF	20260922	ok		5	-12.3	vinardo	kcal/mol (empirical score, not a measured free energy)	60.23	5	0.4972	0.4414	1	1	1	1	1	0.4972	1	1	0.8688	0	genconf	ligand_centred	2026-09-24T11:20:27+08:00
arm	A2_genconf_refbox	vinardo	posebusters	7Z7F_IF3	20260922	ok		5	-6.8	vinardo	kcal/mol (empirical score, not a measured free energy)	9.38	5	3.45	0.7603	1	0	0	0	0	3.45	0	0	3.45	0	genconf	ligand_centred	2026-09-24T11:20:34+08:00
arm	A2_genconf_refbox	vinardo	posebusters	7ZOC_T8E	20260922	ok		5	-7.5	vinardo	kcal/mol (empirical score, not a measured free energy)	11.84	5	1.5244	0.8858	1	1	0	1	0	1.5244	1	1	1.9454	0	genconf	ligand_centred	2026-09-24T11:20:37+08:00
arm	A2_genconf_refbox	vinardo	posebusters	7XJN_NSD	20260922	ok		5	-7.2	vinardo	kcal/mol (empirical score, not a measured free energy)	14.33	5	0.8378	0.6825	1	1	1	1	1	0.8378	1	1	6.0965	1	genconf	ligand_centred	2026-09-24T11:20:15+08:00
arm	A2_genconf_refbox	vinardo	posebusters	7ZTL_BCN	20260922	ok		5	-4.7	vinardo	kcal/mol (empirical score, not a measured free energy)	14.39	5	5.3715	1.2333	1	0	0	0	0	4.7336	0	0	5.4516	0	genconf	ligand_centred	2026-09-24T11:20:42+08:00
arm	A2_genconf_refbox	vinardo	posebusters	7ZU2_DHT	20260922	ok		1	-9.6	vinardo	kcal/mol (empirical score, not a measured free energy)	11.61	5	0.1384	0.0804	1	1	1	1	1	0.1384	1	1	0.1384	0	genconf	ligand_centred	2026-09-24T11:20:46+08:00
arm	A2_genconf_refbox	vinardo	posebusters	7XFA_D9J	20260922	ok		5	-7.4	vinardo	kcal/mol (empirical score, not a measured free energy)	125.51	5	7.3841	3.7781	1	0	0	0	0	5.1296	0	0	7.4489	0	genconf	ligand_centred	2026-09-24T11:20:44+08:00
arm	A2_genconf_refbox	vinardo	posebusters	7ZF0_DHR	20260922	ok		5	-5.9	vinardo	kcal/mol (empirical score, not a measured free energy)	6.4	5	4.2902	0.6432	0	0	0	0	0	3.2617	0	0	4.2902	0	genconf	ligand_centred	2026-09-24T11:20:36+08:00
arm	A2_genconf_refbox	vinardo	posebusters	7ZL5_IWE	20260922	ok		5	-7.4	vinardo	kcal/mol (empirical score, not a measured free energy)	37.08	5	0.9794	0.8082	1	1	1	1	1	0.9794	1	1	1.2747	0	genconf	ligand_centred	2026-09-24T11:20:48+08:00
arm	A2_genconf_refbox	vinardo	posebusters	8AEM_LVF	20260922	ok		5	-6.8	vinardo	kcal/mol (empirical score, not a measured free energy)	9.04	5	0.4588	0.1003	1	1	1	1	1	0.4588	1	1	0.4588	0	genconf	ligand_centred	2026-09-24T11:20:57+08:00
arm	A2_genconf_refbox	vinardo	posebusters	7XPO_UPG	20260922	ok		5	-8.8	vinardo	kcal/mol (empirical score, not a measured free energy)	126.38	5	8.5275	3.5443	1	0	0	0	0	8.0272	0	0	8.5307	0	genconf	ligand_centred	2026-09-24T11:20:50+08:00
arm	A2_genconf_refbox	vinardo	posebusters	7ZDY_6MJ	20260922	ok		5	-5.7	vinardo	kcal/mol (empirical score, not a measured free energy)	6.35	5	2.5956	0.4254	1	0	0	0	0	0.5671	1	1	2.5956	0	genconf	ligand_centred	2026-09-24T11:20:31+08:00
arm	A2_genconf_refbox	vinardo	posebusters	8AAU_LH0	20260922	ok		5	-7.6	vinardo	kcal/mol (empirical score, not a measured free energy)	47.47	5	4.9597	1.4084	1	0	0	0	0	0.5667	1	1	4.9949	0	genconf	ligand_centred	2026-09-24T11:21:04+08:00
arm	A2_genconf_refbox	vinardo	posebusters	8A1H_DLZ	20260922	ok		4	-9.8	vinardo	kcal/mol (empirical score, not a measured free energy)	31.44	5	0.7945	0.7634	1	1	1	1	1	0.7945	1	1	0.7945	0	genconf	ligand_centred	2026-09-24T11:20:50+08:00
arm	A2_genconf_refbox	vinardo	posebusters	7XRL_FWK	20260922	ok		5	-7.1	vinardo	kcal/mol (empirical score, not a measured free energy)	17.28	5	7.6191	1.849	1	0	0	0	0	5.7974	0	0	7.6191	0	genconf	ligand_centred	2026-09-24T11:20:20+08:00
arm	A2_genconf_refbox	vinardo	posebusters	8AP0_PRP	20260922	ok		5	-9.1	vinardo	kcal/mol (empirical score, not a measured free energy)	38.04	5	5.5603	2.1667	1	0	0	0	0	5.5603	0	0	5.5794	0	genconf	ligand_centred	2026-09-24T11:21:07+08:00
arm	A2_genconf_refbox	vinardo	posebusters	8AIE_M7L	20260922	ok		5	-10.7	vinardo	kcal/mol (empirical score, not a measured free energy)	56.88	5	6.2742	2.3109	1	0	0	0	0	5.2542	0	0	6.3351	0	genconf	ligand_centred	2026-09-24T11:21:09+08:00
arm	A2_genconf_refbox	vinardo	posebusters	8AUH_L9I	20260922	ok		5	-5.1	vinardo	kcal/mol (empirical score, not a measured free energy)	10.64	5	1.1338	1.0508	1	1	0	1	0	1.1338	1	1	1.1338	0	genconf	ligand_centred	2026-09-24T11:21:10+08:00
arm	A2_genconf_refbox	vinardo	posebusters	7WUX_6OI	20260922	ok		5	-5.7	vinardo	kcal/mol (empirical score, not a measured free energy)	35.6	5	5.4043	2.2479	1	0	0	0	0	2.3617	0	0	5.474	0	genconf	ligand_centred	2026-09-24T11:20:05+08:00
arm	A2_genconf_refbox	vinardo	posebusters	7ZXV_45D	20260922	ok		4	-13.1	vinardo	kcal/mol (empirical score, not a measured free energy)	111.85	5	1.9761	1.4775	1	1	0	1	0	1.9761	1	1	2.0228	1	genconf	ligand_centred	2026-09-24T11:21:11+08:00
arm	A2_genconf_refbox	vinardo	posebusters	8BTI_RFO	20260922	ok		5	-8.7	vinardo	kcal/mol (empirical score, not a measured free energy)	11.7	5	1.5636	0.2408	1	1	0	1	0	1.5636	1	1	1.5636	0	genconf	ligand_centred	2026-09-24T11:21:17+08:00
arm	A2_genconf_refbox	vinardo	posebusters	8AY3_OE3	20260922	ok		5	-8.8	vinardo	kcal/mol (empirical score, not a measured free energy)	51.0	5	0.3356	0.1955	1	1	1	1	1	0.3356	1	1	1.2366	0	genconf	ligand_centred	2026-09-24T11:21:19+08:00
arm	A2_genconf_refbox	vinardo	posebusters	7ZZW_KKW	20260922	ok		5	-8.0	vinardo	kcal/mol (empirical score, not a measured free energy)	51.62	5	12.1521	1.6422	1	0	0	0	0	8.4009	0	0	12.175	0	genconf	ligand_centred	2026-09-24T11:21:02+08:00
arm	A2_genconf_refbox	vinardo	posebusters	8C5M_MTA	20260922	ok		5	-6.4	vinardo	kcal/mol (empirical score, not a measured free energy)	23.87	5	3.513	1.8805	1	0	0	0	0	3.0022	0	0	3.513	0	genconf	ligand_centred	2026-09-24T11:21:21+08:00
arm	A2_genconf_refbox	vinardo	posebusters	8C3N_ADP	20260922	ok		5	-8.2	vinardo	kcal/mol (empirical score, not a measured free energy)	64.96	5	1.7007	0.7506	1	1	0	1	0	1.7007	1	1	1.7814	0	genconf	ligand_centred	2026-09-24T11:21:27+08:00
arm	A2_genconf_refbox	vinardo	posebusters	8D39_QDB	20260922	ok		2	-11.1	vinardo	kcal/mol (empirical score, not a measured free energy)	17.4	5	0.5947	0.1767	1	1	1	1	1	0.5947	1	1	1.5053	0	genconf	ligand_centred	2026-09-24T11:21:32+08:00
arm	A2_genconf_refbox	vinardo	posebusters	8CNH_V6U	20260922	ok		5	-12.4	vinardo	kcal/mol (empirical score, not a measured free energy)	38.43	5	0.2735	0.193	1	1	1	1	1	0.2735	1	1	0.2735	0	genconf	ligand_centred	2026-09-24T11:21:22+08:00
arm	A2_genconf_refbox	vinardo	posebusters	8BOM_QU6	20260922	ok		5	-11.4	vinardo	kcal/mol (empirical score, not a measured free energy)	95.87	5	6.5724	2.88	1	0	0	0	0	5.881	0	0	6.5724	0	genconf	ligand_centred	2026-09-24T11:21:28+08:00
arm	A2_genconf_refbox	vinardo	posebusters	8DKO_TFB	20260922	ok		5	-5.5	vinardo	kcal/mol (empirical score, not a measured free energy)	6.04	5	0.6611	0.4902	1	1	1	1	1	0.6611	1	1	0.6611	0	genconf	ligand_centred	2026-09-24T11:21:34+08:00
arm	A2_genconf_refbox	vinardo	posebusters	8B8H_OJQ	20260922	ok		5	-11.4	vinardo	kcal/mol (empirical score, not a measured free energy)	36.65	5	1.7535	1.3642	1	1	0	1	0	1.5352	1	1	1.9607	0	genconf	ligand_centred	2026-09-24T11:21:19+08:00
arm	A2_genconf_refbox	vinardo	posebusters	8A2D_KXY	20260922	ok		4	-14.6	vinardo	kcal/mol (empirical score, not a measured free energy)	218.39	5	2.1574	1.8537	1	0	0	0	0	1.1038	1	1	2.1792	0	genconf	ligand_centred	2026-09-24T11:21:38+08:00
arm	A2_genconf_refbox	vinardo	posebusters	8DSC_NCA	20260922	ok		5	-6.6	vinardo	kcal/mol (empirical score, not a measured free energy)	6.47	5	3.3611	0.7292	1	0	0	0	0	0.2648	1	1	3.3611	0	genconf	ligand_centred	2026-09-24T11:21:46+08:00
arm	A2_genconf_refbox	vinardo	posebusters	8DHG_T78	20260922	ok		5	-6.8	vinardo	kcal/mol (empirical score, not a measured free energy)	114.29	5	9.505	1.8054	1	0	0	0	0	8.8846	0	0	9.5189	0	genconf	ligand_centred	2026-09-24T11:21:58+08:00
arm	A2_genconf_refbox	vinardo	posebusters	8D19_GSH	20260922	ok		5	-5.6	vinardo	kcal/mol (empirical score, not a measured free energy)	50.16	5	13.3783	2.3582	1	0	0	0	0	9.7687	0	0	13.4002	0	genconf	ligand_centred	2026-09-24T11:21:45+08:00
arm	A2_genconf_refbox	vinardo	posebusters	8AQL_PLG	20260922	ok		5	-8.4	vinardo	kcal/mol (empirical score, not a measured free energy)	40.46	5	0.751	0.579	1	1	1	1	1	0.751	1	1	0.751	0	genconf	ligand_centred	2026-09-24T11:21:12+08:00
arm	A2_genconf_refbox	vinardo	posebusters	8EX2_Q2Q	20260922	ok		5	-8.7	vinardo	kcal/mol (empirical score, not a measured free energy)	27.74	5	0.3636	0.1679	1	1	1	1	1	0.3636	1	1	1.1768	0	genconf	ligand_centred	2026-09-24T11:21:57+08:00
arm	A2_genconf_refbox	vinardo	posebusters	8FAV_4Y5	20260922	ok		2	-17.5	vinardo	kcal/mol (empirical score, not a measured free energy)	72.32	5	0.2625	0.1797	1	1	1	1	1	0.2625	1	1	0.5937	0	genconf	ligand_centred	2026-09-24T11:22:10+08:00
arm	A2_genconf_refbox	vinardo	posebusters	8CSD_C5P	20260922	ok		5	-8.3	vinardo	kcal/mol (empirical score, not a measured free energy)	33.81	5	1.012	0.8092	1	1	0	1	0	1.012	1	1	1.2157	0	genconf	ligand_centred	2026-09-24T11:21:27+08:00
arm	A2_genconf_refbox	vinardo	posebusters	8F8E_XJI	20260922	ok		5	-9.0	vinardo	kcal/mol (empirical score, not a measured free energy)	74.31	5	6.9094	2.8188	1	0	0	0	0	6.9094	0	0	6.9094	0	genconf	ligand_centred	2026-09-24T11:22:04+08:00
arm	A2_genconf_refbox	vinardo	posebusters	8FLV_ZB9	20260922	ok		5	-9.0	vinardo	kcal/mol (empirical score, not a measured free energy)	63.13	5	8.9755	2.3122	1	0	0	0	0	1.7515	1	1	9.124	0	genconf	ligand_centred	2026-09-24T11:22:15+08:00
arm	A2_genconf_refbox	vinardo	posebusters	8EYE_X4I	20260922	ok		5	-12.9	vinardo	kcal/mol (empirical score, not a measured free energy)	75.32	5	1.3072	0.853	0	1	0	0	0	0.7467	1	1	1.5468	0	genconf	ligand_centred	2026-09-24T11:22:03+08:00
arm	A2_genconf_refbox	vinardo	posebusters	8FO5_Y4U	20260922	ok		4	-9.6	vinardo	kcal/mol (empirical score, not a measured free energy)	16.16	5	0.491	0.3005	1	1	1	1	1	0.491	1	1	1.5297	0	genconf	ligand_centred	2026-09-24T11:22:12+08:00
arm	A2_genconf_refbox	vinardo	posebusters	8G6P_API	20260922	ok		5	-5.4	vinardo	kcal/mol (empirical score, not a measured free energy)	18.16	5	1.2364	1.0437	1	1	0	1	0	1.0149	1	1	1.2364	0	genconf	ligand_centred	2026-09-24T11:22:15+08:00
arm	A2_genconf_refbox	vinardo	posebusters	8HFN_XGC	20260922	ok		5	-8.4	vinardo	kcal/mol (empirical score, not a measured free energy)	45.76	5	8.6076	1.6668	1	0	0	0	0	1.4293	1	1	8.6208	0	genconf	ligand_centred	2026-09-24T11:22:22+08:00
arm	A2_genconf_refbox	vinardo	posebusters	8HO0_3ZI	20260922	ok		5	-11.0	vinardo	kcal/mol (empirical score, not a measured free energy)	18.95	5	2.1563	0.7406	1	0	0	0	0	0.9354	1	1	2.1563	0	genconf	ligand_centred	2026-09-24T11:22:22+08:00
arm	A2_genconf_refbox	vinardo	posebusters	8EAB_VN2	20260922	ok		3	-17.7	vinardo	kcal/mol (empirical score, not a measured free energy)	261.87	5	0.6533	0.5896	1	1	1	1	1	0.6533	1	1	1.4332	0	genconf	ligand_centred	2026-09-24T11:22:21+08:00
arm	A2_genconf_refbox	vinardo	posebusters	8GFD_ZHR	20260922	ok		5	-8.0	vinardo	kcal/mol (empirical score, not a measured free energy)	57.56	5	7.0566	2.2755	1	0	0	0	0	3.4915	0	0	7.0566	0	genconf	ligand_centred	2026-09-24T11:22:23+08:00
arm	A4_crossdock	gnina	crossdock	5SAK_ZRY__into__1GVT	20260922	ok		5	-8.01	gnina_cnn:rescore:crossdock_default2018	kcal/mol (empirical score, not a measured free energy)	44.84	4	4.8464	0.7662	1	0	0	0	0	4.8464	0	0	4.8464	0	genconf	partner_ligand	2026-09-24T11:22:34+08:00
arm	A2_genconf_refbox	vinardo	posebusters	7ZCC_OGA	20260922	ok		5	-5.3	vinardo	kcal/mol (empirical score, not a measured free energy)	8.65	5	11.8522	0.774	0	0	0	0	0	2.3017	0	0	11.8988	0	genconf	ligand_centred	2026-09-24T11:20:34+08:00
arm	A2_genconf_refbox	vinardo	posebusters	8SLG_G5A	20260922	ok		5	-11.2	vinardo	kcal/mol (empirical score, not a measured free energy)	52.48	5	0.5365	0.472	1	1	1	1	1	0.5365	1	1	0.741	0	genconf	ligand_centred	2026-09-24T11:22:30+08:00
arm	A2_genconf_refbox	vinardo	posebusters	8DP2_UMA	20260922	ok		5	-7.6	vinardo	kcal/mol (empirical score, not a measured free energy)	394.88	5	10.2681	2.9081	0	0	0	0	0	8.3036	0	0	10.2681	0	genconf	ligand_centred	2026-09-24T11:22:31+08:00
arm	A4_crossdock	gnina	crossdock	5SB2_1K2__into__6FEX	20260922	ok		5	-10.32	gnina_cnn:rescore:crossdock_default2018	kcal/mol (empirical score, not a measured free energy)	91.62	4	1.3067	0.7562	1	1	0	1	0	1.3067	1	1	1.3067	0	genconf	partner_ligand	2026-09-24T11:22:38+08:00
arm	A4_crossdock	gnina	crossdock	6M2B_EZO__into__4OQV	20260922	ok		5	-8.48	gnina_cnn:rescore:crossdock_default2018	kcal/mol (empirical score, not a measured free energy)	86.56	4	14.3116	2.6906	1	0	0	0	0	13.375	0	0	14.3116	0	genconf	partner_ligand	2026-09-24T11:22:42+08:00
arm	A4_crossdock	gnina	crossdock	5SD5_HWI__into__4KLX	20260922	ok		5	-5.5	gnina_cnn:rescore:crossdock_default2018	kcal/mol (empirical score, not a measured free energy)	145.48	4	22.2544	1.8263	1	0	0	0	0	21.2314	0	0	22.2544	0	genconf	partner_ligand	2026-09-24T11:22:50+08:00
arm	A4_crossdock	gnina	crossdock	6T88_MWQ__into__6T85	20260922	ok		5	-5.61	gnina_cnn:rescore:crossdock_default2018	kcal/mol (empirical score, not a measured free energy)	26.45	4	22.6037	0.7283	1	0	0	0	0	22.6037	0	0	22.6037	0	genconf	partner_ligand	2026-09-24T11:22:42+08:00
arm	A2_genconf_refbox	vinardo	posebusters	8D5D_5DK	20260922	ok		5	-8.8	vinardo	kcal/mol (empirical score, not a measured free energy)	86.14	5	7.0693	2.834	1	0	0	0	0	1.4727	1	1	7.0808	0	genconf	ligand_centred	2026-09-24T11:21:57+08:00
arm	A4_crossdock	gnina	crossdock	5SIS_JSM__into__2OUR	20260922	ok		5	-6.78	gnina_cnn:rescore:crossdock_default2018	kcal/mol (empirical score, not a measured free energy)	134.81	4	7.3697	1.9437	1	0	0	0	0	4.5512	0	0	7.4018	0	genconf	partner_ligand	2026-09-24T11:22:44+08:00
arm	A4_crossdock	gnina	crossdock	6WTN_RXT__into__8BXH	20260922	ok		5	-8.3	gnina_cnn:rescore:crossdock_default2018	kcal/mol (empirical score, not a measured free energy)	45.43	4	2.7648	2.3793	1	0	0	0	0	2.1072	0	0	2.7648	0	genconf	partner_ligand	2026-09-24T11:22:50+08:00
arm	A4_crossdock	gnina	crossdock	6XG5_TOP__into__9PWM	20260922	ok		5	-5.14	gnina_cnn:rescore:crossdock_default2018	kcal/mol (empirical score, not a measured free energy)	45.57	4	15.487	1.184	1	0	0	0	0	10.0063	0	0	15.487	0	genconf	partner_ligand	2026-09-24T11:22:56+08:00
arm	A4_crossdock	gnina	crossdock	6YQW_82I__into__6BQA	20260922	ok		5	-4.9	gnina_cnn:rescore:crossdock_default2018	kcal/mol (empirical score, not a measured free energy)	16.32	4	3.061	0.107	1	0	0	0	0	1.304	1	1	3.061	0	genconf	partner_ligand	2026-09-24T11:23:00+08:00
arm	A4_crossdock	gnina	crossdock	6YQV_8K2__into__3RM2	20260922	ok		5	-5.63	gnina_cnn:rescore:crossdock_default2018	kcal/mol (empirical score, not a measured free energy)	16.74	4	0.613	0.1079	1	1	1	1	1	0.613	1	1	0.613	0	genconf	partner_ligand	2026-09-24T11:22:59+08:00
arm	A4_crossdock	gnina	crossdock	6TW7_NZB__into__4C7I	20260922	ok		5	-8.91	gnina_cnn:rescore:crossdock_default2018	kcal/mol (empirical score, not a measured free energy)	88.18	4	15.0175	2.7094	1	0	0	0	0	10.794	0	0	15.0175	0	genconf	partner_ligand	2026-09-24T11:22:55+08:00
arm	A4_crossdock	gnina	crossdock	6Z0R_Q4H__into__6YX3	20260922	ok		5	-4.6	gnina_cnn:rescore:crossdock_default2018	kcal/mol (empirical score, not a measured free energy)	16.13	4	0.5256	0.0402	1	1	1	1	1	0.5256	1	1	0.5256	0	genconf	partner_ligand	2026-09-24T11:23:03+08:00
arm	A4_crossdock	gnina	crossdock	6XCT_478__into__6XCZ	20260922	ok		5	-9.87	gnina_cnn:rescore:crossdock_default2018	kcal/mol (empirical score, not a measured free energy)	173.18	4	9.2539	1.5723	1	0	0	0	0	1.4343	1	1	9.2674	0	genconf	partner_ligand	2026-09-24T11:23:00+08:00
arm	A4_crossdock	gnina	crossdock	6YYO_Q1K__into__9GJ2	20260922	ok		5	-4.84	gnina_cnn:rescore:crossdock_default2018	kcal/mol (empirical score, not a measured free energy)	21.47	4	11.5144	1.0079	1	0	0	0	0	11.4415	0	0	11.5915	0	genconf	partner_ligand	2026-09-24T11:23:02+08:00
arm	A4_crossdock	gnina	crossdock	6VTA_AKN__into__7JZS	20260922	ok		5	-7.3	gnina_cnn:rescore:crossdock_default2018	kcal/mol (empirical score, not a measured free energy)	229.36	4	12.4065	2.8044	1	0	0	0	0	11.5599	0	0	12.4065	0	genconf	partner_ligand	2026-09-24T11:23:02+08:00
arm	A4_crossdock	gnina	crossdock	6YT6_PKE__into__6YOJ	20260922	ok		5	-9.5	gnina_cnn:rescore:crossdock_default2018	kcal/mol (empirical score, not a measured free energy)	98.09	4	46.1899	1.4769	1	0	0	0	0	44.8685	0	0	46.1899	0	genconf	partner_ligand	2026-09-24T11:23:06+08:00
arm	A4_crossdock	gnina	crossdock	6YR2_T1C__into__2XPW	20260922	ok		5	-8.86	gnina_cnn:rescore:crossdock_default2018	kcal/mol (empirical score, not a measured free energy)	154.29	4	27.5492	1.2238	1	0	0	0	0	26.635	0	0	27.5558	0	genconf	partner_ligand	2026-09-24T11:23:06+08:00
arm	A4_crossdock	gnina	crossdock	6XM9_V55__into__6XM7	20260922	ok		5	-2.8	gnina_cnn:rescore:crossdock_default2018	kcal/mol (empirical score, not a measured free energy)	22.82	4	10.1487	0.526	1	0	0	0	0	0.9075	1	1	10.1487	0	genconf	partner_ligand	2026-09-24T11:22:58+08:00
arm	A2_genconf_refbox	vinardo	posebusters	8G0V_YHT	20260922	ok		5	-9.7	vinardo	kcal/mol (empirical score, not a measured free energy)	53.45	5	1.788	1.295	1	1	0	1	0	1.788	1	1	1.788	0	genconf	ligand_centred	2026-09-24T11:22:16+08:00
arm	A4_crossdock	gnina	crossdock	6ZPB_3D1__into__6ZPC	20260922	ok		5	-7.72	gnina_cnn:rescore:crossdock_default2018	kcal/mol (empirical score, not a measured free energy)	31.09	4	0.6464	0.5608	1	1	1	1	1	0.6464	1	1	0.6464	0	genconf	partner_ligand	2026-09-24T11:23:13+08:00
arm	A4_crossdock	gnina	crossdock	6YMS_OZH__into__6Y4I	20260922	ok		5	-6.63	gnina_cnn:rescore:crossdock_default2018	kcal/mol (empirical score, not a measured free energy)	202.82	4	7.6962	2.2209	1	0	0	0	0	7.6962	0	0	7.7447	0	genconf	partner_ligand	2026-09-24T11:23:07+08:00
arm	A4_crossdock	gnina	crossdock	7AFX_R9K__into__6TM9	20260922	ok		5	-6.33	gnina_cnn:rescore:crossdock_default2018	kcal/mol (empirical score, not a measured free energy)	41.07	4	7.5038	0.4462	1	0	0	0	0	0.921	1	1	7.5038	0	genconf	partner_ligand	2026-09-24T11:23:17+08:00
arm	A4_crossdock	gnina	crossdock	6Z14_Q4Z__into__7WDT	20260922	ok		5	-8.49	gnina_cnn:rescore:crossdock_default2018	kcal/mol (empirical score, not a measured free energy)	41.06	4	0.826	0.5642	1	1	1	1	1	0.826	1	1	1.3056	0	genconf	partner_ligand	2026-09-24T11:23:09+08:00
arm	A4_crossdock	gnina	crossdock	6ZAE_ACV__into__1ODM	20260922	ok		5	-6.98	gnina_cnn:rescore:crossdock_default2018	kcal/mol (empirical score, not a measured free energy)	124.68	4	2.12	1.6855	1	0	0	0	0	2.0657	0	0	2.247	0	genconf	partner_ligand	2026-09-24T11:23:18+08:00
arm	A4_crossdock	gnina	crossdock	7A1P_QW2__into__7A1Q	20260922	ok		5	-6.65	gnina_cnn:rescore:crossdock_default2018	kcal/mol (empirical score, not a measured free energy)	48.6	4	1.6956	1.4386	1	1	0	1	0	1.6956	1	1	1.8197	0	genconf	partner_ligand	2026-09-24T11:23:14+08:00
arm	A4_crossdock	gnina	crossdock	7A9E_R4W__into__5N6F	20260922	ok		5	-3.01	gnina_cnn:rescore:crossdock_default2018	kcal/mol (empirical score, not a measured free energy)	38.53	4	21.206	0.1986	1	0	0	0	0	15.0013	0	0	21.206	0	genconf	partner_ligand	2026-09-24T11:23:16+08:00
arm	A4_crossdock	gnina	crossdock	7BJJ_TVW__into__2YEX	20260922	ok		5	-3.84	gnina_cnn:rescore:crossdock_default2018	kcal/mol (empirical score, not a measured free energy)	27.4	4	6.4573	0.0857	1	0	0	0	0	2.8768	0	0	6.4573	0	genconf	partner_ligand	2026-09-24T11:23:25+08:00
arm	A4_crossdock	gnina	crossdock	7AN5_RDH__into__7AN6	20260922	ok		5	-8.1	gnina_cnn:rescore:crossdock_default2018	kcal/mol (empirical score, not a measured free energy)	40.91	4	0.6109	0.2083	1	1	1	1	1	0.6109	1	1	1.2861	0	genconf	partner_ligand	2026-09-24T11:23:25+08:00
arm	A4_crossdock	gnina	crossdock	7BNH_BEZ__into__7BNI	20260922	ok		5	-5.51	gnina_cnn:rescore:crossdock_default2018	kcal/mol (empirical score, not a measured free energy)	16.36	4	3.1871	0.33	1	0	0	0	0	2.2336	0	0	3.4635	0	genconf	partner_ligand	2026-09-24T11:23:29+08:00
arm	A4_crossdock	gnina	crossdock	6ZCY_QF8__into__4YJR	20260922	ok		5	-6.81	gnina_cnn:rescore:crossdock_default2018	kcal/mol (empirical score, not a measured free energy)	133.01	4	9.0286	2.223	1	0	0	0	0	4.9205	0	0	9.0286	0	genconf	partner_ligand	2026-09-24T11:23:22+08:00
arm	A4_crossdock	gnina	crossdock	7BCP_GCO__into__7BBR	20260922	ok		5	-7.84	gnina_cnn:rescore:crossdock_default2018	kcal/mol (empirical score, not a measured free energy)	48.48	4	0.5056	0.4775	1	1	1	1	1	0.5056	1	1	1.0013	0	genconf	partner_ligand	2026-09-24T11:23:26+08:00
arm	A4_crossdock	gnina	crossdock	7AKL_RK5__into__6S14	20260922	ok		5	-9.47	gnina_cnn:rescore:crossdock_default2018	kcal/mol (empirical score, not a measured free energy)	31.51	4	0.6035	0.2294	1	1	1	1	1	0.5676	1	1	0.6035	0	genconf	partner_ligand	2026-09-24T11:23:24+08:00
arm	A4_crossdock	gnina	crossdock	7C3U_AZG__into__4LD2	20260922	ok		5	-4.74	gnina_cnn:rescore:crossdock_default2018	kcal/mol (empirical score, not a measured free energy)	19.89	4	21.4456	0.0474	1	0	0	0	0	21.4456	0	0	21.4456	0	genconf	partner_ligand	2026-09-24T11:23:34+08:00
arm	A4_crossdock	gnina	crossdock	7CD9_FVR__into__9CUX	20260922	ok		5	-7.86	gnina_cnn:rescore:crossdock_default2018	kcal/mol (empirical score, not a measured free energy)	96.49	4	11.8469	1.0392	1	0	0	0	0	10.3341	0	0	11.8818	0	genconf	partner_ligand	2026-09-24T11:23:38+08:00
arm	A4_crossdock	gnina	crossdock	7BMI_U4B__into__6YYX	20260922	ok		5	-6.69	gnina_cnn:rescore:crossdock_default2018	kcal/mol (empirical score, not a measured free energy)	34.61	4	0.6804	0.3814	1	1	1	1	1	0.6804	1	1	0.9859	0	genconf	partner_ligand	2026-09-24T11:23:31+08:00
arm	A4_crossdock	gnina	crossdock	7B94_ANP__into__7B7R	20260922	ok		5	-8.01	gnina_cnn:rescore:crossdock_default2018	kcal/mol (empirical score, not a measured free energy)	166.75	4	10.4661	1.7561	1	0	0	0	0	10.4661	0	0	10.5123	0	genconf	partner_ligand	2026-09-24T11:23:34+08:00
arm	A4_crossdock	gnina	crossdock	7A9H_TPP__into__8OGH	20260922	ok		5	-8.37	gnina_cnn:rescore:crossdock_default2018	kcal/mol (empirical score, not a measured free energy)	111.63	4	2.0838	1.9752	1	0	0	0	0	1.1415	1	1	2.2756	0	genconf	partner_ligand	2026-09-24T11:23:25+08:00
arm	A4_crossdock	gnina	crossdock	7DQL_4CL__into__7P2M	20260922	ok		5	-5.02	gnina_cnn:rescore:crossdock_default2018	kcal/mol (empirical score, not a measured free energy)	22.67	4	42.5291	0.0191	1	0	0	0	0	37.118	0	0	42.5291	0	genconf	partner_ligand	2026-09-24T11:23:47+08:00
arm	A4_crossdock	gnina	crossdock	7CIJ_G0C__into__7CIG	20260922	ok		5	-4.55	gnina_cnn:rescore:crossdock_default2018	kcal/mol (empirical score, not a measured free energy)	65.49	4	27.7325	1.4037	1	0	0	0	0	26.2785	0	0	27.7478	0	genconf	partner_ligand	2026-09-24T11:23:34+08:00
arm	A4_crossdock	gnina	crossdock	7DKT_GLF__into__5O0S	20260922	ok		5	-7.68	gnina_cnn:rescore:crossdock_default2018	kcal/mol (empirical score, not a measured free energy)	29.61	4	2.3871	0.6201	1	0	0	0	0	2.3871	0	0	2.3871	0	genconf	partner_ligand	2026-09-24T11:23:47+08:00
arm	A4_crossdock	gnina	crossdock	7CL8_TES__into__6L69	20260922	ok		5	-5.8	gnina_cnn:rescore:crossdock_default2018	kcal/mol (empirical score, not a measured free energy)	32.93	4	7.9296	0.2944	1	0	0	0	0	6.3456	0	0	7.9296	0	genconf	partner_ligand	2026-09-24T11:23:45+08:00
arm	A4_crossdock	gnina	crossdock	7EBG_J0L__into__2E0A	20260922	ok		5	-6.87	gnina_cnn:rescore:crossdock_default2018	kcal/mol (empirical score, not a measured free energy)	16.95	4	0.3505	0.048	1	1	1	1	1	0.3505	1	1	1.013	0	genconf	partner_ligand	2026-09-24T11:23:49+08:00
arm	A4_crossdock	gnina	crossdock	7CTM_BDP__into__7BR4	20260922	ok		5	-5.25	gnina_cnn:rescore:crossdock_default2018	kcal/mol (empirical score, not a measured free energy)	30.65	4	9.7398	0.1158	1	0	0	0	0	0.6066	1	1	9.7398	0	genconf	partner_ligand	2026-09-24T11:23:46+08:00
arm	A4_crossdock	gnina	crossdock	7DUA_HJ0__into__4CKJ	20260922	ok		5	-7.03	gnina_cnn:rescore:crossdock_default2018	kcal/mol (empirical score, not a measured free energy)	43.32	4	31.9782	1.3626	0	0	0	0	0	31.1798	0	0	31.9786	0	genconf	partner_ligand	2026-09-24T11:23:56+08:00
arm	A4_crossdock	gnina	crossdock	7BTT_F8R__into__4Z55	20260922	ok		5	-8.97	gnina_cnn:rescore:crossdock_default2018	kcal/mol (empirical score, not a measured free energy)	218.93	4	1.0266	0.5648	1	1	0	1	0	1.0266	1	1	1.2506	0	genconf	partner_ligand	2026-09-24T11:23:57+08:00
arm	A4_crossdock	gnina	crossdock	7ES1_UDP__into__7ES0	20260922	ok		5	-7.89	gnina_cnn:rescore:crossdock_default2018	kcal/mol (empirical score, not a measured free energy)	56.3	4	15.1385	2.3992	1	0	0	0	0	13.258	0	0	15.1385	0	genconf	partner_ligand	2026-09-24T11:24:02+08:00
arm	A4_crossdock	gnina	crossdock	7ED2_A3P__into__7ED1	20260922	ok		5	-9.86	gnina_cnn:rescore:crossdock_default2018	kcal/mol (empirical score, not a measured free energy)	74.25	4	16.4306	2.0535	1	0	0	0	0	16.2166	0	0	16.4565	0	genconf	partner_ligand	2026-09-24T11:24:00+08:00
arm	A4_crossdock	gnina	crossdock	7F5D_EUO__into__8AG2	20260922	ok		5	-6.84	gnina_cnn:rescore:crossdock_default2018	kcal/mol (empirical score, not a measured free energy)	31.14	4	4.0486	1.3514	1	0	0	0	0	4.0486	0	0	4.0879	0	genconf	partner_ligand	2026-09-24T11:24:05+08:00
arm	A4_crossdock	gnina	crossdock	7JG0_GAR__into__4ZZ1	20260922	ok		5	-3.55	gnina_cnn:rescore:crossdock_default2018	kcal/mol (empirical score, not a measured free energy)	49.43	4	20.5966	1.4006	1	0	0	0	0	6.5781	0	0	20.6153	0	genconf	partner_ligand	2026-09-24T11:24:09+08:00
arm	A4_crossdock	gnina	crossdock	7ELT_TYM__into__7EV2	20260922	ok		5	-11.82	gnina_cnn:rescore:crossdock_default2018	kcal/mol (empirical score, not a measured free energy)	152.84	4	5.8347	2.5218	1	0	0	0	0	5.8347	0	0	5.8347	0	genconf	partner_ligand	2026-09-24T11:24:07+08:00
arm	A4_crossdock	gnina	crossdock	7D5C_GV6__into__9WQT	20260922	ok		5	-9.2	gnina_cnn:rescore:crossdock_default2018	kcal/mol (empirical score, not a measured free energy)	138.6	4	14.0496	2.529	1	0	0	0	0	7.0098	0	0	14.0501	0	genconf	partner_ligand	2026-09-24T11:23:58+08:00
arm	A4_crossdock	gnina	crossdock	7ECR_SIN__into__7ECS	20260922	ok		5	-4.38	gnina_cnn:rescore:crossdock_default2018	kcal/mol (empirical score, not a measured free energy)	15.3	4	53.632	0.783	1	0	0	0	0	36.361	0	0	53.6362	0	genconf	partner_ligand	2026-09-24T11:23:54+08:00
arm	A4_crossdock	gnina	crossdock	7KM8_WPD__into__6UWW	20260922	ok		5	-5.37	gnina_cnn:rescore:crossdock_default2018	kcal/mol (empirical score, not a measured free energy)	125.14	4	20.7152	2.1806	1	0	0	0	0	16.6843	0	0	20.7152	0	genconf	partner_ligand	2026-09-24T11:24:17+08:00
arm	A4_crossdock	gnina	crossdock	7F51_BA7__into__1Q1A	20260922	ok		5	-12.93	gnina_cnn:rescore:crossdock_default2018	kcal/mol (empirical score, not a measured free energy)	258.4	4	2.98	1.6483	1	0	0	0	0	2.98	0	0	2.98	0	genconf	partner_ligand	2026-09-24T11:24:14+08:00
arm	A4_crossdock	gnina	crossdock	7KC5_BJZ__into__2ICA	20260922	ok		5	-9.93	gnina_cnn:rescore:crossdock_default2018	kcal/mol (empirical score, not a measured free energy)	107.29	4	50.577	0.8452	1	0	0	0	0	50.577	0	0	50.577	0	genconf	partner_ligand	2026-09-24T11:24:17+08:00
arm	A4_crossdock	gnina	crossdock	7L5F_XNG__into__3DHA	20260922	ok		5	-6.08	gnina_cnn:rescore:crossdock_default2018	kcal/mol (empirical score, not a measured free energy)	85.6	4	2.9147	1.7836	1	0	0	0	0	2.6194	0	0	2.9147	0	genconf	partner_ligand	2026-09-24T11:24:22+08:00
arm	A4_crossdock	gnina	crossdock	7L7C_XQ1__into__8DN0	20260922	ok		5	-7.53	gnina_cnn:rescore:crossdock_default2018	kcal/mol (empirical score, not a measured free energy)	42.9	4	2.6306	1.5824	1	0	0	0	0	2.4064	0	0	2.638	0	genconf	partner_ligand	2026-09-24T11:24:21+08:00
arm	A4_crossdock	gnina	crossdock	7L03_F9F__into__7LKL	20260922	ok		5	1.24	gnina_cnn:rescore:crossdock_default2018	kcal/mol (empirical score, not a measured free energy)	88.03	4	39.5425	1.2992	1	0	0	0	0	37.7405	0	0	39.5598	0	genconf	partner_ligand	2026-09-24T11:24:19+08:00
arm	A4_crossdock	gnina	crossdock	7EPV_FDA__into__9HJW	20260922	ok		5	-11.99	gnina_cnn:rescore:crossdock_default2018	kcal/mol (empirical score, not a measured free energy)	481.33	4	20.0634	3.3575	1	0	0	0	0	20.0634	0	0	20.0682	0	genconf	partner_ligand	2026-09-24T11:24:21+08:00
arm	A4_crossdock	gnina	crossdock	7LEV_0JO__into__7LKL	20260922	ok		5	-4.98	gnina_cnn:rescore:crossdock_default2018	kcal/mol (empirical score, not a measured free energy)	67.67	4	34.666	1.2819	1	0	0	0	0	29.3398	0	0	34.6689	0	genconf	partner_ligand	2026-09-24T11:24:25+08:00
arm	A4_crossdock	gnina	crossdock	7LT0_ONJ__into__3T10	20260922	ok		5	-8.71	gnina_cnn:rescore:crossdock_default2018	kcal/mol (empirical score, not a measured free energy)	62.04	4	2.9347	2.0837	1	0	0	0	0	2.9347	0	0	3.1386	0	genconf	partner_ligand	2026-09-24T11:24:27+08:00
arm	A4_crossdock	gnina	crossdock	7LZD_YHY__into__5JLB	20260922	ok		5	-8.78	gnina_cnn:rescore:crossdock_default2018	kcal/mol (empirical score, not a measured free energy)	65.75	4	13.1614	1.4512	1	0	0	0	0	10.2942	0	0	13.1614	0	genconf	partner_ligand	2026-09-24T11:24:29+08:00
arm	A4_crossdock	gnina	crossdock	7MGT_ZD4__into__4XDU	20260922	ok		5	-9.05	gnina_cnn:rescore:crossdock_default2018	kcal/mol (empirical score, not a measured free energy)	124.17	4	1.0849	0.9407	1	1	0	1	0	1.0849	1	1	1.0849	0	genconf	partner_ligand	2026-09-24T11:24:35+08:00
arm	A4_crossdock	gnina	crossdock	7LCU_XTA__into__7QY1	20260922	ok		5	-10.27	gnina_cnn:rescore:crossdock_default2018	kcal/mol (empirical score, not a measured free energy)	193.44	4	1.4694	1.0993	1	1	0	1	0	1.3024	1	1	1.6907	0	genconf	partner_ligand	2026-09-24T11:24:33+08:00
arm	A4_crossdock	gnina	crossdock	7MOI_HPS__into__7MOE	20260922	ok		5	-6.19	gnina_cnn:rescore:crossdock_default2018	kcal/mol (empirical score, not a measured free energy)	34.96	4	1.1446	0.2103	1	1	0	1	0	1.1446	1	1	2.2095	1	genconf	partner_ligand	2026-09-24T11:24:46+08:00
arm	A4_crossdock	gnina	crossdock	7MWU_ZPM__into__7MWV	20260922	ok		5	-4.41	gnina_cnn:rescore:crossdock_default2018	kcal/mol (empirical score, not a measured free energy)	27.27	4	13.2946	0.4368	1	0	0	0	0	4.9686	0	0	13.2946	0	genconf	partner_ligand	2026-09-24T11:24:49+08:00
arm	A4_crossdock	gnina	crossdock	7F8T_FAD__into__4CDN	20260922	ok		5	2.74	gnina_cnn:rescore:crossdock_default2018	kcal/mol (empirical score, not a measured free energy)	571.14	4	18.743	3.9892	0	0	0	0	0	17.8321	0	0	18.745	0	genconf	partner_ligand	2026-09-24T11:24:35+08:00
arm	A4_crossdock	gnina	crossdock	7MYU_ZR7__into__3VF3	20260922	ok		5	-6.52	gnina_cnn:rescore:crossdock_default2018	kcal/mol (empirical score, not a measured free energy)	109.05	4	13.5182	1.4267	1	0	0	0	0	7.5511	0	0	13.5182	0	genconf	partner_ligand	2026-09-24T11:24:50+08:00
arm	A4_crossdock	gnina	crossdock	7MGY_ZD1__into__7MEL	20260922	ok		5	-11.4	gnina_cnn:rescore:crossdock_default2018	kcal/mol (empirical score, not a measured free energy)	85.59	4	1.0316	0.844	1	1	0	1	0	1.0316	1	1	1.0316	0	genconf	partner_ligand	2026-09-24T11:24:37+08:00
arm	A4_crossdock	gnina	crossdock	7N4N_0BK__into__7D5B	20260922	ok		5	-8.6	gnina_cnn:rescore:crossdock_default2018	kcal/mol (empirical score, not a measured free energy)	88.37	4	3.6698	2.4011	1	0	0	0	0	3.6698	0	0	3.6698	0	genconf	partner_ligand	2026-09-24T11:24:55+08:00
arm	A4_crossdock	gnina	crossdock	7N03_ZRP__into__5WS7	20260922	ok		5	-6.19	gnina_cnn:rescore:crossdock_default2018	kcal/mol (empirical score, not a measured free energy)	106.67	4	9.9898	2.3209	1	0	0	0	0	7.9894	0	0	10.03	0	genconf	partner_ligand	2026-09-24T11:24:56+08:00
arm	A4_crossdock	gnina	crossdock	7N6F_0I1__into__3MDM	20260922	ok		5	-6.46	gnina_cnn:rescore:crossdock_default2018	kcal/mol (empirical score, not a measured free energy)	71.69	4	9.7432	1.3218	1	0	0	0	0	9.4144	0	0	9.7489	0	genconf	partner_ligand	2026-09-24T11:25:00+08:00
arm	A4_crossdock	gnina	crossdock	7NGW_UAW__into__7NGG	20260922	ok		5	-4.32	gnina_cnn:rescore:crossdock_default2018	kcal/mol (empirical score, not a measured free energy)	27.55	4	14.1152	0.5685	1	0	0	0	0	13.6365	0	0	14.1275	0	genconf	partner_ligand	2026-09-24T11:25:08+08:00
arm	A4_crossdock	gnina	crossdock	7N7B_T3F__into__7N7C	20260922	ok		5	-11.49	gnina_cnn:rescore:crossdock_default2018	kcal/mol (empirical score, not a measured free energy)	159.93	4	1.7431	1.0718	0	1	0	0	0	1.7431	1	0	1.7431	0	genconf	partner_ligand	2026-09-24T11:25:04+08:00
arm	A4_crossdock	gnina	crossdock	7NLV_UJE__into__2F01	20260922	ok		5	-8.01	gnina_cnn:rescore:crossdock_default2018	kcal/mol (empirical score, not a measured free energy)	55.43	4	20.5856	1.2185	1	0	0	0	0	19.7889	0	0	20.5856	0	genconf	partner_ligand	2026-09-24T11:25:13+08:00
arm	A2_genconf_refbox	gnina	posebusters	8F4J_PHO	20260922	ok		5	20.24	gnina_cnn:rescore:crossdock_default2018	kcal/mol (empirical score, not a measured free energy)	424.61	4	9.4863	4.2713	0	0	0	0	0	7.3889	0	0	9.4863	0	genconf	ligand_centred	2026-09-24T10:37:44+08:00
arm	A4_crossdock	gnina	crossdock	7NP6_UK8__into__7NPC	20260922	ok		5	-13.62	gnina_cnn:rescore:crossdock_default2018	kcal/mol (empirical score, not a measured free energy)	147.19	4	0.2804	0.226	1	1	1	1	1	0.2804	1	1	1.3382	0	genconf	partner_ligand	2026-09-24T11:25:18+08:00
arm	A4_crossdock	gnina	crossdock	7NF3_4LU__into__4ZA9	20260922	ok		5	-12.26	gnina_cnn:rescore:crossdock_default2018	kcal/mol (empirical score, not a measured free energy)	121.52	4	1.2956	1.0837	1	1	0	1	0	1.2956	1	1	1.5061	0	genconf	partner_ligand	2026-09-24T11:25:10+08:00
arm	A4_crossdock	gnina	crossdock	7B2C_TP7__into__7B1S	20260922	ok		5	-6.61	gnina_cnn:rescore:crossdock_default2018	kcal/mol (empirical score, not a measured free energy)	112.43	4	16.6078	1.608	1	0	0	0	0	15.6312	0	0	16.6226	0	genconf	partner_ligand	2026-09-24T11:23:31+08:00
arm	A4_crossdock	gnina	crossdock	7NU0_DCL__into__7NTZ	20260922	ok		5	-4.87	gnina_cnn:rescore:crossdock_default2018	kcal/mol (empirical score, not a measured free energy)	18.83	4	1.0533	0.8237	1	1	0	1	0	1.0533	1	1	1.0533	0	genconf	partner_ligand	2026-09-24T11:25:15+08:00
arm	A4_crossdock	gnina	crossdock	7NF0_BYN__into__7NF2	20260922	ok		5	-10.15	gnina_cnn:rescore:crossdock_default2018	kcal/mol (empirical score, not a measured free energy)	130.73	4	49.2841	1.214	1	0	0	0	0	48.1601	0	0	49.2852	0	genconf	partner_ligand	2026-09-24T11:25:04+08:00
arm	A4_crossdock	gnina	crossdock	7O1T_5X8__into__5FEW	20260922	ok		5	-4.14	gnina_cnn:rescore:crossdock_default2018	kcal/mol (empirical score, not a measured free energy)	80.17	4	30.6253	1.7289	1	0	0	0	0	29.2947	0	0	30.6305	0	genconf	partner_ligand	2026-09-24T11:25:24+08:00
arm	A4_crossdock	gnina	crossdock	7O0N_CDP__into__7BNR	20260922	ok		5	-11.77	gnina_cnn:rescore:crossdock_default2018	kcal/mol (empirical score, not a measured free energy)	82.25	4	12.8259	1.4047	1	0	0	0	0	1.5385	1	1	12.8273	0	genconf	partner_ligand	2026-09-24T11:25:24+08:00
arm	A4_crossdock	gnina	crossdock	7NXO_UU8__into__7NWA	20260922	ok		5	-7.17	gnina_cnn:rescore:crossdock_default2018	kcal/mol (empirical score, not a measured free energy)	98.96	4	9.2371	2.5817	0	0	0	0	0	9.2371	0	0	9.2626	0	genconf	partner_ligand	2026-09-24T11:25:19+08:00
arm	A4_crossdock	gnina	crossdock	7OPG_06N__into__6FT8	20260922	ok		5	-9.22	gnina_cnn:rescore:crossdock_default2018	kcal/mol (empirical score, not a measured free energy)	34.83	4	1.0836	0.6092	1	1	0	1	0	1.0836	1	1	1.5163	0	genconf	partner_ligand	2026-09-24T11:25:37+08:00
arm	A4_crossdock	gnina	crossdock	7P1F_KFN__into__7P1E	20260922	ok		5	-8.16	gnina_cnn:rescore:crossdock_default2018	kcal/mol (empirical score, not a measured free energy)	37.63	4	46.7411	1.2182	1	0	0	0	0	43.3219	0	0	46.7435	0	genconf	partner_ligand	2026-09-24T11:25:38+08:00
arm	A4_crossdock	gnina	crossdock	7NR8_UOE__into__8AOJ	20260922	ok		5	-7.44	gnina_cnn:rescore:crossdock_default2018	kcal/mol (empirical score, not a measured free energy)	243.37	4	12.1736	3.0281	1	0	0	0	0	7.5214	0	0	12.1747	0	genconf	partner_ligand	2026-09-24T11:25:27+08:00
arm	A4_crossdock	gnina	crossdock	7P2I_MFU__into__6Z5Z	20260922	ok		5	-4.21	gnina_cnn:rescore:crossdock_default2018	kcal/mol (empirical score, not a measured free energy)	20.42	4	30.6003	0.2011	1	0	0	0	0	30.0568	0	0	30.6003	0	genconf	partner_ligand	2026-09-24T11:25:42+08:00
arm	A4_crossdock	gnina	crossdock	7OFF_VCB__into__9HWQ	20260922	ok		5	-9.77	gnina_cnn:rescore:crossdock_default2018	kcal/mol (empirical score, not a measured free energy)	71.49	4	2.6596	0.4242	1	0	0	0	0	2.6596	0	0	2.6596	0	genconf	partner_ligand	2026-09-24T11:25:36+08:00
arm	A4_crossdock	gnina	crossdock	7OFK_VCH__into__7NPC	20260922	ok		5	-4.77	gnina_cnn:rescore:crossdock_default2018	kcal/mol (empirical score, not a measured free energy)	139.94	4	22.1503	1.5382	1	0	0	0	0	16.7187	0	0	22.1857	0	genconf	partner_ligand	2026-09-24T11:25:44+08:00
arm	A4_crossdock	gnina	crossdock	7OEO_V9Z__into__4Z93	20260922	ok		5	-8.55	gnina_cnn:rescore:crossdock_default2018	kcal/mol (empirical score, not a measured free energy)	140.03	4	1.2034	0.8269	1	1	0	1	0	1.1481	1	1	3.7252	1	genconf	partner_ligand	2026-09-24T11:25:43+08:00
arm	A4_crossdock	gnina	crossdock	7P4C_5OV__into__4BA0	20260922	ok		5	-5.54	gnina_cnn:rescore:crossdock_default2018	kcal/mol (empirical score, not a measured free energy)	25.28	4	11.0855	0.2478	1	0	0	0	0	7.7373	0	0	11.1083	0	genconf	partner_ligand	2026-09-24T11:25:43+08:00
arm	A4_crossdock	gnina	crossdock	7P1M_4IU__into__9FYJ	20260922	ok		5	-5.51	gnina_cnn:rescore:crossdock_default2018	kcal/mol (empirical score, not a measured free energy)	70.3	4	47.4734	1.366	1	0	0	0	0	46.9036	0	0	47.4759	0	genconf	partner_ligand	2026-09-24T11:25:46+08:00
arm	A4_crossdock	gnina	crossdock	7OP9_06K__into__6F4X	20260922	ok		5	-5.65	gnina_cnn:rescore:crossdock_default2018	kcal/mol (empirical score, not a measured free energy)	16.82	4	69.3681	0.0599	1	0	0	0	0	68.1232	0	0	69.3681	0	genconf	partner_ligand	2026-09-24T11:25:32+08:00
arm	A4_crossdock	gnina	crossdock	7PL1_SFG__into__9RYL	20260922	ok		5	-7.27	gnina_cnn:rescore:crossdock_default2018	kcal/mol (empirical score, not a measured free energy)	93.9	4	3.0302	1.4964	1	0	0	0	0	3.0302	0	0	3.0619	0	genconf	partner_ligand	2026-09-24T11:25:56+08:00
arm	A4_crossdock	gnina	crossdock	7PIH_7QW__into__5N1F	20260922	ok		5	-8.48	gnina_cnn:rescore:crossdock_default2018	kcal/mol (empirical score, not a measured free energy)	58.42	4	4.9676	1.1501	1	0	0	0	0	1.9473	1	1	4.9676	0	genconf	partner_ligand	2026-09-24T11:25:51+08:00
arm	A4_crossdock	gnina	crossdock	7P5T_5YG__into__7QJL	20260922	ok		5	-7.48	gnina_cnn:rescore:crossdock_default2018	kcal/mol (empirical score, not a measured free energy)	61.19	4	11.1214	1.5938	1	0	0	0	0	11.1214	0	0	11.1534	0	genconf	partner_ligand	2026-09-24T11:25:50+08:00
arm	A4_crossdock	gnina	crossdock	7PRI_7TI__into__7BM4	20260922	ok		5	-6.05	gnina_cnn:rescore:crossdock_default2018	kcal/mol (empirical score, not a measured free energy)	48.52	4	2.7653	1.5709	1	0	0	0	0	2.7653	0	0	2.7912	0	genconf	partner_ligand	2026-09-24T11:25:56+08:00
arm	A4_crossdock	gnina	crossdock	7Q2B_M6H__into__7Q2H	20260922	ok		5	-5.48	gnina_cnn:rescore:crossdock_default2018	kcal/mol (empirical score, not a measured free energy)	24.62	4	8.2657	0.4442	1	0	0	0	0	3.3317	0	0	8.3724	0	genconf	partner_ligand	2026-09-24T11:26:02+08:00
arm	A4_crossdock	gnina	crossdock	7PRM_81I__into__9F8D	20260922	ok		5	-10.62	gnina_cnn:rescore:crossdock_default2018	kcal/mol (empirical score, not a measured free energy)	85.97	4	7.5297	1.7638	1	0	0	0	0	6.2388	0	0	7.5426	0	genconf	partner_ligand	2026-09-24T11:26:02+08:00
arm	A4_crossdock	gnina	crossdock	7MSR_DCA__into__6WCV	20260922	ok		5	-8.39	gnina_cnn:rescore:crossdock_default2018	kcal/mol (empirical score, not a measured free energy)	507.56	4	2.4627	1.9206	1	0	0	0	0	1.9064	1	1	2.5075	0	genconf	partner_ligand	2026-09-24T11:25:23+08:00
arm	A4_crossdock	gnina	crossdock	7QFM_AY3__into__3A99	20260922	ok		5	-8.36	gnina_cnn:rescore:crossdock_default2018	kcal/mol (empirical score, not a measured free energy)	34.83	4	3.1203	0.4727	1	0	0	0	0	0.3971	1	1	3.1203	0	genconf	partner_ligand	2026-09-24T11:26:04+08:00
arm	A4_crossdock	gnina	crossdock	7QTA_URI__into__5FBF	20260922	ok		5	-5.8	gnina_cnn:rescore:crossdock_default2018	kcal/mol (empirical score, not a measured free energy)	26.69	4	39.1117	0.8843	1	0	0	0	0	36.1948	0	0	39.1117	0	genconf	partner_ligand	2026-09-24T11:26:09+08:00
arm	A4_crossdock	gnina	crossdock	7Q5I_I0F__into__2GJ4	20260922	ok		5	-4.98	gnina_cnn:rescore:crossdock_default2018	kcal/mol (empirical score, not a measured free energy)	65.05	4	32.3272	1.5491	1	0	0	0	0	31.7122	0	0	32.3344	0	genconf	partner_ligand	2026-09-24T11:26:02+08:00
arm	A4_crossdock	gnina	crossdock	7R7R_AWJ__into__4Z55	20260922	ok		5	-9.2	gnina_cnn:rescore:crossdock_default2018	kcal/mol (empirical score, not a measured free energy)	111.3	4	0.8913	0.7061	1	1	1	1	1	0.8913	1	1	0.8913	0	genconf	partner_ligand	2026-09-24T11:26:12+08:00
arm	A4_crossdock	gnina	crossdock	7R59_I5F__into__4ZZX	20260922	ok		5	-7.75	gnina_cnn:rescore:crossdock_default2018	kcal/mol (empirical score, not a measured free energy)	22.47	4	0.5212	0.0632	1	1	1	1	1	0.5212	1	1	0.5212	0	genconf	partner_ligand	2026-09-24T11:26:09+08:00
arm	A4_crossdock	gnina	crossdock	7QPP_VDX__into__3B0T	20260922	ok		5	-12.98	gnina_cnn:rescore:crossdock_default2018	kcal/mol (empirical score, not a measured free energy)	96.27	4	0.9902	0.7842	1	1	1	1	1	0.9902	1	1	1.1614	0	genconf	partner_ligand	2026-09-24T11:26:11+08:00
arm	A2_genconf_refbox	vinardo	posebusters	7SUC_COM	20260922	ok		5	-4.9	vinardo	kcal/mol (empirical score, not a measured free energy)	6.59	5	3.8951	0.3813	1	0	0	0	0	0.7509	1	1	4.0021	0	genconf	ligand_centred	2026-09-24T11:17:42+08:00
arm	A4_crossdock	gnina	crossdock	7RKW_5TV__into__5TL8	20260922	ok		5	-10.09	gnina_cnn:rescore:crossdock_default2018	kcal/mol (empirical score, not a measured free energy)	63.32	4	6.4795	1.5193	1	0	0	0	0	6.4795	0	0	6.5017	0	genconf	partner_ligand	2026-09-24T11:26:21+08:00
arm	A4_crossdock	gnina	crossdock	7RH3_59O__into__9RR6	20260922	ok		5	-7.23	gnina_cnn:rescore:crossdock_default2018	kcal/mol (empirical score, not a measured free energy)	150.0	4	0.7649	0.6837	1	1	1	1	1	0.7649	1	1	1.117	0	genconf	partner_ligand	2026-09-24T11:26:26+08:00
arm	A4_crossdock	gnina	crossdock	7QHG_T3B__into__5NXD	20260922	ok		5	-11.92	gnina_cnn:rescore:crossdock_default2018	kcal/mol (empirical score, not a measured free energy)	235.56	4	35.2552	0.5027	1	0	0	0	0	34.2634	0	0	35.2615	0	genconf	partner_ligand	2026-09-24T11:26:21+08:00
arm	A4_crossdock	gnina	crossdock	7RZL_NPO__into__7LDQ	20260922	ok		5	-3.05	gnina_cnn:rescore:crossdock_default2018	kcal/mol (empirical score, not a measured free energy)	23.59	4	16.5283	0.4893	1	0	0	0	0	4.527	0	0	16.5363	0	genconf	partner_ligand	2026-09-24T11:26:31+08:00
arm	A4_crossdock	gnina	crossdock	7Q25_8J9__into__6H5W	20260922	ok		5	-9.27	gnina_cnn:rescore:crossdock_default2018	kcal/mol (empirical score, not a measured free energy)	187.2	4	53.7975	1.2751	1	0	0	0	0	53.7975	0	0	53.8012	0	genconf	partner_ligand	2026-09-24T11:26:03+08:00
arm	A4_crossdock	gnina	crossdock	7SCW_GSP__into__12XE	20260922	ok		5	-10.57	gnina_cnn:rescore:crossdock_default2018	kcal/mol (empirical score, not a measured free energy)	132.64	4	17.2129	2.198	1	0	0	0	0	11.6484	0	0	17.2211	0	genconf	partner_ligand	2026-09-24T11:26:34+08:00
arm	A4_crossdock	gnina	crossdock	7RNI_60I__into__3E33	20260922	ok		5	-8.97	gnina_cnn:rescore:crossdock_default2018	kcal/mol (empirical score, not a measured free energy)	79.34	4	5.4823	2.9564	1	0	0	0	0	4.8525	0	0	5.5556	0	genconf	partner_ligand	2026-09-24T11:26:23+08:00
arm	A4_crossdock	gnina	crossdock	7Q27_8KC__into__6H5W	20260922	ok		5	-8.64	gnina_cnn:rescore:crossdock_default2018	kcal/mol (empirical score, not a measured free energy)	194.5	4	3.8987	2.6264	1	0	0	0	0	3.8987	0	0	3.9311	0	genconf	partner_ligand	2026-09-24T11:26:06+08:00
arm	A4_crossdock	gnina	crossdock	7ROR_69X__into__9CLL	20260922	ok		5	-12.16	gnina_cnn:rescore:crossdock_default2018	kcal/mol (empirical score, not a measured free energy)	190.53	4	2.5726	1.7915	1	0	0	0	0	2.0616	0	0	2.7005	0	genconf	partner_ligand	2026-09-24T11:26:34+08:00
arm	A4_crossdock	gnina	crossdock	7ROU_66I__into__1Q11	20260922	ok		5	-11.11	gnina_cnn:rescore:crossdock_default2018	kcal/mol (empirical score, not a measured free energy)	258.51	4	3.4578	3.0914	1	0	0	0	0	1.3785	1	1	3.5033	0	genconf	partner_ligand	2026-09-24T11:26:39+08:00
arm	A4_crossdock	gnina	crossdock	7RSV_7IQ__into__7RSP	20260922	ok		5	-7.51	gnina_cnn:rescore:crossdock_default2018	kcal/mol (empirical score, not a measured free energy)	27.63	4	1.8075	1.577	1	1	0	1	0	1.8075	1	1	1.8075	0	genconf	partner_ligand	2026-09-24T11:26:30+08:00
arm	A4_crossdock	gnina	crossdock	7SDD_4IP__into__7SDB	20260922	ok		5	-7.11	gnina_cnn:rescore:crossdock_default2018	kcal/mol (empirical score, not a measured free energy)	109.46	4	3.4923	1.5958	1	0	0	0	0	3.2537	0	0	3.7123	0	genconf	partner_ligand	2026-09-24T11:26:39+08:00
arm	A4_crossdock	gnina	crossdock	7THI_PGA__into__2HHJ	20260922	ok		5	-5.95	gnina_cnn:rescore:crossdock_default2018	kcal/mol (empirical score, not a measured free energy)	23.51	4	43.7506	0.9639	1	0	0	0	0	43.7506	0	0	43.7506	0	genconf	partner_ligand	2026-09-24T11:26:49+08:00
arm	A4_crossdock	gnina	crossdock	7SFO_98L__into__5DXE	20260922	ok		5	-8.33	gnina_cnn:rescore:crossdock_default2018	kcal/mol (empirical score, not a measured free energy)	101.88	4	4.912	0.8916	1	0	0	0	0	2.1898	0	0	4.912	0	genconf	partner_ligand	2026-09-24T11:26:48+08:00
arm	A4_crossdock	gnina	crossdock	7R6J_2I7__into__8EPR	20260922	ok		5	-8.34	gnina_cnn:rescore:crossdock_default2018	kcal/mol (empirical score, not a measured free energy)	113.27	4	44.2025	2.3368	1	0	0	0	0	41.8553	0	0	44.2039	0	genconf	partner_ligand	2026-09-24T11:26:18+08:00
arm	A4_crossdock	gnina	crossdock	7TM6_GPJ__into__7TM5	20260922	ok		5	-5.89	gnina_cnn:rescore:crossdock_default2018	kcal/mol (empirical score, not a measured free energy)	26.96	4	5.9451	0.7045	1	0	0	0	0	5.9451	0	0	5.9857	0	genconf	partner_ligand	2026-09-24T11:26:53+08:00
arm	A4_crossdock	gnina	crossdock	7TOM_5AD__into__7TOL	20260922	ok		5	-6.67	gnina_cnn:rescore:crossdock_default2018	kcal/mol (empirical score, not a measured free energy)	35.97	4	20.3521	1.0524	1	0	0	0	0	12.159	0	0	20.3521	0	genconf	partner_ligand	2026-09-24T11:26:56+08:00
arm	A4_crossdock	gnina	crossdock	7T1D_E7K__into__9S1Z	20260922	ok		5	-7.91	gnina_cnn:rescore:crossdock_default2018	kcal/mol (empirical score, not a measured free energy)	122.66	4	31.3417	2.0507	1	0	0	0	0	26.2138	0	0	31.3417	0	genconf	partner_ligand	2026-09-24T11:26:56+08:00
arm	A4_crossdock	gnina	crossdock	7T0D_FPP__into__7T08	20260922	ok		5	-6.62	gnina_cnn:rescore:crossdock_default2018	kcal/mol (empirical score, not a measured free energy)	125.46	4	7.6865	2.2327	1	0	0	0	0	6.3374	0	0	7.7294	0	genconf	partner_ligand	2026-09-24T11:26:54+08:00
arm	A4_crossdock	gnina	crossdock	7PT3_3KK__into__9QZ6	20260922	ok		5	-9.03	gnina_cnn:rescore:crossdock_default2018	kcal/mol (empirical score, not a measured free energy)	818.07	4	4.6157	2.9653	1	0	0	0	0	1.3588	1	1	4.6537	0	genconf	partner_ligand	2026-09-24T11:26:42+08:00
arm	A4_crossdock	gnina	crossdock	7TH4_FFO__into__3APT	20260922	ok		5	-9.99	gnina_cnn:rescore:crossdock_default2018	kcal/mol (empirical score, not a measured free energy)	159.04	4	49.0344	2.7804	1	0	0	0	0	48.798	0	0	49.0363	0	genconf	partner_ligand	2026-09-24T11:27:07+08:00
arm	A4_crossdock	gnina	crossdock	7TSF_H4B__into__4FVY	20260922	ok		5	-5.98	gnina_cnn:rescore:crossdock_default2018	kcal/mol (empirical score, not a measured free energy)	39.61	4	25.1602	1.4422	1	0	0	0	0	21.216	0	0	25.1602	0	genconf	partner_ligand	2026-09-24T11:27:06+08:00
arm	A4_crossdock	gnina	crossdock	7TYP_KUR__into__6UYB	20260922	ok		5	-1.59	gnina_cnn:rescore:crossdock_default2018	kcal/mol (empirical score, not a measured free energy)	153.18	4	9.0683	2.1435	0	0	0	0	0	1.8789	1	1	9.0811	0	genconf	partner_ligand	2026-09-24T11:27:08+08:00
arm	A4_crossdock	gnina	crossdock	7TS6_KMI__into__6CID	20260922	ok		5	-9.92	gnina_cnn:rescore:crossdock_default2018	kcal/mol (empirical score, not a measured free energy)	42.03	4	37.6007	1.4272	1	0	0	0	0	35.76	0	0	37.6007	0	genconf	partner_ligand	2026-09-24T11:27:05+08:00
arm	A4_crossdock	gnina	crossdock	7UJ5_DGL__into__8EB3	20260922	ok		5	-2.87	gnina_cnn:rescore:crossdock_default2018	kcal/mol (empirical score, not a measured free energy)	22.42	4	19.3439	0.8887	1	0	0	0	0	18.6692	0	0	19.3439	0	genconf	partner_ligand	2026-09-24T11:27:07+08:00
arm	A4_crossdock	gnina	crossdock	7UQ3_O2U__into__4GJZ	20260922	ok		5	-7.28	gnina_cnn:rescore:crossdock_default2018	kcal/mol (empirical score, not a measured free energy)	21.83	4	4.6941	0.9748	1	0	0	0	0	0.7282	1	1	4.6941	0	genconf	partner_ligand	2026-09-24T11:27:17+08:00
arm	A4_crossdock	gnina	crossdock	7U3J_L6U__into__7U3H	20260922	ok		5	-7.22	gnina_cnn:rescore:crossdock_default2018	kcal/mol (empirical score, not a measured free energy)	234.61	4	8.8088	3.804	1	0	0	0	0	6.8739	0	0	8.8289	0	genconf	partner_ligand	2026-09-24T11:27:18+08:00
arm	A4_crossdock	gnina	crossdock	7USH_82V__into__5IG6	20260922	ok		5	-9.22	gnina_cnn:rescore:crossdock_default2018	kcal/mol (empirical score, not a measured free energy)	51.64	4	7.4652	1.6039	1	0	0	0	0	1.424	1	1	7.4652	0	genconf	partner_ligand	2026-09-24T11:27:20+08:00
arm	A4_crossdock	gnina	crossdock	7UYB_OK0__into__7UYA	20260922	ok		5	-10.78	gnina_cnn:rescore:crossdock_default2018	kcal/mol (empirical score, not a measured free energy)	72.98	4	0.9874	0.588	1	1	1	1	1	0.9874	1	1	1.6703	0	genconf	partner_ligand	2026-09-24T11:27:24+08:00
arm	A4_crossdock	gnina	crossdock	7V43_C4O__into__7V44	20260922	ok		5	-5.33	gnina_cnn:rescore:crossdock_default2018	kcal/mol (empirical score, not a measured free energy)	13.71	4	10.1299	0.0416	1	0	0	0	0	7.7648	0	0	10.2125	0	genconf	partner_ligand	2026-09-24T11:27:24+08:00
arm	A4_crossdock	gnina	crossdock	7ULC_56B__into__7U1O	20260922	ok		5	-11.09	gnina_cnn:rescore:crossdock_default2018	kcal/mol (empirical score, not a measured free energy)	125.98	4	1.5812	1.3199	1	1	0	1	0	1.5812	1	1	1.6899	0	genconf	partner_ligand	2026-09-24T11:27:17+08:00
arm	A4_crossdock	gnina	crossdock	7V14_ORU__into__7MBO	20260922	ok		5	-9.6	gnina_cnn:rescore:crossdock_default2018	kcal/mol (empirical score, not a measured free energy)	113.73	4	0.6269	0.3854	1	1	1	1	1	0.6269	1	1	0.6269	0	genconf	partner_ligand	2026-09-24T11:27:26+08:00
arm	A4_crossdock	gnina	crossdock	7FRX_O88__into__7FS3	20260922	ok		5	-12.5	gnina_cnn:rescore:crossdock_default2018	kcal/mol (empirical score, not a measured free energy)	64.87	4	74.9618	1.6196	1	0	0	0	0	72.9412	0	0	74.962	0	genconf	partner_ligand	2026-09-24T11:24:08+08:00
arm	A4_crossdock	gnina	crossdock	7VB8_STL__into__7WAR	20260922	ok		5	-6.26	gnina_cnn:rescore:crossdock_default2018	kcal/mol (empirical score, not a measured free energy)	29.42	4	17.9079	0.3104	1	0	0	0	0	14.5494	0	0	17.96	0	genconf	partner_ligand	2026-09-24T11:27:28+08:00
arm	A4_crossdock	gnina	crossdock	7VQ9_ISY__into__7VQA	20260922	ok		5	-6.0	gnina_cnn:rescore:crossdock_default2018	kcal/mol (empirical score, not a measured free energy)	40.95	4	1.6262	1.2118	1	1	0	1	0	1.2029	1	1	1.8789	0	genconf	partner_ligand	2026-09-24T11:27:34+08:00
arm	A4_crossdock	gnina	crossdock	7VBU_6I4__into__5J71	20260922	ok		5	-6.85	gnina_cnn:rescore:crossdock_default2018	kcal/mol (empirical score, not a measured free energy)	24.57	4	5.4079	0.5068	1	0	0	0	0	0.5827	1	1	5.409	0	genconf	partner_ligand	2026-09-24T11:27:30+08:00
arm	A4_crossdock	gnina	crossdock	7UJ4_OQ4__into__9WN9	20260922	ok		5	-8.44	gnina_cnn:rescore:crossdock_default2018	kcal/mol (empirical score, not a measured free energy)	247.5	4	1.6368	1.4305	1	1	0	1	0	1.6368	1	1	1.7933	0	genconf	partner_ligand	2026-09-24T11:27:19+08:00
arm	A4_crossdock	gnina	crossdock	7UMW_NAD__into__7UM8	20260922	ok		5	-8.65	gnina_cnn:rescore:crossdock_default2018	kcal/mol (empirical score, not a measured free energy)	325.01	4	13.8244	3.4299	1	0	0	0	0	12.7086	0	0	13.8347	0	genconf	partner_ligand	2026-09-24T11:27:35+08:00
arm	A4_crossdock	gnina	crossdock	7VC5_9SF__into__7F9T	20260922	ok		5	-6.48	gnina_cnn:rescore:crossdock_default2018	kcal/mol (empirical score, not a measured free energy)	55.22	4	35.7196	1.5449	1	0	0	0	0	31.0581	0	0	35.7196	0	genconf	partner_ligand	2026-09-24T11:27:31+08:00
arm	A4_crossdock	gnina	crossdock	7WL4_JFU__into__4QB3	20260922	ok		5	-9.45	gnina_cnn:rescore:crossdock_default2018	kcal/mol (empirical score, not a measured free energy)	95.01	4	6.468	2.7145	1	0	0	0	0	1.7526	1	1	6.468	0	genconf	partner_ligand	2026-09-24T11:27:43+08:00
arm	A4_crossdock	gnina	crossdock	7WPW_F15__into__7FEZ	20260922	ok		5	-5.83	gnina_cnn:rescore:crossdock_default2018	kcal/mol (empirical score, not a measured free energy)	73.08	4	4.3166	1.1094	1	0	0	0	0	1.3958	1	1	4.3166	0	genconf	partner_ligand	2026-09-24T11:27:49+08:00
arm	A4_crossdock	gnina	crossdock	7UTW_NAI__into__2JHF	20260922	ok		5	-11.38	gnina_cnn:rescore:crossdock_default2018	kcal/mol (empirical score, not a measured free energy)	286.62	4	39.3042	2.6062	0	0	0	0	0	39.3042	0	0	39.3056	0	genconf	partner_ligand	2026-09-24T11:27:38+08:00
arm	A4_crossdock	gnina	crossdock	7WQQ_5Z6__into__9GFE	20260922	ok		5	14.9	gnina_cnn:rescore:crossdock_default2018	kcal/mol (empirical score, not a measured free energy)	70.1	4	7.0485	0.6651	0	0	0	0	0	0.9085	1	1	7.2337	0	genconf	partner_ligand	2026-09-24T11:27:50+08:00
arm	A4_crossdock	gnina	crossdock	7X9K_8OG__into__7WW6	20260922	ok		5	-10.45	gnina_cnn:rescore:crossdock_default2018	kcal/mol (empirical score, not a measured free energy)	58.66	4	0.422	0.3013	1	1	1	1	1	0.422	1	1	0.422	0	genconf	partner_ligand	2026-09-24T11:27:51+08:00
arm	A4_crossdock	gnina	crossdock	7XG5_PLP__into__4CE5	20260922	ok		5	-8.42	gnina_cnn:rescore:crossdock_default2018	kcal/mol (empirical score, not a measured free energy)	36.42	4	31.4642	0.5449	1	0	0	0	0	30.1393	0	0	31.4642	0	genconf	partner_ligand	2026-09-24T11:27:55+08:00
arm	A4_crossdock	gnina	crossdock	7VKZ_NOJ__into__7VL1	20260922	ok		5	-4.26	gnina_cnn:rescore:crossdock_default2018	kcal/mol (empirical score, not a measured free energy)	17.73	4	17.674	0.632	1	0	0	0	0	1.5579	1	1	17.674	0	genconf	partner_ligand	2026-09-24T11:27:30+08:00
arm	A4_crossdock	gnina	crossdock	7XI7_4RI__into__1KMV	20260922	ok		5	-8.14	gnina_cnn:rescore:crossdock_default2018	kcal/mol (empirical score, not a measured free energy)	53.94	4	9.2256	2.1543	1	0	0	0	0	9.2256	0	0	9.289	0	genconf	partner_ligand	2026-09-24T11:28:05+08:00
arm	A4_crossdock	gnina	crossdock	7WUY_76N__into__7WW0	20260922	ok		5	-9.58	gnina_cnn:rescore:crossdock_default2018	kcal/mol (empirical score, not a measured free energy)	69.51	4	2.3867	2.1374	1	0	0	0	0	2.3867	0	0	2.3867	0	genconf	partner_ligand	2026-09-24T11:27:54+08:00
arm	A4_crossdock	gnina	crossdock	7X5N_5M5__into__9KRO	20260922	ok		5	-9.99	gnina_cnn:rescore:crossdock_default2018	kcal/mol (empirical score, not a measured free energy)	83.86	4	37.9792	3.1265	1	0	0	0	0	37.597	0	0	37.9839	0	genconf	partner_ligand	2026-09-24T11:27:55+08:00
arm	A4_crossdock	gnina	crossdock	7VYJ_CA0__into__7VX0	20260922	ok		5	-10.14	gnina_cnn:rescore:crossdock_default2018	kcal/mol (empirical score, not a measured free energy)	76.07	4	36.8695	0.8493	1	0	0	0	0	36.8695	0	0	36.8695	0	genconf	partner_ligand	2026-09-24T11:27:39+08:00
arm	A4_crossdock	gnina	crossdock	7Z1Q_NIO__into__9QK5	20260922	ok		5	-4.86	gnina_cnn:rescore:crossdock_default2018	kcal/mol (empirical score, not a measured free energy)	15.48	4	6.1435	0.3029	1	0	0	0	0	6.1435	0	0	6.1858	0	genconf	partner_ligand	2026-09-24T11:28:09+08:00
arm	A4_crossdock	gnina	crossdock	7VWF_K55__into__5U3Q	20260922	ok		5	-9.38	gnina_cnn:rescore:crossdock_default2018	kcal/mol (empirical score, not a measured free energy)	144.57	4	1.4517	1.1358	1	1	0	1	0	1.4517	1	1	1.5468	0	genconf	partner_ligand	2026-09-24T11:27:46+08:00
arm	A4_crossdock	gnina	crossdock	7Z2O_IAJ__into__7OTF	20260922	ok		5	-6.68	gnina_cnn:rescore:crossdock_default2018	kcal/mol (empirical score, not a measured free energy)	17.34	4	3.8487	0.1314	1	0	0	0	0	3.0003	0	0	3.8487	0	genconf	partner_ligand	2026-09-24T11:28:10+08:00
arm	A4_crossdock	gnina	crossdock	7XBV_APC__into__7XBT	20260922	ok		5	-9.55	gnina_cnn:rescore:crossdock_default2018	kcal/mol (empirical score, not a measured free energy)	131.45	4	3.2122	1.8869	1	0	0	0	0	3.2122	0	0	3.274	0	genconf	partner_ligand	2026-09-24T11:28:08+08:00
arm	A4_crossdock	gnina	crossdock	7Z7F_IF3__into__7Z5M	20260922	ok		5	-3.35	gnina_cnn:rescore:crossdock_default2018	kcal/mol (empirical score, not a measured free energy)	25.03	4	12.6905	0.5499	1	0	0	0	0	11.0994	0	0	12.6905	0	genconf	partner_ligand	2026-09-24T11:28:14+08:00
arm	A4_crossdock	gnina	crossdock	7YZU_DO7__into__7OFY	20260922	ok		5	-7.46	gnina_cnn:rescore:crossdock_default2018	kcal/mol (empirical score, not a measured free energy)	26.39	4	4.9624	1.0605	1	0	0	0	0	2.0418	0	0	5.033	0	genconf	partner_ligand	2026-09-24T11:28:08+08:00
arm	A4_crossdock	gnina	crossdock	7XQZ_FPF__into__7XR7	20260922	ok		5	-10.61	gnina_cnn:rescore:crossdock_default2018	kcal/mol (empirical score, not a measured free energy)	93.4	4	1.2299	1.1723	1	1	0	1	0	1.0206	1	1	1.4132	0	genconf	partner_ligand	2026-09-24T11:28:11+08:00
arm	A4_crossdock	gnina	crossdock	7XFA_D9J__into__9RR6	20260922	ok		5	-7.92	gnina_cnn:rescore:crossdock_default2018	kcal/mol (empirical score, not a measured free energy)	194.05	4	5.7546	2.2957	1	0	0	0	0	4.32	0	0	5.8734	0	genconf	partner_ligand	2026-09-24T11:28:16+08:00
arm	A4_crossdock	gnina	crossdock	7ZTL_BCN__into__5G1X	20260922	ok		5	-4.12	gnina_cnn:rescore:crossdock_default2018	kcal/mol (empirical score, not a measured free energy)	34.61	4	14.0664	1.3593	1	0	0	0	0	3.0167	0	0	14.1342	0	genconf	partner_ligand	2026-09-24T11:28:21+08:00
arm	A4_crossdock	gnina	crossdock	7ZU2_DHT__into__8E1A	20260922	ok		5	11.76	gnina_cnn:rescore:crossdock_default2018	kcal/mol (empirical score, not a measured free energy)	26.35	4	4.3431	0.0804	0	0	0	0	0	2.7698	0	0	4.3431	0	genconf	partner_ligand	2026-09-24T11:28:22+08:00
arm	A4_crossdock	gnina	crossdock	7XJN_NSD__into__7XJM	20260922	ok		5	-6.28	gnina_cnn:rescore:crossdock_default2018	kcal/mol (empirical score, not a measured free energy)	30.62	4	51.1007	0.5386	1	0	0	0	0	41.868	0	0	51.3552	0	genconf	partner_ligand	2026-09-24T11:28:04+08:00
arm	A4_crossdock	gnina	crossdock	8AEM_LVF__into__7I7Y	20260922	ok		5	-7.31	gnina_cnn:rescore:crossdock_default2018	kcal/mol (empirical score, not a measured free energy)	18.5	4	15.3746	0.8796	1	0	0	0	0	0.973	1	1	15.3746	0	genconf	partner_ligand	2026-09-24T11:28:25+08:00
arm	A4_crossdock	gnina	crossdock	7ZF0_DHR__into__7ZER	20260922	ok		5	-6.78	gnina_cnn:rescore:crossdock_default2018	kcal/mol (empirical score, not a measured free energy)	25.64	4	13.7692	0.4705	1	0	0	0	0	12.8719	0	0	13.7953	0	genconf	partner_ligand	2026-09-24T11:28:17+08:00
arm	A4_crossdock	gnina	crossdock	7SUC_COM__into__5A0Y	20260922	ok		5	-3.82	gnina_cnn:rescore:crossdock_default2018	kcal/mol (empirical score, not a measured free energy)	25.63	4	51.577	0.272	1	0	0	0	0	51.0549	0	0	51.589	0	genconf	partner_ligand	2026-09-24T11:26:39+08:00
arm	A4_crossdock	gnina	crossdock	7XPO_UPG__into__7XPQ	20260922	ok		5	-10.79	gnina_cnn:rescore:crossdock_default2018	kcal/mol (empirical score, not a measured free energy)	185.76	4	16.2747	2.4828	1	0	0	0	0	14.3208	0	0	16.2751	0	genconf	partner_ligand	2026-09-24T11:28:22+08:00
arm	A4_crossdock	gnina	crossdock	8AAU_LH0__into__3S95	20260922	ok		5	-8.01	gnina_cnn:rescore:crossdock_default2018	kcal/mol (empirical score, not a measured free energy)	70.43	4	5.7525	1.7368	1	0	0	0	0	2.1218	0	0	5.7953	0	genconf	partner_ligand	2026-09-24T11:28:26+08:00
arm	A4_crossdock	gnina	crossdock	8AUH_L9I__into__8AUF	20260922	ok		5	-4.97	gnina_cnn:rescore:crossdock_default2018	kcal/mol (empirical score, not a measured free energy)	28.63	4	40.1182	1.0387	1	0	0	0	0	37.8553	0	0	40.1182	0	genconf	partner_ligand	2026-09-24T11:28:31+08:00
arm	A4_crossdock	gnina	crossdock	8AIE_M7L__into__8AYJ	20260922	ok		5	-10.39	gnina_cnn:rescore:crossdock_default2018	kcal/mol (empirical score, not a measured free energy)	79.74	4	32.1129	2.1434	1	0	0	0	0	30.9215	0	0	32.1157	0	genconf	partner_ligand	2026-09-24T11:28:31+08:00
arm	A4_crossdock	gnina	crossdock	8BTI_RFO__into__7BNB	20260922	ok		5	-7.81	gnina_cnn:rescore:crossdock_default2018	kcal/mol (empirical score, not a measured free energy)	28.47	4	1.1841	1.1134	1	1	0	1	0	1.1841	1	1	1.1841	0	genconf	partner_ligand	2026-09-24T11:28:39+08:00
arm	A4_crossdock	gnina	crossdock	8AY3_OE3__into__9TB8	20260922	ok		5	-6.8	gnina_cnn:rescore:crossdock_default2018	kcal/mol (empirical score, not a measured free energy)	73.3	4	6.8066	2.6592	0	0	0	0	0	1.1368	1	1	6.8377	0	genconf	partner_ligand	2026-09-24T11:28:34+08:00
arm	A4_crossdock	gnina	crossdock	8C5M_MTA__into__28WF	20260922	ok		5	-7.18	gnina_cnn:rescore:crossdock_default2018	kcal/mol (empirical score, not a measured free energy)	49.72	4	2.4819	1.8647	1	0	0	0	0	2.4819	0	0	2.4819	0	genconf	partner_ligand	2026-09-24T11:28:51+08:00
arm	A4_crossdock	gnina	crossdock	8A2D_KXY__into__8A27	20260922	ok		5	-7.72	gnina_cnn:rescore:crossdock_default2018	kcal/mol (empirical score, not a measured free energy)	270.33	4	8.2849	3.0969	1	0	0	0	0	8.2849	0	0	8.2945	0	genconf	partner_ligand	2026-09-24T11:28:49+08:00
arm	A4_crossdock	gnina	crossdock	8BOM_QU6__into__6Q7D	20260922	ok		5	-12.14	gnina_cnn:rescore:crossdock_default2018	kcal/mol (empirical score, not a measured free energy)	128.81	4	1.282	0.9008	1	1	0	1	0	1.282	1	1	1.282	0	genconf	partner_ligand	2026-09-24T11:28:56+08:00
arm	A4_crossdock	gnina	crossdock	8CNH_V6U__into__4OYB	20260922	ok		5	-7.94	gnina_cnn:rescore:crossdock_default2018	kcal/mol (empirical score, not a measured free energy)	90.1	4	9.4752	2.9662	1	0	0	0	0	7.4135	0	0	9.4752	0	genconf	partner_ligand	2026-09-24T11:28:56+08:00
arm	A4_crossdock	gnina	crossdock	7ZXV_45D__into__6T6K	20260922	ok		5	24.64	gnina_cnn:rescore:crossdock_default2018	kcal/mol (empirical score, not a measured free energy)	193.87	4	14.392	1.7952	0	0	0	0	0	12.9536	0	0	15.24	0	genconf	partner_ligand	2026-09-24T11:28:32+08:00
arm	A4_crossdock	gnina	crossdock	8C3N_ADP__into__8BR9	20260922	ok		5	-4.49	gnina_cnn:rescore:crossdock_default2018	kcal/mol (empirical score, not a measured free energy)	127.62	4	33.608	1.1625	1	0	0	0	0	32.0312	0	0	33.6173	0	genconf	partner_ligand	2026-09-24T11:29:03+08:00
arm	A4_crossdock	gnina	crossdock	8D39_QDB__into__9DOE	20260922	ok		5	-6.85	gnina_cnn:rescore:crossdock_default2018	kcal/mol (empirical score, not a measured free energy)	46.28	4	9.1251	0.8949	1	0	0	0	0	8.1801	0	0	9.134	0	genconf	partner_ligand	2026-09-24T11:29:06+08:00
arm	A4_crossdock	gnina	crossdock	8CSD_C5P__into__8CSC	20260922	ok		5	-7.6	gnina_cnn:rescore:crossdock_default2018	kcal/mol (empirical score, not a measured free energy)	73.65	4	50.536	1.1073	1	0	0	0	0	50.536	0	0	50.5364	0	genconf	partner_ligand	2026-09-24T11:29:00+08:00
arm	A4_crossdock	gnina	crossdock	8D19_GSH__into__8CZL	20260922	ok		5	-4.79	gnina_cnn:rescore:crossdock_default2018	kcal/mol (empirical score, not a measured free energy)	98.11	4	5.857	2.0446	1	0	0	0	0	5.1212	0	0	5.9251	0	genconf	partner_ligand	2026-09-24T11:29:04+08:00
arm	A4_crossdock	gnina	crossdock	8DKO_TFB__into__8DKP	20260922	ok		5	-4.09	gnina_cnn:rescore:crossdock_default2018	kcal/mol (empirical score, not a measured free energy)	29.43	4	14.5429	0.1763	1	0	0	0	0	12.8626	0	0	14.5711	0	genconf	partner_ligand	2026-09-24T11:29:07+08:00
arm	A4_crossdock	gnina	crossdock	8B8H_OJQ__into__6SCZ	20260922	ok		5	-5.35	gnina_cnn:rescore:crossdock_default2018	kcal/mol (empirical score, not a measured free energy)	77.69	4	52.1525	1.6315	1	0	0	0	0	52.1525	0	0	52.1612	0	genconf	partner_ligand	2026-09-24T11:28:48+08:00
arm	A4_crossdock	gnina	crossdock	8DHG_T78__into__4OQV	20260922	ok		5	-4.0	gnina_cnn:rescore:crossdock_default2018	kcal/mol (empirical score, not a measured free energy)	212.05	4	25.4808	2.1436	1	0	0	0	0	14.6649	0	0	25.4862	0	genconf	partner_ligand	2026-09-24T11:29:18+08:00
arm	A4_crossdock	gnina	crossdock	8D5D_5DK__into__8D88	20260922	ok		5	-6.55	gnina_cnn:rescore:crossdock_default2018	kcal/mol (empirical score, not a measured free energy)	152.46	4	30.1753	2.1174	1	0	0	0	0	27.9109	0	0	30.1842	0	genconf	partner_ligand	2026-09-24T11:29:13+08:00
arm	A4_crossdock	gnina	crossdock	8DSC_NCA__into__8DSE	20260922	ok		5	-4.73	gnina_cnn:rescore:crossdock_default2018	kcal/mol (empirical score, not a measured free energy)	31.57	4	46.7122	0.7252	1	0	0	0	0	41.8061	0	0	46.7122	0	genconf	partner_ligand	2026-09-24T11:29:11+08:00
arm	A4_crossdock	gnina	crossdock	8GFD_ZHR__into__8GFH	20260922	ok		5	-8.07	gnina_cnn:rescore:crossdock_default2018	kcal/mol (empirical score, not a measured free energy)	72.12	4	14.5945	1.4787	1	0	0	0	0	9.0863	0	0	14.5945	0	genconf	partner_ligand	2026-09-24T11:29:22+08:00
arm	A4_crossdock	gnina	crossdock	8AQL_PLG__into__29LK	20260922	ok		5	-8.2	gnina_cnn:rescore:crossdock_default2018	kcal/mol (empirical score, not a measured free energy)	60.08	4	26.5916	0.4113	1	0	0	0	0	26.442	0	0	26.5976	0	genconf	partner_ligand	2026-09-24T11:28:31+08:00
arm	A4_crossdock	gnina	crossdock	8FLV_ZB9__into__5P9J	20260922	ok		5	-9.16	gnina_cnn:rescore:crossdock_default2018	kcal/mol (empirical score, not a measured free energy)	89.74	4	5.1155	2.2582	1	0	0	0	0	5.1155	0	0	5.1155	0	genconf	partner_ligand	2026-09-24T11:29:28+08:00
arm	A4_crossdock	gnina	crossdock	8FAV_4Y5__into__7NPC	20260922	ok		5	-15.49	gnina_cnn:rescore:crossdock_default2018	kcal/mol (empirical score, not a measured free energy)	139.49	4	70.848	0.1989	1	0	0	0	0	70.8257	0	0	70.848	0	genconf	partner_ligand	2026-09-24T11:29:29+08:00
arm	A4_crossdock	gnina	crossdock	8HO0_3ZI__into__8HNZ	20260922	ok		5	-9.3	gnina_cnn:rescore:crossdock_default2018	kcal/mol (empirical score, not a measured free energy)	66.3	4	8.026	1.0534	1	0	0	0	0	7.813	0	0	8.026	0	genconf	partner_ligand	2026-09-24T11:29:29+08:00
arm	A4_crossdock	vina	crossdock	5SAK_ZRY__into__1GVT	20260922	ok		5	-8.364	vina	kcal/mol (empirical score, not a measured free energy)	20.93	5	6.6583	0.6469	1	0	0	0	0	0.9975	1	1	6.6583	0	genconf	partner_ligand	2026-09-24T11:29:32+08:00
arm	A4_crossdock	vina	crossdock	6M2B_EZO__into__4OQV	20260922	ok		5	-9.004	vina	kcal/mol (empirical score, not a measured free energy)	69.14	5	13.868	2.5777	1	0	0	0	0	13.665	0	0	13.8787	0	genconf	partner_ligand	2026-09-24T11:29:34+08:00
arm	A4_crossdock	gnina	crossdock	8EAB_VN2__into__8EA7	20260922	ok		5	-8.47	gnina_cnn:rescore:crossdock_default2018	kcal/mol (empirical score, not a measured free energy)	400.74	4	6.1343	2.9777	1	0	0	0	0	6.1343	0	0	6.1982	0	genconf	partner_ligand	2026-09-24T11:29:32+08:00
arm	A4_crossdock	gnina	crossdock	8HFN_XGC__into__3C8Z	20260922	ok		5	-6.72	gnina_cnn:rescore:crossdock_default2018	kcal/mol (empirical score, not a measured free energy)	102.12	4	32.782	1.6617	1	0	0	0	0	31.7201	0	0	32.782	0	genconf	partner_ligand	2026-09-24T11:29:31+08:00
arm	A4_crossdock	vina	crossdock	6T88_MWQ__into__6T85	20260922	ok		5	-5.647	vina	kcal/mol (empirical score, not a measured free energy)	14.54	5	16.5334	0.9058	1	0	0	0	0	15.5725	0	0	16.5334	0	genconf	partner_ligand	2026-09-24T11:29:34+08:00
arm	A4_crossdock	vina	crossdock	5SB2_1K2__into__6FEX	20260922	ok		5	-10.67	vina	kcal/mol (empirical score, not a measured free energy)	72.74	5	10.2783	1.6028	1	0	0	0	0	7.6522	0	0	10.2783	0	genconf	partner_ligand	2026-09-24T11:29:37+08:00
arm	A4_crossdock	vina	crossdock	6XG5_TOP__into__9PWM	20260922	ok		5	-7.192	vina	kcal/mol (empirical score, not a measured free energy)	40.1	5	10.9398	0.4549	1	0	0	0	0	10.6657	0	0	10.9398	0	genconf	partner_ligand	2026-09-24T11:29:50+08:00
arm	A4_crossdock	vina	crossdock	6WTN_RXT__into__8BXH	20260922	ok		5	-8.125	vina	kcal/mol (empirical score, not a measured free energy)	31.53	5	3.665	1.529	1	0	0	0	0	2.5814	0	0	3.665	0	genconf	partner_ligand	2026-09-24T11:29:41+08:00
arm	A4_crossdock	vina	crossdock	6TW7_NZB__into__4C7I	20260922	ok		5	-8.622	vina	kcal/mol (empirical score, not a measured free energy)	70.85	5	11.6005	1.8196	1	0	0	0	0	10.1524	0	0	11.6005	0	genconf	partner_ligand	2026-09-24T11:29:46+08:00
arm	A4_crossdock	vina	crossdock	5SIS_JSM__into__2OUR	20260922	ok		5	-8.513	vina	kcal/mol (empirical score, not a measured free energy)	100.37	5	9.163	2.4341	1	0	0	0	0	8.9771	0	0	9.1691	0	genconf	partner_ligand	2026-09-24T11:29:40+08:00
arm	A4_crossdock	vina	crossdock	6YQW_82I__into__6BQA	20260922	ok		5	-5.318	vina	kcal/mol (empirical score, not a measured free energy)	4.57	5	4.3339	0.2006	1	0	0	0	0	3.0914	0	0	4.3339	0	genconf	partner_ligand	2026-09-24T11:29:54+08:00
arm	A4_crossdock	vina	crossdock	6YQV_8K2__into__3RM2	20260922	ok		5	-5.459	vina	kcal/mol (empirical score, not a measured free energy)	231.03	5	0.64	0.1117	1	1	1	1	1	0.64	1	1	0.64	0	genconf	partner_ligand	2026-09-24T11:29:54+08:00
arm	A4_crossdock	vina	crossdock	5SD5_HWI__into__4KLX	20260922	ok		5	-6.1	vina	kcal/mol (empirical score, not a measured free energy)	192.66	5	13.5023	2.8311	1	0	0	0	0	10.8436	0	0	13.5068	0	genconf	partner_ligand	2026-09-24T11:29:53+08:00
arm	A4_crossdock	vina	crossdock	6Z0R_Q4H__into__6YX3	20260922	ok		5	-4.47	vina	kcal/mol (empirical score, not a measured free energy)	6.89	5	0.5077	0.0403	1	1	1	1	1	0.5077	1	1	0.5077	0	genconf	partner_ligand	2026-09-24T11:30:04+08:00
arm	A4_crossdock	vina	crossdock	6YR2_T1C__into__2XPW	20260922	ok		5	-9.493	vina	kcal/mol (empirical score, not a measured free energy)	148.36	5	25.9936	0.9944	1	0	0	0	0	25.9936	0	0	26.0091	0	genconf	partner_ligand	2026-09-24T11:30:00+08:00
arm	A4_crossdock	vina	crossdock	6XCT_478__into__6XCZ	20260922	ok		5	-9.509	vina	kcal/mol (empirical score, not a measured free energy)	414.74	5	9.1914	1.5856	1	0	0	0	0	1.4435	1	1	9.2093	0	genconf	partner_ligand	2026-09-24T11:29:56+08:00
arm	A4_crossdock	vina	crossdock	6XM9_V55__into__6XM7	20260922	ok		5	-6.34	vina	kcal/mol (empirical score, not a measured free energy)	11.56	5	0.91	0.5044	1	1	1	1	1	0.91	1	1	0.91	0	genconf	partner_ligand	2026-09-24T11:29:50+08:00
arm	A4_crossdock	vina	crossdock	6YYO_Q1K__into__9GJ2	20260922	ok		5	-7.031	vina	kcal/mol (empirical score, not a measured free energy)	14.3	5	10.9935	0.7153	1	0	0	0	0	10.9935	0	0	10.9935	0	genconf	partner_ligand	2026-09-24T11:30:07+08:00
arm	A4_crossdock	vina	crossdock	6YMS_OZH__into__6Y4I	20260922	ok		5	-8.645	vina	kcal/mol (empirical score, not a measured free energy)	429.56	5	10.086	1.712	0	0	0	0	0	9.1431	0	0	10.086	0	genconf	partner_ligand	2026-09-24T11:29:57+08:00
arm	A4_crossdock	vina	crossdock	6YT6_PKE__into__6YOJ	20260922	ok		5	-9.436	vina	kcal/mol (empirical score, not a measured free energy)	94.15	5	46.171	1.4329	1	0	0	0	0	45.8513	0	0	46.171	0	genconf	partner_ligand	2026-09-24T11:30:09+08:00
arm	A4_crossdock	vina	crossdock	6ZPB_3D1__into__6ZPC	20260922	ok		5	-7.166	vina	kcal/mol (empirical score, not a measured free energy)	22.73	5	0.6605	0.5744	1	1	1	1	1	0.6605	1	1	0.6605	0	genconf	partner_ligand	2026-09-24T11:30:13+08:00
arm	A4_crossdock	vina	crossdock	6Z14_Q4Z__into__7WDT	20260922	ok		5	-7.443	vina	kcal/mol (empirical score, not a measured free energy)	23.47	5	1.5052	1.0904	1	1	0	1	0	1.5052	1	1	1.8091	0	genconf	partner_ligand	2026-09-24T11:30:08+08:00
arm	A4_crossdock	vina	crossdock	7A1P_QW2__into__7A1Q	20260922	ok		5	-6.639	vina	kcal/mol (empirical score, not a measured free energy)	24.13	5	3.1958	0.8199	1	0	0	0	0	1.3113	1	1	3.2742	0	genconf	partner_ligand	2026-09-24T11:30:14+08:00
arm	A4_crossdock	vina	crossdock	6VTA_AKN__into__7JZS	20260922	ok		5	-6.825	vina	kcal/mol (empirical score, not a measured free energy)	594.5	5	13.5479	2.3241	1	0	0	0	0	13.5479	0	0	13.5479	0	genconf	partner_ligand	2026-09-24T11:30:16+08:00
arm	A4_crossdock	vina	crossdock	7AFX_R9K__into__6TM9	20260922	ok		5	-8.455	vina	kcal/mol (empirical score, not a measured free energy)	22.26	5	0.714	0.509	1	1	1	1	1	0.714	1	1	0.714	0	genconf	partner_ligand	2026-09-24T11:30:17+08:00
arm	A4_crossdock	vina	crossdock	7A9E_R4W__into__5N6F	20260922	ok		5	-3.227	vina	kcal/mol (empirical score, not a measured free energy)	4.63	5	25.3609	0.1959	1	0	0	0	0	18.8833	0	0	25.3609	0	genconf	partner_ligand	2026-09-24T11:30:15+08:00
arm	A4_crossdock	gnina	crossdock	8EYE_X4I__into__6SBQ	20260922	ok		5	-9.08	gnina_cnn:rescore:crossdock_default2018	kcal/mol (empirical score, not a measured free energy)	118.2	4	7.0273	1.2865	1	0	0	0	0	5.7932	0	0	7.0581	0	genconf	partner_ligand	2026-09-24T11:29:17+08:00
arm	A4_crossdock	vina	crossdock	6ZAE_ACV__into__1ODM	20260922	ok		5	-6.805	vina	kcal/mol (empirical score, not a measured free energy)	101.3	5	4.4276	2.2332	1	0	0	0	0	4.4276	0	0	4.4565	0	genconf	partner_ligand	2026-09-24T11:30:23+08:00
arm	A4_crossdock	vina	crossdock	6ZCY_QF8__into__4YJR	20260922	ok		5	-8.139	vina	kcal/mol (empirical score, not a measured free energy)	79.89	5	8.7983	2.1243	1	0	0	0	0	3.6058	0	0	8.7983	0	genconf	partner_ligand	2026-09-24T11:30:20+08:00
arm	A4_crossdock	vina	crossdock	7BJJ_TVW__into__2YEX	20260922	ok		5	-5.143	vina	kcal/mol (empirical score, not a measured free energy)	6.82	5	3.5824	0.0857	1	0	0	0	0	2.8803	0	0	3.5824	0	genconf	partner_ligand	2026-09-24T11:30:27+08:00
arm	A4_crossdock	vina	crossdock	7BNH_BEZ__into__7BNI	20260922	ok		5	-5.656	vina	kcal/mol (empirical score, not a measured free energy)	7.5	5	3.9142	0.5707	1	0	0	0	0	2.1726	0	0	4.1364	0	genconf	partner_ligand	2026-09-24T11:30:28+08:00
arm	A4_crossdock	vina	crossdock	7AN5_RDH__into__7AN6	20260922	ok		5	-8.609	vina	kcal/mol (empirical score, not a measured free energy)	26.16	5	5.4349	1.3737	1	0	0	0	0	1.9389	1	1	5.4629	0	genconf	partner_ligand	2026-09-24T11:30:24+08:00
arm	A4_crossdock	vina	crossdock	7AKL_RK5__into__6S14	20260922	ok		5	-8.975	vina	kcal/mol (empirical score, not a measured free energy)	20.13	5	0.6352	0.2335	1	1	1	1	1	0.6352	1	1	0.6352	0	genconf	partner_ligand	2026-09-24T11:30:24+08:00
arm	A4_crossdock	vina	crossdock	7BCP_GCO__into__7BBR	20260922	ok		5	-6.892	vina	kcal/mol (empirical score, not a measured free energy)	44.09	5	0.4985	0.4712	1	1	1	1	1	0.4985	1	1	0.9986	0	genconf	partner_ligand	2026-09-24T11:30:26+08:00
arm	A4_crossdock	vina	crossdock	7C3U_AZG__into__4LD2	20260922	ok		5	-7.214	vina	kcal/mol (empirical score, not a measured free energy)	9.54	5	21.943	0.0475	1	0	0	0	0	21.9264	0	0	21.943	0	genconf	partner_ligand	2026-09-24T11:30:31+08:00
arm	A4_crossdock	vina	crossdock	7CD9_FVR__into__9CUX	20260922	ok		5	-10.28	vina	kcal/mol (empirical score, not a measured free energy)	86.0	5	9.8382	1.105	1	0	0	0	0	8.685	0	0	9.8626	0	genconf	partner_ligand	2026-09-24T11:30:33+08:00
arm	A4_crossdock	vina	crossdock	7BMI_U4B__into__6YYX	20260922	ok		5	-6.304	vina	kcal/mol (empirical score, not a measured free energy)	16.58	5	0.6913	0.3949	1	1	1	1	1	0.6913	1	1	1.0039	0	genconf	partner_ligand	2026-09-24T11:30:30+08:00
arm	A4_crossdock	vina	crossdock	7A9H_TPP__into__8OGH	20260922	ok		5	-8.097	vina	kcal/mol (empirical score, not a measured free energy)	103.43	5	1.627	1.5015	1	1	0	1	0	0.8809	1	1	1.641	0	genconf	partner_ligand	2026-09-24T11:30:27+08:00
arm	A4_crossdock	vina	crossdock	7CL8_TES__into__6L69	20260922	ok		5	-8.269	vina	kcal/mol (empirical score, not a measured free energy)	14.12	5	7.507	0.2943	1	0	0	0	0	7.1643	0	0	7.507	0	genconf	partner_ligand	2026-09-24T11:30:36+08:00
arm	A4_crossdock	vina	crossdock	7DQL_4CL__into__7P2M	20260922	ok		5	-5.291	vina	kcal/mol (empirical score, not a measured free energy)	8.83	5	45.4957	0.0192	1	0	0	0	0	43.0754	0	0	45.4957	0	genconf	partner_ligand	2026-09-24T11:30:47+08:00
arm	A4_crossdock	vina	crossdock	7CIJ_G0C__into__7CIG	20260922	ok		5	-6.195	vina	kcal/mol (empirical score, not a measured free energy)	73.46	5	35.1135	1.347	1	0	0	0	0	28.4035	0	0	35.1152	0	genconf	partner_ligand	2026-09-24T11:30:33+08:00
arm	A4_crossdock	vina	crossdock	7DKT_GLF__into__5O0S	20260922	ok		5	-6.916	vina	kcal/mol (empirical score, not a measured free energy)	17.9	5	2.3804	0.62	1	0	0	0	0	2.3804	0	0	2.3804	0	genconf	partner_ligand	2026-09-24T11:30:45+08:00
arm	A4_crossdock	vina	crossdock	7CTM_BDP__into__7BR4	20260922	ok		5	-6.961	vina	kcal/mol (empirical score, not a measured free energy)	25.45	5	14.0528	0.244	1	0	0	0	0	12.9997	0	0	14.0751	0	genconf	partner_ligand	2026-09-24T11:30:42+08:00
arm	A4_crossdock	vina	crossdock	7EBG_J0L__into__2E0A	20260922	ok		5	-7.131	vina	kcal/mol (empirical score, not a measured free energy)	5.18	5	7.5405	0.3968	1	0	0	0	0	0.3483	1	1	7.5715	0	genconf	partner_ligand	2026-09-24T11:30:49+08:00
arm	A4_crossdock	vina	crossdock	7B94_ANP__into__7B7R	20260922	ok		5	-7.574	vina	kcal/mol (empirical score, not a measured free energy)	312.66	5	12.6828	2.5972	1	0	0	0	0	11.9345	0	0	12.7165	0	genconf	partner_ligand	2026-09-24T11:30:48+08:00
arm	A4_crossdock	vina	crossdock	7BTT_F8R__into__4Z55	20260922	ok		5	-8.976	vina	kcal/mol (empirical score, not a measured free energy)	255.14	5	1.0726	0.5717	1	1	0	1	0	1.0726	1	1	1.2998	0	genconf	partner_ligand	2026-09-24T11:30:51+08:00
arm	A4_crossdock	vina	crossdock	7DUA_HJ0__into__4CKJ	20260922	ok		5	-7.904	vina	kcal/mol (empirical score, not a measured free energy)	105.0	5	24.3486	0.816	1	0	0	0	0	23.3439	0	0	24.3486	0	genconf	partner_ligand	2026-09-24T11:30:57+08:00
arm	A4_crossdock	vina	crossdock	7F5D_EUO__into__8AG2	20260922	ok		5	-8.137	vina	kcal/mol (empirical score, not a measured free energy)	18.62	5	6.1672	0.957	1	0	0	0	0	6.1672	0	0	6.1672	0	genconf	partner_ligand	2026-09-24T11:31:04+08:00
arm	A4_crossdock	vina	crossdock	7ED2_A3P__into__7ED1	20260922	ok		5	-8.89	vina	kcal/mol (empirical score, not a measured free energy)	77.9	5	16.2652	1.6173	1	0	0	0	0	16.2652	0	0	16.2928	0	genconf	partner_ligand	2026-09-24T11:31:01+08:00
arm	A4_crossdock	vina	crossdock	6YJA_2BA__into__6YJ9	20260922	ok		5	-7.47	vina	kcal/mol (empirical score, not a measured free energy)	985.58	5	12.2771	1.914	1	0	0	0	0	9.9694	0	0	12.2771	0	genconf	partner_ligand	2026-09-24T11:30:59+08:00
arm	A4_crossdock	vina	crossdock	7ES1_UDP__into__7ES0	20260922	ok		5	-8.158	vina	kcal/mol (empirical score, not a measured free energy)	81.64	5	12.0566	2.5072	1	0	0	0	0	12.0566	0	0	12.0938	0	genconf	partner_ligand	2026-09-24T11:31:08+08:00
arm	A4_crossdock	vina	crossdock	7JG0_GAR__into__4ZZ1	20260922	ok		5	-6.2	vina	kcal/mol (empirical score, not a measured free energy)	33.72	5	11.4652	1.2538	1	0	0	0	0	6.2202	0	0	11.4652	0	genconf	partner_ligand	2026-09-24T11:31:13+08:00
arm	A4_crossdock	vina	crossdock	7ELT_TYM__into__7EV2	20260922	ok		5	-10.69	vina	kcal/mol (empirical score, not a measured free energy)	176.67	5	6.5966	2.7901	1	0	0	0	0	5.8371	0	0	6.6142	0	genconf	partner_ligand	2026-09-24T11:31:09+08:00
arm	A4_crossdock	gnina	crossdock	7ZDY_6MJ__into__7ZB3	20260922	ok		5	-5.67	gnina_cnn:rescore:crossdock_default2018	kcal/mol (empirical score, not a measured free energy)	21.04	4	47.7448	0.6411	1	0	0	0	0	47.7448	0	0	47.7448	0	genconf	partner_ligand	2026-09-24T11:28:15+08:00
arm	A4_crossdock	vina	crossdock	7D5C_GV6__into__9WQT	20260922	ok		5	-8.419	vina	kcal/mol (empirical score, not a measured free energy)	232.87	5	14.0115	2.5033	1	0	0	0	0	14.0115	0	0	14.0116	0	genconf	partner_ligand	2026-09-24T11:31:03+08:00
arm	A4_crossdock	vina	crossdock	7JXX_VP7__into__4NFN	20260922	ok		5	-6.764	vina	kcal/mol (empirical score, not a measured free energy)	94.3	5	4.9171	0.8041	1	0	0	0	0	4.9171	0	0	4.9289	0	genconf	partner_ligand	2026-09-24T11:31:16+08:00
arm	A4_crossdock	vina	crossdock	7KC5_BJZ__into__2ICA	20260922	ok		5	-9.762	vina	kcal/mol (empirical score, not a measured free energy)	82.87	5	50.5512	0.7759	1	0	0	0	0	50.5512	0	0	50.5512	0	genconf	partner_ligand	2026-09-24T11:31:17+08:00
arm	A4_crossdock	vina	crossdock	7KM8_WPD__into__6UWW	20260922	ok		5	-8.153	vina	kcal/mol (empirical score, not a measured free energy)	159.41	5	16.8321	2.8157	1	0	0	0	0	12.9395	0	0	16.8434	0	genconf	partner_ligand	2026-09-24T11:31:21+08:00
arm	A4_crossdock	vina	crossdock	7L03_F9F__into__7LKL	20260922	ok		5	-6.688	vina	kcal/mol (empirical score, not a measured free energy)	92.09	5	40.0209	1.191	1	0	0	0	0	36.6962	0	0	40.0394	0	genconf	partner_ligand	2026-09-24T11:31:19+08:00
arm	A4_crossdock	vina	crossdock	7L5F_XNG__into__3DHA	20260922	ok		5	-6.159	vina	kcal/mol (empirical score, not a measured free energy)	65.59	5	3.2126	2.4127	1	0	0	0	0	3.2126	0	0	3.2126	0	genconf	partner_ligand	2026-09-24T11:31:22+08:00
arm	A4_crossdock	vina	crossdock	7ECR_SIN__into__7ECS	20260922	ok		5	-5.019	vina	kcal/mol (empirical score, not a measured free energy)	8.44	5	36.3649	0.3156	1	0	0	0	0	36.3649	0	0	36.501	0	genconf	partner_ligand	2026-09-24T11:30:59+08:00
arm	A4_crossdock	vina	crossdock	7L7C_XQ1__into__8DN0	20260922	ok		5	-7.813	vina	kcal/mol (empirical score, not a measured free energy)	31.53	5	7.5926	1.868	1	0	0	0	0	2.694	0	0	7.5926	0	genconf	partner_ligand	2026-09-24T11:31:23+08:00
arm	A4_crossdock	vina	crossdock	7LZD_YHY__into__5JLB	20260922	ok		5	-8.692	vina	kcal/mol (empirical score, not a measured free energy)	65.17	5	12.4375	1.1135	1	0	0	0	0	7.6525	0	0	12.4484	0	genconf	partner_ligand	2026-09-24T11:31:28+08:00
arm	A4_crossdock	vina	crossdock	7LEV_0JO__into__7LKL	20260922	ok		5	-4.894	vina	kcal/mol (empirical score, not a measured free energy)	60.37	5	33.7637	1.1571	1	0	0	0	0	30.2721	0	0	33.7764	0	genconf	partner_ligand	2026-09-24T11:31:27+08:00
arm	A4_crossdock	vina	crossdock	7F51_BA7__into__1Q1A	20260922	ok		5	-11.12	vina	kcal/mol (empirical score, not a measured free energy)	471.45	5	7.5461	2.757	1	0	0	0	0	3.0543	0	0	7.5657	0	genconf	partner_ligand	2026-09-24T11:31:27+08:00
arm	A4_crossdock	vina	crossdock	7LT0_ONJ__into__3T10	20260922	ok		5	-8.66	vina	kcal/mol (empirical score, not a measured free energy)	62.4	5	6.4217	2.3281	1	0	0	0	0	3.0052	0	0	6.4217	0	genconf	partner_ligand	2026-09-24T11:31:28+08:00
arm	A4_crossdock	vina	crossdock	7MOI_HPS__into__7MOE	20260922	ok		5	-6.074	vina	kcal/mol (empirical score, not a measured free energy)	15.19	5	1.639	0.5024	1	1	0	1	0	1.1382	1	1	2.1433	1	genconf	partner_ligand	2026-09-24T11:31:39+08:00
arm	A4_crossdock	vina	crossdock	7MWU_ZPM__into__7MWV	20260922	ok		5	-5.297	vina	kcal/mol (empirical score, not a measured free energy)	9.05	5	4.9696	0.291	1	0	0	0	0	4.9173	0	0	5.0885	0	genconf	partner_ligand	2026-09-24T11:31:41+08:00
arm	A4_crossdock	vina	crossdock	7MYU_ZR7__into__3VF3	20260922	ok		5	-10.41	vina	kcal/mol (empirical score, not a measured free energy)	83.58	5	9.8573	3.4886	1	0	0	0	0	7.3732	0	0	9.8675	0	genconf	partner_ligand	2026-09-24T11:31:42+08:00
arm	A4_crossdock	vina	crossdock	7MGT_ZD4__into__4XDU	20260922	ok		5	-8.189	vina	kcal/mol (empirical score, not a measured free energy)	121.27	5	1.3609	1.2469	1	1	0	1	0	1.3609	1	1	1.593	0	genconf	partner_ligand	2026-09-24T11:31:40+08:00
arm	A4_crossdock	vina	crossdock	7LCU_XTA__into__7QY1	20260922	ok		5	-10.09	vina	kcal/mol (empirical score, not a measured free energy)	181.47	5	2.4429	1.5157	1	0	0	0	0	1.3505	1	1	2.6246	0	genconf	partner_ligand	2026-09-24T11:31:29+08:00
arm	A4_crossdock	vina	crossdock	7N03_ZRP__into__5WS7	20260922	ok		5	-7.892	vina	kcal/mol (empirical score, not a measured free energy)	102.02	5	7.7155	2.7563	1	0	0	0	0	6.5397	0	0	7.7155	0	genconf	partner_ligand	2026-09-24T11:31:46+08:00
arm	A4_crossdock	vina	crossdock	7N4N_0BK__into__7D5B	20260922	ok		5	-8.669	vina	kcal/mol (empirical score, not a measured free energy)	69.22	5	3.6471	1.6881	1	0	0	0	0	3.6395	0	0	3.6739	0	genconf	partner_ligand	2026-09-24T11:31:48+08:00
arm	A4_crossdock	vina	crossdock	7N6F_0I1__into__3MDM	20260922	ok		5	-8.775	vina	kcal/mol (empirical score, not a measured free energy)	51.77	5	7.6198	0.9914	1	0	0	0	0	7.6198	0	0	7.6526	0	genconf	partner_ligand	2026-09-24T11:31:49+08:00
arm	A4_crossdock	vina	crossdock	7F8T_FAD__into__4CDN	20260922	ok		1	-6.637	vina	kcal/mol (empirical score, not a measured free energy)	1166.65	5	22.1904	4.6192	1	0	0	0	0	22.1904	0	0	22.1924	0	genconf	partner_ligand	2026-09-24T11:31:59+08:00
arm	A4_crossdock	vina	crossdock	7NGW_UAW__into__7NGG	20260922	ok		5	-8.804	vina	kcal/mol (empirical score, not a measured free energy)	21.62	5	6.4858	0.7356	1	0	0	0	0	0.7268	1	1	6.4943	0	genconf	partner_ligand	2026-09-24T11:32:05+08:00
arm	A4_crossdock	vina	crossdock	7MGY_ZD1__into__7MEL	20260922	ok		5	-9.341	vina	kcal/mol (empirical score, not a measured free energy)	86.33	5	1.1542	0.9811	1	1	0	1	0	1.1542	1	1	1.1542	0	genconf	partner_ligand	2026-09-24T11:31:38+08:00
arm	A4_crossdock	vina	crossdock	7N7B_T3F__into__7N7C	20260922	ok		5	-10.2	vina	kcal/mol (empirical score, not a measured free energy)	227.95	5	3.6397	3.079	1	0	0	0	0	1.7871	1	1	3.6804	0	genconf	partner_ligand	2026-09-24T11:31:59+08:00
arm	A4_crossdock	vina	crossdock	7NLV_UJE__into__2F01	20260922	ok		5	-7.814	vina	kcal/mol (empirical score, not a measured free energy)	52.55	5	20.6337	1.2032	1	0	0	0	0	19.5103	0	0	20.6337	0	genconf	partner_ligand	2026-09-24T11:32:09+08:00
arm	A4_crossdock	vina	crossdock	7EPV_FDA__into__9HJW	20260922	ok		5	-10.31	vina	kcal/mol (empirical score, not a measured free energy)	1102.42	5	19.8644	3.5821	1	0	0	0	0	18.0744	0	0	19.8675	0	genconf	partner_ligand	2026-09-24T11:31:52+08:00
arm	A4_crossdock	vina	crossdock	7NP6_UK8__into__7NPC	20260922	ok		2	-13.24	vina	kcal/mol (empirical score, not a measured free energy)	120.39	5	0.3469	0.2369	1	1	1	1	1	0.3469	1	1	0.9072	0	genconf	partner_ligand	2026-09-24T11:32:17+08:00
arm	A4_crossdock	vina	crossdock	7NF0_BYN__into__7NF2	20260922	ok		4	-9.967	vina	kcal/mol (empirical score, not a measured free energy)	189.37	5	49.1874	1.1524	1	0	0	0	0	48.025	0	0	49.1894	0	genconf	partner_ligand	2026-09-24T11:32:00+08:00
arm	A4_crossdock	vina	crossdock	7NF3_4LU__into__4ZA9	20260922	ok		4	-10.45	vina	kcal/mol (empirical score, not a measured free energy)	131.38	5	2.6069	1.5379	1	0	0	0	0	1.4215	1	1	2.6478	0	genconf	partner_ligand	2026-09-24T11:32:12+08:00
arm	A4_crossdock	vina	crossdock	7NU0_DCL__into__7NTZ	20260922	ok		5	-4.354	vina	kcal/mol (empirical score, not a measured free energy)	9.88	5	10.2662	0.9643	1	0	0	0	0	5.7003	0	0	10.2662	0	genconf	partner_ligand	2026-09-24T11:32:16+08:00
arm	A4_crossdock	vina	crossdock	7O0N_CDP__into__7BNR	20260922	ok		5	-10.34	vina	kcal/mol (empirical score, not a measured free energy)	77.2	5	12.497	0.7411	1	0	0	0	0	7.2126	0	0	12.5267	0	genconf	partner_ligand	2026-09-24T11:32:21+08:00
arm	A4_crossdock	vina	crossdock	7O1T_5X8__into__5FEW	20260922	ok		5	-4.598	vina	kcal/mol (empirical score, not a measured free energy)	88.09	5	30.5502	1.815	1	0	0	0	0	30.029	0	0	30.5551	0	genconf	partner_ligand	2026-09-24T11:32:27+08:00
arm	A4_crossdock	vina	crossdock	7NXO_UU8__into__7NWA	20260922	ok		5	-8.232	vina	kcal/mol (empirical score, not a measured free energy)	68.89	5	6.458	2.3271	1	0	0	0	0	3.1983	0	0	6.458	0	genconf	partner_ligand	2026-09-24T11:32:19+08:00
arm	A2_genconf_refbox	vina	posebusters	8F4J_PHO	20260922	ok		4		vina	kcal/mol (empirical score, not a measured free energy)	0.0	5	0.8266	0.7493	1	1	1	1	1	0.8266	1	1	0.9275	0	genconf	ligand_centred	2026-09-24T11:07:47+08:00
arm	A4_crossdock	vina	crossdock	7OEO_V9Z__into__4Z93	20260922	ok		5	-8.533	vina	kcal/mol (empirical score, not a measured free energy)	99.12	5	1.2194	0.8391	1	1	0	1	0	1.0671	1	1	3.389	1	genconf	partner_ligand	2026-09-24T11:32:41+08:00
arm	A4_crossdock	vina	crossdock	7OPG_06N__into__6FT8	20260922	ok		5	-8.956	vina	kcal/mol (empirical score, not a measured free energy)	21.47	5	1.0793	0.6454	1	1	0	1	0	1.0793	1	1	1.5081	0	genconf	partner_ligand	2026-09-24T11:32:44+08:00
arm	A4_crossdock	vina	crossdock	7OFF_VCB__into__9HWQ	20260922	ok		5	-9.726	vina	kcal/mol (empirical score, not a measured free energy)	54.24	5	7.998	0.6991	1	0	0	0	0	5.258	0	0	8.0042	0	genconf	partner_ligand	2026-09-24T11:32:37+08:00
arm	A4_crossdock	vina	crossdock	7NR8_UOE__into__8AOJ	20260922	ok		5	-8.653	vina	kcal/mol (empirical score, not a measured free energy)	234.94	5	11.0663	3.348	1	0	0	0	0	6.9251	0	0	11.0713	0	genconf	partner_ligand	2026-09-24T11:32:32+08:00
arm	A4_crossdock	vina	crossdock	7P2I_MFU__into__6Z5Z	20260922	ok		5	-4.104	vina	kcal/mol (empirical score, not a measured free energy)	11.36	5	30.519	0.1913	1	0	0	0	0	30.452	0	0	30.519	0	genconf	partner_ligand	2026-09-24T11:32:48+08:00
arm	A4_crossdock	vina	crossdock	7B2C_TP7__into__7B1S	20260922	ok		5	-7.461	vina	kcal/mol (empirical score, not a measured free energy)	94.4	5	15.6794	1.2297	1	0	0	0	0	15.5304	0	0	15.6815	0	genconf	partner_ligand	2026-09-24T11:30:31+08:00
arm	A4_crossdock	vina	crossdock	7P1F_KFN__into__7P1E	20260922	ok		5	-7.126	vina	kcal/mol (empirical score, not a measured free energy)	43.2	5	46.7122	1.2149	1	0	0	0	0	44.5316	0	0	46.7147	0	genconf	partner_ligand	2026-09-24T11:32:48+08:00
arm	A4_crossdock	vina	crossdock	7P1M_4IU__into__9FYJ	20260922	ok		5	-6.091	vina	kcal/mol (empirical score, not a measured free energy)	51.12	5	47.4777	1.9036	1	0	0	0	0	46.881	0	0	47.4793	0	genconf	partner_ligand	2026-09-24T11:32:49+08:00
arm	A4_crossdock	vina	crossdock	7OFK_VCH__into__7NPC	20260922	ok		5	-8.699	vina	kcal/mol (empirical score, not a measured free energy)	127.09	5	16.1592	1.0344	1	0	0	0	0	16.1592	0	0	16.2443	0	genconf	partner_ligand	2026-09-24T11:32:54+08:00
arm	A4_crossdock	vina	crossdock	7P4C_5OV__into__4BA0	20260922	ok		5	-5.633	vina	kcal/mol (empirical score, not a measured free energy)	19.87	5	4.0122	0.5662	1	0	0	0	0	4.0122	0	0	4.0122	0	genconf	partner_ligand	2026-09-24T11:32:48+08:00
arm	A4_crossdock	vina	crossdock	7P5T_5YG__into__7QJL	20260922	ok		4	-9.65	vina	kcal/mol (empirical score, not a measured free energy)	56.11	5	12.1505	2.7788	1	0	0	0	0	10.9499	0	0	12.1539	0	genconf	partner_ligand	2026-09-24T11:32:51+08:00
arm	A4_crossdock	vina	crossdock	7PIH_7QW__into__5N1F	20260922	ok		5	-9.109	vina	kcal/mol (empirical score, not a measured free energy)	43.0	5	3.0174	1.8057	1	0	0	0	0	2.1554	0	0	3.0174	0	genconf	partner_ligand	2026-09-24T11:32:50+08:00
arm	A4_crossdock	vina	crossdock	7Q2B_M6H__into__7Q2H	20260922	ok		5	-6.797	vina	kcal/mol (empirical score, not a measured free energy)	11.93	5	2.135	0.5938	1	0	0	0	0	2.135	0	0	2.5068	0	genconf	partner_ligand	2026-09-24T11:32:58+08:00
arm	A4_crossdock	vina	crossdock	7QFM_AY3__into__3A99	20260922	ok		5	-8.555	vina	kcal/mol (empirical score, not a measured free energy)	22.45	5	0.4255	0.1885	1	1	1	1	1	0.4255	1	1	1.1527	0	genconf	partner_ligand	2026-09-24T11:33:00+08:00
arm	A4_crossdock	vina	crossdock	7OP9_06K__into__6F4X	20260922	ok		5	-5.871	vina	kcal/mol (empirical score, not a measured free energy)	5.94	5	68.9064	0.06	1	0	0	0	0	68.0283	0	0	68.9064	0	genconf	partner_ligand	2026-09-24T11:32:32+08:00
arm	A4_crossdock	vina	crossdock	7PRM_81I__into__9F8D	20260922	ok		5	-10.57	vina	kcal/mol (empirical score, not a measured free energy)	70.32	5	7.488	1.7559	1	0	0	0	0	7.488	0	0	7.5015	0	genconf	partner_ligand	2026-09-24T11:33:00+08:00
arm	A4_crossdock	vina	crossdock	7PRI_7TI__into__7BM4	20260922	ok		5	-6.048	vina	kcal/mol (empirical score, not a measured free energy)	45.94	5	4.4621	1.1692	1	0	0	0	0	3.7557	0	0	4.5327	0	genconf	partner_ligand	2026-09-24T11:32:58+08:00
arm	A4_crossdock	vina	crossdock	7PL1_SFG__into__9RYL	20260922	ok		5	-8.096	vina	kcal/mol (empirical score, not a measured free energy)	154.29	5	10.1348	1.7788	1	0	0	0	0	7.9803	0	0	10.1348	0	genconf	partner_ligand	2026-09-24T11:33:01+08:00
arm	A4_crossdock	vina	crossdock	7QTA_URI__into__5FBF	20260922	ok		5	-6.729	vina	kcal/mol (empirical score, not a measured free energy)	25.36	5	36.1871	0.8489	1	0	0	0	0	36.1871	0	0	36.1871	0	genconf	partner_ligand	2026-09-24T11:33:05+08:00
arm	A4_crossdock	vina	crossdock	7QPP_VDX__into__3B0T	20260922	ok		2	-11.96	vina	kcal/mol (empirical score, not a measured free energy)	83.57	5	0.9331	0.7385	1	1	1	1	1	0.9331	1	1	1.1131	0	genconf	partner_ligand	2026-09-24T11:33:06+08:00
arm	A4_crossdock	vina	crossdock	7MSR_DCA__into__6WCV	20260922	ok		5	-8.002	vina	kcal/mol (empirical score, not a measured free energy)	813.85	5	12.3697	3.6887	1	0	0	0	0	10.5523	0	0	12.3797	0	genconf	partner_ligand	2026-09-24T11:32:24+08:00
arm	A4_crossdock	vina	crossdock	7R7R_AWJ__into__4Z55	20260922	ok		5	-8.201	vina	kcal/mol (empirical score, not a measured free energy)	118.4	5	6.7335	2.6474	1	0	0	0	0	1.1981	1	1	6.7557	0	genconf	partner_ligand	2026-09-24T11:33:08+08:00
arm	A4_crossdock	vina	crossdock	7R59_I5F__into__4ZZX	20260922	ok		5	-7.518	vina	kcal/mol (empirical score, not a measured free energy)	8.39	5	0.522	0.063	1	1	1	1	1	0.522	1	1	0.522	0	genconf	partner_ligand	2026-09-24T11:33:06+08:00
arm	A4_crossdock	vina	crossdock	7RKW_5TV__into__5TL8	20260922	ok		5	-9.844	vina	kcal/mol (empirical score, not a measured free energy)	59.93	5	6.5626	1.1388	1	0	0	0	0	5.1994	0	0	6.628	0	genconf	partner_ligand	2026-09-24T11:33:12+08:00
arm	A4_crossdock	vina	crossdock	7Q5I_I0F__into__2GJ4	20260922	ok		5	-7.216	vina	kcal/mol (empirical score, not a measured free energy)	79.69	5	32.3197	0.8561	1	0	0	0	0	31.651	0	0	32.3197	0	genconf	partner_ligand	2026-09-24T11:33:03+08:00
arm	A4_crossdock	vina	crossdock	7RZL_NPO__into__7LDQ	20260922	ok		5	-3.717	vina	kcal/mol (empirical score, not a measured free energy)	8.17	5	7.9525	0.1447	1	0	0	0	0	7.9525	0	0	7.9525	0	genconf	partner_ligand	2026-09-24T11:33:23+08:00
arm	A4_crossdock	vina	crossdock	7RH3_59O__into__9RR6	20260922	ok		5	-6.676	vina	kcal/mol (empirical score, not a measured free energy)	175.14	5	1.9883	1.9698	1	1	0	1	0	1.9883	1	1	2.1614	1	genconf	partner_ligand	2026-09-24T11:33:18+08:00
arm	A4_crossdock	vina	crossdock	7MMH_ZJY__into__7MM8	20260922	ok		5	-6.812	vina	kcal/mol (empirical score, not a measured free energy)	1464.96	5	3.2048	1.6746	0	0	0	0	0	2.1649	0	0	3.2806	0	genconf	partner_ligand	2026-09-24T11:33:15+08:00
arm	A4_crossdock	vina	crossdock	7SCW_GSP__into__12XE	20260922	ok		5	-9.544	vina	kcal/mol (empirical score, not a measured free energy)	194.1	5	16.9056	1.481	1	0	0	0	0	15.6007	0	0	16.913	0	genconf	partner_ligand	2026-09-24T11:33:26+08:00
arm	A4_crossdock	vina	crossdock	7RNI_60I__into__3E33	20260922	ok		5	-8.527	vina	kcal/mol (empirical score, not a measured free energy)	70.63	5	7.203	1.7448	1	0	0	0	0	5.5837	0	0	7.2312	0	genconf	partner_ligand	2026-09-24T11:33:16+08:00
arm	A4_crossdock	vina	crossdock	7QHG_T3B__into__5NXD	20260922	ok		5	-11.76	vina	kcal/mol (empirical score, not a measured free energy)	376.6	5	35.2918	0.9616	1	0	0	0	0	33.9432	0	0	35.3104	0	genconf	partner_ligand	2026-09-24T11:33:18+08:00
arm	A4_crossdock	vina	crossdock	7SDD_4IP__into__7SDB	20260922	ok		5	-6.638	vina	kcal/mol (empirical score, not a measured free energy)	190.8	5	4.6275	1.8317	1	0	0	0	0	3.2772	0	0	4.7502	0	genconf	partner_ligand	2026-09-24T11:33:26+08:00
arm	A4_crossdock	vina	crossdock	7THI_PGA__into__2HHJ	20260922	ok		5	-5.936	vina	kcal/mol (empirical score, not a measured free energy)	14.39	5	47.6413	0.7051	1	0	0	0	0	45.0539	0	0	47.6544	0	genconf	partner_ligand	2026-09-24T11:33:31+08:00
arm	A4_crossdock	vina	crossdock	7ROU_66I__into__1Q11	20260922	ok		5	-10.89	vina	kcal/mol (empirical score, not a measured free energy)	326.3	5	1.4517	1.2885	1	1	0	1	0	1.4517	1	1	1.5544	0	genconf	partner_ligand	2026-09-24T11:33:32+08:00
arm	A4_crossdock	vina	crossdock	7T1D_E7K__into__9S1Z	20260922	ok		5	-10.88	vina	kcal/mol (empirical score, not a measured free energy)	66.29	5	30.2221	1.7172	1	0	0	0	0	27.2388	0	0	30.2221	0	genconf	partner_ligand	2026-09-24T11:33:30+08:00
arm	A4_crossdock	vina	crossdock	7RSV_7IQ__into__7RSP	20260922	ok		5	-7.661	vina	kcal/mol (empirical score, not a measured free energy)	16.1	5	5.8662	1.446	1	0	0	0	0	5.2973	0	0	5.8662	0	genconf	partner_ligand	2026-09-24T11:33:18+08:00
arm	A4_crossdock	vina	crossdock	7ROR_69X__into__9CLL	20260922	ok		5	-10.77	vina	kcal/mol (empirical score, not a measured free energy)	254.77	5	2.3618	1.263	1	0	0	0	0	2.3618	0	0	2.5005	0	genconf	partner_ligand	2026-09-24T11:33:30+08:00
arm	A4_crossdock	vina	crossdock	7TOM_5AD__into__7TOL	20260922	ok		5	-7.349	vina	kcal/mol (empirical score, not a measured free energy)	22.85	5	20.5997	0.7323	1	0	0	0	0	19.3299	0	0	20.5997	0	genconf	partner_ligand	2026-09-24T11:33:38+08:00
arm	A4_crossdock	vina	crossdock	7TM6_GPJ__into__7TM5	20260922	ok		5	-5.616	vina	kcal/mol (empirical score, not a measured free energy)	19.53	5	5.7212	0.7005	1	0	0	0	0	4.4249	0	0	5.8164	0	genconf	partner_ligand	2026-09-24T11:33:37+08:00
arm	A4_crossdock	vina	crossdock	7T0D_FPP__into__7T08	20260922	ok		5	-7.497	vina	kcal/mol (empirical score, not a measured free energy)	93.66	5	11.8029	3.2937	1	0	0	0	0	10.6688	0	0	11.8338	0	genconf	partner_ligand	2026-09-24T11:33:36+08:00
arm	A4_crossdock	vina	crossdock	7TH4_FFO__into__3APT	20260922	ok		5	-9.388	vina	kcal/mol (empirical score, not a measured free energy)	167.56	5	49.4864	1.4673	1	0	0	0	0	49.2044	0	0	49.4885	0	genconf	partner_ligand	2026-09-24T11:33:41+08:00
arm	A4_crossdock	vina	crossdock	7TYP_KUR__into__6UYB	20260922	ok		5	-8.95	vina	kcal/mol (empirical score, not a measured free energy)	96.3	5	14.6788	1.9626	1	0	0	0	0	1.8723	1	1	14.7098	0	genconf	partner_ligand	2026-09-24T11:33:45+08:00
arm	A4_crossdock	vina	crossdock	7R6J_2I7__into__8EPR	20260922	ok		5	-9.934	vina	kcal/mol (empirical score, not a measured free energy)	136.5	5	41.78	3.4546	1	0	0	0	0	40.2164	0	0	41.78	0	genconf	partner_ligand	2026-09-24T11:33:08+08:00
arm	A4_crossdock	vina	crossdock	7TSF_H4B__into__4FVY	20260922	ok		5	-7.629	vina	kcal/mol (empirical score, not a measured free energy)	24.38	5	21.3727	1.4282	1	0	0	0	0	21.1936	0	0	21.3727	0	genconf	partner_ligand	2026-09-24T11:33:40+08:00
arm	A4_crossdock	vina	crossdock	7TS6_KMI__into__6CID	20260922	ok		5	-9.639	vina	kcal/mol (empirical score, not a measured free energy)	20.09	5	37.4712	1.5181	1	0	0	0	0	35.4102	0	0	37.4712	0	genconf	partner_ligand	2026-09-24T11:33:40+08:00
arm	A4_crossdock	vina	crossdock	7UQ3_O2U__into__4GJZ	20260922	ok		5	-6.335	vina	kcal/mol (empirical score, not a measured free energy)	14.04	5	1.5847	0.6072	1	1	0	1	0	1.5847	1	1	1.5899	0	genconf	partner_ligand	2026-09-24T11:33:51+08:00
arm	A4_crossdock	vina	crossdock	7USH_82V__into__5IG6	20260922	ok		5	-9.191	vina	kcal/mol (empirical score, not a measured free energy)	31.91	5	7.4772	1.6039	1	0	0	0	0	4.754	0	0	7.4772	0	genconf	partner_ligand	2026-09-24T11:33:56+08:00
arm	A4_crossdock	vina	crossdock	7U3J_L6U__into__7U3H	20260922	ok		5	-7.69	vina	kcal/mol (empirical score, not a measured free energy)	253.35	5	6.5438	4.3854	1	0	0	0	0	6.5438	0	0	6.5687	0	genconf	partner_ligand	2026-09-24T11:33:48+08:00
arm	A4_crossdock	vina	crossdock	7UYB_OK0__into__7UYA	20260922	ok		5	-10.5	vina	kcal/mol (empirical score, not a measured free energy)	80.61	5	0.9988	0.6052	1	1	1	1	1	0.9988	1	1	1.5469	0	genconf	partner_ligand	2026-09-24T11:33:56+08:00
arm	A4_crossdock	vina	crossdock	7V43_C4O__into__7V44	20260922	ok		5	-5.496	vina	kcal/mol (empirical score, not a measured free energy)	5.01	5	6.4217	0.0414	1	0	0	0	0	6.4032	0	0	6.5762	0	genconf	partner_ligand	2026-09-24T11:34:00+08:00
arm	A4_crossdock	vina	crossdock	7ULC_56B__into__7U1O	20260922	ok		5	-9.851	vina	kcal/mol (empirical score, not a measured free energy)	176.8	5	1.6573	1.4089	1	1	0	1	0	1.6573	1	1	1.7591	0	genconf	partner_ligand	2026-09-24T11:33:49+08:00
arm	A4_crossdock	vina	crossdock	7V14_ORU__into__7MBO	20260922	ok		5	-9.6	vina	kcal/mol (empirical score, not a measured free energy)	93.77	5	0.7722	0.5595	1	1	1	1	1	0.7722	1	1	0.8137	0	genconf	partner_ligand	2026-09-24T11:34:05+08:00
arm	A4_crossdock	vina	crossdock	7VB8_STL__into__7WAR	20260922	ok		5	-6.855	vina	kcal/mol (empirical score, not a measured free energy)	21.96	5	14.6148	0.4189	1	0	0	0	0	13.0399	0	0	14.692	0	genconf	partner_ligand	2026-09-24T11:34:02+08:00
arm	A4_crossdock	vina	crossdock	7VBU_6I4__into__5J71	20260922	ok		5	-8.247	vina	kcal/mol (empirical score, not a measured free energy)	10.84	5	0.5956	0.0667	1	1	1	1	1	0.5956	1	1	0.7785	0	genconf	partner_ligand	2026-09-24T11:34:03+08:00
arm	A4_crossdock	vina	crossdock	7VQ9_ISY__into__7VQA	20260922	ok		5	-6.976	vina	kcal/mol (empirical score, not a measured free energy)	33.0	5	5.2788	1.4744	1	0	0	0	0	5.0318	0	0	5.366	0	genconf	partner_ligand	2026-09-24T11:34:13+08:00
arm	A4_crossdock	vina	crossdock	7UJ4_OQ4__into__9WN9	20260922	ok		5	-8.242	vina	kcal/mol (empirical score, not a measured free energy)	258.67	5	5.1688	3.4227	1	0	0	0	0	3.8243	0	0	5.2571	0	genconf	partner_ligand	2026-09-24T11:33:56+08:00
arm	A4_crossdock	vina	crossdock	7VC5_9SF__into__7F9T	20260922	ok		5	-8.355	vina	kcal/mol (empirical score, not a measured free energy)	39.72	5	31.2208	1.4754	1	0	0	0	0	31.2208	0	0	31.2208	0	genconf	partner_ligand	2026-09-24T11:34:10+08:00
arm	A4_crossdock	vina	crossdock	7WL4_JFU__into__4QB3	20260922	ok		5	-9.713	vina	kcal/mol (empirical score, not a measured free energy)	91.47	5	8.4527	1.827	1	0	0	0	0	1.7435	1	1	8.4823	0	genconf	partner_ligand	2026-09-24T11:34:23+08:00
arm	A4_crossdock	vina	crossdock	7UAW_MF6__into__8KBH	20260922	ok		5	-7.05	vina	kcal/mol (empirical score, not a measured free energy)	445.8	5	52.7804	2.7848	1	0	0	0	0	52.0563	0	0	52.7827	0	genconf	partner_ligand	2026-09-24T11:33:57+08:00
arm	A4_crossdock	vina	crossdock	7WPW_F15__into__7FEZ	20260922	ok		5	-5.526	vina	kcal/mol (empirical score, not a measured free energy)	64.56	5	5.2113	1.3666	1	0	0	0	0	3.814	0	0	5.2113	0	genconf	partner_ligand	2026-09-24T11:34:30+08:00
arm	A4_crossdock	gnina	crossdock	7WJB_BGC__into__7WJ9	20260922	ok		5	-4.28	gnina_cnn:rescore:crossdock_default2018	kcal/mol (empirical score, not a measured free energy)	19.85	4	12.0521	0.1535	1	0	0	0	0	0.4435	1	1	12.0521	0	genconf	partner_ligand	2026-09-24T11:27:38+08:00
arm	A4_crossdock	vina	crossdock	7X9K_8OG__into__7WW6	20260922	ok		5	-9.765	vina	kcal/mol (empirical score, not a measured free energy)	68.3	5	0.4077	0.3301	1	1	1	1	1	0.4077	1	1	0.4077	0	genconf	partner_ligand	2026-09-24T11:34:38+08:00
arm	A4_crossdock	vina	crossdock	7PT3_3KK__into__9QZ6	20260922	ok		5	-8.766	vina	kcal/mol (empirical score, not a measured free energy)	1344.9	5	9.9946	5.6688	1	0	0	0	0	1.2408	1	1	10.0126	0	genconf	partner_ligand	2026-09-24T11:34:13+08:00
arm	A4_crossdock	vina	crossdock	7VKZ_NOJ__into__7VL1	20260922	ok		5	-5.771	vina	kcal/mol (empirical score, not a measured free energy)	15.15	5	3.4417	0.484	1	0	0	0	0	2.6646	0	0	3.4417	0	genconf	partner_ligand	2026-09-24T11:34:07+08:00
arm	A4_crossdock	vina	crossdock	7WUY_76N__into__7WW0	20260922	ok		5	-8.99	vina	kcal/mol (empirical score, not a measured free energy)	70.53	5	2.3198	2.111	1	0	0	0	0	2.3198	0	0	2.3198	0	genconf	partner_ligand	2026-09-24T11:34:31+08:00
arm	A4_crossdock	vina	crossdock	7X5N_5M5__into__9KRO	20260922	ok		5	-9.36	vina	kcal/mol (empirical score, not a measured free energy)	78.58	5	37.6441	2.9838	1	0	0	0	0	37.2192	0	0	37.6441	0	genconf	partner_ligand	2026-09-24T11:34:35+08:00
arm	A4_crossdock	vina	crossdock	7VYJ_CA0__into__7VX0	20260922	ok		5	-9.062	vina	kcal/mol (empirical score, not a measured free energy)	105.69	5	37.1342	1.8172	1	0	0	0	0	36.0888	0	0	37.1383	0	genconf	partner_ligand	2026-09-24T11:34:18+08:00
arm	A4_crossdock	vina	crossdock	7Z1Q_NIO__into__9QK5	20260922	ok		5	-5.417	vina	kcal/mol (empirical score, not a measured free energy)	6.97	5	10.5043	0.5717	1	0	0	0	0	3.0829	0	0	10.5043	0	genconf	partner_ligand	2026-09-24T11:34:53+08:00
arm	A4_crossdock	vina	crossdock	7UMW_NAD__into__7UM8	20260922	ok		5	-9.333	vina	kcal/mol (empirical score, not a measured free energy)	541.63	5	6.5989	2.5511	1	0	0	0	0	6.5989	0	0	6.6072	0	genconf	partner_ligand	2026-09-24T11:34:41+08:00
arm	A4_crossdock	vina	crossdock	7XG5_PLP__into__4CE5	20260922	ok		5	-7.981	vina	kcal/mol (empirical score, not a measured free energy)	29.14	5	31.3464	0.3198	1	0	0	0	0	28.4837	0	0	31.355	0	genconf	partner_ligand	2026-09-24T11:34:48+08:00
arm	A4_crossdock	vina	crossdock	7Z2O_IAJ__into__7OTF	20260922	ok		5	-7.184	vina	kcal/mol (empirical score, not a measured free energy)	9.83	5	3.1516	0.3211	1	0	0	0	0	0.5057	1	1	3.1516	0	genconf	partner_ligand	2026-09-24T11:34:55+08:00
arm	A4_crossdock	vina	crossdock	7Z7F_IF3__into__7Z5M	20260922	ok		5	-4.759	vina	kcal/mol (empirical score, not a measured free energy)	10.68	5	14.1139	0.7052	1	0	0	0	0	13.0905	0	0	14.1139	0	genconf	partner_ligand	2026-09-24T11:34:56+08:00
arm	A4_crossdock	vina	crossdock	7VWF_K55__into__5U3Q	20260922	ok		5	-9.736	vina	kcal/mol (empirical score, not a measured free energy)	137.81	5	1.9285	1.802	1	1	0	1	0	1.1766	1	1	2.0688	1	genconf	partner_ligand	2026-09-24T11:34:29+08:00
arm	A4_crossdock	vina	crossdock	7UTW_NAI__into__2JHF	20260922	ok		5	-9.419	vina	kcal/mol (empirical score, not a measured free energy)	493.41	5	41.026	3.9427	0	0	0	0	0	39.6364	0	0	41.0268	0	genconf	partner_ligand	2026-09-24T11:34:47+08:00
arm	A4_crossdock	vina	crossdock	7YZU_DO7__into__7OFY	20260922	ok		5	-7.557	vina	kcal/mol (empirical score, not a measured free energy)	34.66	5	4.4757	1.2388	1	0	0	0	0	2.0114	0	0	4.5565	0	genconf	partner_ligand	2026-09-24T11:34:50+08:00
arm	A4_crossdock	vina	crossdock	7ZU2_DHT__into__8E1A	20260922	ok		3	-7.533	vina	kcal/mol (empirical score, not a measured free energy)	16.51	5	6.6538	0.0804	0	0	0	0	0	0.6217	1	0	6.6538	0	genconf	partner_ligand	2026-09-24T11:35:01+08:00
arm	A4_crossdock	vina	crossdock	7FRX_O88__into__7FS3	20260922	ok		5	-11.97	vina	kcal/mol (empirical score, not a measured free energy)	79.82	5	75.2841	1.8527	1	0	0	0	0	74.241	0	0	75.2851	0	genconf	partner_ligand	2026-09-24T11:31:14+08:00
arm	A4_crossdock	vina	crossdock	7XQZ_FPF__into__7XR7	20260922	ok		5	-9.732	vina	kcal/mol (empirical score, not a measured free energy)	105.69	5	0.7512	0.616	1	1	1	1	1	0.7512	1	1	1.3355	0	genconf	partner_ligand	2026-09-24T11:34:59+08:00
arm	A4_crossdock	vina	crossdock	7ZTL_BCN__into__5G1X	20260922	ok		5	-4.318	vina	kcal/mol (empirical score, not a measured free energy)	23.46	5	4.4089	1.0704	1	0	0	0	0	2.7877	0	0	4.9309	0	genconf	partner_ligand	2026-09-24T11:35:07+08:00
arm	A4_crossdock	vina	crossdock	7XFA_D9J__into__9RR6	20260922	ok		5	-7.282	vina	kcal/mol (empirical score, not a measured free energy)	185.23	5	9.1854	2.0443	1	0	0	0	0	5.261	0	0	9.1854	0	genconf	partner_ligand	2026-09-24T11:35:02+08:00
arm	A4_crossdock	vina	crossdock	7XBV_APC__into__7XBT	20260922	ok		5	-9.189	vina	kcal/mol (empirical score, not a measured free energy)	179.94	5	6.6294	1.7098	1	0	0	0	0	4.6516	0	0	6.6541	0	genconf	partner_ligand	2026-09-24T11:35:00+08:00
arm	A4_crossdock	vina	crossdock	8AEM_LVF__into__7I7Y	20260922	ok		5	-7.3	vina	kcal/mol (empirical score, not a measured free energy)	8.07	5	15.3384	0.8654	1	0	0	0	0	2.1969	0	0	15.3384	0	genconf	partner_ligand	2026-09-24T11:35:11+08:00
arm	A4_crossdock	vina	crossdock	8AAU_LH0__into__3S95	20260922	ok		5	-7.504	vina	kcal/mol (empirical score, not a measured free energy)	45.74	5	7.9064	0.6473	1	0	0	0	0	5.4694	0	0	8.018	0	genconf	partner_ligand	2026-09-24T11:35:09+08:00
arm	A4_crossdock	vina	crossdock	7ZF0_DHR__into__7ZER	20260922	ok		5	-6.85	vina	kcal/mol (empirical score, not a measured free energy)	9.68	5	13.3626	0.0683	1	0	0	0	0	8.3348	0	0	13.3635	0	genconf	partner_ligand	2026-09-24T11:34:59+08:00
arm	A4_crossdock	vina	crossdock	7ZHP_IQY__into__4NFN	20260922	ok		5	-6.374	vina	kcal/mol (empirical score, not a measured free energy)	143.7	5	5.2211	1.0924	1	0	0	0	0	5.2211	0	0	5.2211	0	genconf	partner_ligand	2026-09-24T11:35:12+08:00
arm	A4_crossdock	vina	crossdock	8AUH_L9I__into__8AUF	20260922	ok		5	-6.333	vina	kcal/mol (empirical score, not a measured free energy)	15.26	5	37.8864	0.8383	1	0	0	0	0	37.705	0	0	37.8864	0	genconf	partner_ligand	2026-09-24T11:35:12+08:00
arm	A4_crossdock	vina	crossdock	7XJN_NSD__into__7XJM	20260922	ok		5	-6.037	vina	kcal/mol (empirical score, not a measured free energy)	24.69	5	51.1024	0.5355	1	0	0	0	0	40.7135	0	0	51.3565	0	genconf	partner_ligand	2026-09-24T11:34:49+08:00
arm	A4_crossdock	vina	crossdock	8BTI_RFO__into__7BNB	20260922	ok		5	-8.029	vina	kcal/mol (empirical score, not a measured free energy)	14.75	5	2.7072	1.2166	1	0	0	0	0	1.7203	1	1	2.7072	0	genconf	partner_ligand	2026-09-24T11:35:24+08:00
arm	A4_crossdock	vina	crossdock	8AIE_M7L__into__8AYJ	20260922	ok		5	-9.144	vina	kcal/mol (empirical score, not a measured free energy)	95.2	5	31.9779	2.0167	1	0	0	0	0	31.5476	0	0	31.9834	0	genconf	partner_ligand	2026-09-24T11:35:18+08:00
arm	A4_crossdock	vina	crossdock	7XPO_UPG__into__7XPQ	20260922	ok		5	-10.0	vina	kcal/mol (empirical score, not a measured free energy)	215.51	5	18.276	2.439	1	0	0	0	0	15.6057	0	0	18.276	0	genconf	partner_ligand	2026-09-24T11:35:11+08:00
arm	A4_crossdock	vina	crossdock	8C5M_MTA__into__28WF	20260922	ok		5	-7.177	vina	kcal/mol (empirical score, not a measured free energy)	32.94	5	2.9243	0.9138	1	0	0	0	0	1.1354	1	1	2.9243	0	genconf	partner_ligand	2026-09-24T11:35:30+08:00
arm	A4_crossdock	vina	crossdock	8BOM_QU6__into__6Q7D	20260922	ok		5	-12.01	vina	kcal/mol (empirical score, not a measured free energy)	102.31	5	1.2675	0.8864	1	1	0	1	0	1.2675	1	1	1.2675	0	genconf	partner_ligand	2026-09-24T11:35:37+08:00
arm	A4_crossdock	vina	crossdock	7ZXV_45D__into__6T6K	20260922	ok		4	-13.99	vina	kcal/mol (empirical score, not a measured free energy)	144.19	5	1.4465	1.2855	1	1	0	1	0	1.4123	1	1	19.0762	1	genconf	partner_ligand	2026-09-24T11:35:15+08:00
arm	A4_crossdock	vina	crossdock	8CSD_C5P__into__8CSC	20260922	ok		5	-7.309	vina	kcal/mol (empirical score, not a measured free energy)	51.1	5	49.5563	1.7198	1	0	0	0	0	49.4142	0	0	49.5597	0	genconf	partner_ligand	2026-09-24T11:35:38+08:00
arm	A4_crossdock	vina	crossdock	8D39_QDB__into__9DOE	20260922	ok		5	-8.084	vina	kcal/mol (empirical score, not a measured free energy)	24.85	5	8.5666	0.8113	1	0	0	0	0	7.6848	0	0	8.6045	0	genconf	partner_ligand	2026-09-24T11:35:54+08:00
arm	A4_crossdock	vina	crossdock	8A2D_KXY__into__8A27	20260922	ok		5	-9.825	vina	kcal/mol (empirical score, not a measured free energy)	252.07	5	13.8235	3.8734	1	0	0	0	0	13.1603	0	0	13.8249	0	genconf	partner_ligand	2026-09-24T11:35:37+08:00
arm	A4_crossdock	vina	crossdock	8AY3_OE3__into__9TB8	20260922	ok		5	-8.956	vina	kcal/mol (empirical score, not a measured free energy)	53.55	5	0.9099	0.2394	1	1	1	1	1	0.9099	1	1	1.5008	0	genconf	partner_ligand	2026-09-24T11:35:30+08:00
arm	A4_crossdock	vina	crossdock	8C3N_ADP__into__8BR9	20260922	ok		5	-5.354	vina	kcal/mol (empirical score, not a measured free energy)	122.89	5	32.247	2.1552	1	0	0	0	0	31.6419	0	0	32.2599	0	genconf	partner_ligand	2026-09-24T11:35:59+08:00
arm	A4_crossdock	vina	crossdock	8DKO_TFB__into__8DKP	20260922	ok		5	-4.802	vina	kcal/mol (empirical score, not a measured free energy)	7.16	5	14.8847	0.3964	1	0	0	0	0	5.6485	0	0	14.8847	0	genconf	partner_ligand	2026-09-24T11:35:55+08:00
arm	A4_crossdock	vina	crossdock	8DHG_T78__into__4OQV	20260922	ok		5	-6.413	vina	kcal/mol (empirical score, not a measured free energy)	158.93	5	24.2649	1.7966	1	0	0	0	0	23.8136	0	0	24.2724	0	genconf	partner_ligand	2026-09-24T11:36:08+08:00
arm	A4_crossdock	vina	crossdock	8B8H_OJQ__into__6SCZ	20260922	ok		5	-5.503	vina	kcal/mol (empirical score, not a measured free energy)	72.41	5	61.5402	0.9443	1	0	0	0	0	61.3813	0	0	61.5443	0	genconf	partner_ligand	2026-09-24T11:35:31+08:00
arm	A4_crossdock	vina	crossdock	8D19_GSH__into__8CZL	20260922	ok		5	-5.561	vina	kcal/mol (empirical score, not a measured free energy)	90.74	5	13.944	2.0326	1	0	0	0	0	13.2554	0	0	13.9542	0	genconf	partner_ligand	2026-09-24T11:35:59+08:00
arm	A4_crossdock	vina	crossdock	8DSC_NCA__into__8DSE	20260922	ok		5	-5.194	vina	kcal/mol (empirical score, not a measured free energy)	6.55	5	42.0632	0.349	1	0	0	0	0	41.7987	0	0	42.0632	0	genconf	partner_ligand	2026-09-24T11:35:58+08:00
arm	A4_crossdock	vina	crossdock	8D5D_5DK__into__8D88	20260922	ok		5	-7.716	vina	kcal/mol (empirical score, not a measured free energy)	140.22	5	32.8434	3.1203	1	0	0	0	0	27.4486	0	0	32.8476	0	genconf	partner_ligand	2026-09-24T11:36:03+08:00
arm	A4_crossdock	vina	crossdock	8FLV_ZB9__into__5P9J	20260922	ok		5	-8.627	vina	kcal/mol (empirical score, not a measured free energy)	63.74	5	4.8261	1.3949	1	0	0	0	0	3.5024	0	0	4.8261	0	genconf	partner_ligand	2026-09-24T11:36:14+08:00
arm	A4_crossdock	vina	crossdock	8FAV_4Y5__into__7NPC	20260922	ok		2	-15.24	vina	kcal/mol (empirical score, not a measured free energy)	85.7	5	70.9313	1.1852	1	0	0	0	0	70.6955	0	0	70.9339	0	genconf	partner_ligand	2026-09-24T11:36:16+08:00
arm	A4_crossdock	vina	crossdock	8HO0_3ZI__into__8HNZ	20260922	ok		5	-9.708	vina	kcal/mol (empirical score, not a measured free energy)	21.49	5	12.0768	1.5178	1	0	0	0	0	8.3228	0	0	12.0768	0	genconf	partner_ligand	2026-09-24T11:36:19+08:00
arm	A4_crossdock	vina	crossdock	8GFD_ZHR__into__8GFH	20260922	ok		5	-7.304	vina	kcal/mol (empirical score, not a measured free energy)	72.93	5	9.071	2.8665	1	0	0	0	0	8.9043	0	0	9.071	0	genconf	partner_ligand	2026-09-24T11:36:18+08:00
arm	A4_crossdock	vina	crossdock	8EAB_VN2__into__8EA7	20260922	ok		5	-10.11	vina	kcal/mol (empirical score, not a measured free energy)	324.54	5	8.6146	2.6203	1	0	0	0	0	6.3798	0	0	8.6716	0	genconf	partner_ligand	2026-09-24T11:36:22+08:00
arm	A4_crossdock	vinardo	crossdock	5SAK_ZRY__into__1GVT	20260922	ok		5	-7.7	vinardo	kcal/mol (empirical score, not a measured free energy)	26.36	5	0.8066	0.6128	1	1	1	1	1	0.8066	1	1	0.8066	0	genconf	partner_ligand	2026-09-24T11:36:30+08:00
arm	A4_crossdock	vina	crossdock	8EXL_799__into__9CMK	20260922	ok		5	-6.432	vina	kcal/mol (empirical score, not a measured free energy)	222.8	5	51.0643	1.9514	1	0	0	0	0	48.9098	0	0	51.0645	0	genconf	partner_ligand	2026-09-24T11:36:21+08:00
arm	A4_crossdock	vina	crossdock	8HFN_XGC__into__3C8Z	20260922	ok		5	-7.645	vina	kcal/mol (empirical score, not a measured free energy)	46.69	5	31.9726	1.4442	1	0	0	0	0	30.6602	0	0	31.9726	0	genconf	partner_ligand	2026-09-24T11:36:21+08:00
arm	A4_crossdock	vinardo	crossdock	6M2B_EZO__into__4OQV	20260922	ok		5	-8.8	vinardo	kcal/mol (empirical score, not a measured free energy)	80.5	5	13.542	2.468	1	0	0	0	0	13.542	0	0	13.542	0	genconf	partner_ligand	2026-09-24T11:36:33+08:00
arm	A4_crossdock	vinardo	crossdock	6TW7_NZB__into__4C7I	20260922	ok		5	-10.0	vinardo	kcal/mol (empirical score, not a measured free energy)	88.62	5	13.5893	1.2164	1	0	0	0	0	10.7927	0	0	13.5902	0	genconf	partner_ligand	2026-09-24T11:36:33+08:00
arm	A4_crossdock	vinardo	crossdock	6WTN_RXT__into__8BXH	20260922	ok		5	-7.4	vinardo	kcal/mol (empirical score, not a measured free energy)	42.86	5	3.6968	1.5218	1	0	0	0	0	2.2672	0	0	3.6968	0	genconf	partner_ligand	2026-09-24T11:36:37+08:00
arm	A4_crossdock	vinardo	crossdock	5SB2_1K2__into__6FEX	20260922	ok		5	-11.1	vinardo	kcal/mol (empirical score, not a measured free energy)	88.77	5	3.0625	1.4752	1	0	0	0	0	1.2701	1	1	3.1791	0	genconf	partner_ligand	2026-09-24T11:36:33+08:00
arm	A4_crossdock	vinardo	crossdock	6T88_MWQ__into__6T85	20260922	ok		5	-6.0	vinardo	kcal/mol (empirical score, not a measured free energy)	13.86	5	13.3701	1.0807	1	0	0	0	0	12.0203	0	0	13.4036	0	genconf	partner_ligand	2026-09-24T11:36:33+08:00
arm	A4_crossdock	vinardo	crossdock	5SIS_JSM__into__2OUR	20260922	ok		5	-7.5	vinardo	kcal/mol (empirical score, not a measured free energy)	135.12	5	9.4192	1.8044	1	0	0	0	0	9.0181	0	0	9.4192	0	genconf	partner_ligand	2026-09-24T11:36:39+08:00
arm	A4_crossdock	vinardo	crossdock	6YQW_82I__into__6BQA	20260922	ok		5	-3.7	vinardo	kcal/mol (empirical score, not a measured free energy)	6.26	5	3.0724	0.0938	1	0	0	0	0	2.4103	0	0	3.0724	0	genconf	partner_ligand	2026-09-24T11:36:50+08:00
arm	A4_crossdock	vinardo	crossdock	5SD5_HWI__into__4KLX	20260922	ok		5	-5.4	vinardo	kcal/mol (empirical score, not a measured free energy)	155.17	5	16.9797	3.3291	1	0	0	0	0	16.976	0	0	16.9885	0	genconf	partner_ligand	2026-09-24T11:36:46+08:00
arm	A4_crossdock	vinardo	crossdock	6XG5_TOP__into__9PWM	20260922	ok		5	-6.5	vinardo	kcal/mol (empirical score, not a measured free energy)	34.74	5	13.2302	0.8995	1	0	0	0	0	10.5503	0	0	13.2302	0	genconf	partner_ligand	2026-09-24T11:36:49+08:00
arm	A4_crossdock	vina	crossdock	8AQL_PLG__into__29LK	20260922	ok		5	-7.34	vina	kcal/mol (empirical score, not a measured free energy)	68.45	5	26.4486	1.194	1	0	0	0	0	26.4486	0	0	26.4554	0	genconf	partner_ligand	2026-09-24T11:35:22+08:00
arm	A4_crossdock	vinardo	crossdock	6YQV_8K2__into__3RM2	20260922	ok		5	-5.2	vinardo	kcal/mol (empirical score, not a measured free energy)	6.83	5	7.4171	0.2973	1	0	0	0	0	2.5279	0	0	7.4785	0	genconf	partner_ligand	2026-09-24T11:36:48+08:00
arm	A4_crossdock	vinardo	crossdock	6YT6_PKE__into__6YOJ	20260922	ok		5	-9.7	vinardo	kcal/mol (empirical score, not a measured free energy)	116.05	5	46.0865	1.4711	1	0	0	0	0	45.8392	0	0	46.0865	0	genconf	partner_ligand	2026-09-24T11:36:52+08:00
arm	A4_crossdock	vinardo	crossdock	6Z0R_Q4H__into__6YX3	20260922	ok		5	-4.9	vinardo	kcal/mol (empirical score, not a measured free energy)	6.8	5	0.3356	0.0404	1	1	1	1	1	0.3356	1	1	0.3356	0	genconf	partner_ligand	2026-09-24T11:36:54+08:00
arm	A4_crossdock	vinardo	crossdock	6XM9_V55__into__6XM7	20260922	ok		5	-6.9	vinardo	kcal/mol (empirical score, not a measured free energy)	9.07	5	0.6686	0.5606	1	1	1	1	1	0.6686	1	1	0.6686	0	genconf	partner_ligand	2026-09-24T11:36:43+08:00
arm	A4_crossdock	vinardo	crossdock	6YYO_Q1K__into__9GJ2	20260922	ok		5	-5.3	vinardo	kcal/mol (empirical score, not a measured free energy)	16.12	5	23.4322	0.7272	1	0	0	0	0	7.6651	0	0	23.4432	0	genconf	partner_ligand	2026-09-24T11:36:53+08:00
arm	A4_crossdock	vinardo	crossdock	6VTA_AKN__into__7JZS	20260922	ok		5	-8.9	vinardo	kcal/mol (empirical score, not a measured free energy)	218.13	5	17.3976	2.0817	1	0	0	0	0	14.7441	0	0	17.3976	0	genconf	partner_ligand	2026-09-24T11:36:52+08:00
arm	A4_crossdock	vinardo	crossdock	6ZPB_3D1__into__6ZPC	20260922	ok		5	-7.6	vinardo	kcal/mol (empirical score, not a measured free energy)	22.47	5	0.71	0.5576	1	1	1	1	1	0.71	1	1	0.71	0	genconf	partner_ligand	2026-09-24T11:36:58+08:00
arm	A4_crossdock	vinardo	crossdock	6XCT_478__into__6XCZ	20260922	ok		5	-9.5	vinardo	kcal/mol (empirical score, not a measured free energy)	191.75	5	1.4694	1.2268	1	1	0	1	0	1.4694	1	1	1.6012	0	genconf	partner_ligand	2026-09-24T11:36:54+08:00
arm	A4_crossdock	vinardo	crossdock	6Z14_Q4Z__into__7WDT	20260922	ok		4	-8.3	vinardo	kcal/mol (empirical score, not a measured free energy)	25.45	5	0.8074	0.6053	1	1	1	1	1	0.8074	1	1	0.8074	0	genconf	partner_ligand	2026-09-24T11:36:56+08:00
arm	A4_crossdock	vinardo	crossdock	7A9E_R4W__into__5N6F	20260922	ok		5	-3.3	vinardo	kcal/mol (empirical score, not a measured free energy)	4.48	5	25.214	0.0863	1	0	0	0	0	23.8348	0	0	25.214	0	genconf	partner_ligand	2026-09-24T11:37:00+08:00
arm	A4_crossdock	vinardo	crossdock	7AFX_R9K__into__6TM9	20260922	ok		5	-7.9	vinardo	kcal/mol (empirical score, not a measured free energy)	27.66	5	5.1041	1.6108	1	0	0	0	0	0.6142	1	1	5.1041	0	genconf	partner_ligand	2026-09-24T11:37:07+08:00
arm	A4_crossdock	vinardo	crossdock	7A1P_QW2__into__7A1Q	20260922	ok		5	-6.9	vinardo	kcal/mol (empirical score, not a measured free energy)	19.88	5	3.4711	0.7163	1	0	0	0	0	0.6349	1	1	3.548	0	genconf	partner_ligand	2026-09-24T11:36:59+08:00
arm	A4_crossdock	vinardo	crossdock	7AKL_RK5__into__6S14	20260922	ok		5	-10.1	vinardo	kcal/mol (empirical score, not a measured free energy)	19.33	5	0.687	0.1919	1	1	1	1	1	0.687	1	1	0.687	0	genconf	partner_ligand	2026-09-24T11:37:04+08:00
arm	A4_crossdock	vinardo	crossdock	6YR2_T1C__into__2XPW	20260922	ok		5	-8.7	vinardo	kcal/mol (empirical score, not a measured free energy)	164.81	5	25.9849	0.6671	1	0	0	0	0	25.5356	0	0	26.0012	0	genconf	partner_ligand	2026-09-24T11:36:57+08:00
arm	A4_crossdock	vinardo	crossdock	6YMS_OZH__into__6Y4I	20260922	ok		5	-8.6	vinardo	kcal/mol (empirical score, not a measured free energy)	209.61	5	10.1563	2.8064	0	0	0	0	0	8.7499	0	0	10.1998	0	genconf	partner_ligand	2026-09-24T11:37:02+08:00
arm	A4_crossdock	vinardo	crossdock	6ZAE_ACV__into__1ODM	20260922	ok		5	-7.4	vinardo	kcal/mol (empirical score, not a measured free energy)	87.87	5	7.1987	2.0649	1	0	0	0	0	4.2091	0	0	7.2258	0	genconf	partner_ligand	2026-09-24T11:37:12+08:00
arm	A4_crossdock	vinardo	crossdock	7BJJ_TVW__into__2YEX	20260922	ok		5	-5.6	vinardo	kcal/mol (empirical score, not a measured free energy)	4.82	5	13.3432	0.0857	1	0	0	0	0	3.6184	0	0	13.3432	0	genconf	partner_ligand	2026-09-24T11:37:15+08:00
arm	A4_crossdock	vinardo	crossdock	7BNH_BEZ__into__7BNI	20260922	ok		5	-5.4	vinardo	kcal/mol (empirical score, not a measured free energy)	6.75	5	6.149	0.5497	1	0	0	0	0	2.5077	0	0	6.1801	0	genconf	partner_ligand	2026-09-24T11:37:18+08:00
arm	A4_crossdock	vinardo	crossdock	7AN5_RDH__into__7AN6	20260922	ok		5	-8.7	vinardo	kcal/mol (empirical score, not a measured free energy)	25.06	5	5.414	1.3704	1	0	0	0	0	1.5886	1	1	5.4331	0	genconf	partner_ligand	2026-09-24T11:37:13+08:00
arm	A4_crossdock	vinardo	crossdock	7C3U_AZG__into__4LD2	20260922	ok		5	-7.0	vinardo	kcal/mol (empirical score, not a measured free energy)	5.97	5	21.7509	0.0476	1	0	0	0	0	21.7509	0	0	21.7509	0	genconf	partner_ligand	2026-09-24T11:37:22+08:00
arm	A4_crossdock	vinardo	crossdock	7BCP_GCO__into__7BBR	20260922	ok		5	-8.0	vinardo	kcal/mol (empirical score, not a measured free energy)	23.73	5	0.6786	0.5667	1	1	1	1	1	0.6786	1	1	1.0912	0	genconf	partner_ligand	2026-09-24T11:37:14+08:00
arm	A4_crossdock	vinardo	crossdock	7BMI_U4B__into__6YYX	20260922	ok		5	-6.5	vinardo	kcal/mol (empirical score, not a measured free energy)	14.86	5	0.5819	0.3503	1	1	1	1	1	0.5819	1	1	0.9389	0	genconf	partner_ligand	2026-09-24T11:37:16+08:00
arm	A4_crossdock	vinardo	crossdock	6ZCY_QF8__into__4YJR	20260922	ok		5	-7.3	vinardo	kcal/mol (empirical score, not a measured free energy)	124.35	5	7.3621	1.4346	1	0	0	0	0	4.1405	0	0	7.3621	0	genconf	partner_ligand	2026-09-24T11:37:17+08:00
arm	A4_crossdock	vina	crossdock	8EYE_X4I__into__6SBQ	20260922	ok		5	-10.4	vina	kcal/mol (empirical score, not a measured free energy)	105.31	5	5.7254	1.1577	1	0	0	0	0	5.1718	0	0	5.8741	0	genconf	partner_ligand	2026-09-24T11:36:04+08:00
arm	A4_crossdock	vinardo	crossdock	7CL8_TES__into__6L69	20260922	ok		5	-5.5	vinardo	kcal/mol (empirical score, not a measured free energy)	10.76	5	7.223	0.2944	1	0	0	0	0	7.223	0	0	7.223	0	genconf	partner_ligand	2026-09-24T11:37:27+08:00
arm	A4_crossdock	vinardo	crossdock	7DQL_4CL__into__7P2M	20260922	ok		5	-5.2	vinardo	kcal/mol (empirical score, not a measured free energy)	4.76	5	45.7156	0.019	1	0	0	0	0	45.385	0	0	45.7156	0	genconf	partner_ligand	2026-09-24T11:37:39+08:00
arm	A4_crossdock	vinardo	crossdock	7A9H_TPP__into__8OGH	20260922	ok		5	-9.2	vinardo	kcal/mol (empirical score, not a measured free energy)	106.7	5	1.5654	1.3818	1	1	0	1	0	1.5654	1	1	1.8141	0	genconf	partner_ligand	2026-09-24T11:37:23+08:00
arm	A4_crossdock	vinardo	crossdock	7DKT_GLF__into__5O0S	20260922	ok		5	-6.2	vinardo	kcal/mol (empirical score, not a measured free energy)	9.69	5	2.2103	0.6208	1	0	0	0	0	2.2103	0	0	2.2103	0	genconf	partner_ligand	2026-09-24T11:37:34+08:00
arm	A4_crossdock	vinardo	crossdock	7DUA_HJ0__into__4CKJ	20260922	ok		5	-6.8	vinardo	kcal/mol (empirical score, not a measured free energy)	39.28	5	32.6673	0.8488	1	0	0	0	0	21.9524	0	0	32.6673	0	genconf	partner_ligand	2026-09-24T11:37:43+08:00
arm	A4_crossdock	vinardo	crossdock	7EBG_J0L__into__2E0A	20260922	ok		5	-6.1	vinardo	kcal/mol (empirical score, not a measured free energy)	11.41	5	8.5432	0.0601	1	0	0	0	0	0.3809	1	1	8.5432	0	genconf	partner_ligand	2026-09-24T11:37:42+08:00
arm	A4_crossdock	vinardo	crossdock	7CTM_BDP__into__7BR4	20260922	ok		5	-6.1	vinardo	kcal/mol (empirical score, not a measured free energy)	12.27	5	0.9221	0.1516	1	1	1	1	1	0.9221	1	1	1.2494	0	genconf	partner_ligand	2026-09-24T11:37:28+08:00
arm	A4_crossdock	vinardo	crossdock	7CD9_FVR__into__9CUX	20260922	ok		5	-13.8	vinardo	kcal/mol (empirical score, not a measured free energy)	98.06	5	10.4267	0.9186	1	0	0	0	0	8.794	0	0	10.4267	0	genconf	partner_ligand	2026-09-24T11:37:41+08:00
arm	A4_crossdock	vinardo	crossdock	7CIJ_G0C__into__7CIG	20260922	ok		5	-7.3	vinardo	kcal/mol (empirical score, not a measured free energy)	57.26	5	28.1118	1.5368	0	0	0	0	0	27.5092	0	0	28.1118	0	genconf	partner_ligand	2026-09-24T11:37:34+08:00
arm	A4_crossdock	vinardo	crossdock	7B94_ANP__into__7B7R	20260922	ok		5	-6.6	vinardo	kcal/mol (empirical score, not a measured free energy)	193.08	5	13.5773	3.3324	1	0	0	0	0	11.8724	0	0	13.5855	0	genconf	partner_ligand	2026-09-24T11:37:47+08:00
arm	A4_crossdock	vinardo	crossdock	7F5D_EUO__into__8AG2	20260922	ok		5	-8.9	vinardo	kcal/mol (empirical score, not a measured free energy)	26.67	5	6.5127	1.4601	1	0	0	0	0	6.096	0	0	6.5127	0	genconf	partner_ligand	2026-09-24T11:37:56+08:00
arm	A4_crossdock	vinardo	crossdock	7ED2_A3P__into__7ED1	20260922	ok		5	-9.7	vinardo	kcal/mol (empirical score, not a measured free energy)	73.82	5	17.4814	1.7562	1	0	0	0	0	17.4814	0	0	17.4946	0	genconf	partner_ligand	2026-09-24T11:37:52+08:00
arm	A4_crossdock	vinardo	crossdock	7ES1_UDP__into__7ES0	20260922	ok		5	-7.5	vinardo	kcal/mol (empirical score, not a measured free energy)	76.1	5	13.5042	1.6218	1	0	0	0	0	12.7089	0	0	13.5356	0	genconf	partner_ligand	2026-09-24T11:37:57+08:00
arm	A4_crossdock	vinardo	crossdock	7BTT_F8R__into__4Z55	20260922	ok		5	-9.9	vinardo	kcal/mol (empirical score, not a measured free energy)	219.52	5	0.8949	0.6574	1	1	1	1	1	0.8949	1	1	0.8952	0	genconf	partner_ligand	2026-09-24T11:37:53+08:00
arm	A4_crossdock	vinardo	crossdock	7JG0_GAR__into__4ZZ1	20260922	ok		5	-4.8	vinardo	kcal/mol (empirical score, not a measured free energy)	33.91	5	20.2757	2.2933	1	0	0	0	0	8.2796	0	0	20.2757	0	genconf	partner_ligand	2026-09-24T11:38:03+08:00
arm	A4_crossdock	vinardo	crossdock	7D5C_GV6__into__9WQT	20260922	ok		5	-9.5	vinardo	kcal/mol (empirical score, not a measured free energy)	151.29	5	13.9169	2.6395	1	0	0	0	0	13.1924	0	0	13.9169	0	genconf	partner_ligand	2026-09-24T11:37:51+08:00
arm	A4_crossdock	vinardo	crossdock	7KC5_BJZ__into__2ICA	20260922	ok		5	-9.1	vinardo	kcal/mol (empirical score, not a measured free energy)	99.56	5	50.629	0.5871	1	0	0	0	0	50.629	0	0	50.629	0	genconf	partner_ligand	2026-09-24T11:38:06+08:00
arm	A4_crossdock	vinardo	crossdock	7KM8_WPD__into__6UWW	20260922	ok		5	-9.2	vinardo	kcal/mol (empirical score, not a measured free energy)	155.28	5	16.8482	2.5793	1	0	0	0	0	12.7158	0	0	16.8581	0	genconf	partner_ligand	2026-09-24T11:38:10+08:00
arm	A4_crossdock	vinardo	crossdock	7ELT_TYM__into__7EV2	20260922	ok		5	-10.1	vinardo	kcal/mol (empirical score, not a measured free energy)	258.22	5	9.2849	3.2332	1	0	0	0	0	7.2743	0	0	9.2849	0	genconf	partner_ligand	2026-09-24T11:38:05+08:00
arm	A4_crossdock	vinardo	crossdock	7ECR_SIN__into__7ECS	20260922	ok		5	-5.2	vinardo	kcal/mol (empirical score, not a measured free energy)	12.02	5	38.1179	0.2933	1	0	0	0	0	37.7491	0	0	38.128	0	genconf	partner_ligand	2026-09-24T11:37:45+08:00
arm	A4_crossdock	vinardo	crossdock	7L7C_XQ1__into__8DN0	20260922	ok		5	-7.9	vinardo	kcal/mol (empirical score, not a measured free energy)	29.66	5	7.6064	1.8827	1	0	0	0	0	4.0551	0	0	7.6064	0	genconf	partner_ligand	2026-09-24T11:38:18+08:00
arm	A4_crossdock	vinardo	crossdock	7L5F_XNG__into__3DHA	20260922	ok		5	-7.9	vinardo	kcal/mol (empirical score, not a measured free energy)	69.84	5	4.7276	2.0174	1	0	0	0	0	2.6055	0	0	4.7276	0	genconf	partner_ligand	2026-09-24T11:38:18+08:00
arm	A4_crossdock	vinardo	crossdock	7L03_F9F__into__7LKL	20260922	ok		5	-8.0	vinardo	kcal/mol (empirical score, not a measured free energy)	88.26	5	39.7944	1.2139	1	0	0	0	0	37.8898	0	0	39.8136	0	genconf	partner_ligand	2026-09-24T11:38:18+08:00
arm	A4_crossdock	vinardo	crossdock	7F51_BA7__into__1Q1A	20260922	ok		5	-13.8	vinardo	kcal/mol (empirical score, not a measured free energy)	446.02	5	6.5416	2.7475	1	0	0	0	0	2.33	0	0	6.5675	0	genconf	partner_ligand	2026-09-24T11:38:19+08:00
arm	A4_crossdock	vina	crossdock	7ZDY_6MJ__into__7ZB3	20260922	ok		5	-5.27	vina	kcal/mol (empirical score, not a measured free energy)	12.12	5	48.9033	0.4293	1	0	0	0	0	48.8153	0	0	48.9033	0	genconf	partner_ligand	2026-09-24T11:34:56+08:00
arm	A4_crossdock	vinardo	crossdock	7LZD_YHY__into__5JLB	20260922	ok		5	-8.8	vinardo	kcal/mol (empirical score, not a measured free energy)	50.08	5	12.5825	1.0903	1	0	0	0	0	10.567	0	0	12.5935	0	genconf	partner_ligand	2026-09-24T11:38:24+08:00
arm	A4_crossdock	vinardo	crossdock	7LEV_0JO__into__7LKL	20260922	ok		5	-5.7	vinardo	kcal/mol (empirical score, not a measured free energy)	43.26	5	27.8528	1.5356	1	0	0	0	0	27.5122	0	0	27.8608	0	genconf	partner_ligand	2026-09-24T11:38:22+08:00
arm	A4_crossdock	vinardo	crossdock	7LT0_ONJ__into__3T10	20260922	ok		5	-6.9	vinardo	kcal/mol (empirical score, not a measured free energy)	58.05	5	6.5019	2.3086	1	0	0	0	0	6.5019	0	0	6.5019	0	genconf	partner_ligand	2026-09-24T11:38:23+08:00
arm	A4_crossdock	vinardo	crossdock	7MOI_HPS__into__7MOE	20260922	ok		5	-7.2	vinardo	kcal/mol (empirical score, not a measured free energy)	8.85	5	0.868	0.0974	1	1	1	1	1	0.868	1	1	1.6897	0	genconf	partner_ligand	2026-09-24T11:38:30+08:00
arm	A4_crossdock	vinardo	crossdock	7MWU_ZPM__into__7MWV	20260922	ok		5	-5.0	vinardo	kcal/mol (empirical score, not a measured free energy)	5.67	5	15.1509	0.1798	1	0	0	0	0	4.9982	0	0	15.1509	0	genconf	partner_ligand	2026-09-24T11:38:31+08:00
arm	A4_crossdock	vinardo	crossdock	7MYU_ZR7__into__3VF3	20260922	ok		5	-8.7	vinardo	kcal/mol (empirical score, not a measured free energy)	96.78	5	10.0247	1.1461	1	0	0	0	0	8.6793	0	0	10.0247	0	genconf	partner_ligand	2026-09-24T11:38:34+08:00
arm	A4_crossdock	vinardo	crossdock	7N03_ZRP__into__5WS7	20260922	ok		5	-9.0	vinardo	kcal/mol (empirical score, not a measured free energy)	107.51	5	6.2109	2.4855	1	0	0	0	0	6.2109	0	0	6.2109	0	genconf	partner_ligand	2026-09-24T11:38:36+08:00
arm	A4_crossdock	vinardo	crossdock	7LCU_XTA__into__7QY1	20260922	ok		5	-12.4	vinardo	kcal/mol (empirical score, not a measured free energy)	157.81	5	2.1635	1.5436	1	0	0	0	0	0.933	1	1	2.405	0	genconf	partner_ligand	2026-09-24T11:38:29+08:00
arm	A4_crossdock	vinardo	crossdock	7N4N_0BK__into__7D5B	20260922	ok		5	-7.9	vinardo	kcal/mol (empirical score, not a measured free energy)	83.05	5	6.7395	2.4924	1	0	0	0	0	3.949	0	0	6.7486	0	genconf	partner_ligand	2026-09-24T11:38:39+08:00
arm	A4_crossdock	vinardo	crossdock	7NGW_UAW__into__7NGG	20260922	ok		5	-7.8	vinardo	kcal/mol (empirical score, not a measured free energy)	18.09	5	0.7068	0.5056	1	1	1	1	1	0.7068	1	1	1.7561	0	genconf	partner_ligand	2026-09-24T11:38:52+08:00
arm	A4_crossdock	vinardo	crossdock	7N6F_0I1__into__3MDM	20260922	ok		5	-7.1	vinardo	kcal/mol (empirical score, not a measured free energy)	59.04	5	7.715	0.974	1	0	0	0	0	7.715	0	0	7.7201	0	genconf	partner_ligand	2026-09-24T11:38:45+08:00
arm	A4_crossdock	vinardo	crossdock	7MGT_ZD4__into__4XDU	20260922	ok		5	-8.4	vinardo	kcal/mol (empirical score, not a measured free energy)	87.7	5	5.5659	2.2782	1	0	0	0	0	1.7411	1	1	5.5824	0	genconf	partner_ligand	2026-09-24T11:38:33+08:00
arm	A4_crossdock	vinardo	crossdock	7NF0_BYN__into__7NF2	20260922	ok		3	-9.3	vinardo	kcal/mol (empirical score, not a measured free energy)	105.01	5	49.271	1.2299	1	0	0	0	0	48.0703	0	0	49.2733	0	genconf	partner_ligand	2026-09-24T11:38:51+08:00
arm	A4_crossdock	vinardo	crossdock	7MGY_ZD1__into__7MEL	20260922	ok		5	-10.5	vinardo	kcal/mol (empirical score, not a measured free energy)	48.01	5	1.0902	0.8224	1	1	0	1	0	1.0902	1	1	1.0902	0	genconf	partner_ligand	2026-09-24T11:38:31+08:00
arm	A4_crossdock	vinardo	crossdock	7NLV_UJE__into__2F01	20260922	ok		5	-8.2	vinardo	kcal/mol (empirical score, not a measured free energy)	52.8	5	20.6517	1.6039	1	0	0	0	0	19.9328	0	0	20.6517	0	genconf	partner_ligand	2026-09-24T11:39:01+08:00
arm	A4_crossdock	vinardo	crossdock	7F8T_FAD__into__4CDN	20260922	ok		3	-7.9	vinardo	kcal/mol (empirical score, not a measured free energy)	831.39	5	21.8606	4.4337	1	0	0	0	0	21.8606	0	0	21.8621	0	genconf	partner_ligand	2026-09-24T11:38:51+08:00
arm	A4_crossdock	vinardo	crossdock	7NP6_UK8__into__7NPC	20260922	ok		2	-15.9	vinardo	kcal/mol (empirical score, not a measured free energy)	124.07	5	0.3124	0.2251	1	1	1	1	1	0.3124	1	1	0.8928	0	genconf	partner_ligand	2026-09-24T11:39:07+08:00
arm	A4_crossdock	vinardo	crossdock	7N7B_T3F__into__7N7C	20260922	ok		5	-9.6	vinardo	kcal/mol (empirical score, not a measured free energy)	199.25	5	8.5863	3.0708	1	0	0	0	0	3.3629	0	0	8.6054	0	genconf	partner_ligand	2026-09-24T11:39:00+08:00
arm	A4_crossdock	vinardo	crossdock	7EPV_FDA__into__9HJW	20260922	ok		5	-11.9	vinardo	kcal/mol (empirical score, not a measured free energy)	982.17	5	21.3678	4.3783	1	0	0	0	0	20.5504	0	0	21.3708	0	genconf	partner_ligand	2026-09-24T11:38:55+08:00
arm	A4_crossdock	vinardo	crossdock	7NF3_4LU__into__4ZA9	20260922	ok		5	-8.8	vinardo	kcal/mol (empirical score, not a measured free energy)	121.29	5	2.5647	1.5545	1	0	0	0	0	1.3205	1	1	2.6546	0	genconf	partner_ligand	2026-09-24T11:39:06+08:00
arm	A4_crossdock	vinardo	crossdock	7NU0_DCL__into__7NTZ	20260922	ok		5	-5.9	vinardo	kcal/mol (empirical score, not a measured free energy)	10.39	5	1.1302	0.7421	1	1	0	1	0	1.1302	1	1	1.1302	0	genconf	partner_ligand	2026-09-24T11:39:04+08:00
arm	A4_crossdock	vinardo	crossdock	7O0N_CDP__into__7BNR	20260922	ok		5	-10.8	vinardo	kcal/mol (empirical score, not a measured free energy)	88.94	5	12.6935	1.4352	1	0	0	0	0	10.6224	0	0	12.6935	0	genconf	partner_ligand	2026-09-24T11:39:10+08:00
arm	A4_crossdock	vinardo	crossdock	7O1T_5X8__into__5FEW	20260922	ok		5	-4.0	vinardo	kcal/mol (empirical score, not a measured free energy)	67.24	5	29.9165	3.3102	1	0	0	0	0	29.9165	0	0	29.9217	0	genconf	partner_ligand	2026-09-24T11:39:11+08:00
arm	A4_crossdock	vinardo	crossdock	7OPG_06N__into__6FT8	20260922	ok		5	-9.6	vinardo	kcal/mol (empirical score, not a measured free energy)	23.07	5	5.4884	0.8049	1	0	0	0	0	1.0871	1	1	5.4884	0	genconf	partner_ligand	2026-09-24T11:39:15+08:00
arm	A4_crossdock	vinardo	crossdock	7NXO_UU8__into__7NWA	20260922	ok		5	-8.2	vinardo	kcal/mol (empirical score, not a measured free energy)	98.72	5	6.5164	2.3143	1	0	0	0	0	3.0527	0	0	6.5209	0	genconf	partner_ligand	2026-09-24T11:39:07+08:00
arm	A4_crossdock	vinardo	crossdock	7P1F_KFN__into__7P1E	20260922	ok		5	-7.4	vinardo	kcal/mol (empirical score, not a measured free energy)	24.64	5	46.9834	1.2176	1	0	0	0	0	45.83	0	0	46.9863	0	genconf	partner_ligand	2026-09-24T11:39:16+08:00
arm	A4_crossdock	vinardo	crossdock	7P2I_MFU__into__6Z5Z	20260922	ok		5	-3.5	vinardo	kcal/mol (empirical score, not a measured free energy)	4.66	5	30.4583	0.1504	1	0	0	0	0	30.4583	0	0	30.4583	0	genconf	partner_ligand	2026-09-24T11:39:19+08:00
arm	A4_crossdock	vinardo	crossdock	7OFF_VCB__into__9HWQ	20260922	ok		5	-8.9	vinardo	kcal/mol (empirical score, not a measured free energy)	51.81	5	1.4435	0.394	1	1	0	1	0	1.4435	1	1	1.7937	0	genconf	partner_ligand	2026-09-24T11:39:13+08:00
arm	A4_crossdock	vinardo	crossdock	7OEO_V9Z__into__4Z93	20260922	ok		5	-8.7	vinardo	kcal/mol (empirical score, not a measured free energy)	123.19	5	7.2533	1.1785	1	0	0	0	0	5.862	0	0	7.2756	0	genconf	partner_ligand	2026-09-24T11:39:18+08:00
arm	A4_crossdock	vinardo	crossdock	7P1M_4IU__into__9FYJ	20260922	ok		5	-8.2	vinardo	kcal/mol (empirical score, not a measured free energy)	44.23	5	46.6547	1.8307	1	0	0	0	0	46.6547	0	0	46.6547	0	genconf	partner_ligand	2026-09-24T11:39:21+08:00
arm	A4_crossdock	vinardo	crossdock	7PIH_7QW__into__5N1F	20260922	ok		5	-8.2	vinardo	kcal/mol (empirical score, not a measured free energy)	35.47	5	2.7361	1.8906	1	0	0	0	0	2.2891	0	0	2.7361	0	genconf	partner_ligand	2026-09-24T11:39:21+08:00
arm	A4_crossdock	vinardo	crossdock	7P4C_5OV__into__4BA0	20260922	ok		5	-4.8	vinardo	kcal/mol (empirical score, not a measured free energy)	14.56	5	10.2499	0.3374	1	0	0	0	0	5.7302	0	0	10.2499	0	genconf	partner_ligand	2026-09-24T11:39:20+08:00
arm	A4_crossdock	vinardo	crossdock	7P5T_5YG__into__7QJL	20260922	ok		5	-10.4	vinardo	kcal/mol (empirical score, not a measured free energy)	50.12	5	12.1021	2.7542	1	0	0	0	0	10.7886	0	0	12.1221	0	genconf	partner_ligand	2026-09-24T11:39:22+08:00
arm	A4_crossdock	vinardo	crossdock	7OFK_VCH__into__7NPC	20260922	ok		5	-6.4	vinardo	kcal/mol (empirical score, not a measured free energy)	128.75	5	22.9443	1.3033	1	0	0	0	0	20.966	0	0	22.9757	0	genconf	partner_ligand	2026-09-24T11:39:29+08:00
arm	A4_crossdock	vinardo	crossdock	7Q2B_M6H__into__7Q2H	20260922	ok		5	-6.3	vinardo	kcal/mol (empirical score, not a measured free energy)	13.11	5	1.9882	0.5395	1	1	0	1	0	1.9882	1	1	2.252	1	genconf	partner_ligand	2026-09-24T11:39:33+08:00
arm	A4_crossdock	vinardo	crossdock	7QFM_AY3__into__3A99	20260922	ok		5	-7.2	vinardo	kcal/mol (empirical score, not a measured free energy)	31.35	5	6.3886	0.4961	1	0	0	0	0	5.1734	0	0	6.3886	0	genconf	partner_ligand	2026-09-24T11:39:34+08:00
arm	A4_crossdock	vinardo	crossdock	7PRI_7TI__into__7BM4	20260922	ok		5	-6.5	vinardo	kcal/mol (empirical score, not a measured free energy)	31.7	5	3.947	1.7402	1	0	0	0	0	3.947	0	0	4.0897	0	genconf	partner_ligand	2026-09-24T11:39:31+08:00
arm	A4_crossdock	vinardo	crossdock	7NR8_UOE__into__8AOJ	20260922	ok		5	-7.0	vinardo	kcal/mol (empirical score, not a measured free energy)	324.31	5	16.8441	3.8538	1	0	0	0	0	9.9711	0	0	16.8441	0	genconf	partner_ligand	2026-09-24T11:39:30+08:00
arm	A4_crossdock	vinardo	crossdock	7B2C_TP7__into__7B1S	20260922	ok		5	-9.0	vinardo	kcal/mol (empirical score, not a measured free energy)	73.79	5	15.3455	1.1037	1	0	0	0	0	15.3455	0	0	15.363	0	genconf	partner_ligand	2026-09-24T11:37:19+08:00
arm	A4_crossdock	vinardo	crossdock	7OP9_06K__into__6F4X	20260922	ok		5	-5.3	vinardo	kcal/mol (empirical score, not a measured free energy)	6.62	5	70.334	0.0599	1	0	0	0	0	68.8924	0	0	70.334	0	genconf	partner_ligand	2026-09-24T11:39:15+08:00
arm	A4_crossdock	vinardo	crossdock	7PRM_81I__into__9F8D	20260922	ok		5	-8.5	vinardo	kcal/mol (empirical score, not a measured free energy)	79.72	5	7.2573	1.6511	1	0	0	0	0	7.2573	0	0	7.288	0	genconf	partner_ligand	2026-09-24T11:39:36+08:00
arm	A4_crossdock	vinardo	crossdock	7PL1_SFG__into__9RYL	20260922	ok		5	-9.5	vinardo	kcal/mol (empirical score, not a measured free energy)	124.59	5	7.1939	1.7593	1	0	0	0	0	4.409	0	0	7.1939	0	genconf	partner_ligand	2026-09-24T11:39:39+08:00
arm	A4_crossdock	vinardo	crossdock	7QPP_VDX__into__3B0T	20260922	ok		1	-13.6	vinardo	kcal/mol (empirical score, not a measured free energy)	71.13	5	0.801	0.6441	1	1	1	1	1	0.801	1	1	1.0186	0	genconf	partner_ligand	2026-09-24T11:39:43+08:00
arm	A4_crossdock	vinardo	crossdock	7QTA_URI__into__5FBF	20260922	ok		5	-5.6	vinardo	kcal/mol (empirical score, not a measured free energy)	18.24	5	35.692	1.085	1	0	0	0	0	35.692	0	0	35.692	0	genconf	partner_ligand	2026-09-24T11:39:42+08:00
arm	A4_crossdock	vinardo	crossdock	7RH3_59O__into__9RR6	20260922	ok		5	-8.5	vinardo	kcal/mol (empirical score, not a measured free energy)	136.7	5	9.5253	1.5091	1	0	0	0	0	2.0891	0	0	9.5253	0	genconf	partner_ligand	2026-09-24T11:39:44+08:00
arm	A4_crossdock	vinardo	crossdock	7R59_I5F__into__4ZZX	20260922	ok		5	-9.1	vinardo	kcal/mol (empirical score, not a measured free energy)	9.01	5	0.5441	0.0631	1	1	1	1	1	0.5441	1	1	0.5441	0	genconf	partner_ligand	2026-09-24T11:39:40+08:00
arm	A4_crossdock	vinardo	crossdock	7R7R_AWJ__into__4Z55	20260922	ok		5	-8.9	vinardo	kcal/mol (empirical score, not a measured free energy)	132.71	5	6.7441	2.6908	1	0	0	0	0	0.7402	1	1	6.767	0	genconf	partner_ligand	2026-09-24T11:39:43+08:00
arm	A4_crossdock	vinardo	crossdock	7RKW_5TV__into__5TL8	20260922	ok		5	-11.9	vinardo	kcal/mol (empirical score, not a measured free energy)	65.03	5	6.6058	1.2506	1	0	0	0	0	4.5257	0	0	6.6615	0	genconf	partner_ligand	2026-09-24T11:39:46+08:00
arm	A4_crossdock	vinardo	crossdock	7Q5I_I0F__into__2GJ4	20260922	ok		5	-7.7	vinardo	kcal/mol (empirical score, not a measured free energy)	69.52	5	34.1992	1.8104	1	0	0	0	0	31.7162	0	0	34.2062	0	genconf	partner_ligand	2026-09-24T11:39:39+08:00
arm	A4_crossdock	vinardo	crossdock	7MSR_DCA__into__6WCV	20260922	ok		5	-7.2	vinardo	kcal/mol (empirical score, not a measured free energy)	635.86	5	8.2681	4.3459	1	0	0	0	0	3.9365	0	0	8.2889	0	genconf	partner_ligand	2026-09-24T11:39:20+08:00
arm	A4_crossdock	vinardo	crossdock	7RZL_NPO__into__7LDQ	20260922	ok		5	-3.7	vinardo	kcal/mol (empirical score, not a measured free energy)	4.48	5	7.8728	0.0803	1	0	0	0	0	5.3489	0	0	7.9896	0	genconf	partner_ligand	2026-09-24T11:39:52+08:00
arm	A4_crossdock	vinardo	crossdock	7SFO_98L__into__5DXE	20260922	ok		5	-6.4	vinardo	kcal/mol (empirical score, not a measured free energy)	45.36	5	6.2843	1.9401	1	0	0	0	0	1.295	1	1	6.2843	0	genconf	partner_ligand	2026-09-24T11:39:55+08:00
arm	A4_crossdock	vinardo	crossdock	7RNI_60I__into__3E33	20260922	ok		5	-8.4	vinardo	kcal/mol (empirical score, not a measured free energy)	67.96	5	7.2092	2.0783	1	0	0	0	0	4.8924	0	0	7.2327	0	genconf	partner_ligand	2026-09-24T11:39:49+08:00
arm	A4_crossdock	vinardo	crossdock	7QHG_T3B__into__5NXD	20260922	ok		5	-12.4	vinardo	kcal/mol (empirical score, not a measured free energy)	273.15	5	35.2004	0.7615	1	0	0	0	0	33.6554	0	0	35.2103	0	genconf	partner_ligand	2026-09-24T11:39:54+08:00
arm	A4_crossdock	vinardo	crossdock	7SDD_4IP__into__7SDB	20260922	ok		5	-7.4	vinardo	kcal/mol (empirical score, not a measured free energy)	94.26	5	4.3486	1.7811	1	0	0	0	0	4.1816	0	0	4.4416	0	genconf	partner_ligand	2026-09-24T11:39:54+08:00
arm	A2_genconf_refbox	vinardo	posebusters	8F4J_PHO	20260922	ok		3	-25.3	vinardo	kcal/mol (empirical score, not a measured free energy)	526.39	5	0.8012	0.7434	1	1	1	1	1	0.8012	1	1	0.9067	0	genconf	ligand_centred	2026-09-24T11:22:31+08:00
arm	A4_crossdock	vinardo	crossdock	7SCW_GSP__into__12XE	20260922	ok		5	-8.4	vinardo	kcal/mol (empirical score, not a measured free energy)	164.89	5	15.9615	3.0285	1	0	0	0	0	15.3165	0	0	15.9615	0	genconf	partner_ligand	2026-09-24T11:40:01+08:00
arm	A4_crossdock	vinardo	crossdock	7RSV_7IQ__into__7RSP	20260922	ok		5	-6.3	vinardo	kcal/mol (empirical score, not a measured free energy)	19.21	5	6.0047	1.5174	1	0	0	0	0	5.41	0	0	6.0047	0	genconf	partner_ligand	2026-09-24T11:39:49+08:00
arm	A4_crossdock	vinardo	crossdock	7THI_PGA__into__2HHJ	20260922	ok		5	-6.3	vinardo	kcal/mol (empirical score, not a measured free energy)	14.39	5	44.6986	0.5593	1	0	0	0	0	43.9772	0	0	44.7099	0	genconf	partner_ligand	2026-09-24T11:40:04+08:00
arm	A4_crossdock	vinardo	crossdock	7TM6_GPJ__into__7TM5	20260922	ok		5	-7.0	vinardo	kcal/mol (empirical score, not a measured free energy)	12.4	5	1.1984	0.7471	1	1	0	1	0	1.1984	1	1	2.0854	1	genconf	partner_ligand	2026-09-24T11:40:05+08:00
arm	A4_crossdock	vinardo	crossdock	7TOM_5AD__into__7TOL	20260922	ok		5	-6.6	vinardo	kcal/mol (empirical score, not a measured free energy)	16.92	5	20.7687	1.3603	1	0	0	0	0	18.3771	0	0	20.7687	0	genconf	partner_ligand	2026-09-24T11:40:11+08:00
arm	A4_crossdock	vinardo	crossdock	7ROR_69X__into__9CLL	20260922	ok		5	-11.8	vinardo	kcal/mol (empirical score, not a measured free energy)	226.17	5	4.2437	3.6543	1	0	0	0	0	3.3952	0	0	4.2705	0	genconf	partner_ligand	2026-09-24T11:40:02+08:00
arm	A4_crossdock	vinardo	crossdock	7T0D_FPP__into__7T08	20260922	ok		5	-9.9	vinardo	kcal/mol (empirical score, not a measured free energy)	76.08	5	11.9675	3.0272	1	0	0	0	0	6.139	0	0	11.9835	0	genconf	partner_ligand	2026-09-24T11:40:03+08:00
arm	A4_crossdock	vinardo	crossdock	7ROU_66I__into__1Q11	20260922	ok		5	-11.9	vinardo	kcal/mol (empirical score, not a measured free energy)	302.38	5	1.1549	0.8569	1	1	0	1	0	1.1549	1	1	1.4969	0	genconf	partner_ligand	2026-09-24T11:40:11+08:00
arm	A4_crossdock	vinardo	crossdock	7T1D_E7K__into__9S1Z	20260922	ok		5	-12.3	vinardo	kcal/mol (empirical score, not a measured free energy)	83.73	5	32.0982	2.5655	1	0	0	0	0	27.6495	0	0	32.0982	0	genconf	partner_ligand	2026-09-24T11:40:04+08:00
arm	A4_crossdock	vinardo	crossdock	7TYP_KUR__into__6UYB	20260922	ok		3	-7.3	vinardo	kcal/mol (empirical score, not a measured free energy)	110.5	5	14.6919	1.8623	1	0	0	0	0	4.1843	0	0	14.7211	0	genconf	partner_ligand	2026-09-24T11:40:20+08:00
arm	A4_crossdock	vinardo	crossdock	7R6J_2I7__into__8EPR	20260922	ok		5	-11.2	vinardo	kcal/mol (empirical score, not a measured free energy)	113.52	5	44.8735	1.6583	1	0	0	0	0	41.9638	0	0	44.8735	0	genconf	partner_ligand	2026-09-24T11:39:43+08:00
arm	A4_crossdock	vinardo	crossdock	7TH4_FFO__into__3APT	20260922	ok		5	-9.7	vinardo	kcal/mol (empirical score, not a measured free energy)	182.64	5	49.4713	1.4898	1	0	0	0	0	49.1555	0	0	49.477	0	genconf	partner_ligand	2026-09-24T11:40:18+08:00
arm	A4_crossdock	vinardo	crossdock	7TS6_KMI__into__6CID	20260922	ok		5	-10.4	vinardo	kcal/mol (empirical score, not a measured free energy)	18.23	5	37.6329	1.4995	1	0	0	0	0	31.2266	0	0	37.6329	0	genconf	partner_ligand	2026-09-24T11:40:17+08:00
arm	A4_crossdock	vinardo	crossdock	7U3J_L6U__into__7U3H	20260922	ok		5	-9.4	vinardo	kcal/mol (empirical score, not a measured free energy)	260.57	5	9.5161	2.3546	1	0	0	0	0	6.9875	0	0	9.5373	0	genconf	partner_ligand	2026-09-24T11:40:21+08:00
arm	A4_crossdock	vinardo	crossdock	7TSF_H4B__into__4FVY	20260922	ok		5	-6.4	vinardo	kcal/mol (empirical score, not a measured free energy)	23.43	5	24.3759	1.0933	1	0	0	0	0	21.1214	0	0	24.3759	0	genconf	partner_ligand	2026-09-24T11:40:18+08:00
arm	A4_crossdock	vinardo	crossdock	7UQ3_O2U__into__4GJZ	20260922	ok		5	-6.8	vinardo	kcal/mol (empirical score, not a measured free energy)	13.68	5	4.7103	0.9392	1	0	0	0	0	1.5595	1	1	4.7103	0	genconf	partner_ligand	2026-09-24T11:40:28+08:00
arm	A4_crossdock	vinardo	crossdock	7USH_82V__into__5IG6	20260922	ok		5	-7.7	vinardo	kcal/mol (empirical score, not a measured free energy)	38.44	5	7.5514	1.5691	1	0	0	0	0	3.4518	0	0	7.5514	0	genconf	partner_ligand	2026-09-24T11:40:33+08:00
arm	A4_crossdock	vinardo	crossdock	7V43_C4O__into__7V44	20260922	ok		5	-5.6	vinardo	kcal/mol (empirical score, not a measured free energy)	5.05	5	6.4415	0.0413	1	0	0	0	0	6.4025	0	0	6.4415	0	genconf	partner_ligand	2026-09-24T11:40:35+08:00
arm	A4_crossdock	vinardo	crossdock	7UYB_OK0__into__7UYA	20260922	ok		5	-10.3	vinardo	kcal/mol (empirical score, not a measured free energy)	72.62	5	0.6729	0.4791	1	1	1	1	1	0.6729	1	1	1.3637	0	genconf	partner_ligand	2026-09-24T11:40:34+08:00
arm	A4_crossdock	vinardo	crossdock	7UJ5_DGL__into__8EB3	20260922	ok		5	-4.9	vinardo	kcal/mol (empirical score, not a measured free energy)	11.64	5	15.9937	0.4565	1	0	0	0	0	14.5624	0	0	15.9945	0	genconf	partner_ligand	2026-09-24T11:40:19+08:00
arm	A4_crossdock	vinardo	crossdock	7ULC_56B__into__7U1O	20260922	ok		5	-10.0	vinardo	kcal/mol (empirical score, not a measured free energy)	173.43	5	8.1707	3.3355	1	0	0	0	0	8.1707	0	0	8.1796	0	genconf	partner_ligand	2026-09-24T11:40:26+08:00
arm	A4_crossdock	vinardo	crossdock	7VB8_STL__into__7WAR	20260922	ok		5	-7.9	vinardo	kcal/mol (empirical score, not a measured free energy)	16.33	5	14.6941	0.4505	1	0	0	0	0	14.6408	0	0	14.805	0	genconf	partner_ligand	2026-09-24T11:40:38+08:00
arm	A4_crossdock	vinardo	crossdock	7VBU_6I4__into__5J71	20260922	ok		5	-7.0	vinardo	kcal/mol (empirical score, not a measured free energy)	11.5	5	14.798	0.1797	1	0	0	0	0	11.3956	0	0	14.798	0	genconf	partner_ligand	2026-09-24T11:40:40+08:00
arm	A4_crossdock	vinardo	crossdock	7V14_ORU__into__7MBO	20260922	ok		5	-9.2	vinardo	kcal/mol (empirical score, not a measured free energy)	111.64	5	0.6749	0.5118	1	1	1	1	1	0.6749	1	1	0.703	0	genconf	partner_ligand	2026-09-24T11:40:46+08:00
arm	A4_crossdock	vinardo	crossdock	7VQ9_ISY__into__7VQA	20260922	ok		5	-8.2	vinardo	kcal/mol (empirical score, not a measured free energy)	25.79	5	5.9046	1.2946	1	0	0	0	0	5.4348	0	0	5.9909	0	genconf	partner_ligand	2026-09-24T11:40:50+08:00
arm	A4_crossdock	vinardo	crossdock	7UJ4_OQ4__into__9WN9	20260922	ok		5	-8.7	vinardo	kcal/mol (empirical score, not a measured free energy)	289.8	5	11.0055	3.7728	1	0	0	0	0	4.0554	0	0	11.0267	0	genconf	partner_ligand	2026-09-24T11:40:32+08:00
arm	A4_crossdock	vinardo	crossdock	7UMW_NAD__into__7UM8	20260922	ok		5	-10.5	vinardo	kcal/mol (empirical score, not a measured free energy)	510.96	5	6.8654	2.5141	1	0	0	0	0	6.5162	0	0	6.8654	0	genconf	partner_ligand	2026-09-24T11:40:57+08:00
arm	A4_crossdock	vinardo	crossdock	7VC5_9SF__into__7F9T	20260922	ok		5	-7.4	vinardo	kcal/mol (empirical score, not a measured free energy)	47.44	5	37.418	1.4123	1	0	0	0	0	34.3183	0	0	37.418	0	genconf	partner_ligand	2026-09-24T11:40:48+08:00
arm	A4_crossdock	vinardo	crossdock	7WPW_F15__into__7FEZ	20260922	ok		5	-7.4	vinardo	kcal/mol (empirical score, not a measured free energy)	59.62	5	5.5013	0.7428	1	0	0	0	0	1.0404	1	1	5.5453	0	genconf	partner_ligand	2026-09-24T11:41:11+08:00
arm	A4_crossdock	vinardo	crossdock	7WQQ_5Z6__into__9GFE	20260922	ok		2	-11.4	vinardo	kcal/mol (empirical score, not a measured free energy)	49.6	5	0.6427	0.358	1	1	1	1	1	0.6427	1	1	1.3788	0	genconf	partner_ligand	2026-09-24T11:41:17+08:00
arm	A4_crossdock	vinardo	crossdock	7WL4_JFU__into__4QB3	20260922	ok		5	-9.6	vinardo	kcal/mol (empirical score, not a measured free energy)	110.13	5	8.4051	1.743	1	0	0	0	0	1.7742	1	1	8.4338	0	genconf	partner_ligand	2026-09-24T11:41:12+08:00
arm	A4_crossdock	vinardo	crossdock	7VWF_K55__into__5U3Q	20260922	ok		5	-10.8	vinardo	kcal/mol (empirical score, not a measured free energy)	117.36	5	1.9235	1.8048	1	1	0	1	0	1.9235	1	1	1.992	0	genconf	partner_ligand	2026-09-24T11:40:56+08:00
arm	A4_crossdock	vinardo	crossdock	7VKZ_NOJ__into__7VL1	20260922	ok		5	-5.3	vinardo	kcal/mol (empirical score, not a measured free energy)	10.55	5	4.3645	0.7026	1	0	0	0	0	2.734	0	0	4.3645	0	genconf	partner_ligand	2026-09-24T11:40:47+08:00
arm	A4_crossdock	vinardo	crossdock	7VYJ_CA0__into__7VX0	20260922	ok		5	-9.6	vinardo	kcal/mol (empirical score, not a measured free energy)	85.98	5	36.7804	0.3807	0	0	0	0	0	36.7804	0	0	36.7804	0	genconf	partner_ligand	2026-09-24T11:40:54+08:00
arm	A4_crossdock	vinardo	crossdock	7X9K_8OG__into__7WW6	20260922	ok		4	-8.7	vinardo	kcal/mol (empirical score, not a measured free energy)	3674.33	5	0.523	0.3435	1	1	1	1	1	0.523	1	1	0.523	0	genconf	partner_ligand	2026-09-24T11:41:34+08:00
arm	A4_crossdock	vinardo	crossdock	7WUY_76N__into__7WW0	20260922	ok		5	-7.9	vinardo	kcal/mol (empirical score, not a measured free energy)	3690.09	5	2.2893	2.1156	1	0	0	0	0	2.2893	0	0	2.2893	0	genconf	partner_ligand	2026-09-24T11:41:20+08:00
arm	A4_crossdock	vinardo	crossdock	7X5N_5M5__into__9KRO	20260922	ok		5	-9.3	vinardo	kcal/mol (empirical score, not a measured free energy)	3695.32	5	37.3284	3.0936	1	0	0	0	0	36.8382	0	0	37.329	0	genconf	partner_ligand	2026-09-24T11:41:22+08:00
arm	A4_crossdock	vinardo	crossdock	7XI7_4RI__into__1KMV	20260922	ok		5	-5.8	vinardo	kcal/mol (empirical score, not a measured free energy)	36.34	5	15.5774	0.5968	1	0	0	0	0	12.7291	0	0	15.6147	0	genconf	partner_ligand	2026-09-24T11:41:39+08:00
arm	A4_crossdock	vinardo	crossdock	7XG5_PLP__into__4CE5	20260922	ok		5	-7.7	vinardo	kcal/mol (empirical score, not a measured free energy)	14.91	5	31.5396	0.265	1	0	0	0	0	28.4836	0	0	31.5483	0	genconf	partner_ligand	2026-09-24T11:41:33+08:00
arm	A4_crossdock	vinardo	crossdock	7Z1Q_NIO__into__9QK5	20260922	ok		5	-5.5	vinardo	kcal/mol (empirical score, not a measured free energy)	5.01	5	12.1667	0.1915	1	0	0	0	0	6.2574	0	0	12.2005	0	genconf	partner_ligand	2026-09-24T11:41:45+08:00
arm	A4_crossdock	vinardo	crossdock	7PT3_3KK__into__9QZ6	20260922	ok		5	-10.9	vinardo	kcal/mol (empirical score, not a measured free energy)	1231.53	5	6.0714	4.9747	1	0	0	0	0	1.4089	1	1	6.0905	0	genconf	partner_ligand	2026-09-24T11:41:07+08:00
arm	A4_crossdock	vinardo	crossdock	7Z7F_IF3__into__7Z5M	20260922	ok		5	-4.7	vinardo	kcal/mol (empirical score, not a measured free energy)	9.26	5	8.8689	0.4771	1	0	0	0	0	8.8689	0	0	8.8689	0	genconf	partner_ligand	2026-09-24T11:41:48+08:00
arm	A4_crossdock	vinardo	crossdock	7Z2O_IAJ__into__7OTF	20260922	ok		5	-8.5	vinardo	kcal/mol (empirical score, not a measured free energy)	7.34	5	3.0054	0.2395	1	0	0	0	0	1.282	1	1	3.0054	0	genconf	partner_ligand	2026-09-24T11:41:47+08:00
arm	A4_crossdock	vinardo	crossdock	7FRX_O88__into__7FS3	20260922	ok		5	-14.1	vinardo	kcal/mol (empirical score, not a measured free energy)	71.46	5	75.3184	3.6288	1	0	0	0	0	73.8782	0	0	75.3193	0	genconf	partner_ligand	2026-09-24T11:38:00+08:00
arm	A4_crossdock	vinardo	crossdock	7YZU_DO7__into__7OFY	20260922	ok		5	-6.0	vinardo	kcal/mol (empirical score, not a measured free energy)	16.14	5	3.8363	0.845	1	0	0	0	0	1.6246	1	1	3.9152	0	genconf	partner_ligand	2026-09-24T11:41:44+08:00
arm	A4_crossdock	vinardo	crossdock	7ZU2_DHT__into__8E1A	20260922	ok		2	-4.0	vinardo	kcal/mol (empirical score, not a measured free energy)	13.99	5	6.6413	0.0804	0	0	0	0	0	0.6802	1	0	6.6413	0	genconf	partner_ligand	2026-09-24T11:41:58+08:00
arm	A4_crossdock	vinardo	crossdock	7XQZ_FPF__into__7XR7	20260922	ok		3	-12.7	vinardo	kcal/mol (empirical score, not a measured free energy)	60.17	5	0.828	0.6778	1	1	1	1	1	0.828	1	1	1.3795	0	genconf	partner_ligand	2026-09-24T11:41:55+08:00
arm	A4_crossdock	vinardo	crossdock	7UTW_NAI__into__2JHF	20260922	ok		5	-10.6	vinardo	kcal/mol (empirical score, not a measured free energy)	4089.46	5	41.15	3.9794	0	0	0	0	0	41.15	0	0	41.1507	0	genconf	partner_ligand	2026-09-24T11:41:39+08:00
arm	A4_crossdock	vinardo	crossdock	7XBV_APC__into__7XBT	20260922	ok		5	-10.8	vinardo	kcal/mol (empirical score, not a measured free energy)	3756.34	5	2.6062	1.7565	1	0	0	0	0	2.6062	0	0	2.6583	0	genconf	partner_ligand	2026-09-24T11:41:52+08:00
arm	A4_crossdock	vinardo	crossdock	7ZTL_BCN__into__5G1X	20260922	ok		5	-4.1	vinardo	kcal/mol (empirical score, not a measured free energy)	16.57	5	4.7169	0.5933	1	0	0	0	0	2.9776	0	0	4.7224	0	genconf	partner_ligand	2026-09-24T11:42:00+08:00
arm	A4_crossdock	vinardo	crossdock	8AEM_LVF__into__7I7Y	20260922	ok		5	-7.5	vinardo	kcal/mol (empirical score, not a measured free energy)	6.97	5	15.6446	0.9595	1	0	0	0	0	15.3117	0	0	15.6446	0	genconf	partner_ligand	2026-09-24T11:42:01+08:00
arm	A4_crossdock	vinardo	crossdock	7XFA_D9J__into__9RR6	20260922	ok		5	-7.9	vinardo	kcal/mol (empirical score, not a measured free energy)	133.78	5	9.0289	2.292	1	0	0	0	0	7.5552	0	0	9.0939	0	genconf	partner_ligand	2026-09-24T11:42:01+08:00
arm	A4_crossdock	vinardo	crossdock	7ZF0_DHR__into__7ZER	20260922	ok		5	-6.7	vinardo	kcal/mol (empirical score, not a measured free energy)	6.41	5	13.3132	0.0833	1	0	0	0	0	13.3132	0	0	13.3135	0	genconf	partner_ligand	2026-09-24T11:41:52+08:00
arm	A4_crossdock	vinardo	crossdock	7XJN_NSD__into__7XJM	20260922	ok		5	-7.4	vinardo	kcal/mol (empirical score, not a measured free energy)	14.73	5	51.0968	0.5944	1	0	0	0	0	39.4493	0	0	51.3506	0	genconf	partner_ligand	2026-09-24T11:41:36+08:00
arm	A4_crossdock	vinardo	crossdock	8AAU_LH0__into__3S95	20260922	ok		5	-7.2	vinardo	kcal/mol (empirical score, not a measured free energy)	45.62	5	6.0098	1.7085	1	0	0	0	0	6.0098	0	0	6.1904	0	genconf	partner_ligand	2026-09-24T11:42:04+08:00
arm	A4_crossdock	vinardo	crossdock	7SUC_COM__into__5A0Y	20260922	ok		5	-4.7	vinardo	kcal/mol (empirical score, not a measured free energy)	7.75	5	50.2576	0.4754	1	0	0	0	0	50.2576	0	0	50.2725	0	genconf	partner_ligand	2026-09-24T11:39:57+08:00
arm	A4_crossdock	vinardo	crossdock	7ZXV_45D__into__6T6K	20260922	ok		2	-13.6	vinardo	kcal/mol (empirical score, not a measured free energy)	122.65	5	1.3852	1.2301	1	1	0	1	0	1.3839	1	1	19.0805	1	genconf	partner_ligand	2026-09-24T11:42:13+08:00
arm	A4_crossdock	vinardo	crossdock	8AUH_L9I__into__8AUF	20260922	ok		5	-7.8	vinardo	kcal/mol (empirical score, not a measured free energy)	10.55	5	38.3569	1.4582	1	0	0	0	0	37.46	0	0	38.3569	0	genconf	partner_ligand	2026-09-24T11:42:06+08:00
arm	A4_crossdock	vinardo	crossdock	8AIE_M7L__into__8AYJ	20260922	ok		5	-11.3	vinardo	kcal/mol (empirical score, not a measured free energy)	61.0	5	32.3105	2.2655	1	0	0	0	0	31.9447	0	0	32.3141	0	genconf	partner_ligand	2026-09-24T11:42:08+08:00
arm	A4_crossdock	vinardo	crossdock	7XPO_UPG__into__7XPQ	20260922	ok		5	-11.3	vinardo	kcal/mol (empirical score, not a measured free energy)	134.4	5	18.0088	2.4374	1	0	0	0	0	14.6464	0	0	18.0088	0	genconf	partner_ligand	2026-09-24T11:42:04+08:00
arm	A4_crossdock	vinardo	crossdock	8BTI_RFO__into__7BNB	20260922	ok		5	-8.7	vinardo	kcal/mol (empirical score, not a measured free energy)	12.31	5	1.639	0.3991	1	1	0	1	0	1.639	1	1	1.639	0	genconf	partner_ligand	2026-09-24T11:42:16+08:00
arm	A4_crossdock	vinardo	crossdock	8C5M_MTA__into__28WF	20260922	ok		5	-6.9	vinardo	kcal/mol (empirical score, not a measured free energy)	23.9	5	3.3057	1.9496	1	0	0	0	0	1.8186	1	1	3.3057	0	genconf	partner_ligand	2026-09-24T11:42:19+08:00
arm	A4_crossdock	vinardo	crossdock	8CNH_V6U__into__4OYB	20260922	ok		5	-8.4	vinardo	kcal/mol (empirical score, not a measured free energy)	48.33	5	9.5552	1.859	1	0	0	0	0	7.6548	0	0	9.5552	0	genconf	partner_ligand	2026-09-24T11:42:19+08:00
arm	A4_crossdock	vinardo	crossdock	8C3N_ADP__into__8BR9	20260922	ok		5	-7.9	vinardo	kcal/mol (empirical score, not a measured free energy)	68.31	5	32.029	1.3056	1	0	0	0	0	31.7674	0	0	32.0455	0	genconf	partner_ligand	2026-09-24T11:42:21+08:00
arm	A4_crossdock	vina	crossdock	7WJB_BGC__into__7WJ9	20260922	ok		5	-5.926	vina	kcal/mol (empirical score, not a measured free energy)	20.86	5	4.1105	0.3033	1	0	0	0	0	3.4701	0	0	4.1105	0	genconf	partner_ligand	2026-09-24T11:34:14+08:00
arm	A4_crossdock	vinardo	crossdock	8BOM_QU6__into__6Q7D	20260922	ok		5	-10.9	vinardo	kcal/mol (empirical score, not a measured free energy)	94.01	5	6.5512	2.6109	1	0	0	0	0	6.0674	0	0	6.5512	0	genconf	partner_ligand	2026-09-24T11:42:26+08:00
arm	A4_crossdock	vinardo	crossdock	8D39_QDB__into__9DOE	20260922	ok		5	-7.5	vinardo	kcal/mol (empirical score, not a measured free energy)	23.93	5	8.4875	0.764	1	0	0	0	0	7.7044	0	0	8.5608	0	genconf	partner_ligand	2026-09-24T11:42:27+08:00
arm	A4_crossdock	vinardo	crossdock	8AY3_OE3__into__9TB8	20260922	ok		5	-6.9	vinardo	kcal/mol (empirical score, not a measured free energy)	50.39	5	0.8417	0.2005	1	1	1	1	1	0.8417	1	1	1.4615	0	genconf	partner_ligand	2026-09-24T11:42:15+08:00
arm	A4_crossdock	vinardo	crossdock	8CSD_C5P__into__8CSC	20260922	ok		5	-6.6	vinardo	kcal/mol (empirical score, not a measured free energy)	34.55	5	50.574	1.2366	1	0	0	0	0	49.6076	0	0	50.5837	0	genconf	partner_ligand	2026-09-24T11:42:23+08:00
arm	A4_crossdock	vinardo	crossdock	8DKO_TFB__into__8DKP	20260922	ok		5	-4.6	vinardo	kcal/mol (empirical score, not a measured free energy)	5.92	5	13.642	0.1556	1	0	0	0	0	8.0679	0	0	13.6663	0	genconf	partner_ligand	2026-09-24T11:42:27+08:00
arm	A4_crossdock	vinardo	crossdock	8D19_GSH__into__8CZL	20260922	ok		5	-6.7	vinardo	kcal/mol (empirical score, not a measured free energy)	60.49	5	14.8826	2.1283	1	0	0	0	0	14.274	0	0	14.8826	0	genconf	partner_ligand	2026-09-24T11:42:34+08:00
arm	A4_crossdock	vinardo	crossdock	8DHG_T78__into__4OQV	20260922	ok		5	-5.6	vinardo	kcal/mol (empirical score, not a measured free energy)	157.43	5	24.3404	1.3464	1	0	0	0	0	24.3404	0	0	24.341	0	genconf	partner_ligand	2026-09-24T11:42:43+08:00
arm	A4_crossdock	vinardo	crossdock	8A2D_KXY__into__8A27	20260922	ok		5	-9.8	vinardo	kcal/mol (empirical score, not a measured free energy)	250.87	5	14.1234	1.479	1	0	0	0	0	13.8692	0	0	14.141	0	genconf	partner_ligand	2026-09-24T11:42:34+08:00
arm	A4_crossdock	vinardo	crossdock	8FAV_4Y5__into__7NPC	20260922	ok		2	-16.8	vinardo	kcal/mol (empirical score, not a measured free energy)	119.35	5	70.8826	0.1821	1	0	0	0	0	70.7449	0	0	70.8847	0	genconf	partner_ligand	2026-09-24T11:42:53+08:00
arm	A4_crossdock	vinardo	crossdock	8DSC_NCA__into__8DSE	20260922	ok		5	-4.8	vinardo	kcal/mol (empirical score, not a measured free energy)	6.35	5	42.0127	0.88	1	0	0	0	0	41.7363	0	0	42.0127	0	genconf	partner_ligand	2026-09-24T11:42:33+08:00
arm	A4_crossdock	vinardo	crossdock	8FLV_ZB9__into__5P9J	20260922	ok		5	-8.6	vinardo	kcal/mol (empirical score, not a measured free energy)	108.88	5	3.6063	1.5129	1	0	0	0	0	3.6063	0	0	3.6063	0	genconf	partner_ligand	2026-09-24T11:42:53+08:00
arm	A4_crossdock	vinardo	crossdock	8HO0_3ZI__into__8HNZ	20260922	ok		5	-8.3	vinardo	kcal/mol (empirical score, not a measured free energy)	31.32	5	10.8327	1.5362	1	0	0	0	0	8.4657	0	0	10.8327	0	genconf	partner_ligand	2026-09-24T11:42:53+08:00
arm	A4_crossdock	vinardo	crossdock	8B8H_OJQ__into__6SCZ	20260922	ok		5	-7.1	vinardo	kcal/mol (empirical score, not a measured free energy)	42.62	5	52.7424	1.5263	1	0	0	0	0	52.7424	0	0	52.7442	0	genconf	partner_ligand	2026-09-24T11:42:19+08:00
arm	A4_crossdock	vinardo	crossdock	8D5D_5DK__into__8D88	20260922	ok		5	-8.8	vinardo	kcal/mol (empirical score, not a measured free energy)	112.56	5	27.1792	3.5485	1	0	0	0	0	27.1792	0	0	27.1874	0	genconf	partner_ligand	2026-09-24T11:42:39+08:00
arm	A4_crossdock	vinardo	crossdock	8GFD_ZHR__into__8GFH	20260922	ok		5	-7.4	vinardo	kcal/mol (empirical score, not a measured free energy)	74.95	5	14.1945	1.1716	1	0	0	0	0	14.1945	0	0	14.1945	0	genconf	partner_ligand	2026-09-24T11:42:57+08:00
seed_variance	A2_genconf_refbox	vina	posebusters	5SAK_ZRY	20260922	ok		5	-9.474	vina	kcal/mol (empirical score, not a measured free energy)	33.71	1	0.3315	0.0917	1	1	1	1	1	0.3315	1	1	0.3315	0	genconf	ligand_centred	2026-09-24T11:43:03+08:00
arm	A4_crossdock	vinardo	crossdock	8HFN_XGC__into__3C8Z	20260922	ok		5	-8.0	vinardo	kcal/mol (empirical score, not a measured free energy)	63.37	5	32.2826	1.7262	1	0	0	0	0	30.9833	0	0	32.2826	0	genconf	partner_ligand	2026-09-24T11:42:57+08:00
arm	A4_crossdock	vinardo	crossdock	8EAB_VN2__into__8EA7	20260922	ok		5	-10.1	vinardo	kcal/mol (empirical score, not a measured free energy)	306.88	5	6.517	4.6846	0	0	0	0	0	6.517	0	0	6.5534	0	genconf	partner_ligand	2026-09-24T11:43:03+08:00
seed_variance	A2_genconf_refbox	vina	posebusters	5SAK_ZRY	20260924	ok		5	-9.484	vina	kcal/mol (empirical score, not a measured free energy)	21.35	1	0.3538	0.0874	1	1	1	1	1	0.3538	1	1	0.3538	0	genconf	ligand_centred	2026-09-24T11:43:06+08:00
seed_variance	A2_genconf_refbox	vina	posebusters	5SAK_ZRY	20260923	ok		5	-9.474	vina	kcal/mol (empirical score, not a measured free energy)	2734.45	1	0.3676	0.0968	1	1	1	1	1	0.3676	1	1	0.3676	0	genconf	ligand_centred	2026-09-24T11:43:06+08:00
seed_variance	A2_genconf_refbox	vina	posebusters	5SAK_ZRY	20260925	ok		5	-9.474	vina	kcal/mol (empirical score, not a measured free energy)	25.22	1	0.3824	0.0848	1	1	1	1	1	0.3824	1	1	0.3824	0	genconf	ligand_centred	2026-09-24T11:43:11+08:00
seed_variance	A2_genconf_refbox	vina	posebusters	5SAK_ZRY	20260926	ok		5	-9.48	vina	kcal/mol (empirical score, not a measured free energy)	23.74	1	0.3559	0.0853	1	1	1	1	1	0.3559	1	1	0.3559	0	genconf	ligand_centred	2026-09-24T11:43:14+08:00
arm	A4_crossdock	vinardo	crossdock	8AQL_PLG__into__29LK	20260922	ok		5	-8.6	vinardo	kcal/mol (empirical score, not a measured free energy)	41.1	5	26.7999	0.3792	1	0	0	0	0	26.355	0	0	26.8114	0	genconf	partner_ligand	2026-09-24T11:42:13+08:00
arm	A4_crossdock	vinardo	crossdock	8EYE_X4I__into__6SBQ	20260922	ok		5	-10.0	vinardo	kcal/mol (empirical score, not a measured free energy)	116.7	5	6.461	1.3843	1	0	0	0	0	5.6457	0	0	6.5159	0	genconf	partner_ligand	2026-09-24T11:42:44+08:00
arm	A4_crossdock	vinardo	crossdock	7ZDY_6MJ__into__7ZB3	20260922	ok		5	-5.6	vinardo	kcal/mol (empirical score, not a measured free energy)	6.78	5	47.7989	0.4276	1	0	0	0	0	47.5867	0	0	47.7989	0	genconf	partner_ligand	2026-09-24T11:41:50+08:00
arm	A4_crossdock	vinardo	crossdock	7WJB_BGC__into__7WJ9	20260922	ok		5	-4.9	vinardo	kcal/mol (empirical score, not a measured free energy)	10.64	5	12.2563	0.1976	1	0	0	0	0	0.4938	1	1	12.2563	0	genconf	partner_ligand	2026-09-24T11:40:54+08:00
